FileVersion 1 2;
FileTimestamp 06-18-19 15:23:01;
InspectionStationID "NONE" "KLA2139" "IPS202";
SampleType WAFER;
ResultTimestamp 06-15-19 06:55:25;
LotID "195221";
SampleSize 1 200;
DeviceID "MA45";
SetupID "MA45_3039M4DM" 09-16-16 09:27:47;
StepID "3039M4DM";
SampleOrientationMarkType NOTCH;
OrientationMarkLocation DOWN;
DiePitch 3.3874900000e+03 3.3841100000e+03;
DieOrigin 0.0000000000e+00 0.0000000000e+00;
WaferID "@07";
Slot 7;
SampleCenterLocation 1.8583400000e+03 -4.5480700000e+02;
ClassLookup 74
  0 "Uncategorized"
  1 "Small PT"
  2 "Medium PT"
  3 "Large PT"
  4 "Polymer"
  5 "Flake PT"
  6 "Scratch"
  9 "Other Defect"
  10 "Other Residue"
  11 "Wet Residue"
  13 "W Residue"
  14 "PR Residue"
  15 "Liquid Mark"
  16 "Thread Defect"
  20 "Pits"
  22 "Pattern Deformed"
  23 "Defocus"
  24 "PR BUBBLE"
  25 "Crown Defect"
  27 "Bead Defect"
  30 "CMP Scratch"
  31 "Minor CMP Scratch"
  35 "Rip Out"
  40 "Protrusion"
  42 "Top Blocked"
  43 "Bottom Blocked"
  44 "Line broken"
  45 "Metal Corrosion"
  46 "Galvanic Corrosion"
  51 "PR Popping"
  52 "Salicide Bad"
  53 "STI Dimple"
  59 "W Void"
  60 "AA Dep PT"
  61 "GC Dep PT"
  62 "CVD Dep PT"
  63 "Metal Dep PT"
  73 "Cone Defect"
  74 "Metal Depression"
  77 "Underlayer"
  78 "NUISANCE/FALSE"
  79 "Metal Grain"
  80 "Don't Care/Minor"
  95 "Missing AI"
  99 "test2"
  100 "Cluster"
  101 "CU CMP Scratch"
  102 "CU Void"
  103 "2_PO Missing"
  104 "CU Pattern Open"
  105 "CU Remain"
  106 "Circle CU Remain"
  107 "CU CVD PT"
  108 "CU Eclips"
  109 "CU CMP Residue"
  110 "Minor CU CMP Scratch"
  111 "CMP PT"
  112 "CU SEAM PT"
  113 "CU Ox"
  114 "CU Pattern Open(Minor)"
  116 "1_PO Missing"
  117 "PAD Abnormality"
  150 "Guard Ring Circle Defect"
  151 "EBR Circle Defect"
  152 "PAD Hillock"
  153 "PAD Residue"
  154 "PAD Hole"
  155 "Color PR Residue"
  201 "Bin 1"
  202 "Bin 2"
  203 "Bin 3"
  204 "Bin 4"
  205 "Bin 5"
  206 "Bin 6"  ;
OrientationInstructions "";
InspectionTest 2;
SampleTestPlan 2462
  -28 -1 
  -27 -6 
  -27 2 
  -27 3 
  -26 -8 
  -26 -4 
  -25 -4 
  -25 -3 
  -25 3 
  -24 -11 
  -24 -9 
  -24 10 
  -23 -13 
  -23 -11 
  -23 -5 
  -23 -1 
  -23 4 
  -23 7 
  -22 -16 
  -22 -14 
  -22 3 
  -22 6 
  -21 -2 
  -21 6 
  -21 9 
  -21 12 
  -21 15 
  -21 16 
  -20 -12 
  -20 -3 
  -20 -1 
  -20 2 
  -20 3 
  -20 9 
  -19 -19 
  -19 -7 
  -19 0 
  -19 5 
  -19 19 
  -18 -17 
  -18 -1 
  -18 1 
  -18 4 
  -18 8 
  -17 -8 
  -17 -2 
  -17 9 
  -17 12 
  -17 17 
  -17 18 
  -16 -19 
  -16 -13 
  -16 -8 
  -16 -7 
  -16 -6 
  -16 -3 
  -16 0 
  -16 3 
  -16 4 
  -16 5 
  -16 6 
  -16 21 
  -15 -24 
  -15 -22 
  -15 -18 
  -15 -15 
  -15 -1 
  -15 2 
  -15 4 
  -15 19 
  -14 -12 
  -14 17 
  -14 19 
  -13 -16 
  -13 -7 
  -13 6 
  -13 8 
  -13 15 
  -13 20 
  -13 21 
  -13 22 
  -13 24 
  -12 -25 
  -12 -24 
  -12 -18 
  -12 -7 
  -12 -5 
  -12 -2 
  -12 5 
  -12 23 
  -12 24 
  -11 -26 
  -11 2 
  -11 3 
  -10 -15 
  -10 -9 
  -10 -2 
  -10 4 
  -10 6 
  -10 11 
  -10 19 
  -10 21 
  -10 23 
  -9 -18 
  -9 0 
  -9 9 
  -9 18 
  -9 21 
  -9 22 
  -8 -11 
  -8 2 
  -8 14 
  -8 16 
  -7 -27 
  -7 -26 
  -7 -25 
  -7 -6 
  -7 6 
  -7 15 
  -6 -27 
  -6 -17 
  -6 -16 
  -6 5 
  -6 6 
  -6 8 
  -6 24 
  -5 -20 
  -5 -12 
  -5 -7 
  -5 9 
  -5 10 
  -5 16 
  -5 22 
  -5 26 
  -4 -19 
  -4 -16 
  -4 -9 
  -4 1 
  -4 4 
  -4 7 
  -4 15 
  -4 18 
  -4 24 
  -3 -17 
  -3 -12 
  -3 -6 
  -3 1 
  -3 2 
  -3 7 
  -3 19 
  -3 21 
  -2 -24 
  -2 -23 
  -2 -5 
  -2 0 
  -1 -25 
  -1 -23 
  -1 -12 
  -1 24 
  0 -22 
  0 -5 
  0 1 
  0 12 
  0 17 
  0 23 
  0 26 
  1 -25 
  1 -20 
  1 -18 
  1 -14 
  1 -13 
  1 -8 
  1 -5 
  1 14 
  1 26 
  2 -27 
  2 -26 
  2 -12 
  2 -8 
  2 -5 
  2 8 
  2 9 
  2 16 
  2 19 
  2 20 
  3 -21 
  3 -11 
  3 8 
  3 17 
  4 -28 
  4 -27 
  4 -19 
  4 -14 
  4 7 
  4 11 
  5 -24 
  5 -19 
  5 -10 
  5 6 
  5 8 
  5 21 
  5 24 
  6 -16 
  6 -5 
  6 2 
  6 8 
  6 21 
  7 -4 
  7 1 
  8 -25 
  8 -23 
  8 -22 
  8 -19 
  8 -13 
  8 -7 
  8 1 
  8 2 
  8 24 
  9 -24 
  9 -22 
  9 -18 
  9 -10 
  9 -3 
  9 0 
  9 8 
  9 12 
  9 13 
  9 19 
  10 -20 
  10 -16 
  10 -14 
  10 -6 
  10 0 
  10 2 
  10 8 
  10 19 
  10 20 
  11 12 
  12 -17 
  12 -4 
  12 22 
  13 -18 
  13 -1 
  13 0 
  13 10 
  13 20 
  14 -23 
  14 -15 
  14 -12 
  14 3 
  14 4 
  14 14 
  14 15 
  15 -19 
  15 -14 
  15 -7 
  15 3 
  15 6 
  15 11 
  15 13 
  15 15 
  15 17 
  15 19 
  15 20 
  15 21 
  16 -14 
  16 -13 
  16 -9 
  16 -7 
  16 -2 
  16 21 
  17 -21 
  17 -20 
  17 -13 
  17 -11 
  17 -3 
  17 2 
  17 4 
  18 -13 
  18 -11 
  18 -8 
  18 -2 
  18 0 
  18 2 
  18 3 
  18 4 
  18 11 
  19 -20 
  20 -2 
  20 1 
  20 2 
  20 5 
  20 16 
  21 -14 
  21 -7 
  21 -1 
  21 0 
  21 11 
  22 -16 
  22 -9 
  22 -8 
  22 -4 
  22 0 
  22 5 
  22 8 
  22 12 
  22 13 
  23 -13 
  23 -9 
  23 -5 
  23 -3 
  23 -1 
  23 3 
  23 4 
  23 9 
  23 14 
  24 -2 
  24 9 
  24 12 
  25 -5 
  25 -1 
  25 3 
  25 8 
  26 4 
  27 -6 
  27 5 
  28 0 
  -27 0 
  -27 6 
  -26 -10 
  -26 -7 
  -26 -6 
  -26 -5 
  -26 9 
  -25 4 
  -25 8 
  -24 -5 
  -23 -7 
  -23 2 
  -23 10 
  -23 14 
  -22 -4 
  -22 7 
  -21 -15 
  -21 -13 
  -21 -11 
  -21 -9 
  -21 -6 
  -21 10 
  -20 -13 
  -20 10 
  -19 -14 
  -19 -12 
  -19 -6 
  -19 -3 
  -19 13 
  -19 14 
  -19 16 
  -18 -19 
  -18 11 
  -18 13 
  -18 14 
  -18 16 
  -17 -15 
  -17 -4 
  -17 1 
  -17 4 
  -17 5 
  -17 13 
  -17 15 
  -17 20 
  -16 -14 
  -16 -12 
  -16 2 
  -16 19 
  -15 -17 
  -15 -13 
  -15 -8 
  -15 18 
  -14 -17 
  -14 -8 
  -14 -7 
  -14 1 
  -14 12 
  -14 22 
  -13 -24 
  -13 -23 
  -13 -4 
  -12 -4 
  -12 -1 
  -12 7 
  -12 13 
  -11 -25 
  -11 -24 
  -11 -23 
  -11 13 
  -11 14 
  -11 18 
  -11 21 
  -10 -25 
  -10 -22 
  -10 -17 
  -10 -7 
  -10 25 
  -9 -16 
  -9 -14 
  -9 -12 
  -9 4 
  -9 6 
  -9 12 
  -9 23 
  -8 -26 
  -8 -25 
  -8 -24 
  -8 -15 
  -8 3 
  -8 7 
  -8 9 
  -8 20 
  -8 21 
  -7 9 
  -7 19 
  -7 25 
  -6 -25 
  -6 -11 
  -6 -2 
  -6 3 
  -6 20 
  -5 -6 
  -5 -3 
  -5 14 
  -5 15 
  -5 25 
  -4 -15 
  -4 -3 
  -4 2 
  -4 6 
  -4 8 
  -4 10 
  -4 11 
  -4 23 
  -3 -11 
  -3 -10 
  -3 6 
  -3 10 
  -3 16 
  -3 26 
  -2 -3 
  -2 -2 
  -2 4 
  -2 17 
  -2 18 
  -1 -26 
  -1 -19 
  -1 -16 
  0 -20 
  0 -7 
  0 -1 
  1 -6 
  1 9 
  1 18 
  2 -24 
  2 -23 
  2 -11 
  2 -6 
  2 0 
  2 4 
  3 -18 
  3 -16 
  3 -13 
  3 -9 
  3 -6 
  3 -5 
  3 4 
  3 9 
  3 20 
  3 21 
  3 26 
  4 -23 
  4 -2 
  4 2 
  5 -27 
  5 -13 
  5 -12 
  5 -4 
  5 1 
  5 19 
  5 22 
  6 -24 
  6 -11 
  6 0 
  6 4 
  6 11 
  6 19 
  6 24 
  7 -13 
  7 -11 
  7 -6 
  7 2 
  7 5 
  7 6 
  8 -9 
  8 -6 
  8 -4 
  9 -26 
  9 -12 
  9 25 
  10 -21 
  10 -5 
  10 -4 
  10 4 
  10 6 
  11 -20 
  11 -10 
  11 -3 
  11 5 
  12 -21 
  12 6 
  12 19 
  13 -25 
  13 -5 
  13 17 
  13 24 
  14 -24 
  14 -20 
  14 -18 
  14 -11 
  14 -2 
  14 0 
  14 1 
  14 8 
  14 9 
  15 -1 
  15 10 
  16 -5 
  16 -1 
  16 14 
  17 -4 
  17 12 
  17 13 
  18 -14 
  19 -16 
  19 -14 
  19 -11 
  19 -10 
  19 6 
  19 15 
  20 -19 
  20 -15 
  20 -12 
  21 -19 
  21 -8 
  21 9 
  21 16 
  22 -6 
  22 -3 
  22 2 
  22 11 
  23 -6 
  23 1 
  24 -6 
  24 -4 
  25 -11 
  25 -10 
  25 -8 
  26 -10 
  26 -8 
  26 6 
  27 -7 
  27 0 
  -27 -5 
  -26 -2 
  -26 0 
  -26 2 
  -25 -9 
  -25 -7 
  -25 -2 
  -25 0 
  -25 2 
  -25 5 
  -24 -3 
  -23 -9 
  -23 -3 
  -23 1 
  -22 -15 
  -22 -12 
  -22 0 
  -22 14 
  -21 -4 
  -21 17 
  -20 -9 
  -20 -5 
  -20 4 
  -20 16 
  -19 1 
  -19 15 
  -18 -21 
  -18 -13 
  -18 -10 
  -18 -3 
  -17 6 
  -17 7 
  -17 10 
  -17 21 
  -16 -20 
  -16 -15 
  -16 -2 
  -16 1 
  -16 9 
  -16 12 
  -15 -20 
  -15 -14 
  -15 14 
  -15 21 
  -14 -14 
  -14 -10 
  -14 6 
  -14 7 
  -14 11 
  -14 16 
  -13 -22 
  -13 -21 
  -13 -6 
  -13 5 
  -13 9 
  -13 10 
  -12 -21 
  -12 -9 
  -12 3 
  -12 15 
  -11 -20 
  -11 -17 
  -11 10 
  -10 -26 
  -10 -18 
  -10 -4 
  -10 2 
  -10 13 
  -10 14 
  -10 15 
  -10 22 
  -9 -27 
  -9 -23 
  -9 -11 
  -9 -9 
  -9 5 
  -9 15 
  -8 -27 
  -8 -18 
  -8 -17 
  -8 -16 
  -8 -10 
  -8 5 
  -8 12 
  -8 13 
  -8 15 
  -8 17 
  -8 24 
  -7 -23 
  -7 -12 
  -7 -8 
  -7 23 
  -6 -28 
  -6 -24 
  -6 -20 
  -6 -12 
  -6 -7 
  -6 4 
  -6 11 
  -6 12 
  -6 26 
  -5 -25 
  -5 -23 
  -5 -22 
  -5 -21 
  -5 -11 
  -5 -2 
  -5 2 
  -5 4 
  -5 13 
  -4 3 
  -4 9 
  -4 16 
  -4 26 
  -3 -21 
  -3 -20 
  -3 -8 
  -3 0 
  -2 -19 
  -2 -14 
  -2 -12 
  -2 10 
  -1 -13 
  -1 -2 
  -1 0 
  -1 3 
  -1 11 
  -1 18 
  0 -12 
  0 -11 
  0 -10 
  0 -9 
  0 5 
  0 6 
  0 7 
  0 16 
  0 21 
  1 -27 
  1 -17 
  1 -15 
  1 -4 
  1 0 
  1 1 
  1 12 
  1 19 
  2 -19 
  2 -15 
  2 -2 
  2 3 
  2 23 
  2 24 
  3 -28 
  3 -23 
  3 7 
  3 12 
  3 13 
  3 18 
  4 -25 
  4 3 
  4 13 
  4 23 
  4 24 
  5 -15 
  5 5 
  5 10 
  6 -17 
  6 -8 
  6 -6 
  7 -27 
  7 -26 
  7 -12 
  7 -9 
  7 0 
  7 11 
  7 12 
  7 14 
  7 17 
  7 20 
  8 -14 
  8 -11 
  8 0 
  8 3 
  8 4 
  8 9 
  8 10 
  8 19 
  8 25 
  9 -25 
  9 -11 
  9 2 
  9 3 
  9 5 
  9 9 
  9 11 
  9 20 
  9 22 
  10 11 
  11 -24 
  11 -23 
  11 -22 
  11 -21 
  11 -17 
  11 -14 
  11 -12 
  11 -1 
  11 4 
  11 10 
  11 25 
  12 -20 
  12 -18 
  12 -11 
  12 -8 
  12 -7 
  12 -5 
  12 13 
  13 -24 
  13 4 
  13 9 
  13 12 
  13 13 
  13 16 
  14 -7 
  14 -6 
  14 -1 
  14 5 
  14 19 
  15 -8 
  15 2 
  15 22 
  16 -18 
  16 -12 
  16 1 
  16 6 
  16 7 
  17 -18 
  17 -10 
  17 1 
  17 5 
  17 18 
  18 -4 
  18 7 
  18 8 
  18 16 
  19 -18 
  19 -17 
  19 -13 
  19 -12 
  19 -9 
  19 8 
  19 11 
  19 13 
  20 -7 
  20 -6 
  20 9 
  20 12 
  21 -12 
  21 -10 
  21 4 
  21 7 
  21 12 
  22 -14 
  22 -10 
  22 -1 
  23 -16 
  23 -12 
  23 0 
  23 7 
  23 12 
  24 -13 
  24 0 
  24 6 
  24 10 
  24 13 
  25 -12 
  25 0 
  25 4 
  26 -7 
  26 -2 
  26 1 
  27 -1 
  27 4 
  -27 -4 
  -27 5 
  -26 5 
  -26 6 
  -25 9 
  -24 -13 
  -24 3 
  -24 5 
  -23 11 
  -22 -3 
  -22 8 
  -22 10 
  -22 13 
  -22 16 
  -21 -19 
  -21 -17 
  -21 0 
  -21 8 
  -20 -19 
  -20 -18 
  -20 -17 
  -20 -8 
  -20 -6 
  -20 -4 
  -20 11 
  -20 13 
  -19 -18 
  -18 -18 
  -18 -16 
  -18 -14 
  -18 2 
  -18 5 
  -18 7 
  -17 -19 
  -17 -7 
  -17 -3 
  -16 -18 
  -16 -5 
  -16 7 
  -16 17 
  -15 -4 
  -15 8 
  -15 9 
  -15 11 
  -14 -24 
  -14 -20 
  -14 -3 
  -14 9 
  -14 21 
  -13 -19 
  -13 -8 
  -12 -14 
  -12 -6 
  -12 -3 
  -12 14 
  -12 18 
  -11 16 
  -11 20 
  -10 -16 
  -10 -12 
  -10 -1 
  -10 1 
  -10 16 
  -9 -10 
  -9 8 
  -9 20 
  -8 -14 
  -8 -12 
  -8 -2 
  -7 -13 
  -7 -7 
  -7 2 
  -7 13 
  -7 16 
  -6 -21 
  -6 -3 
  -6 -1 
  -6 2 
  -6 10 
  -6 25 
  -5 -27 
  -5 -15 
  -5 3 
  -4 -4 
  -4 13 
  -3 -22 
  -3 -18 
  -3 -4 
  -2 -25 
  -2 -13 
  -2 -11 
  -2 -6 
  -2 2 
  -2 5 
  -2 6 
  -2 19 
  -2 22 
  -2 23 
  -1 -20 
  -1 -10 
  -1 -4 
  -1 -3 
  -1 2 
  -1 8 
  -1 13 
  -1 20 
  -1 23 
  0 -28 
  0 -23 
  0 -14 
  0 8 
  0 9 
  0 13 
  0 14 
  0 15 
  0 22 
  0 25 
  1 -21 
  1 10 
  1 13 
  2 -16 
  2 -13 
  2 12 
  2 13 
  2 14 
  2 15 
  3 -25 
  3 -17 
  3 -7 
  3 -3 
  3 23 
  3 25 
  4 -26 
  4 -17 
  4 -13 
  4 14 
  4 15 
  5 -14 
  5 -9 
  5 -7 
  5 -5 
  5 -3 
  5 7 
  5 9 
  5 12 
  5 14 
  6 -23 
  6 -9 
  6 5 
  6 12 
  6 20 
  6 25 
  7 -20 
  7 -19 
  7 -15 
  7 -3 
  7 9 
  7 18 
  8 -27 
  8 -20 
  8 -2 
  8 7 
  8 22 
  9 -19 
  9 4 
  9 18 
  9 23 
  10 -22 
  10 14 
  11 -19 
  11 -2 
  11 16 
  11 18 
  11 19 
  11 21 
  12 -24 
  12 -15 
  12 -13 
  12 7 
  12 8 
  12 11 
  13 -21 
  13 -12 
  13 -11 
  13 15 
  13 22 
  14 -14 
  14 -3 
  14 2 
  14 7 
  14 23 
  15 -21 
  15 -4 
  15 9 
  16 -22 
  16 5 
  16 13 
  17 -19 
  17 -16 
  17 -6 
  17 15 
  17 16 
  17 19 
  18 -21 
  18 -9 
  18 -1 
  18 6 
  18 13 
  19 -4 
  19 3 
  19 5 
  19 7 
  19 12 
  20 -20 
  20 -5 
  20 -4 
  20 -1 
  20 4 
  20 7 
  20 13 
  20 15 
  21 -16 
  21 -9 
  21 5 
  21 6 
  21 17 
  22 -15 
  22 -11 
  22 4 
  22 7 
  23 -11 
  23 5 
  23 13 
  24 -11 
  24 -9 
  24 11 
  25 11 
  27 -4 
  28 1 
  -28 0 
  -27 -8 
  -27 -7 
  -26 4 
  -24 -2 
  -24 2 
  -24 8 
  -24 13 
  -23 -14 
  -23 -12 
  -23 -10 
  -23 -8 
  -22 5 
  -22 15 
  -21 -3 
  -21 -1 
  -21 5 
  -20 -16 
  -19 -21 
  -19 -13 
  -19 -4 
  -19 7 
  -19 9 
  -19 10 
  -19 12 
  -18 -20 
  -18 -6 
  -18 -5 
  -18 0 
  -18 3 
  -18 18 
  -18 19 
  -17 -17 
  -17 -16 
  -17 2 
  -16 -17 
  -16 20 
  -15 -6 
  -15 -3 
  -15 0 
  -15 13 
  -15 20 
  -14 -18 
  -14 -4 
  -14 0 
  -14 10 
  -14 13 
  -14 15 
  -14 18 
  -13 -20 
  -13 2 
  -13 14 
  -12 -19 
  -12 -15 
  -12 11 
  -11 -15 
  -11 -4 
  -11 0 
  -11 1 
  -11 6 
  -10 -24 
  -10 -10 
  -10 20 
  -9 -24 
  -9 -21 
  -9 -8 
  -9 -7 
  -9 -4 
  -9 -3 
  -9 14 
  -9 16 
  -9 25 
  -8 -21 
  -8 -19 
  -8 -13 
  -8 -4 
  -8 6 
  -7 -24 
  -7 -17 
  -7 -15 
  -7 -14 
  -7 -11 
  -7 -3 
  -6 -18 
  -6 -13 
  -6 1 
  -5 -28 
  -5 -26 
  -5 -24 
  -5 -19 
  -5 -5 
  -5 0 
  -5 1 
  -5 7 
  -5 24 
  -4 -25 
  -4 -24 
  -4 -17 
  -4 -7 
  -4 -6 
  -4 0 
  -4 21 
  -3 -24 
  -3 -13 
  -3 -2 
  -3 20 
  -3 22 
  -3 23 
  -2 -22 
  -2 7 
  -2 8 
  -2 27 
  -1 -15 
  -1 -14 
  -1 -7 
  -1 14 
  0 -24 
  0 2 
  0 3 
  0 10 
  1 -10 
  1 -7 
  1 -2 
  2 -21 
  2 -20 
  2 -9 
  2 -7 
  2 -3 
  2 2 
  3 -14 
  3 2 
  3 27 
  4 -12 
  4 -6 
  4 -5 
  4 0 
  4 9 
  4 20 
  5 -28 
  5 -26 
  5 -21 
  5 -6 
  5 -1 
  6 -22 
  6 -21 
  6 -7 
  6 1 
  6 6 
  6 16 
  6 23 
  7 -18 
  7 15 
  7 25 
  7 26 
  8 -1 
  8 6 
  8 12 
  8 20 
  8 26 
  9 -23 
  9 -14 
  9 1 
  9 6 
  10 7 
  10 12 
  10 13 
  10 17 
  10 18 
  11 -25 
  11 -18 
  11 -9 
  11 20 
  12 -22 
  12 14 
  12 18 
  12 20 
  12 21 
  13 -22 
  13 -19 
  13 -16 
  13 -4 
  13 1 
  14 6 
  14 10 
  14 13 
  14 20 
  15 -20 
  15 -12 
  15 -11 
  15 -10 
  15 4 
  15 7 
  15 14 
  16 -16 
  16 -11 
  16 2 
  17 -22 
  17 -17 
  17 -9 
  17 9 
  17 11 
  17 17 
  17 21 
  18 -16 
  18 12 
  18 17 
  18 18 
  19 -6 
  19 -5 
  19 -1 
  19 10 
  19 14 
  20 10 
  20 14 
  20 18 
  21 -17 
  21 -6 
  21 2 
  21 3 
  21 15 
  22 9 
  23 -15 
  23 -10 
  24 -15 
  24 -10 
  24 1 
  24 7 
  25 -9 
  25 -3 
  25 1 
  25 9 
  26 -1 
  27 -8 
  27 -5 
  27 1 
  28 -3 
  28 -1 
  -27 1 
  -26 3 
  -24 -12 
  -24 -6 
  -24 12 
  -23 13 
  -22 -17 
  -22 -13 
  -22 -11 
  -22 -10 
  -22 -2 
  -22 9 
  -22 11 
  -21 1 
  -21 7 
  -20 6 
  -19 -16 
  -19 -15 
  -19 -11 
  -19 -8 
  -18 9 
  -17 -20 
  -17 -14 
  -17 -10 
  -16 -16 
  -16 -10 
  -16 11 
  -15 -10 
  -15 16 
  -14 -23 
  -14 14 
  -13 -25 
  -13 -17 
  -12 -17 
  -12 -16 
  -12 -10 
  -12 4 
  -12 10 
  -12 21 
  -11 -16 
  -11 -10 
  -11 -2 
  -11 7 
  -11 11 
  -11 19 
  -10 -13 
  -10 -5 
  -8 -7 
  -8 10 
  -8 19 
  -8 25 
  -7 -20 
  -7 4 
  -7 20 
  -7 22 
  -6 -26 
  -6 -23 
  -5 5 
  -5 17 
  -4 -26 
  -4 -23 
  -4 -5 
  -4 14 
  -3 -27 
  -3 -14 
  -3 8 
  -3 15 
  -3 18 
  -2 -21 
  -2 12 
  -2 14 
  -2 16 
  -1 7 
  -1 9 
  -1 12 
  -1 16 
  0 -27 
  0 -8 
  0 -6 
  0 -4 
  0 -3 
  0 27 
  1 -22 
  1 -1 
  1 20 
  1 23 
  2 -10 
  2 -1 
  2 11 
  2 22 
  3 -8 
  3 -4 
  3 3 
  3 16 
  3 22 
  4 -24 
  4 -22 
  4 19 
  4 21 
  5 -18 
  5 0 
  5 17 
  5 23 
  6 -27 
  6 10 
  6 13 
  6 22 
  6 26 
  7 -22 
  7 -8 
  7 -5 
  7 3 
  7 13 
  8 -26 
  8 -24 
  8 -18 
  8 -8 
  8 13 
  8 15 
  9 -9 
  9 -8 
  9 -6 
  9 -2 
  9 15 
  10 -18 
  10 -15 
  10 16 
  11 -8 
  11 3 
  11 11 
  11 15 
  11 23 
  12 -3 
  12 15 
  13 -23 
  13 7 
  13 19 
  14 -8 
  14 -5 
  14 16 
  14 21 
  15 -13 
  15 -3 
  15 12 
  16 -19 
  16 9 
  16 12 
  16 17 
  17 3 
  17 8 
  18 -15 
  18 -3 
  18 5 
  19 -3 
  19 -2 
  19 0 
  19 2 
  19 9 
  20 -9 
  20 6 
  20 11 
  21 -5 
  21 -2 
  21 14 
  22 10 
  23 -14 
  23 -7 
  23 -4 
  23 6 
  23 15 
  24 2 
  24 8 
  25 -2 
  26 -11 
  26 -5 
  26 3 
  -27 -3 
  -27 4 
  -26 8 
  -25 -6 
  -25 6 
  -24 -14 
  -23 -15 
  -23 -4 
  -23 0 
  -23 3 
  -21 13 
  -20 -14 
  -20 18 
  -19 -10 
  -19 -2 
  -19 8 
  -18 -12 
  -18 -9 
  -18 -4 
  -18 12 
  -17 -13 
  -17 -9 
  -17 3 
  -17 8 
  -17 16 
  -17 19 
  -16 -9 
  -16 8 
  -16 13 
  -15 -19 
  -15 5 
  -14 -21 
  -14 -15 
  -14 -6 
  -13 -12 
  -13 -10 
  -13 -5 
  -13 -2 
  -13 4 
  -13 16 
  -12 -13 
  -12 9 
  -12 12 
  -11 -22 
  -11 5 
  -11 25 
  -10 -23 
  -10 -21 
  -10 -19 
  -10 -3 
  -10 18 
  -9 -26 
  -8 -8 
  -8 -5 
  -8 22 
  -8 26 
  -7 -21 
  -7 3 
  -7 8 
  -7 14 
  -7 17 
  -6 -19 
  -6 -10 
  -6 -6 
  -6 0 
  -6 14 
  -6 22 
  -5 -18 
  -4 -20 
  -4 -13 
  -4 17 
  -3 -26 
  -3 -23 
  -3 -19 
  -3 5 
  -3 9 
  -3 12 
  -2 -26 
  -2 -8 
  -2 -7 
  -2 -4 
  -2 3 
  -2 21 
  -2 25 
  -1 -28 
  -1 -27 
  -1 1 
  -1 5 
  0 24 
  1 -24 
  1 -12 
  1 -11 
  1 6 
  1 8 
  1 11 
  1 22 
  1 25 
  1 27 
  2 -28 
  2 7 
  2 21 
  2 25 
  3 -12 
  3 -2 
  3 6 
  4 -20 
  4 -18 
  4 -11 
  4 -3 
  4 16 
  5 3 
  6 -25 
  6 -10 
  7 -16 
  7 10 
  7 22 
  7 24 
  8 -15 
  8 -5 
  8 8 
  8 16 
  9 -21 
  9 -17 
  9 -15 
  9 -13 
  9 14 
  9 21 
  10 -23 
  10 -12 
  10 -11 
  10 -7 
  10 -3 
  10 24 
  11 -26 
  11 -13 
  11 -5 
  11 -4 
  11 17 
  11 22 
  12 -14 
  12 2 
  12 9 
  12 10 
  12 24 
  13 -14 
  13 -8 
  13 -3 
  13 2 
  13 6 
  13 18 
  13 21 
  13 23 
  14 -19 
  14 -4 
  14 11 
  15 -22 
  15 -15 
  15 -6 
  16 -6 
  16 -4 
  16 8 
  17 -7 
  17 14 
  18 -12 
  18 -5 
  18 20 
  19 17 
  21 -11 
  22 14 
  22 16 
  23 2 
  23 11 
  24 -14 
  24 -12 
  26 -6 
  26 9 
  27 -2 
  -26 -3 
  -26 7 
  -25 -12 
  -25 -8 
  -25 10 
  -25 11 
  -24 -8 
  -24 -4 
  -24 -1 
  -24 7 
  -23 9 
  -22 2 
  -21 -16 
  -21 -14 
  -21 -12 
  -21 -8 
  -21 11 
  -20 12 
  -19 11 
  -18 -15 
  -18 -11 
  -17 -22 
  -17 -12 
  -17 14 
  -16 -21 
  -16 -1 
  -15 3 
  -15 6 
  -15 15 
  -14 -1 
  -13 12 
  -13 23 
  -12 -23 
  -12 -20 
  -12 -8 
  -12 2 
  -11 -13 
  -11 -5 
  -11 -3 
  -10 -14 
  -10 -6 
  -10 0 
  -10 7 
  -10 8 
  -10 17 
  -9 -6 
  -9 -1 
  -9 7 
  -9 13 
  -9 19 
  -8 -9 
  -8 -1 
  -8 0 
  -7 -9 
  -7 -4 
  -7 12 
  -7 21 
  -6 -22 
  -6 -4 
  -6 9 
  -6 18 
  -5 -1 
  -5 19 
  -4 -27 
  -4 -18 
  -4 -10 
  -4 -8 
  -4 12 
  -3 3 
  -3 14 
  -3 17 
  -3 24 
  -3 25 
  -2 -17 
  -2 -1 
  -1 15 
  -1 17 
  -1 19 
  -1 22 
  -1 25 
  -1 26 
  -1 27 
  0 -25 
  0 -17 
  0 -15 
  0 0 
  1 -19 
  1 -9 
  1 -3 
  2 -25 
  2 -18 
  2 1 
  2 5 
  4 -15 
  4 -9 
  4 -4 
  4 17 
  5 15 
  5 25 
  6 -28 
  6 -14 
  6 17 
  6 18 
  7 -24 
  7 -10 
  7 -2 
  8 -10 
  9 -16 
  9 -5 
  9 16 
  10 -9 
  10 10 
  10 23 
  10 25 
  11 8 
  12 -19 
  12 -1 
  12 12 
  13 -20 
  13 -15 
  13 5 
  14 -22 
  15 -24 
  15 -18 
  15 -17 
  15 -2 
  16 3 
  16 10 
  16 15 
  17 -15 
  17 6 
  17 10 
  18 -22 
  18 -20 
  18 -18 
  18 -10 
  18 9 
  18 15 
  19 -19 
  19 16 
  20 -14 
  21 -4 
  21 10 
  24 4 
  25 6 
  25 10 
  26 2 
  26 5 
  26 8 
  -27 -1 
  -25 -10 
  -25 -1 
  -23 -16 
  -23 12 
  -22 -5 
  -22 12 
  -21 -18 
  -21 -5 
  -21 4 
  -21 14 
  -20 0 
  -20 5 
  -20 15 
  -19 -20 
  -19 2 
  -18 -7 
  -18 -2 
  -17 11 
  -16 -11 
  -16 -4 
  -16 10 
  -16 15 
  -15 -23 
  -14 -22 
  -14 -19 
  -14 -11 
  -14 -5 
  -14 2 
  -14 8 
  -14 20 
  -13 -3 
  -13 -1 
  -13 0 
  -13 7 
  -13 13 
  -13 17 
  -12 -12 
  -12 1 
  -12 6 
  -12 16 
  -12 19 
  -12 22 
  -11 -9 
  -11 8 
  -11 9 
  -11 17 
  -10 -8 
  -10 5 
  -10 9 
  -9 -25 
  -9 -19 
  -9 -2 
  -9 1 
  -9 24 
  -8 -23 
  -8 -22 
  -8 -20 
  -8 4 
  -7 -22 
  -7 -18 
  -7 -5 
  -6 -14 
  -6 7 
  -5 -16 
  -5 -13 
  -5 -10 
  -5 11 
  -4 -28 
  -4 -21 
  -4 -14 
  -4 -11 
  -4 5 
  -4 19 
  -4 25 
  -3 -25 
  -3 4 
  -2 -18 
  -2 -15 
  -2 1 
  -2 26 
  -1 -24 
  -1 -11 
  -1 -5 
  -1 4 
  -1 10 
  1 -16 
  1 3 
  2 -17 
  2 -14 
  2 26 
  3 14 
  3 19 
  4 4 
  4 12 
  5 -25 
  5 -11 
  5 -2 
  5 26 
  6 -20 
  6 -12 
  6 -3 
  6 14 
  6 15 
  7 -1 
  7 8 
  7 16 
  8 -3 
  8 5 
  9 -7 
  9 -4 
  9 -1 
  10 -25 
  10 -17 
  10 -10 
  10 1 
  10 3 
  10 15 
  11 -7 
  12 -16 
  12 -10 
  12 -2 
  12 3 
  12 16 
  13 -9 
  13 11 
  14 -9 
  14 12 
  14 17 
  14 22 
  15 -23 
  15 -5 
  16 -20 
  16 -15 
  16 -8 
  16 -3 
  16 19 
  16 22 
  17 -12 
  17 -5 
  17 20 
  18 -19 
  18 -6 
  19 1 
  20 -17 
  20 0 
  20 3 
  21 8 
  21 13 
  22 -13 
  23 -8 
  24 -8 
  24 -7 
  24 -1 
  24 5 
  25 2 
  26 -9 
  26 -4 
  26 7 
  27 3 
  28 -2 
  -28 1 
  -24 -7 
  -23 8 
  -23 15 
  -22 -8 
  -22 -7 
  -20 -20 
  -20 -7 
  -20 14 
  -19 -17 
  -19 3 
  -19 6 
  -19 17 
  -18 6 
  -18 10 
  -17 -1 
  -16 -22 
  -15 -21 
  -15 -12 
  -15 -11 
  -15 -9 
  -15 12 
  -15 22 
  -14 -16 
  -14 -2 
  -14 4 
  -13 -14 
  -13 -13 
  -13 1 
  -13 18 
  -13 19 
  -11 -12 
  -11 4 
  -11 12 
  -10 3 
  -10 12 
  -9 -17 
  -9 -15 
  -9 2 
  -9 10 
  -9 17 
  -8 -6 
  -8 -3 
  -8 11 
  -7 -1 
  -7 1 
  -7 11 
  -7 18 
  -6 -9 
  -6 -8 
  -6 -5 
  -5 8 
  -5 12 
  -5 21 
  -4 22 
  -4 27 
  -3 -7 
  -3 -5 
  -3 -1 
  -2 -27 
  -2 -20 
  -2 -9 
  -1 -9 
  -1 -6 
  -1 -1 
  -1 6 
  0 -26 
  0 -16 
  0 11 
  0 18 
  0 19 
  0 20 
  1 -26 
  1 -23 
  1 5 
  1 24 
  2 10 
  3 -20 
  3 1 
  3 5 
  3 15 
  4 -21 
  4 -7 
  4 -1 
  4 1 
  4 22 
  4 26 
  4 27 
  5 16 
  5 18 
  6 -19 
  6 -4 
  6 -2 
  6 7 
  7 -25 
  7 -7 
  7 19 
  7 21 
  7 23 
  8 17 
  9 -20 
  9 17 
  10 -8 
  11 -11 
  11 -6 
  11 0 
  11 14 
  11 24 
  12 -25 
  12 -23 
  12 -9 
  12 4 
  13 8 
  14 -10 
  15 16 
  16 -21 
  16 0 
  16 20 
  18 -17 
  18 19 
  19 -15 
  19 -8 
  19 4 
  20 -11 
  20 -10 
  25 -13 
  25 -4 
  26 -3 
  -26 -1 
  -26 1 
  -25 -13 
  -24 1 
  -23 -6 
  -23 5 
  -22 1 
  -21 2 
  -21 3 
  -20 -15 
  -20 -2 
  -20 8 
  -18 17 
  -17 -18 
  -17 -11 
  -17 -6 
  -16 14 
  -16 18 
  -15 1 
  -15 10 
  -12 0 
  -11 -19 
  -11 -18 
  -11 -11 
  -11 -8 
  -11 -6 
  -11 23 
  -10 -20 
  -10 24 
  -9 -20 
  -9 -13 
  -8 18 
  -7 0 
  -7 10 
  -6 23 
  -5 -17 
  -5 -14 
  -5 -8 
  -5 -4 
  -5 18 
  -5 20 
  -3 -28 
  -3 11 
  -3 13 
  -2 -28 
  -2 -16 
  -1 -17 
  0 -18 
  1 -28 
  1 16 
  2 -22 
  2 -4 
  2 6 
  2 18 
  3 -27 
  3 -22 
  4 6 
  4 8 
  5 -20 
  5 -8 
  5 4 
  6 -26 
  7 -23 
  7 -17 
  9 -27 
  10 -2 
  10 5 
  11 -16 
  11 -15 
  11 1 
  11 6 
  11 7 
  11 13 
  12 0 
  12 5 
  12 17 
  13 -13 
  13 -7 
  14 -17 
  14 -13 
  15 1 
  16 -23 
  16 11 
  16 16 
  16 18 
  17 -8 
  17 -2 
  17 0 
  18 10 
  19 19 
  20 -18 
  21 -13 
  21 -3 
  22 -12 
  22 -7 
  22 -2 
  22 15 
  23 10 
  24 3 
  25 -7 
  25 5 
  26 0 
  27 -3 
  -27 -2 
  -25 -5 
  -25 7 
  -24 0 
  -24 6 
  -23 -2 
  -23 6 
  -21 -7 
  -20 -10 
  -20 17 
  -18 -8 
  -18 20 
  -16 22 
  -15 -7 
  -15 -5 
  -15 -2 
  -15 7 
  -14 -13 
  -12 20 
  -10 10 
  -9 -22 
  -9 -5 
  -8 8 
  -7 -19 
  -7 -16 
  -7 -10 
  -7 24 
  -6 16 
  -6 17 
  -5 -9 
  -3 -15 
  -3 -9 
  -2 11 
  -2 20 
  -2 24 
  -1 -22 
  -1 -21 
  -1 21 
  0 -13 
  1 21 
  2 17 
  2 27 
  3 0 
  3 10 
  3 11 
  4 -16 
  4 25 
  5 -23 
  5 -22 
  5 -17 
  5 20 
  6 -15 
  8 -21 
  8 11 
  8 18 
  8 21 
  9 7 
  9 24 
  10 -26 
  12 1 
  13 -17 
  13 -10 
  13 -6 
  13 14 
  14 -21 
  15 0 
  18 14 
  19 18 
  20 -13 
  20 -8 
  21 -15 
  22 -5 
  23 8 
  25 -6 
  27 2 
  -26 -9 
  -25 1 
  -24 -10 
  -24 9 
  -24 11 
  -22 -6 
  -20 -11 
  -20 1 
  -19 -9 
  -19 -5 
  -19 -1 
  -19 4 
  -19 18 
  -17 -5 
  -15 -16 
  -15 17 
  -14 -9 
  -14 23 
  -13 -18 
  -13 11 
  -12 -22 
  -12 -11 
  -12 8 
  -12 17 
  -11 -1 
  -11 15 
  -8 23 
  -7 26 
  -6 -15 
  -6 13 
  -6 21 
  -5 23 
  -4 -22 
  -3 -3 
  -2 -10 
  -2 9 
  -2 15 
  -1 -18 
  0 -21 
  0 -19 
  1 4 
  1 7 
  1 17 
  3 -15 
  3 24 
  4 18 
  5 -16 
  5 11 
  5 13 
  6 -13 
  6 -1 
  7 -21 
  7 4 
  7 7 
  8 -12 
  8 14 
  8 23 
  9 10 
  10 -13 
  10 -1 
  10 9 
  10 21 
  11 2 
  11 9 
  12 -6 
  12 23 
  13 -2 
  13 3 
  14 -16 
  15 -16 
  15 5 
  15 8 
  15 18 
  16 -17 
  17 -14 
  18 -7 
  18 1 
  19 -7 
  20 -16 
  22 3 
  24 -3 
  25 7 
  27 6 
  -28 -2 
  -25 -11 
  -22 -1 
  -21 -10 
  -20 7 
  -18 15 
  -17 -21 
  -17 0 
  -16 -23 
  -16 16 
  -14 5 
  -13 -15 
  -13 -11 
  -13 3 
  -11 -21 
  -11 -14 
  -11 -7 
  -11 24 
  -10 -11 
  -8 1 
  -7 -2 
  -7 5 
  -4 -1 
  -1 -8 
  0 -2 
  1 15 
  3 -26 
  3 -24 
  4 -10 
  4 -8 
  8 -17 
  8 -16 
  10 -19 
  17 7 
  19 -21 
  20 -3 
  20 8 
  21 1 
  22 -17 
  22 1 
  22 6 
  -24 4 
  -22 -9 
  -22 4 
  -14 3 
  -13 -9 
  -11 22 
  -9 3 
  -9 11 
  -7 7 
  -6 15 
  -6 19 
  -5 6 
  -4 -12 
  -4 -2 
  -4 20 
  -3 -16 
  -3 27 
  -2 13 
  0 4 
  1 2 
  3 -19 
  3 -10 
  3 -1 
  4 5 
  4 10 
  5 2 
  6 -18 
  6 3 
  6 9 
  7 -14 
  10 -24 
  10 22 
  12 -12 
  14 18 
  15 -9 
  16 -10 
  16 4 
  17 -1 
  20 17 
  21 -18 
  23 -2 
  24 -5 ;
AreaPerTest 4.9238798940e+09;
InspectionTest 1;
SampleTestPlan 2462
  -28 -1 
  -27 -6 
  -27 2 
  -27 3 
  -26 -8 
  -26 -4 
  -25 -4 
  -25 -3 
  -25 3 
  -24 -11 
  -24 -9 
  -24 10 
  -23 -13 
  -23 -11 
  -23 -5 
  -23 -1 
  -23 4 
  -23 7 
  -22 -16 
  -22 -14 
  -22 3 
  -22 6 
  -21 -2 
  -21 6 
  -21 9 
  -21 12 
  -21 15 
  -21 16 
  -20 -12 
  -20 -3 
  -20 -1 
  -20 2 
  -20 3 
  -20 9 
  -19 -19 
  -19 -7 
  -19 0 
  -19 5 
  -19 19 
  -18 -17 
  -18 -1 
  -18 1 
  -18 4 
  -18 8 
  -17 -8 
  -17 -2 
  -17 9 
  -17 12 
  -17 17 
  -17 18 
  -16 -19 
  -16 -13 
  -16 -8 
  -16 -7 
  -16 -6 
  -16 -3 
  -16 0 
  -16 3 
  -16 4 
  -16 5 
  -16 6 
  -16 21 
  -15 -24 
  -15 -22 
  -15 -18 
  -15 -15 
  -15 -1 
  -15 2 
  -15 4 
  -15 19 
  -14 -12 
  -14 17 
  -14 19 
  -13 -16 
  -13 -7 
  -13 6 
  -13 8 
  -13 15 
  -13 20 
  -13 21 
  -13 22 
  -13 24 
  -12 -25 
  -12 -24 
  -12 -18 
  -12 -7 
  -12 -5 
  -12 -2 
  -12 5 
  -12 23 
  -12 24 
  -11 -26 
  -11 2 
  -11 3 
  -10 -15 
  -10 -9 
  -10 -2 
  -10 4 
  -10 6 
  -10 11 
  -10 19 
  -10 21 
  -10 23 
  -9 -18 
  -9 0 
  -9 9 
  -9 18 
  -9 21 
  -9 22 
  -8 -11 
  -8 2 
  -8 14 
  -8 16 
  -7 -27 
  -7 -26 
  -7 -25 
  -7 -6 
  -7 6 
  -7 15 
  -6 -27 
  -6 -17 
  -6 -16 
  -6 5 
  -6 6 
  -6 8 
  -6 24 
  -5 -20 
  -5 -12 
  -5 -7 
  -5 9 
  -5 10 
  -5 16 
  -5 22 
  -5 26 
  -4 -19 
  -4 -16 
  -4 -9 
  -4 1 
  -4 4 
  -4 7 
  -4 15 
  -4 18 
  -4 24 
  -3 -17 
  -3 -12 
  -3 -6 
  -3 1 
  -3 2 
  -3 7 
  -3 19 
  -3 21 
  -2 -24 
  -2 -23 
  -2 -5 
  -2 0 
  -1 -25 
  -1 -23 
  -1 -12 
  -1 24 
  0 -22 
  0 -5 
  0 1 
  0 12 
  0 17 
  0 23 
  0 26 
  1 -25 
  1 -20 
  1 -18 
  1 -14 
  1 -13 
  1 -8 
  1 -5 
  1 14 
  1 26 
  2 -27 
  2 -26 
  2 -12 
  2 -8 
  2 -5 
  2 8 
  2 9 
  2 16 
  2 19 
  2 20 
  3 -21 
  3 -11 
  3 8 
  3 17 
  4 -28 
  4 -27 
  4 -19 
  4 -14 
  4 7 
  4 11 
  5 -24 
  5 -19 
  5 -10 
  5 6 
  5 8 
  5 21 
  5 24 
  6 -16 
  6 -5 
  6 2 
  6 8 
  6 21 
  7 -4 
  7 1 
  8 -25 
  8 -23 
  8 -22 
  8 -19 
  8 -13 
  8 -7 
  8 1 
  8 2 
  8 24 
  9 -24 
  9 -22 
  9 -18 
  9 -10 
  9 -3 
  9 0 
  9 8 
  9 12 
  9 13 
  9 19 
  10 -20 
  10 -16 
  10 -14 
  10 -6 
  10 0 
  10 2 
  10 8 
  10 19 
  10 20 
  11 12 
  12 -17 
  12 -4 
  12 22 
  13 -18 
  13 -1 
  13 0 
  13 10 
  13 20 
  14 -23 
  14 -15 
  14 -12 
  14 3 
  14 4 
  14 14 
  14 15 
  15 -19 
  15 -14 
  15 -7 
  15 3 
  15 6 
  15 11 
  15 13 
  15 15 
  15 17 
  15 19 
  15 20 
  15 21 
  16 -14 
  16 -13 
  16 -9 
  16 -7 
  16 -2 
  16 21 
  17 -21 
  17 -20 
  17 -13 
  17 -11 
  17 -3 
  17 2 
  17 4 
  18 -13 
  18 -11 
  18 -8 
  18 -2 
  18 0 
  18 2 
  18 3 
  18 4 
  18 11 
  19 -20 
  20 -2 
  20 1 
  20 2 
  20 5 
  20 16 
  21 -14 
  21 -7 
  21 -1 
  21 0 
  21 11 
  22 -16 
  22 -9 
  22 -8 
  22 -4 
  22 0 
  22 5 
  22 8 
  22 12 
  22 13 
  23 -13 
  23 -9 
  23 -5 
  23 -3 
  23 -1 
  23 3 
  23 4 
  23 9 
  23 14 
  24 -2 
  24 9 
  24 12 
  25 -5 
  25 -1 
  25 3 
  25 8 
  26 4 
  27 -6 
  27 5 
  28 0 
  -27 0 
  -27 6 
  -26 -10 
  -26 -7 
  -26 -6 
  -26 -5 
  -26 9 
  -25 4 
  -25 8 
  -24 -5 
  -23 -7 
  -23 2 
  -23 10 
  -23 14 
  -22 -4 
  -22 7 
  -21 -15 
  -21 -13 
  -21 -11 
  -21 -9 
  -21 -6 
  -21 10 
  -20 -13 
  -20 10 
  -19 -14 
  -19 -12 
  -19 -6 
  -19 -3 
  -19 13 
  -19 14 
  -19 16 
  -18 -19 
  -18 11 
  -18 13 
  -18 14 
  -18 16 
  -17 -15 
  -17 -4 
  -17 1 
  -17 4 
  -17 5 
  -17 13 
  -17 15 
  -17 20 
  -16 -14 
  -16 -12 
  -16 2 
  -16 19 
  -15 -17 
  -15 -13 
  -15 -8 
  -15 18 
  -14 -17 
  -14 -8 
  -14 -7 
  -14 1 
  -14 12 
  -14 22 
  -13 -24 
  -13 -23 
  -13 -4 
  -12 -4 
  -12 -1 
  -12 7 
  -12 13 
  -11 -25 
  -11 -24 
  -11 -23 
  -11 13 
  -11 14 
  -11 18 
  -11 21 
  -10 -25 
  -10 -22 
  -10 -17 
  -10 -7 
  -10 25 
  -9 -16 
  -9 -14 
  -9 -12 
  -9 4 
  -9 6 
  -9 12 
  -9 23 
  -8 -26 
  -8 -25 
  -8 -24 
  -8 -15 
  -8 3 
  -8 7 
  -8 9 
  -8 20 
  -8 21 
  -7 9 
  -7 19 
  -7 25 
  -6 -25 
  -6 -11 
  -6 -2 
  -6 3 
  -6 20 
  -5 -6 
  -5 -3 
  -5 14 
  -5 15 
  -5 25 
  -4 -15 
  -4 -3 
  -4 2 
  -4 6 
  -4 8 
  -4 10 
  -4 11 
  -4 23 
  -3 -11 
  -3 -10 
  -3 6 
  -3 10 
  -3 16 
  -3 26 
  -2 -3 
  -2 -2 
  -2 4 
  -2 17 
  -2 18 
  -1 -26 
  -1 -19 
  -1 -16 
  0 -20 
  0 -7 
  0 -1 
  1 -6 
  1 9 
  1 18 
  2 -24 
  2 -23 
  2 -11 
  2 -6 
  2 0 
  2 4 
  3 -18 
  3 -16 
  3 -13 
  3 -9 
  3 -6 
  3 -5 
  3 4 
  3 9 
  3 20 
  3 21 
  3 26 
  4 -23 
  4 -2 
  4 2 
  5 -27 
  5 -13 
  5 -12 
  5 -4 
  5 1 
  5 19 
  5 22 
  6 -24 
  6 -11 
  6 0 
  6 4 
  6 11 
  6 19 
  6 24 
  7 -13 
  7 -11 
  7 -6 
  7 2 
  7 5 
  7 6 
  8 -9 
  8 -6 
  8 -4 
  9 -26 
  9 -12 
  9 25 
  10 -21 
  10 -5 
  10 -4 
  10 4 
  10 6 
  11 -20 
  11 -10 
  11 -3 
  11 5 
  12 -21 
  12 6 
  12 19 
  13 -25 
  13 -5 
  13 17 
  13 24 
  14 -24 
  14 -20 
  14 -18 
  14 -11 
  14 -2 
  14 0 
  14 1 
  14 8 
  14 9 
  15 -1 
  15 10 
  16 -5 
  16 -1 
  16 14 
  17 -4 
  17 12 
  17 13 
  18 -14 
  19 -16 
  19 -14 
  19 -11 
  19 -10 
  19 6 
  19 15 
  20 -19 
  20 -15 
  20 -12 
  21 -19 
  21 -8 
  21 9 
  21 16 
  22 -6 
  22 -3 
  22 2 
  22 11 
  23 -6 
  23 1 
  24 -6 
  24 -4 
  25 -11 
  25 -10 
  25 -8 
  26 -10 
  26 -8 
  26 6 
  27 -7 
  27 0 
  -27 -5 
  -26 -2 
  -26 0 
  -26 2 
  -25 -9 
  -25 -7 
  -25 -2 
  -25 0 
  -25 2 
  -25 5 
  -24 -3 
  -23 -9 
  -23 -3 
  -23 1 
  -22 -15 
  -22 -12 
  -22 0 
  -22 14 
  -21 -4 
  -21 17 
  -20 -9 
  -20 -5 
  -20 4 
  -20 16 
  -19 1 
  -19 15 
  -18 -21 
  -18 -13 
  -18 -10 
  -18 -3 
  -17 6 
  -17 7 
  -17 10 
  -17 21 
  -16 -20 
  -16 -15 
  -16 -2 
  -16 1 
  -16 9 
  -16 12 
  -15 -20 
  -15 -14 
  -15 14 
  -15 21 
  -14 -14 
  -14 -10 
  -14 6 
  -14 7 
  -14 11 
  -14 16 
  -13 -22 
  -13 -21 
  -13 -6 
  -13 5 
  -13 9 
  -13 10 
  -12 -21 
  -12 -9 
  -12 3 
  -12 15 
  -11 -20 
  -11 -17 
  -11 10 
  -10 -26 
  -10 -18 
  -10 -4 
  -10 2 
  -10 13 
  -10 14 
  -10 15 
  -10 22 
  -9 -27 
  -9 -23 
  -9 -11 
  -9 -9 
  -9 5 
  -9 15 
  -8 -27 
  -8 -18 
  -8 -17 
  -8 -16 
  -8 -10 
  -8 5 
  -8 12 
  -8 13 
  -8 15 
  -8 17 
  -8 24 
  -7 -23 
  -7 -12 
  -7 -8 
  -7 23 
  -6 -28 
  -6 -24 
  -6 -20 
  -6 -12 
  -6 -7 
  -6 4 
  -6 11 
  -6 12 
  -6 26 
  -5 -25 
  -5 -23 
  -5 -22 
  -5 -21 
  -5 -11 
  -5 -2 
  -5 2 
  -5 4 
  -5 13 
  -4 3 
  -4 9 
  -4 16 
  -4 26 
  -3 -21 
  -3 -20 
  -3 -8 
  -3 0 
  -2 -19 
  -2 -14 
  -2 -12 
  -2 10 
  -1 -13 
  -1 -2 
  -1 0 
  -1 3 
  -1 11 
  -1 18 
  0 -12 
  0 -11 
  0 -10 
  0 -9 
  0 5 
  0 6 
  0 7 
  0 16 
  0 21 
  1 -27 
  1 -17 
  1 -15 
  1 -4 
  1 0 
  1 1 
  1 12 
  1 19 
  2 -19 
  2 -15 
  2 -2 
  2 3 
  2 23 
  2 24 
  3 -28 
  3 -23 
  3 7 
  3 12 
  3 13 
  3 18 
  4 -25 
  4 3 
  4 13 
  4 23 
  4 24 
  5 -15 
  5 5 
  5 10 
  6 -17 
  6 -8 
  6 -6 
  7 -27 
  7 -26 
  7 -12 
  7 -9 
  7 0 
  7 11 
  7 12 
  7 14 
  7 17 
  7 20 
  8 -14 
  8 -11 
  8 0 
  8 3 
  8 4 
  8 9 
  8 10 
  8 19 
  8 25 
  9 -25 
  9 -11 
  9 2 
  9 3 
  9 5 
  9 9 
  9 11 
  9 20 
  9 22 
  10 11 
  11 -24 
  11 -23 
  11 -22 
  11 -21 
  11 -17 
  11 -14 
  11 -12 
  11 -1 
  11 4 
  11 10 
  11 25 
  12 -20 
  12 -18 
  12 -11 
  12 -8 
  12 -7 
  12 -5 
  12 13 
  13 -24 
  13 4 
  13 9 
  13 12 
  13 13 
  13 16 
  14 -7 
  14 -6 
  14 -1 
  14 5 
  14 19 
  15 -8 
  15 2 
  15 22 
  16 -18 
  16 -12 
  16 1 
  16 6 
  16 7 
  17 -18 
  17 -10 
  17 1 
  17 5 
  17 18 
  18 -4 
  18 7 
  18 8 
  18 16 
  19 -18 
  19 -17 
  19 -13 
  19 -12 
  19 -9 
  19 8 
  19 11 
  19 13 
  20 -7 
  20 -6 
  20 9 
  20 12 
  21 -12 
  21 -10 
  21 4 
  21 7 
  21 12 
  22 -14 
  22 -10 
  22 -1 
  23 -16 
  23 -12 
  23 0 
  23 7 
  23 12 
  24 -13 
  24 0 
  24 6 
  24 10 
  24 13 
  25 -12 
  25 0 
  25 4 
  26 -7 
  26 -2 
  26 1 
  27 -1 
  27 4 
  -27 -4 
  -27 5 
  -26 5 
  -26 6 
  -25 9 
  -24 -13 
  -24 3 
  -24 5 
  -23 11 
  -22 -3 
  -22 8 
  -22 10 
  -22 13 
  -22 16 
  -21 -19 
  -21 -17 
  -21 0 
  -21 8 
  -20 -19 
  -20 -18 
  -20 -17 
  -20 -8 
  -20 -6 
  -20 -4 
  -20 11 
  -20 13 
  -19 -18 
  -18 -18 
  -18 -16 
  -18 -14 
  -18 2 
  -18 5 
  -18 7 
  -17 -19 
  -17 -7 
  -17 -3 
  -16 -18 
  -16 -5 
  -16 7 
  -16 17 
  -15 -4 
  -15 8 
  -15 9 
  -15 11 
  -14 -24 
  -14 -20 
  -14 -3 
  -14 9 
  -14 21 
  -13 -19 
  -13 -8 
  -12 -14 
  -12 -6 
  -12 -3 
  -12 14 
  -12 18 
  -11 16 
  -11 20 
  -10 -16 
  -10 -12 
  -10 -1 
  -10 1 
  -10 16 
  -9 -10 
  -9 8 
  -9 20 
  -8 -14 
  -8 -12 
  -8 -2 
  -7 -13 
  -7 -7 
  -7 2 
  -7 13 
  -7 16 
  -6 -21 
  -6 -3 
  -6 -1 
  -6 2 
  -6 10 
  -6 25 
  -5 -27 
  -5 -15 
  -5 3 
  -4 -4 
  -4 13 
  -3 -22 
  -3 -18 
  -3 -4 
  -2 -25 
  -2 -13 
  -2 -11 
  -2 -6 
  -2 2 
  -2 5 
  -2 6 
  -2 19 
  -2 22 
  -2 23 
  -1 -20 
  -1 -10 
  -1 -4 
  -1 -3 
  -1 2 
  -1 8 
  -1 13 
  -1 20 
  -1 23 
  0 -28 
  0 -23 
  0 -14 
  0 8 
  0 9 
  0 13 
  0 14 
  0 15 
  0 22 
  0 25 
  1 -21 
  1 10 
  1 13 
  2 -16 
  2 -13 
  2 12 
  2 13 
  2 14 
  2 15 
  3 -25 
  3 -17 
  3 -7 
  3 -3 
  3 23 
  3 25 
  4 -26 
  4 -17 
  4 -13 
  4 14 
  4 15 
  5 -14 
  5 -9 
  5 -7 
  5 -5 
  5 -3 
  5 7 
  5 9 
  5 12 
  5 14 
  6 -23 
  6 -9 
  6 5 
  6 12 
  6 20 
  6 25 
  7 -20 
  7 -19 
  7 -15 
  7 -3 
  7 9 
  7 18 
  8 -27 
  8 -20 
  8 -2 
  8 7 
  8 22 
  9 -19 
  9 4 
  9 18 
  9 23 
  10 -22 
  10 14 
  11 -19 
  11 -2 
  11 16 
  11 18 
  11 19 
  11 21 
  12 -24 
  12 -15 
  12 -13 
  12 7 
  12 8 
  12 11 
  13 -21 
  13 -12 
  13 -11 
  13 15 
  13 22 
  14 -14 
  14 -3 
  14 2 
  14 7 
  14 23 
  15 -21 
  15 -4 
  15 9 
  16 -22 
  16 5 
  16 13 
  17 -19 
  17 -16 
  17 -6 
  17 15 
  17 16 
  17 19 
  18 -21 
  18 -9 
  18 -1 
  18 6 
  18 13 
  19 -4 
  19 3 
  19 5 
  19 7 
  19 12 
  20 -20 
  20 -5 
  20 -4 
  20 -1 
  20 4 
  20 7 
  20 13 
  20 15 
  21 -16 
  21 -9 
  21 5 
  21 6 
  21 17 
  22 -15 
  22 -11 
  22 4 
  22 7 
  23 -11 
  23 5 
  23 13 
  24 -11 
  24 -9 
  24 11 
  25 11 
  27 -4 
  28 1 
  -28 0 
  -27 -8 
  -27 -7 
  -26 4 
  -24 -2 
  -24 2 
  -24 8 
  -24 13 
  -23 -14 
  -23 -12 
  -23 -10 
  -23 -8 
  -22 5 
  -22 15 
  -21 -3 
  -21 -1 
  -21 5 
  -20 -16 
  -19 -21 
  -19 -13 
  -19 -4 
  -19 7 
  -19 9 
  -19 10 
  -19 12 
  -18 -20 
  -18 -6 
  -18 -5 
  -18 0 
  -18 3 
  -18 18 
  -18 19 
  -17 -17 
  -17 -16 
  -17 2 
  -16 -17 
  -16 20 
  -15 -6 
  -15 -3 
  -15 0 
  -15 13 
  -15 20 
  -14 -18 
  -14 -4 
  -14 0 
  -14 10 
  -14 13 
  -14 15 
  -14 18 
  -13 -20 
  -13 2 
  -13 14 
  -12 -19 
  -12 -15 
  -12 11 
  -11 -15 
  -11 -4 
  -11 0 
  -11 1 
  -11 6 
  -10 -24 
  -10 -10 
  -10 20 
  -9 -24 
  -9 -21 
  -9 -8 
  -9 -7 
  -9 -4 
  -9 -3 
  -9 14 
  -9 16 
  -9 25 
  -8 -21 
  -8 -19 
  -8 -13 
  -8 -4 
  -8 6 
  -7 -24 
  -7 -17 
  -7 -15 
  -7 -14 
  -7 -11 
  -7 -3 
  -6 -18 
  -6 -13 
  -6 1 
  -5 -28 
  -5 -26 
  -5 -24 
  -5 -19 
  -5 -5 
  -5 0 
  -5 1 
  -5 7 
  -5 24 
  -4 -25 
  -4 -24 
  -4 -17 
  -4 -7 
  -4 -6 
  -4 0 
  -4 21 
  -3 -24 
  -3 -13 
  -3 -2 
  -3 20 
  -3 22 
  -3 23 
  -2 -22 
  -2 7 
  -2 8 
  -2 27 
  -1 -15 
  -1 -14 
  -1 -7 
  -1 14 
  0 -24 
  0 2 
  0 3 
  0 10 
  1 -10 
  1 -7 
  1 -2 
  2 -21 
  2 -20 
  2 -9 
  2 -7 
  2 -3 
  2 2 
  3 -14 
  3 2 
  3 27 
  4 -12 
  4 -6 
  4 -5 
  4 0 
  4 9 
  4 20 
  5 -28 
  5 -26 
  5 -21 
  5 -6 
  5 -1 
  6 -22 
  6 -21 
  6 -7 
  6 1 
  6 6 
  6 16 
  6 23 
  7 -18 
  7 15 
  7 25 
  7 26 
  8 -1 
  8 6 
  8 12 
  8 20 
  8 26 
  9 -23 
  9 -14 
  9 1 
  9 6 
  10 7 
  10 12 
  10 13 
  10 17 
  10 18 
  11 -25 
  11 -18 
  11 -9 
  11 20 
  12 -22 
  12 14 
  12 18 
  12 20 
  12 21 
  13 -22 
  13 -19 
  13 -16 
  13 -4 
  13 1 
  14 6 
  14 10 
  14 13 
  14 20 
  15 -20 
  15 -12 
  15 -11 
  15 -10 
  15 4 
  15 7 
  15 14 
  16 -16 
  16 -11 
  16 2 
  17 -22 
  17 -17 
  17 -9 
  17 9 
  17 11 
  17 17 
  17 21 
  18 -16 
  18 12 
  18 17 
  18 18 
  19 -6 
  19 -5 
  19 -1 
  19 10 
  19 14 
  20 10 
  20 14 
  20 18 
  21 -17 
  21 -6 
  21 2 
  21 3 
  21 15 
  22 9 
  23 -15 
  23 -10 
  24 -15 
  24 -10 
  24 1 
  24 7 
  25 -9 
  25 -3 
  25 1 
  25 9 
  26 -1 
  27 -8 
  27 -5 
  27 1 
  28 -3 
  28 -1 
  -27 1 
  -26 3 
  -24 -12 
  -24 -6 
  -24 12 
  -23 13 
  -22 -17 
  -22 -13 
  -22 -11 
  -22 -10 
  -22 -2 
  -22 9 
  -22 11 
  -21 1 
  -21 7 
  -20 6 
  -19 -16 
  -19 -15 
  -19 -11 
  -19 -8 
  -18 9 
  -17 -20 
  -17 -14 
  -17 -10 
  -16 -16 
  -16 -10 
  -16 11 
  -15 -10 
  -15 16 
  -14 -23 
  -14 14 
  -13 -25 
  -13 -17 
  -12 -17 
  -12 -16 
  -12 -10 
  -12 4 
  -12 10 
  -12 21 
  -11 -16 
  -11 -10 
  -11 -2 
  -11 7 
  -11 11 
  -11 19 
  -10 -13 
  -10 -5 
  -8 -7 
  -8 10 
  -8 19 
  -8 25 
  -7 -20 
  -7 4 
  -7 20 
  -7 22 
  -6 -26 
  -6 -23 
  -5 5 
  -5 17 
  -4 -26 
  -4 -23 
  -4 -5 
  -4 14 
  -3 -27 
  -3 -14 
  -3 8 
  -3 15 
  -3 18 
  -2 -21 
  -2 12 
  -2 14 
  -2 16 
  -1 7 
  -1 9 
  -1 12 
  -1 16 
  0 -27 
  0 -8 
  0 -6 
  0 -4 
  0 -3 
  0 27 
  1 -22 
  1 -1 
  1 20 
  1 23 
  2 -10 
  2 -1 
  2 11 
  2 22 
  3 -8 
  3 -4 
  3 3 
  3 16 
  3 22 
  4 -24 
  4 -22 
  4 19 
  4 21 
  5 -18 
  5 0 
  5 17 
  5 23 
  6 -27 
  6 10 
  6 13 
  6 22 
  6 26 
  7 -22 
  7 -8 
  7 -5 
  7 3 
  7 13 
  8 -26 
  8 -24 
  8 -18 
  8 -8 
  8 13 
  8 15 
  9 -9 
  9 -8 
  9 -6 
  9 -2 
  9 15 
  10 -18 
  10 -15 
  10 16 
  11 -8 
  11 3 
  11 11 
  11 15 
  11 23 
  12 -3 
  12 15 
  13 -23 
  13 7 
  13 19 
  14 -8 
  14 -5 
  14 16 
  14 21 
  15 -13 
  15 -3 
  15 12 
  16 -19 
  16 9 
  16 12 
  16 17 
  17 3 
  17 8 
  18 -15 
  18 -3 
  18 5 
  19 -3 
  19 -2 
  19 0 
  19 2 
  19 9 
  20 -9 
  20 6 
  20 11 
  21 -5 
  21 -2 
  21 14 
  22 10 
  23 -14 
  23 -7 
  23 -4 
  23 6 
  23 15 
  24 2 
  24 8 
  25 -2 
  26 -11 
  26 -5 
  26 3 
  -27 -3 
  -27 4 
  -26 8 
  -25 -6 
  -25 6 
  -24 -14 
  -23 -15 
  -23 -4 
  -23 0 
  -23 3 
  -21 13 
  -20 -14 
  -20 18 
  -19 -10 
  -19 -2 
  -19 8 
  -18 -12 
  -18 -9 
  -18 -4 
  -18 12 
  -17 -13 
  -17 -9 
  -17 3 
  -17 8 
  -17 16 
  -17 19 
  -16 -9 
  -16 8 
  -16 13 
  -15 -19 
  -15 5 
  -14 -21 
  -14 -15 
  -14 -6 
  -13 -12 
  -13 -10 
  -13 -5 
  -13 -2 
  -13 4 
  -13 16 
  -12 -13 
  -12 9 
  -12 12 
  -11 -22 
  -11 5 
  -11 25 
  -10 -23 
  -10 -21 
  -10 -19 
  -10 -3 
  -10 18 
  -9 -26 
  -8 -8 
  -8 -5 
  -8 22 
  -8 26 
  -7 -21 
  -7 3 
  -7 8 
  -7 14 
  -7 17 
  -6 -19 
  -6 -10 
  -6 -6 
  -6 0 
  -6 14 
  -6 22 
  -5 -18 
  -4 -20 
  -4 -13 
  -4 17 
  -3 -26 
  -3 -23 
  -3 -19 
  -3 5 
  -3 9 
  -3 12 
  -2 -26 
  -2 -8 
  -2 -7 
  -2 -4 
  -2 3 
  -2 21 
  -2 25 
  -1 -28 
  -1 -27 
  -1 1 
  -1 5 
  0 24 
  1 -24 
  1 -12 
  1 -11 
  1 6 
  1 8 
  1 11 
  1 22 
  1 25 
  1 27 
  2 -28 
  2 7 
  2 21 
  2 25 
  3 -12 
  3 -2 
  3 6 
  4 -20 
  4 -18 
  4 -11 
  4 -3 
  4 16 
  5 3 
  6 -25 
  6 -10 
  7 -16 
  7 10 
  7 22 
  7 24 
  8 -15 
  8 -5 
  8 8 
  8 16 
  9 -21 
  9 -17 
  9 -15 
  9 -13 
  9 14 
  9 21 
  10 -23 
  10 -12 
  10 -11 
  10 -7 
  10 -3 
  10 24 
  11 -26 
  11 -13 
  11 -5 
  11 -4 
  11 17 
  11 22 
  12 -14 
  12 2 
  12 9 
  12 10 
  12 24 
  13 -14 
  13 -8 
  13 -3 
  13 2 
  13 6 
  13 18 
  13 21 
  13 23 
  14 -19 
  14 -4 
  14 11 
  15 -22 
  15 -15 
  15 -6 
  16 -6 
  16 -4 
  16 8 
  17 -7 
  17 14 
  18 -12 
  18 -5 
  18 20 
  19 17 
  21 -11 
  22 14 
  22 16 
  23 2 
  23 11 
  24 -14 
  24 -12 
  26 -6 
  26 9 
  27 -2 
  -26 -3 
  -26 7 
  -25 -12 
  -25 -8 
  -25 10 
  -25 11 
  -24 -8 
  -24 -4 
  -24 -1 
  -24 7 
  -23 9 
  -22 2 
  -21 -16 
  -21 -14 
  -21 -12 
  -21 -8 
  -21 11 
  -20 12 
  -19 11 
  -18 -15 
  -18 -11 
  -17 -22 
  -17 -12 
  -17 14 
  -16 -21 
  -16 -1 
  -15 3 
  -15 6 
  -15 15 
  -14 -1 
  -13 12 
  -13 23 
  -12 -23 
  -12 -20 
  -12 -8 
  -12 2 
  -11 -13 
  -11 -5 
  -11 -3 
  -10 -14 
  -10 -6 
  -10 0 
  -10 7 
  -10 8 
  -10 17 
  -9 -6 
  -9 -1 
  -9 7 
  -9 13 
  -9 19 
  -8 -9 
  -8 -1 
  -8 0 
  -7 -9 
  -7 -4 
  -7 12 
  -7 21 
  -6 -22 
  -6 -4 
  -6 9 
  -6 18 
  -5 -1 
  -5 19 
  -4 -27 
  -4 -18 
  -4 -10 
  -4 -8 
  -4 12 
  -3 3 
  -3 14 
  -3 17 
  -3 24 
  -3 25 
  -2 -17 
  -2 -1 
  -1 15 
  -1 17 
  -1 19 
  -1 22 
  -1 25 
  -1 26 
  -1 27 
  0 -25 
  0 -17 
  0 -15 
  0 0 
  1 -19 
  1 -9 
  1 -3 
  2 -25 
  2 -18 
  2 1 
  2 5 
  4 -15 
  4 -9 
  4 -4 
  4 17 
  5 15 
  5 25 
  6 -28 
  6 -14 
  6 17 
  6 18 
  7 -24 
  7 -10 
  7 -2 
  8 -10 
  9 -16 
  9 -5 
  9 16 
  10 -9 
  10 10 
  10 23 
  10 25 
  11 8 
  12 -19 
  12 -1 
  12 12 
  13 -20 
  13 -15 
  13 5 
  14 -22 
  15 -24 
  15 -18 
  15 -17 
  15 -2 
  16 3 
  16 10 
  16 15 
  17 -15 
  17 6 
  17 10 
  18 -22 
  18 -20 
  18 -18 
  18 -10 
  18 9 
  18 15 
  19 -19 
  19 16 
  20 -14 
  21 -4 
  21 10 
  24 4 
  25 6 
  25 10 
  26 2 
  26 5 
  26 8 
  -27 -1 
  -25 -10 
  -25 -1 
  -23 -16 
  -23 12 
  -22 -5 
  -22 12 
  -21 -18 
  -21 -5 
  -21 4 
  -21 14 
  -20 0 
  -20 5 
  -20 15 
  -19 -20 
  -19 2 
  -18 -7 
  -18 -2 
  -17 11 
  -16 -11 
  -16 -4 
  -16 10 
  -16 15 
  -15 -23 
  -14 -22 
  -14 -19 
  -14 -11 
  -14 -5 
  -14 2 
  -14 8 
  -14 20 
  -13 -3 
  -13 -1 
  -13 0 
  -13 7 
  -13 13 
  -13 17 
  -12 -12 
  -12 1 
  -12 6 
  -12 16 
  -12 19 
  -12 22 
  -11 -9 
  -11 8 
  -11 9 
  -11 17 
  -10 -8 
  -10 5 
  -10 9 
  -9 -25 
  -9 -19 
  -9 -2 
  -9 1 
  -9 24 
  -8 -23 
  -8 -22 
  -8 -20 
  -8 4 
  -7 -22 
  -7 -18 
  -7 -5 
  -6 -14 
  -6 7 
  -5 -16 
  -5 -13 
  -5 -10 
  -5 11 
  -4 -28 
  -4 -21 
  -4 -14 
  -4 -11 
  -4 5 
  -4 19 
  -4 25 
  -3 -25 
  -3 4 
  -2 -18 
  -2 -15 
  -2 1 
  -2 26 
  -1 -24 
  -1 -11 
  -1 -5 
  -1 4 
  -1 10 
  1 -16 
  1 3 
  2 -17 
  2 -14 
  2 26 
  3 14 
  3 19 
  4 4 
  4 12 
  5 -25 
  5 -11 
  5 -2 
  5 26 
  6 -20 
  6 -12 
  6 -3 
  6 14 
  6 15 
  7 -1 
  7 8 
  7 16 
  8 -3 
  8 5 
  9 -7 
  9 -4 
  9 -1 
  10 -25 
  10 -17 
  10 -10 
  10 1 
  10 3 
  10 15 
  11 -7 
  12 -16 
  12 -10 
  12 -2 
  12 3 
  12 16 
  13 -9 
  13 11 
  14 -9 
  14 12 
  14 17 
  14 22 
  15 -23 
  15 -5 
  16 -20 
  16 -15 
  16 -8 
  16 -3 
  16 19 
  16 22 
  17 -12 
  17 -5 
  17 20 
  18 -19 
  18 -6 
  19 1 
  20 -17 
  20 0 
  20 3 
  21 8 
  21 13 
  22 -13 
  23 -8 
  24 -8 
  24 -7 
  24 -1 
  24 5 
  25 2 
  26 -9 
  26 -4 
  26 7 
  27 3 
  28 -2 
  -28 1 
  -24 -7 
  -23 8 
  -23 15 
  -22 -8 
  -22 -7 
  -20 -20 
  -20 -7 
  -20 14 
  -19 -17 
  -19 3 
  -19 6 
  -19 17 
  -18 6 
  -18 10 
  -17 -1 
  -16 -22 
  -15 -21 
  -15 -12 
  -15 -11 
  -15 -9 
  -15 12 
  -15 22 
  -14 -16 
  -14 -2 
  -14 4 
  -13 -14 
  -13 -13 
  -13 1 
  -13 18 
  -13 19 
  -11 -12 
  -11 4 
  -11 12 
  -10 3 
  -10 12 
  -9 -17 
  -9 -15 
  -9 2 
  -9 10 
  -9 17 
  -8 -6 
  -8 -3 
  -8 11 
  -7 -1 
  -7 1 
  -7 11 
  -7 18 
  -6 -9 
  -6 -8 
  -6 -5 
  -5 8 
  -5 12 
  -5 21 
  -4 22 
  -4 27 
  -3 -7 
  -3 -5 
  -3 -1 
  -2 -27 
  -2 -20 
  -2 -9 
  -1 -9 
  -1 -6 
  -1 -1 
  -1 6 
  0 -26 
  0 -16 
  0 11 
  0 18 
  0 19 
  0 20 
  1 -26 
  1 -23 
  1 5 
  1 24 
  2 10 
  3 -20 
  3 1 
  3 5 
  3 15 
  4 -21 
  4 -7 
  4 -1 
  4 1 
  4 22 
  4 26 
  4 27 
  5 16 
  5 18 
  6 -19 
  6 -4 
  6 -2 
  6 7 
  7 -25 
  7 -7 
  7 19 
  7 21 
  7 23 
  8 17 
  9 -20 
  9 17 
  10 -8 
  11 -11 
  11 -6 
  11 0 
  11 14 
  11 24 
  12 -25 
  12 -23 
  12 -9 
  12 4 
  13 8 
  14 -10 
  15 16 
  16 -21 
  16 0 
  16 20 
  18 -17 
  18 19 
  19 -15 
  19 -8 
  19 4 
  20 -11 
  20 -10 
  25 -13 
  25 -4 
  26 -3 
  -26 -1 
  -26 1 
  -25 -13 
  -24 1 
  -23 -6 
  -23 5 
  -22 1 
  -21 2 
  -21 3 
  -20 -15 
  -20 -2 
  -20 8 
  -18 17 
  -17 -18 
  -17 -11 
  -17 -6 
  -16 14 
  -16 18 
  -15 1 
  -15 10 
  -12 0 
  -11 -19 
  -11 -18 
  -11 -11 
  -11 -8 
  -11 -6 
  -11 23 
  -10 -20 
  -10 24 
  -9 -20 
  -9 -13 
  -8 18 
  -7 0 
  -7 10 
  -6 23 
  -5 -17 
  -5 -14 
  -5 -8 
  -5 -4 
  -5 18 
  -5 20 
  -3 -28 
  -3 11 
  -3 13 
  -2 -28 
  -2 -16 
  -1 -17 
  0 -18 
  1 -28 
  1 16 
  2 -22 
  2 -4 
  2 6 
  2 18 
  3 -27 
  3 -22 
  4 6 
  4 8 
  5 -20 
  5 -8 
  5 4 
  6 -26 
  7 -23 
  7 -17 
  9 -27 
  10 -2 
  10 5 
  11 -16 
  11 -15 
  11 1 
  11 6 
  11 7 
  11 13 
  12 0 
  12 5 
  12 17 
  13 -13 
  13 -7 
  14 -17 
  14 -13 
  15 1 
  16 -23 
  16 11 
  16 16 
  16 18 
  17 -8 
  17 -2 
  17 0 
  18 10 
  19 19 
  20 -18 
  21 -13 
  21 -3 
  22 -12 
  22 -7 
  22 -2 
  22 15 
  23 10 
  24 3 
  25 -7 
  25 5 
  26 0 
  27 -3 
  -27 -2 
  -25 -5 
  -25 7 
  -24 0 
  -24 6 
  -23 -2 
  -23 6 
  -21 -7 
  -20 -10 
  -20 17 
  -18 -8 
  -18 20 
  -16 22 
  -15 -7 
  -15 -5 
  -15 -2 
  -15 7 
  -14 -13 
  -12 20 
  -10 10 
  -9 -22 
  -9 -5 
  -8 8 
  -7 -19 
  -7 -16 
  -7 -10 
  -7 24 
  -6 16 
  -6 17 
  -5 -9 
  -3 -15 
  -3 -9 
  -2 11 
  -2 20 
  -2 24 
  -1 -22 
  -1 -21 
  -1 21 
  0 -13 
  1 21 
  2 17 
  2 27 
  3 0 
  3 10 
  3 11 
  4 -16 
  4 25 
  5 -23 
  5 -22 
  5 -17 
  5 20 
  6 -15 
  8 -21 
  8 11 
  8 18 
  8 21 
  9 7 
  9 24 
  10 -26 
  12 1 
  13 -17 
  13 -10 
  13 -6 
  13 14 
  14 -21 
  15 0 
  18 14 
  19 18 
  20 -13 
  20 -8 
  21 -15 
  22 -5 
  23 8 
  25 -6 
  27 2 
  -26 -9 
  -25 1 
  -24 -10 
  -24 9 
  -24 11 
  -22 -6 
  -20 -11 
  -20 1 
  -19 -9 
  -19 -5 
  -19 -1 
  -19 4 
  -19 18 
  -17 -5 
  -15 -16 
  -15 17 
  -14 -9 
  -14 23 
  -13 -18 
  -13 11 
  -12 -22 
  -12 -11 
  -12 8 
  -12 17 
  -11 -1 
  -11 15 
  -8 23 
  -7 26 
  -6 -15 
  -6 13 
  -6 21 
  -5 23 
  -4 -22 
  -3 -3 
  -2 -10 
  -2 9 
  -2 15 
  -1 -18 
  0 -21 
  0 -19 
  1 4 
  1 7 
  1 17 
  3 -15 
  3 24 
  4 18 
  5 -16 
  5 11 
  5 13 
  6 -13 
  6 -1 
  7 -21 
  7 4 
  7 7 
  8 -12 
  8 14 
  8 23 
  9 10 
  10 -13 
  10 -1 
  10 9 
  10 21 
  11 2 
  11 9 
  12 -6 
  12 23 
  13 -2 
  13 3 
  14 -16 
  15 -16 
  15 5 
  15 8 
  15 18 
  16 -17 
  17 -14 
  18 -7 
  18 1 
  19 -7 
  20 -16 
  22 3 
  24 -3 
  25 7 
  27 6 
  -28 -2 
  -25 -11 
  -22 -1 
  -21 -10 
  -20 7 
  -18 15 
  -17 -21 
  -17 0 
  -16 -23 
  -16 16 
  -14 5 
  -13 -15 
  -13 -11 
  -13 3 
  -11 -21 
  -11 -14 
  -11 -7 
  -11 24 
  -10 -11 
  -8 1 
  -7 -2 
  -7 5 
  -4 -1 
  -1 -8 
  0 -2 
  1 15 
  3 -26 
  3 -24 
  4 -10 
  4 -8 
  8 -17 
  8 -16 
  10 -19 
  17 7 
  19 -21 
  20 -3 
  20 8 
  21 1 
  22 -17 
  22 1 
  22 6 
  -24 4 
  -22 -9 
  -22 4 
  -14 3 
  -13 -9 
  -11 22 
  -9 3 
  -9 11 
  -7 7 
  -6 15 
  -6 19 
  -5 6 
  -4 -12 
  -4 -2 
  -4 20 
  -3 -16 
  -3 27 
  -2 13 
  0 4 
  1 2 
  3 -19 
  3 -10 
  3 -1 
  4 5 
  4 10 
  5 2 
  6 -18 
  6 3 
  6 9 
  7 -14 
  10 -24 
  10 22 
  12 -12 
  14 18 
  15 -9 
  16 -10 
  16 4 
  17 -1 
  20 17 
  21 -18 
  23 -2 
  24 -5 ;
AreaPerTest 2.0956500499e+10;
DefectRecordSpec 12 DEFECTID XREL YREL XINDEX YINDEX XSIZE YSIZE DEFECTAREA DSIZE CLASSNUMBER TEST IMAGECOUNT ;
DefectList
 1 396.055 3177.170 -4 27 1.561 0.390 0.023000 0.153 0 1 0
 2 332.637 3066.459 -4 27 1.951 0.390 0.050000 0.224 0 1 0
 3 2442.988 2191.983 -3 27 0.390 0.390 0.097000 0.311 0 1 0
 4 1259.299 2489.741 4 27 0.780 0.390 0.344000 0.390 0 1 0
 5 1260.079 2486.037 4 27 1.561 0.781 0.465000 0.681 0 1 0
 6 1276.276 2490.717 4 27 0.390 0.390 0.325000 0.390 0 1 0
 7 1297.155 2489.936 4 27 8.585 0.781 0.532000 0.729 0 1 0
 8 1286.813 2487.592 4 27 6.634 3.905 0.486000 0.697 0 1 0
 9 1268.470 2486.037 4 27 0.390 0.781 0.344000 0.390 0 1 0
 10 1444.482 2485.647 4 27 8.195 10.153 11.761000 3.429 0 1 0
 11 1456.190 2441.514 4 27 1.951 10.934 0.363000 0.602 0 1 0
 12 1498.924 2487.201 4 27 2.341 0.390 0.382000 0.390 0 1 0
 13 1495.607 2443.467 4 27 5.073 21.868 29.748000 5.073 0 1 0
 14 1506.339 2490.522 4 27 0.780 0.390 0.532000 0.390 0 1 0
 15 1522.145 2489.741 4 27 0.390 1.952 0.402000 0.390 0 1 0
 16 1540.878 2487.006 4 27 10.537 7.419 12.336000 3.512 0 1 0
 17 1524.487 2484.670 4 27 2.731 3.514 0.402000 0.633 0 1 0
 18 1549.073 2490.326 4 27 0.390 0.781 0.486000 0.390 0 1 0
 19 1564.099 2486.811 4 27 7.805 7.810 2.438000 1.561 0 1 0
 20 1578.734 2486.037 4 27 1.170 2.343 0.422000 0.649 0 1 0
 21 1559.221 2475.881 4 27 3.512 2.343 0.402000 0.633 0 1 0
 22 1580.686 2431.170 4 27 1.170 5.076 0.402000 0.633 0 1 0
 23 1572.100 2430.194 4 27 0.390 4.686 0.443000 0.390 0 1 0
 24 1553.757 2425.701 4 27 0.390 1.171 0.382000 0.390 0 1 0
 25 1579.905 2425.897 4 27 0.390 0.781 0.402000 0.390 0 1 0
 26 1610.346 2477.053 4 27 41.758 27.335 51.075000 7.146 0 1 0
 27 1617.566 2424.334 4 27 0.780 3.124 0.443000 0.665 0 1 0
 28 1594.735 2421.600 4 27 0.390 0.781 0.382000 0.390 0 1 0
 29 1603.711 2417.694 4 27 0.390 0.781 0.363000 0.390 0 1 0
 30 1845.288 2453.623 4 27 419.539 74.196 862.563008 29.369 0 1 0
 31 1665.764 2463.186 4 27 1.951 2.733 0.422000 0.649 0 1 0
 32 1729.963 2456.748 4 27 13.269 5.467 3.283000 1.811 0 1 0
 33 1728.988 2446.201 4 27 3.512 3.905 0.443000 0.665 0 1 0
 34 1702.645 2446.592 4 27 2.341 0.390 0.422000 0.390 0 1 0
 35 1727.621 2441.514 4 27 0.780 0.390 0.422000 0.390 0 1 0
 36 1750.452 2451.670 4 27 20.684 10.153 8.360000 2.891 0 1 0
 37 1801.968 2402.662 4 27 0.390 1.171 0.402000 0.390 0 1 0
 38 1865.972 2402.467 4 27 0.390 0.781 0.382000 0.390 0 1 0
 39 1899.145 2428.826 4 27 0.390 1.171 0.363000 0.390 0 1 0
 40 1928.806 2429.022 4 27 1.170 0.781 0.151000 0.389 0 1 0
 41 1903.633 2399.733 4 27 9.366 15.620 7.430000 2.725 0 1 0
 42 1912.805 2399.147 4 27 1.951 1.952 0.465000 0.681 0 1 0
 43 1925.683 2397.194 4 27 1.170 4.295 0.532000 0.729 0 1 0
 44 1958.466 2429.803 4 27 0.390 1.562 0.081000 0.283 0 1 0
 45 1967.832 2426.678 4 27 4.292 3.124 0.532000 0.729 0 1 0
 46 1936.611 2399.342 4 27 1.170 2.343 0.509000 0.713 0 1 0
 47 1944.807 2399.733 4 27 0.390 0.390 0.443000 0.390 0 1 0
 48 1932.708 2395.631 4 27 1.170 7.419 0.486000 0.697 0 1 0
 49 1948.709 2395.241 4 27 1.951 5.076 0.465000 0.681 0 1 0
 50 1957.295 2396.998 4 27 0.390 1.562 0.382000 0.390 0 1 0
 51 1936.221 2394.850 4 27 0.390 0.390 0.443000 0.390 0 1 0
 52 1940.123 2394.264 4 27 0.390 0.781 0.382000 0.390 0 1 0
 53 1944.416 2393.287 4 27 0.390 1.952 0.363000 0.390 0 1 0
 54 1971.150 2420.037 4 27 0.780 0.781 0.422000 0.649 0 1 0
 55 1984.224 2398.366 4 27 8.976 12.105 0.443000 0.665 0 1 0
 56 1991.248 2397.194 4 27 0.390 1.171 0.443000 0.390 0 1 0
 57 2029.690 2395.241 4 27 2.341 5.857 0.443000 0.665 0 1 0
 58 2047.252 2396.998 4 27 0.780 0.781 0.509000 0.713 0 1 0
 59 2067.937 2473.733 4 27 2.341 33.974 22.582000 2.341 0 1 0
 60 2109.500 2453.233 4 27 65.955 74.977 1839.574016 42.890 0 1 0
 61 2067.155 2442.881 4 27 1.561 19.915 11.761000 1.561 0 1 0
 62 2060.522 2426.287 4 27 4.683 13.277 5.341000 2.311 0 1 0
 63 2071.447 2422.381 4 27 4.683 10.153 0.465000 0.681 0 1 0
 64 2065.985 2425.311 4 27 0.780 0.390 0.443000 0.390 0 1 0
 65 2071.447 2388.405 4 27 3.122 18.744 0.422000 0.649 0 1 0
 66 2081.791 2397.194 4 27 0.390 1.171 0.402000 0.390 0 1 0
 67 2063.058 2392.311 4 27 0.390 0.781 0.486000 0.390 0 1 0
 68 2105.988 2423.162 4 27 2.731 11.715 0.443000 0.665 0 1 0
 69 2102.085 2425.311 4 27 0.390 1.171 0.363000 0.390 0 1 0
 70 2092.913 2422.576 4 27 1.561 0.390 0.422000 0.390 0 1 0
 71 2119.452 2405.397 4 27 0.780 6.638 0.509000 0.713 0 1 0
 72 2089.206 2405.397 4 27 0.390 1.952 0.402000 0.390 0 1 0
 73 2104.427 2404.030 4 27 0.390 0.781 0.363000 0.390 0 1 0
 74 2099.353 2397.584 4 27 0.390 2.733 0.422000 0.390 0 1 0
 75 2104.817 2395.241 4 27 1.170 7.419 0.443000 0.665 0 1 0
 76 2119.647 2396.217 4 27 1.170 3.905 0.486000 0.697 0 1 0
 77 2107.939 2393.483 4 27 0.390 0.781 0.486000 0.390 0 1 0
 78 2162.381 2453.233 4 27 27.318 74.977 704.100992 26.534 0 1 0
 79 2142.282 2396.022 4 27 0.390 1.171 0.363000 0.390 0 1 0
 80 2161.991 2393.287 4 27 0.780 1.952 0.443000 0.665 0 1 0
 81 2202.384 2455.772 4 27 15.220 69.900 1106.089984 15.220 0 1 0
 82 2189.310 2465.334 4 27 0.780 1.562 0.081000 0.283 0 1 0
 83 2180.334 2454.405 4 27 0.390 0.390 0.290000 0.390 77 1 0
 84 2188.725 2422.381 4 27 0.390 0.781 0.465000 0.390 0 1 0
 85 2187.945 2415.936 4 27 1.170 2.733 0.382000 0.618 0 1 0
 86 2188.920 2400.514 4 27 0.780 3.905 0.443000 0.665 0 1 0
 87 2241.996 2453.428 4 27 19.513 74.587 400.716992 19.513 0 1 0
 88 2215.654 2463.186 4 27 1.951 2.733 0.465000 0.681 0 1 0
 89 2215.654 2459.287 4 27 1.170 0.390 0.363000 0.390 0 1 0
 90 2215.849 2456.748 4 27 0.780 0.390 0.344000 0.390 0 1 0
 91 2225.410 2453.037 4 27 0.390 2.733 0.290000 0.390 0 1 0
 92 2212.921 2429.022 4 27 0.390 0.390 0.325000 0.390 0 1 0
 93 2236.337 2403.834 4 27 3.512 1.952 0.465000 0.681 0 1 0
 94 1980.184 2427.459 -4 27 0.390 0.390 0.119000 0.344 0 1 0
 95 3017.334 2376.337 -1 26 13.659 5.857 74.517000 5.857 0 1 0
 96 3014.016 2370.291 -1 26 0.780 0.781 0.402000 0.633 0 1 0
 97 121.506 2170.770 -3 25 0.390 0.390 0.210000 0.390 0 1 0
 98 127.186 2132.887 11 25 1.951 0.390 0.240000 0.390 0 1 0
 99 128.162 2057.130 11 25 3.902 0.390 0.225000 0.390 0 1 0
 100 126.209 2025.106 11 25 3.902 0.390 0.210000 0.390 0 1 0
 101 1640.008 2366.328 4 24 0.780 0.390 0.051000 0.226 0 1 0
 102 2450.682 782.922 -2 24 0.390 0.390 0.036000 0.190 0 1 0
 103 633.592 2786.087 -14 21 0.390 0.390 0.155000 0.390 0 1 0
 104 2418.026 726.486 17 21 0.390 0.390 0.051000 0.226 0 1 0
 105 3128.053 340.294 -14 20 0.390 0.390 0.068000 0.260 0 1 0
 106 1368.639 2524.125 17 19 0.780 2.343 0.036000 0.190 0 1 0
 107 1193.859 901.789 3 19 0.390 0.390 0.030000 0.172 80 1 0
 108 1068.762 910.383 -6 19 0.780 0.781 0.273000 0.522 0 1 0
 109 3121.298 1437.570 -18 19 0.390 0.390 0.142000 0.377 77 1 0
 110 2779.208 630.051 -7 19 0.780 0.390 0.108000 0.327 0 1 0
 111 2511.289 726.113 18 19 0.390 0.390 0.030000 0.172 77 1 0
 112 1578.815 2970.433 -4 18 0.390 0.390 0.030000 0.172 0 1 0
 113 1903.544 2179.205 -21 17 0.390 0.390 0.051000 0.226 0 1 0
 114 985.257 2011.998 12 16 0.390 0.390 0.030000 0.172 80 1 0
 115 1048.357 804.111 2 16 0.390 0.390 0.195000 0.390 0 1 0
 116 1680.759 319.330 -5 16 0.780 0.781 0.044000 0.208 0 1 0
 117 774.316 2496.051 12 14 0.390 0.390 0.059000 0.243 80 1 0
 118 108.012 2989.848 -13 14 0.390 0.781 0.181000 0.390 0 1 0
 119 1872.390 1125.570 5 14 0.390 0.390 0.030000 0.172 0 1 0
 120 1292.316 718.820 23 14 1.951 0.781 0.509000 0.713 0 1 0
 121 2054.704 2771.148 7 13 0.390 0.390 0.024000 0.153 0 1 0
 122 2563.313 1228.538 -10 13 0.780 0.781 0.486000 0.697 0 1 0
 123 1928.728 501.823 0 13 0.390 0.390 0.024000 0.153 0 1 0
 124 122.393 2482.311 -20 12 0.390 0.390 0.068000 0.260 0 1 0
 125 1568.375 2886.491 4 12 0.390 0.390 0.030000 0.172 0 1 0
 126 1740.212 2198.393 10 12 0.390 0.390 0.036000 0.190 0 1 0
 127 2031.893 1234.366 -14 12 0.390 0.390 0.051000 0.226 0 1 0
 128 112.990 1371.823 22 12 0.390 0.390 0.108000 0.327 0 1 0
 129 115.220 437.514 -18 12 11.708 19.525 348.074016 11.708 0 1 0
 130 105.462 432.631 -18 12 0.780 1.952 0.225000 0.474 0 1 0
 131 120.290 424.432 -18 12 1.561 0.390 0.422000 0.390 0 1 0
 132 105.462 422.088 -18 12 0.780 0.390 0.195000 0.390 0 1 0
 133 120.485 421.307 -18 12 1.951 0.390 0.168000 0.390 80 1 0
 134 105.266 418.377 -18 12 1.170 0.781 0.240000 0.490 77 1 0
 135 115.997 417.010 -18 12 2.341 2.733 0.382000 0.618 0 1 0
 136 110.927 416.229 -18 12 0.780 0.390 0.130000 0.360 0 1 0
 137 119.122 411.545 -18 12 1.561 0.390 0.155000 0.390 0 1 0
 138 110.927 409.787 -18 12 0.390 0.390 0.155000 0.390 0 1 0
 139 118.145 408.420 -18 12 8.976 0.390 0.422000 0.390 0 1 0
 140 112.485 403.147 -18 12 6.244 4.686 35.398000 4.686 80 1 0
 141 1778.019 2888.279 -6 11 0.780 1.952 0.273000 0.522 0 1 0
 142 1754.181 3023.978 -8 11 0.390 0.390 0.030000 0.172 0 1 0
 143 1152.903 2157.709 4 11 0.390 0.390 0.130000 0.360 0 1 0
 144 2627.859 2410.369 12 11 0.390 0.390 0.059000 0.243 0 1 0
 145 1317.193 1406.580 -1 11 0.390 0.390 0.030000 0.172 0 1 0
 146 1950.502 1096.908 -7 11 0.390 0.390 0.036000 0.190 0 1 0
 147 1703.509 571.334 -12 11 0.390 0.390 0.036000 0.190 0 1 0
 148 1215.672 219.486 12 11 0.390 0.390 0.097000 0.311 0 1 0
 149 128.545 581.876 22 11 0.390 0.390 0.195000 0.390 80 1 0
 150 127.568 365.927 22 11 1.951 0.390 0.181000 0.390 0 1 0
 151 155.865 388.966 22 11 0.390 0.390 0.195000 0.390 0 1 0
 152 155.279 371.783 22 11 0.390 0.390 0.195000 0.390 0 1 0
 153 155.475 327.263 22 11 0.780 1.562 0.225000 0.474 0 1 0
 154 795.677 2657.641 16 10 0.780 0.390 0.119000 0.344 80 1 0
 155 1868.366 2810.528 6 10 0.390 0.390 0.030000 0.172 0 1 0
 156 1911.510 2578.759 -17 10 1.170 1.171 0.068000 0.260 0 1 0
 157 2013.663 883.555 -11 10 0.390 0.390 0.024000 0.153 0 1 0
 158 1736.420 192.680 -4 10 0.390 0.390 0.030000 0.172 0 1 0
 159 1491.795 3007.156 3 9 0.390 0.390 0.030000 0.172 0 1 0
 160 1518.679 2910.716 0 8 0.390 0.390 0.024000 0.153 0 1 0
 161 2047.987 2656.105 7 8 0.390 0.390 0.030000 0.172 0 1 0
 162 481.781 1527.107 -10 8 0.390 0.390 0.130000 0.360 0 1 0
 163 2022.848 1304.126 -4 8 0.390 0.390 0.119000 0.344 80 1 0
 164 2037.480 1126.444 9 8 0.390 0.390 0.024000 0.153 80 1 0
 165 1672.202 564.890 1 8 0.390 0.390 0.036000 0.190 80 1 0
 166 1732.556 1877.840 5 7 0.390 0.390 0.030000 0.172 0 1 0
 167 1588.206 997.998 4 7 0.390 0.390 0.024000 0.153 0 1 0
 168 1984.734 1160.840 5 7 0.390 0.390 0.036000 0.190 0 1 0
 169 1812.575 2904.093 4 6 0.390 0.390 0.030000 0.172 0 1 0
 170 2045.108 2888.863 -1 6 0.390 0.390 0.030000 0.172 0 1 0
 171 1716.475 3107.937 -3 6 0.390 0.390 0.030000 0.172 0 1 0
 172 2029.807 2926.742 -7 6 0.390 0.390 0.051000 0.226 80 1 0
 173 1878.483 2347.763 0 6 0.390 0.390 0.024000 0.153 0 1 0
 174 1590.208 2153.484 10 6 0.390 0.390 0.024000 0.153 0 1 0
 175 1635.864 1020.679 10 6 0.390 0.390 0.030000 0.172 0 1 0
 176 1837.957 1060.902 5 6 0.390 0.390 0.024000 0.153 0 1 0
 177 1596.352 1277.242 3 6 0.390 0.390 0.030000 0.172 0 1 0
 178 1953.045 2774.124 2 5 0.390 0.390 0.036000 0.190 0 1 0
 179 1757.957 2269.145 5 5 0.390 0.390 0.036000 0.190 0 1 0
 180 1927.596 1087.065 -4 5 0.390 0.390 0.036000 0.190 80 1 0
 181 1300.403 276.960 -21 5 0.390 0.390 0.130000 0.360 0 1 0
 182 2114.428 2808.684 17 4 0.390 0.390 0.024000 0.153 80 1 0
 183 1959.303 2861.012 3 4 0.390 0.390 0.036000 0.190 0 1 0
 184 314.381 983.245 22 4 1.951 1.171 0.168000 0.409 0 1 0
 185 1602.641 1254.647 21 4 1.951 1.952 0.168000 0.409 0 1 0
 186 558.359 1210.325 12 4 0.390 0.390 0.044000 0.208 0 1 0
 187 1932.483 1072.866 11 4 0.390 0.390 0.036000 0.190 0 1 0
 188 1586.664 1343.098 8 4 0.390 0.390 0.024000 0.153 0 1 0
 189 1987.846 1205.639 7 4 0.390 0.390 0.030000 0.172 0 1 0
 190 1875.355 1110.355 0 4 0.390 0.390 0.036000 0.190 0 1 0
 191 1490.509 1104.888 -3 4 0.390 0.390 0.024000 0.153 0 1 0
 192 2020.278 3007.577 10 3 0.390 0.390 0.168000 0.390 0 1 0
 193 1396.979 3160.656 7 3 0.390 0.390 0.030000 0.172 0 1 0
 194 1297.374 3208.689 -14 3 0.390 0.781 0.051000 0.226 0 1 0
 195 1739.729 981.737 14 3 0.390 0.390 0.030000 0.172 80 1 0
 196 2384.231 200.615 -3 3 0.390 0.390 0.030000 0.172 0 1 0
 197 1471.459 391.574 2 3 0.390 0.390 0.030000 0.172 0 1 0
 198 304.011 2868.306 20 2 0.390 0.390 0.097000 0.311 0 1 0
 199 1507.088 3103.587 11 2 0.390 0.390 0.030000 0.172 80 1 0
 200 1942.588 2794.891 8 2 0.390 0.390 0.036000 0.190 0 1 0
 201 2823.749 2771.070 3 2 0.390 0.390 0.036000 0.190 0 1 0
 202 1311.939 1881.371 -5 2 1.170 2.343 0.240000 0.490 0 1 0
 203 1753.166 2047.728 -3 2 0.390 0.390 0.030000 0.172 0 1 0
 204 1671.002 1344.534 11 2 0.390 0.390 0.036000 0.190 0 1 0
 205 2096.744 958.323 8 2 0.390 0.390 0.036000 0.190 0 1 0
 206 2111.481 1130.927 1 2 0.390 0.390 0.036000 0.190 0 1 0
 207 2229.652 1191.846 -5 2 0.390 0.390 0.087000 0.294 80 1 0
 208 1895.392 461.334 -5 2 0.390 0.390 0.044000 0.208 0 1 0
 209 2379.548 413.302 -3 2 0.390 0.390 0.024000 0.153 0 1 0
 210 1624.471 598.012 4 2 0.390 0.390 0.030000 0.172 0 1 0
 211 2363.263 362.926 5 2 0.390 0.390 0.024000 0.153 80 1 0
 212 1741.103 2554.853 8 1 0.390 0.390 0.024000 0.153 0 1 0
 213 2104.454 2897.719 9 1 0.390 0.390 0.030000 0.172 0 1 0
 214 1681.802 2794.625 10 1 0.390 0.390 0.030000 0.172 0 1 0
 215 1733.717 2848.515 11 1 0.390 0.390 0.030000 0.172 0 1 0
 216 927.902 1969.626 23 1 0.390 0.390 0.059000 0.243 0 1 0
 217 3180.885 2318.740 0 1 0.390 0.390 0.130000 0.360 0 1 0
 218 1804.531 1052.935 -10 1 0.390 0.390 0.024000 0.153 0 1 0
 219 1815.172 1035.362 0 1 0.390 0.390 0.024000 0.153 0 1 0
 220 1789.250 1258.342 3 1 0.390 0.390 0.030000 0.172 0 1 0
 221 1547.139 1185.708 8 1 0.390 0.390 0.036000 0.190 0 1 0
 222 1107.130 1362.608 10 1 0.390 0.390 0.240000 0.390 80 1 0
 223 528.904 1025.404 25 1 0.390 0.390 0.119000 0.344 80 1 0
 224 2040.611 608.321 9 1 0.390 0.390 0.024000 0.153 80 1 0
 225 141.417 170.952 -5 1 0.390 0.390 0.108000 0.327 0 1 0
 226 1960.206 2756.090 -14 0 0.390 0.390 0.030000 0.172 0 1 0
 227 1886.950 2866.213 -3 0 0.390 0.390 0.030000 0.172 80 1 0
 228 1939.328 2656.901 5 0 0.390 0.390 0.036000 0.190 0 1 0
 229 1793.662 1919.586 -1 0 0.390 0.390 0.077000 0.277 80 1 0
 230 1674.322 2371.599 -12 0 0.390 0.390 0.024000 0.153 80 1 0
 231 1914.762 900.902 7 0 0.390 0.390 0.030000 0.172 0 1 0
 232 1882.771 1137.941 8 0 0.390 0.390 0.036000 0.190 0 1 0
 233 2118.167 960.650 14 0 0.390 0.390 0.030000 0.172 77 1 0
 234 2031.544 1234.396 16 0 0.390 0.390 0.044000 0.208 0 1 0
 235 539.957 887.625 18 0 0.390 0.781 0.142000 0.377 0 1 0
 236 1826.333 401.258 7 0 0.390 0.390 0.036000 0.190 0 1 0
 237 2487.725 397.744 -4 0 0.390 0.390 0.036000 0.190 0 1 0
 238 1805.300 2794.485 -11 -1 0.390 0.390 0.030000 0.172 0 1 0
 239 2488.417 2826.506 3 -1 0.390 0.390 0.044000 0.208 0 1 0
 240 2011.570 2651.168 9 -1 0.390 0.390 0.036000 0.190 80 1 0
 241 1817.367 2292.763 8 -1 0.390 0.390 0.030000 0.172 0 1 0
 242 2143.008 1083.925 1 -1 0.390 0.390 0.024000 0.153 0 1 0
 243 1679.103 930.846 13 -1 0.390 0.390 0.024000 0.153 0 1 0
 244 1444.744 2674.208 -6 -2 0.390 0.390 0.024000 0.153 0 1 0
 245 2633.771 2866.534 1 -2 1.170 0.390 0.097000 0.311 0 1 0
 246 1847.595 3029.961 3 -2 0.390 0.390 0.036000 0.190 0 1 0
 247 2116.100 2801.514 3 -2 0.390 0.390 0.036000 0.190 0 1 0
 248 1986.573 2734.347 7 -2 0.390 0.390 0.036000 0.190 0 1 0
 249 1711.053 2691.000 8 -2 0.390 0.390 0.024000 0.153 0 1 0
 250 1748.709 2212.959 11 -2 0.390 0.390 0.051000 0.226 80 1 0
 251 1894.766 1068.945 -2 -2 0.390 0.390 0.030000 0.172 0 1 0
 252 2031.290 1246.432 10 -2 0.390 0.390 0.044000 0.208 0 1 0
 253 1550.392 611.602 5 -2 0.390 0.390 0.030000 0.172 80 1 0
 254 1867.881 2696.733 2 -3 0.390 0.390 0.030000 0.172 0 1 0
 255 1845.656 2746.327 4 -3 0.390 0.390 0.024000 0.153 0 1 0
 256 1932.760 2815.056 11 -3 0.390 0.390 0.030000 0.172 80 1 0
 257 1127.299 2169.597 1 -3 0.390 0.390 0.087000 0.294 0 1 0
 258 2313.257 2060.255 -25 -3 0.390 0.781 0.051000 0.226 0 1 0
 259 1583.406 1063.494 5 -3 0.390 0.390 0.024000 0.153 0 1 0
 260 2301.608 720.162 0 -3 0.390 0.390 0.024000 0.153 0 1 0
 261 1704.728 2584.266 0 -4 0.390 0.390 0.030000 0.172 0 1 0
 262 2015.002 2614.335 1 -4 0.390 0.390 0.024000 0.153 0 1 0
 263 2450.665 2043.573 -3 -4 0.390 0.390 0.030000 0.172 0 1 0
 264 753.770 3076.873 -4 27 2.731 0.390 0.709000 0.390 0 2 0
 265 494.632 3099.530 -4 27 2.731 0.390 0.114000 0.338 0 2 0
 266 3030.842 2856.045 4 27 339.924 752.899 20870.682624 144.466 80 2 0
 267 633.960 2784.986 -14 21 0.780 0.781 0.225000 0.474 80 2 0
 268 118.762 1446.205 15 21 0.390 0.390 0.210000 0.390 0 2 0
 269 122.859 789.767 15 21 0.390 0.390 0.108000 0.327 0 2 0
 270 1369.296 2523.023 17 19 0.390 1.952 0.036000 0.190 0 2 0
 271 3124.102 1437.086 -18 19 0.390 0.390 0.168000 0.390 0 2 0
 272 1071.375 909.703 -6 19 0.780 0.390 0.307000 0.390 80 2 0
 273 1196.475 901.305 3 19 0.390 0.390 0.030000 0.172 0 2 0
 274 1579.442 2970.558 -4 18 0.390 0.390 0.030000 0.172 0 2 0
 275 1741.132 2872.947 12 16 0.780 0.390 0.030000 0.172 0 2 0
 276 1046.726 803.166 2 16 0.780 0.390 0.210000 0.390 0 2 0
 277 2419.715 1177.649 -6 15 0.390 0.390 0.024000 0.153 0 2 0
 278 774.437 2495.090 12 14 0.390 0.781 0.077000 0.277 0 2 0
 279 108.504 2988.691 -13 14 0.390 0.781 0.240000 0.390 80 2 0
 280 2562.207 1228.312 -10 13 0.780 1.171 0.443000 0.665 80 2 0
 281 1568.945 2887.143 4 12 0.390 0.390 0.030000 0.172 0 2 0
 282 1778.359 2887.091 -6 11 0.780 1.952 0.256000 0.506 0 2 0
 283 1953.239 1096.455 -7 11 0.390 0.390 0.044000 0.208 0 2 0
 284 1686.387 959.775 10 11 0.390 0.390 0.030000 0.172 0 2 0
 285 796.423 2656.274 16 10 0.780 0.390 0.108000 0.327 0 2 0
 286 1912.037 2577.196 -17 10 0.780 1.171 0.051000 0.226 80 2 0
 287 1916.322 2618.101 1 9 0.390 0.390 0.030000 0.172 0 2 0
 288 2026.235 1331.242 -15 9 0.390 0.390 0.119000 0.344 0 2 0
 289 3183.555 2756.355 3 8 0.390 0.390 0.108000 0.327 0 2 0
 290 887.646 3117.575 6 8 0.390 0.390 0.108000 0.327 0 2 0
 291 2035.947 1124.929 9 8 0.390 0.390 0.024000 0.153 0 2 0
 292 1713.151 1071.038 6 8 0.390 0.390 0.024000 0.153 80 2 0
 293 2487.807 1112.042 4 8 0.390 0.390 0.030000 0.172 80 2 0
 294 1920.702 1242.472 1 8 0.390 0.390 0.036000 0.190 0 2 0
 295 1794.098 1206.935 -10 8 0.390 0.390 0.024000 0.153 0 2 0
 296 480.254 1525.396 -10 8 0.390 0.390 0.142000 0.377 0 2 0
 297 1563.793 3015.246 -7 7 0.390 0.390 0.036000 0.190 0 2 0
 298 1983.593 1160.340 5 7 0.390 0.390 0.030000 0.172 0 2 0
 299 1586.675 997.498 4 7 0.390 0.390 0.024000 0.153 0 2 0
 300 1813.162 2903.062 4 6 0.390 0.390 0.024000 0.153 0 2 0
 301 1717.062 3106.906 -3 6 0.390 0.390 0.030000 0.172 80 2 0
 302 2030.395 2925.710 -7 6 0.390 0.390 0.044000 0.208 80 2 0
 303 3183.471 1431.087 7 6 0.390 0.390 0.097000 0.311 0 2 0
 304 1923.104 1204.077 -7 5 0.390 0.390 0.036000 0.190 0 2 0
 305 1860.715 1293.112 -3 5 0.390 0.390 0.030000 0.172 0 2 0
 306 1672.242 1267.339 -1 5 0.390 0.390 0.024000 0.153 80 2 0
 307 1858.063 1007.846 3 5 0.390 0.390 0.030000 0.172 0 2 0
 308 2009.912 2901.750 8 4 0.390 0.390 0.030000 0.172 0 2 0
 309 1959.889 2860.355 3 4 0.390 0.390 0.030000 0.172 0 2 0
 310 2030.085 2966.184 -1 4 0.390 0.390 0.030000 0.172 80 2 0
 311 2110.333 2776.787 -12 4 0.390 0.390 0.030000 0.172 0 2 0
 312 1877.927 1109.590 0 4 0.390 0.390 0.024000 0.153 0 2 0
 313 1934.858 1072.100 11 4 0.390 0.390 0.024000 0.153 0 2 0
 314 1604.829 1254.077 21 4 1.951 1.562 0.210000 0.458 80 2 0
 315 316.756 982.479 22 4 1.561 1.171 0.155000 0.393 0 2 0
 316 1958.396 2796.703 8 3 0.390 0.390 0.044000 0.208 0 2 0
 317 1691.264 3107.156 -6 3 0.390 0.390 0.030000 0.172 0 2 0
 318 1297.764 3207.713 -14 3 0.390 0.390 0.051000 0.226 0 2 0
 319 1966.420 633.034 7 -12 0.390 0.390 0.024000 0.153 0 1 0
 320 2081.478 2206.537 1 -13 0.390 0.390 0.030000 0.172 0 1 0
 321 682.558 2252.815 1 -13 0.390 1.171 0.325000 0.390 0 1 0
 322 328.365 2190.334 -1 -13 0.780 0.390 0.290000 0.390 0 1 0
 323 2050.494 969.897 -20 -13 1.951 3.124 3.134000 1.770 0 1 0
 324 2026.302 1312.764 -3 -13 0.390 0.390 0.195000 0.390 80 1 0
 325 2824.851 1158.709 2 -13 0.780 0.390 0.059000 0.243 0 1 0
 326 1810.051 2562.396 -6 -14 0.390 0.390 0.024000 0.153 0 1 0
 327 1444.238 2339.369 23 -14 0.390 0.390 0.068000 0.260 0 1 0
 328 1701.288 2400.482 -22 -14 1.170 0.781 0.363000 0.602 0 1 0
 329 964.482 2075.704 13 -15 1.170 0.390 0.256000 0.390 0 1 0
 330 715.939 623.591 -15 -15 0.390 0.390 0.087000 0.294 0 1 0
 331 1251.652 1911.691 -9 -16 0.390 0.390 0.087000 0.294 0 1 0
 332 1775.354 1072.797 -3 -16 0.390 0.390 0.036000 0.190 0 1 0
 333 3127.806 353.163 -15 -17 1.170 1.562 0.119000 0.344 0 1 0
 334 1227.595 1879.404 19 -19 1.170 0.781 0.181000 0.425 0 1 0
 335 486.240 1884.673 -1 -19 0.390 0.390 0.225000 0.390 0 1 0
 336 536.988 1230.646 -6 -19 0.390 0.390 0.068000 0.260 0 1 0
 337 2679.317 875.869 6 -19 2.341 1.171 0.486000 0.697 0 1 0
 338 701.030 523.759 11 -19 16.781 16.010 286.432000 16.010 0 1 0
 339 1931.643 2227.094 2 -20 0.390 0.390 0.024000 0.153 0 1 0
 340 3199.167 1863.923 -4 -20 0.390 0.390 0.059000 0.243 80 1 0
 341 1150.644 1525.801 -9 -20 1.951 4.295 2.184000 1.477 0 1 0
 342 1157.279 1527.755 -9 -20 1.170 1.171 0.638000 0.798 0 1 0
 343 1185.769 1524.239 -9 -20 0.390 0.390 0.382000 0.390 0 1 0
 344 1158.646 1522.286 -9 -20 1.561 1.171 0.486000 0.697 13 1 0
 345 1169.183 1513.106 -9 -20 0.780 0.781 0.210000 0.458 0 1 0
 346 468.463 292.958 -20 -20 19.903 10.543 365.209984 10.543 42 1 0
 347 1347.155 760.141 -3 -21 1.951 1.171 0.532000 0.729 0 1 0
 348 1704.097 814.191 12 -22 0.390 0.390 0.044000 0.208 0 1 0
 349 105.704 2759.491 -8 -23 0.390 0.390 0.119000 0.344 0 1 0
 350 1831.037 841.553 -12 -23 1.561 1.952 1.207000 1.098 0 1 0
 351 1004.013 719.780 -12 -23 1.170 1.952 0.273000 0.522 0 1 0
 352 114.867 939.564 8 -24 0.390 0.390 0.097000 0.311 0 1 0
 353 114.949 1373.025 15 -24 0.390 0.390 0.087000 0.294 0 1 0
 354 551.941 868.833 6 -25 0.390 0.390 0.108000 0.327 77 1 0
 355 114.301 2876.445 -6 -26 0.390 0.390 0.051000 0.226 0 1 0
 356 521.913 2599.769 9 -27 0.780 1.171 0.181000 0.425 0 1 0
 357 1826.859 2150.933 0 -27 0.390 0.390 0.108000 0.327 0 1 0
 358 2406.576 2342.014 -3 -28 0.390 0.390 0.051000 0.226 100 1 0
 359 2392.917 2283.436 -3 -28 0.390 0.390 0.059000 0.243 100 1 0
 360 2408.918 2063.194 -3 -28 0.390 0.390 0.036000 0.190 100 1 0
 361 2227.053 2051.866 -3 -28 0.390 0.390 0.051000 0.226 100 1 0
 362 2181.391 2283.436 -3 -28 0.390 0.390 0.030000 0.172 100 1 0
 363 1894.154 2162.381 -3 -28 0.390 0.390 0.051000 0.226 100 1 0
 364 1863.712 2105.756 -3 -28 0.390 0.390 0.068000 0.260 100 1 0
 365 1777.072 2151.639 -3 -28 0.390 1.171 0.077000 0.277 100 1 0
 366 1768.096 2010.475 -3 -28 0.390 0.390 0.087000 0.294 100 1 0
 367 1768.096 2006.764 -3 -28 0.390 0.390 0.068000 0.260 100 1 0
 368 1798.733 1946.233 -3 -28 0.390 2.733 0.142000 0.377 100 1 0
 369 1798.537 1932.373 -3 -28 0.390 0.390 0.195000 0.390 100 1 0
 370 1798.537 1927.295 -3 -28 0.390 0.390 0.097000 0.311 100 1 0
 371 1727.508 2054.991 -3 -28 0.390 0.781 0.068000 0.260 100 1 0
 372 1760.876 2030.584 -3 -28 0.390 0.390 0.119000 0.344 100 1 0
 373 1738.826 2026.483 -3 -28 0.390 0.390 0.097000 0.311 100 1 0
 374 1739.021 2018.280 -3 -28 0.390 0.390 0.077000 0.277 100 1 0
 375 1731.021 2015.553 -3 -28 0.390 0.390 0.068000 0.260 100 1 0
 376 1750.534 2001.686 -3 -28 2.341 2.733 0.130000 0.360 100 1 0
 377 1751.705 1997.975 -3 -28 0.390 0.390 0.087000 0.294 100 1 0
 378 1751.510 1995.436 -3 -28 0.390 0.390 0.168000 0.390 100 1 0
 379 1758.925 1972.787 -3 -28 0.390 0.390 0.097000 0.311 100 1 0
 380 1736.485 1971.811 -3 -28 0.390 0.390 0.087000 0.294 100 1 0
 381 1758.730 1970.248 -3 -28 0.390 0.390 0.068000 0.260 100 1 0
 382 1720.484 2183.662 -3 -28 0.390 0.390 0.051000 0.226 100 1 0
 383 1720.288 2176.631 -3 -28 0.390 2.733 0.059000 0.243 100 1 0
 384 1709.751 2123.717 -3 -28 0.390 0.781 0.051000 0.226 100 1 0
 385 1721.655 1949.944 -3 -28 0.390 0.390 0.087000 0.294 100 1 0
 386 1722.239 1880.826 -3 -28 0.390 3.124 0.155000 0.390 100 1 0
 387 1674.432 2165.311 -3 -28 0.390 0.390 0.051000 0.226 100 1 0
 388 1674.626 2156.912 -3 -28 0.390 3.124 0.077000 0.277 100 1 0
 389 1662.918 2132.116 -3 -28 0.390 0.390 0.051000 0.226 100 1 0
 390 1662.724 2127.037 -3 -28 0.390 0.390 0.051000 0.226 100 1 0
 391 1676.968 2020.428 -3 -28 0.390 0.390 0.077000 0.277 100 1 0
 392 1666.431 2012.233 -3 -28 0.390 1.952 0.097000 0.311 100 1 0
 393 1652.576 1982.748 -3 -28 0.390 0.390 0.087000 0.294 100 1 0
 394 1661.358 1959.905 -3 -28 0.390 1.171 0.181000 0.390 100 1 0
 395 1677.359 1955.022 -3 -28 0.390 0.390 0.119000 0.344 100 1 0
 396 1654.528 1947.600 -3 -28 0.390 0.390 0.108000 0.327 100 1 0
 397 1654.723 1939.592 -3 -28 0.390 0.390 0.225000 0.390 100 1 0
 398 1647.893 2211.584 -3 -28 0.390 0.390 0.044000 0.208 100 1 0
 399 1647.503 2130.553 -3 -28 0.390 3.514 0.051000 0.226 100 1 0
 400 1616.477 1957.170 -3 -28 0.390 4.295 0.142000 0.377 100 1 0
 401 1625.843 1914.600 -3 -28 0.390 0.390 0.130000 0.360 100 1 0
 402 1625.648 1909.530 -3 -28 0.780 5.076 0.240000 0.490 100 1 0
 403 1626.038 1900.936 -3 -28 0.390 2.733 0.142000 0.377 100 1 0
 404 1581.938 2154.178 -3 -28 0.390 0.390 0.051000 0.226 100 1 0
 405 1595.012 2073.342 -3 -28 0.390 0.390 0.077000 0.277 100 1 0
 406 1576.474 2063.194 -3 -28 0.390 0.781 0.142000 0.377 100 1 0
 407 1584.280 1996.608 -3 -28 0.390 1.171 0.087000 0.294 100 1 0
 408 1585.840 1979.623 -3 -28 0.390 0.781 0.097000 0.311 100 1 0
 409 1608.866 1967.514 -3 -28 0.390 0.390 0.097000 0.311 100 1 0
 410 1602.622 1965.756 -3 -28 0.390 0.390 0.108000 0.327 100 1 0
 411 1547.594 2179.366 -3 -28 0.390 0.390 0.051000 0.226 100 1 0
 412 1547.203 2172.928 -3 -28 0.390 0.390 0.059000 0.243 100 1 0
 413 1547.399 2164.725 -3 -28 0.390 3.124 0.130000 0.360 100 1 0
 414 1547.594 2148.123 -3 -28 0.390 0.390 0.059000 0.243 100 1 0
 415 1547.399 2130.944 -3 -28 0.390 1.171 0.068000 0.260 100 1 0
 416 1544.863 2021.405 -3 -28 0.390 0.781 0.097000 0.311 100 1 0
 417 1533.935 2013.795 -3 -28 0.390 1.952 0.087000 0.294 100 1 0
 418 1458.613 2022.186 -3 -28 0.390 0.390 0.087000 0.294 100 1 0
 419 1460.954 1956.389 -3 -28 0.390 1.171 0.108000 0.327 100 1 0
 420 1472.272 1876.920 -3 -28 0.390 0.390 0.119000 0.344 100 1 0
 421 1452.368 2185.811 -3 -28 0.390 0.390 0.044000 0.208 100 1 0
 422 1452.564 2175.850 -3 -28 0.390 0.390 0.077000 0.277 100 1 0
 423 1452.564 2161.795 -3 -28 0.390 1.952 0.077000 0.277 100 1 0
 424 1430.904 2159.061 -3 -28 0.390 0.390 0.068000 0.260 100 1 0
 425 1451.197 2119.037 -3 -28 0.390 0.390 0.059000 0.243 100 1 0
 426 1447.685 2074.514 -3 -28 0.390 0.390 0.181000 0.390 100 1 0
 427 1431.294 2046.397 -3 -28 0.390 0.390 0.068000 0.260 100 1 0
 428 1424.073 2045.616 -3 -28 0.390 0.390 0.130000 0.360 100 1 0
 429 1452.759 2026.678 -3 -28 0.390 0.390 0.087000 0.294 100 1 0
 430 1425.244 2000.514 -3 -28 0.390 0.390 0.119000 0.344 100 1 0
 431 1425.244 1973.959 -3 -28 0.390 2.733 0.130000 0.360 100 1 0
 432 1402.804 2018.866 -3 -28 0.390 0.390 0.077000 0.277 100 1 0
 433 1405.536 2016.530 -3 -28 0.390 0.390 0.077000 0.277 100 1 0
 434 1402.999 2013.014 -3 -28 0.390 0.390 0.097000 0.311 100 1 0
 435 1405.536 2010.475 -3 -28 0.390 0.390 0.077000 0.277 100 1 0
 436 1410.219 2007.741 -3 -28 0.390 0.390 0.087000 0.294 100 1 0
 437 1410.025 1997.975 -3 -28 0.390 0.390 0.097000 0.311 100 1 0
 438 513.959 1210.866 -3 -28 1.561 0.390 0.334000 0.390 100 1 0
 439 519.618 1210.866 -3 -28 0.390 0.390 0.532000 0.390 100 1 0
 440 513.959 1179.623 -3 -28 1.561 0.390 0.388000 0.390 100 1 0
 441 519.618 1179.623 -3 -28 0.390 0.390 0.114000 0.338 100 1 0
 442 535.033 1230.194 -3 -28 0.390 0.390 0.273000 0.390 100 1 0
 443 563.133 1209.889 -3 -28 4.683 0.781 1.207000 0.781 100 1 0
 444 532.302 1207.350 -3 -28 1.561 0.390 0.509000 0.390 100 1 0
 445 545.181 1207.545 -3 -28 0.390 0.390 0.210000 0.390 100 1 0
 446 532.302 1182.944 -3 -28 1.561 0.781 0.445000 0.667 100 1 0
 447 538.351 1182.553 -3 -28 1.170 0.390 0.210000 0.390 100 1 0
 448 544.596 1182.553 -3 -28 1.170 0.390 0.256000 0.390 100 1 0
 449 567.231 1181.186 -3 -28 12.878 1.952 2.571000 1.603 100 1 0
 450 535.033 1159.905 -3 -28 0.390 0.781 0.240000 0.390 100 1 0
 451 555.718 1091.951 -3 -28 0.780 2.343 0.363000 0.602 100 1 0
 452 546.352 832.655 -3 -28 0.390 0.390 0.155000 0.390 100 1 0
 453 535.033 796.147 -3 -28 0.390 0.390 0.142000 0.377 100 1 0
 454 571.719 1209.303 -3 -28 3.122 1.952 0.862000 0.928 100 1 0
 455 577.183 1209.108 -3 -28 2.341 2.343 0.862000 0.928 100 1 0
 456 586.159 1209.108 -3 -28 7.805 2.343 1.716000 1.309 100 1 0
 457 597.672 1208.326 -3 -28 5.073 0.781 0.638000 0.781 100 1 0
 458 583.037 1181.381 -3 -28 14.049 2.343 4.081000 2.020 100 1 0
 459 597.477 1182.162 -3 -28 4.683 0.781 0.445000 0.667 100 1 0
 460 628.308 1203.834 -3 -28 0.780 4.295 0.509000 0.713 100 1 0
 461 618.746 1204.420 -3 -28 2.731 0.781 0.509000 0.713 100 1 0
 462 628.503 1149.553 -3 -28 0.390 0.390 0.210000 0.390 100 1 0
 463 633.967 1149.358 -3 -28 0.390 0.781 0.509000 0.390 100 1 0
 464 637.675 1149.358 -3 -28 0.390 0.390 0.155000 0.390 100 1 0
 465 634.747 1146.233 -3 -28 7.415 0.781 0.943000 0.781 100 1 0
 466 628.114 1143.303 -3 -28 1.170 0.390 0.283000 0.390 100 1 0
 467 627.332 1137.256 -3 -28 2.731 0.781 0.334000 0.577 100 1 0
 468 628.114 1134.131 -3 -28 1.170 0.781 0.532000 0.729 100 1 0
 469 722.753 966.600 -3 -28 1.561 0.390 0.422000 0.390 100 1 0
 470 743.438 966.795 -3 -28 1.561 0.390 0.422000 0.390 100 1 0
 471 736.998 966.600 -3 -28 1.170 0.390 0.443000 0.390 100 1 0
 472 762.170 966.600 -3 -28 1.561 0.390 0.344000 0.390 100 1 0
 473 791.636 1472.116 -3 -28 0.390 15.229 10.925000 0.390 100 1 0
 474 791.636 1460.787 -3 -28 0.390 1.171 0.195000 0.390 100 1 0
 475 791.636 1410.608 -3 -28 0.390 2.343 0.273000 0.390 100 1 0
 476 776.220 1394.795 -3 -28 0.390 14.448 0.344000 0.390 100 1 0
 477 791.441 1397.139 -3 -28 0.390 1.171 0.181000 0.390 100 1 0
 478 776.220 1380.342 -3 -28 0.390 5.076 0.290000 0.390 100 1 0
 479 793.002 1156.975 -3 -28 0.780 2.733 0.784000 0.780 100 1 0
 480 793.002 1151.506 -3 -28 0.780 2.733 0.943000 0.780 100 1 0
 481 792.807 1146.233 -3 -28 0.390 2.343 0.363000 0.390 100 1 0
 482 793.197 1130.811 -3 -28 0.390 1.952 0.195000 0.390 100 1 0
 483 793.002 1125.537 -3 -28 0.780 2.343 0.784000 0.780 100 1 0
 484 793.002 1120.069 -3 -28 0.780 2.343 0.784000 0.780 100 1 0
 485 792.612 1093.905 -3 -28 0.390 2.343 0.402000 0.390 100 1 0
 486 792.612 1088.444 -3 -28 0.390 2.343 0.325000 0.390 100 1 0
 487 792.612 1083.170 -3 -28 0.390 1.952 0.307000 0.390 100 1 0
 488 792.612 1062.475 -3 -28 0.390 1.952 0.325000 0.390 100 1 0
 489 795.734 914.076 -3 -28 0.390 1.952 0.344000 0.390 100 1 0
 490 791.831 913.100 -3 -28 0.780 2.343 0.486000 0.697 100 1 0
 491 795.149 908.412 -3 -28 1.170 2.343 1.028000 1.013 100 1 0
 492 794.953 903.147 -3 -28 1.561 2.733 1.828000 1.351 100 1 0
 493 794.563 897.873 -3 -28 0.780 2.343 1.028000 0.780 100 1 0
 494 793.002 892.209 -3 -28 2.341 1.952 0.465000 0.681 100 1 0
 495 792.026 886.936 -3 -28 1.170 2.343 0.465000 0.681 100 1 0
 496 795.734 882.444 -3 -28 0.390 1.952 0.363000 0.390 100 1 0
 497 791.831 881.467 -3 -28 0.780 2.343 0.509000 0.713 100 1 0
 498 795.149 876.983 -3 -28 1.170 1.952 1.028000 1.013 100 1 0
 499 794.953 871.709 -3 -28 1.561 2.343 1.716000 1.309 100 1 0
 500 794.563 866.241 -3 -28 0.780 2.343 1.207000 0.780 100 1 0
 501 793.002 860.576 -3 -28 2.341 1.952 0.465000 0.681 100 1 0
 502 792.026 855.303 -3 -28 1.170 2.343 0.443000 0.665 100 1 0
 503 795.734 850.819 -3 -28 0.390 1.952 0.290000 0.390 100 1 0
 504 791.831 849.842 -3 -28 0.780 2.343 0.465000 0.681 100 1 0
 505 795.149 845.350 -3 -28 1.170 1.952 1.028000 1.013 100 1 0
 506 794.953 840.076 -3 -28 1.561 2.343 1.828000 1.351 100 1 0
 507 794.563 834.608 -3 -28 0.780 2.343 1.116000 0.780 100 1 0
 508 793.002 828.944 -3 -28 2.341 1.952 0.465000 0.681 100 1 0
 509 792.026 823.678 -3 -28 1.170 2.343 0.443000 0.665 100 1 0
 510 795.734 818.991 -3 -28 0.390 1.562 0.256000 0.390 100 1 0
 511 791.831 818.209 -3 -28 0.780 2.343 0.465000 0.681 100 1 0
 512 795.149 813.522 -3 -28 1.170 2.343 1.116000 1.056 100 1 0
 513 794.953 808.248 -3 -28 1.561 2.733 1.943000 1.393 100 1 0
 514 794.563 802.975 -3 -28 0.780 2.343 1.028000 0.780 100 1 0
 515 793.002 797.319 -3 -28 2.341 1.952 0.486000 0.697 100 1 0
 516 792.026 792.045 -3 -28 1.170 2.343 0.465000 0.681 100 1 0
 517 791.831 786.576 -3 -28 0.780 2.343 0.486000 0.697 100 1 0
 518 795.734 787.358 -3 -28 0.390 0.781 0.256000 0.390 100 1 0
 519 795.149 781.889 -3 -28 1.170 2.343 1.400000 1.170 100 1 0
 520 833.199 1457.272 -3 -28 0.780 2.733 0.486000 0.697 100 1 0
 521 833.199 1452.006 -3 -28 0.780 3.124 0.443000 0.665 100 1 0
 522 836.907 1395.576 -3 -28 0.390 1.952 0.465000 0.390 100 1 0
 523 811.735 1394.795 -3 -28 0.390 0.390 0.325000 0.390 100 1 0
 524 811.735 1388.936 -3 -28 0.390 0.390 0.290000 0.390 100 1 0
 525 836.907 1386.592 -3 -28 0.390 5.076 0.465000 0.390 100 1 0
 526 811.930 1385.030 -3 -28 0.390 1.171 0.192000 0.390 100 1 0
 527 811.930 1363.358 -3 -28 0.390 35.145 13.831000 0.390 100 1 0
 528 836.907 1376.053 -3 -28 0.390 9.762 0.486000 0.390 100 1 0
 529 816.418 1332.506 -3 -28 0.780 1.562 0.388000 0.622 100 1 0
 530 819.736 1331.334 -3 -28 0.390 3.905 1.207000 0.390 100 1 0
 531 816.418 1323.334 -3 -28 0.780 11.324 5.341000 0.780 100 1 0
 532 819.736 1322.358 -3 -28 0.390 7.029 2.706000 0.390 100 1 0
 533 819.736 1312.006 -3 -28 0.390 6.638 2.988000 0.390 100 1 0
 534 816.418 1308.295 -3 -28 0.780 12.496 5.534000 0.780 100 1 0
 535 819.736 1300.287 -3 -28 1.170 9.762 4.424000 1.170 100 1 0
 536 816.418 1270.420 -3 -28 0.780 53.890 69.613000 0.780 100 1 0
 537 819.736 1285.647 -3 -28 1.170 14.839 5.731000 1.170 100 1 0
 538 816.223 1207.936 -3 -28 0.390 21.087 17.766000 0.390 100 1 0
 539 816.223 1189.780 -3 -28 1.170 5.857 0.486000 0.697 100 1 0
 540 836.712 1180.795 -3 -28 0.780 0.390 0.465000 0.390 100 1 0
 541 808.222 820.944 -3 -28 0.390 1.562 0.195000 0.390 100 1 0
 542 1267.179 803.170 -3 -28 0.390 0.390 0.240000 0.390 100 1 0
 543 1258.398 800.248 -3 -28 1.170 2.343 0.307000 0.554 100 1 0
 544 1259.178 795.756 -3 -28 1.170 0.390 0.443000 0.390 100 1 0
 545 1266.593 788.334 -3 -28 1.951 0.390 0.486000 0.390 100 1 0
 546 1267.374 782.670 -3 -28 1.951 3.905 1.828000 1.351 100 1 0
 547 1298.401 1167.717 -3 -28 3.902 0.781 1.943000 0.781 100 1 0
 548 1306.791 1167.717 -3 -28 6.634 0.781 5.341000 0.781 100 1 0
 549 1298.401 1164.201 -3 -28 3.902 0.781 1.828000 0.781 100 1 0
 550 1306.791 1164.201 -3 -28 6.634 0.781 5.731000 0.781 100 1 0
 551 1298.596 1160.295 -3 -28 3.512 0.781 1.502000 0.781 100 1 0
 552 1306.987 1160.295 -3 -28 6.244 0.781 4.251000 0.781 100 1 0
 553 1298.401 1156.780 -3 -28 3.902 0.781 2.062000 0.781 100 1 0
 554 1308.547 1156.780 -3 -28 10.146 0.781 7.888000 0.781 100 1 0
 555 1297.815 1152.873 -3 -28 5.073 0.781 1.828000 0.781 100 1 0
 556 1306.987 1152.873 -3 -28 6.244 0.781 2.706000 0.781 100 1 0
 557 1298.986 1149.358 -3 -28 4.292 0.781 1.502000 0.781 100 1 0
 558 1306.987 1149.358 -3 -28 6.244 0.781 5.534000 0.781 100 1 0
 559 1298.401 1145.647 -3 -28 3.902 0.390 1.116000 0.390 100 1 0
 560 1306.596 1145.647 -3 -28 6.244 0.390 1.943000 0.390 100 1 0
 561 1297.815 1141.936 -3 -28 5.073 0.781 3.134000 0.781 100 1 0
 562 1308.547 1088.444 -3 -28 10.146 107.780 202.512000 10.146 100 1 0
 563 1297.034 1138.428 -3 -28 6.634 0.781 3.134000 0.781 100 1 0
 564 1297.034 1134.522 -3 -28 6.634 0.781 6.135000 0.781 100 1 0
 565 1297.034 1131.006 -3 -28 6.634 0.781 3.752000 0.781 100 1 0
 566 1297.230 1123.389 -3 -28 7.024 8.200 48.743000 6.981 100 1 0
 567 1297.230 1116.162 -3 -28 7.024 0.781 6.135000 0.781 100 1 0
 568 1297.230 1112.264 -3 -28 7.024 0.781 5.731000 0.781 100 1 0
 569 1297.034 1108.748 -3 -28 6.634 0.781 6.135000 0.781 100 1 0
 570 1297.034 1104.842 -3 -28 6.634 0.781 3.915000 0.781 100 1 0
 571 1297.034 1101.326 -3 -28 6.634 0.781 6.135000 0.781 100 1 0
 572 1297.034 1097.811 -3 -28 6.634 0.781 3.134000 0.781 100 1 0
 573 1297.034 1093.905 -3 -28 6.634 0.781 6.135000 0.781 100 1 0
 574 1297.034 1088.248 -3 -28 6.634 4.295 12.628000 3.553 100 1 0
 575 1297.034 1082.975 -3 -28 6.634 0.781 3.134000 0.781 100 1 0
 576 1297.034 1077.311 -3 -28 6.634 4.295 10.925000 3.305 100 1 0
 577 1297.034 1071.647 -3 -28 6.634 0.781 6.135000 0.781 100 1 0
 578 1297.034 1068.131 -3 -28 6.634 0.781 5.731000 0.781 100 1 0
 579 1297.034 1064.225 -3 -28 6.634 0.781 5.932000 0.781 100 1 0
 580 1297.034 1060.717 -3 -28 6.634 0.781 5.932000 0.781 100 1 0
 581 1297.034 1056.811 -3 -28 6.634 0.781 4.780000 0.781 100 1 0
 582 1297.034 1053.295 -3 -28 6.634 0.781 6.135000 0.781 100 1 0
 583 1297.034 1049.389 -3 -28 6.634 0.781 2.988000 0.781 100 1 0
 584 1283.180 1047.435 -3 -28 0.780 0.390 0.402000 0.390 100 1 0
 585 1298.010 1045.483 -3 -28 4.683 1.562 2.845000 1.562 100 1 0
 586 1297.034 1039.819 -3 -28 6.634 5.076 12.923000 3.594 100 1 0
 587 1298.205 1034.748 -3 -28 4.292 0.390 1.302000 0.390 100 1 0
 588 1297.034 1031.037 -3 -28 6.634 0.781 6.135000 0.781 100 1 0
 589 1306.791 1031.037 -3 -28 6.634 0.781 6.135000 0.781 100 1 0
 590 1297.034 1027.521 -3 -28 6.634 0.781 2.988000 0.781 100 1 0
 591 1306.791 1027.521 -3 -28 6.634 0.781 2.988000 0.781 100 1 0
 592 1297.034 1021.858 -3 -28 6.634 4.295 16.736000 4.091 100 1 0
 593 1306.791 1021.858 -3 -28 6.634 4.295 24.999000 4.295 100 1 0
 594 1297.815 1016.194 -3 -28 5.073 0.781 3.436000 0.781 100 1 0
 595 1306.791 1016.194 -3 -28 6.634 0.781 5.731000 0.781 100 1 0
 596 1297.034 1012.678 -3 -28 6.634 0.781 3.752000 0.781 100 1 0
 597 1306.791 1012.678 -3 -28 6.634 0.781 3.283000 0.781 100 1 0
 598 1297.034 1008.780 -3 -28 6.634 0.781 6.135000 0.781 100 1 0
 599 1306.791 1008.780 -3 -28 6.634 0.781 5.932000 0.781 100 1 0
 600 1297.034 1003.311 -3 -28 6.634 4.686 19.918000 4.462 100 1 0
 601 1306.791 1005.264 -3 -28 6.634 0.781 4.424000 0.781 100 1 0
 602 1306.791 1001.358 -3 -28 6.634 0.781 5.932000 0.781 100 1 0
 603 1297.230 997.842 -3 -28 6.244 0.781 4.780000 0.781 100 1 0
 604 1306.791 997.842 -3 -28 6.634 0.781 6.135000 0.781 100 1 0
 605 1287.473 997.451 -3 -28 0.390 0.390 0.256000 0.390 100 1 0
 606 1298.205 993.936 -3 -28 4.292 0.781 1.943000 0.781 100 1 0
 607 1306.791 993.936 -3 -28 6.634 0.781 5.341000 0.781 100 1 0
 608 1288.253 990.420 -3 -28 0.780 0.781 0.486000 0.697 100 1 0
 609 1297.034 988.467 -3 -28 6.634 4.686 18.116000 4.256 100 1 0
 610 1306.791 990.420 -3 -28 6.634 0.781 6.135000 0.781 100 1 0
 611 1306.791 986.514 -3 -28 6.634 0.781 3.436000 0.781 100 1 0
 612 1297.034 983.006 -3 -28 6.634 0.781 6.135000 0.781 100 1 0
 613 1306.791 982.616 -3 -28 6.634 1.562 7.205000 1.562 100 1 0
 614 1297.034 977.342 -3 -28 6.634 4.295 15.088000 3.884 100 1 0
 615 1306.791 977.342 -3 -28 6.634 4.295 17.076000 4.132 100 1 0
 616 1297.034 971.678 -3 -28 6.634 0.781 2.988000 0.781 100 1 0
 617 1306.791 971.873 -3 -28 6.634 0.390 2.988000 0.390 100 1 0
 618 1295.279 968.162 -3 -28 3.122 0.781 1.716000 0.781 100 1 0
 619 1306.791 968.162 -3 -28 6.634 0.781 5.534000 0.781 100 1 0
 620 1306.791 964.451 -3 -28 6.634 0.390 2.845000 0.390 100 1 0
 621 1306.791 960.741 -3 -28 6.634 0.781 5.534000 0.781 100 1 0
 622 1299.181 960.350 -3 -28 1.561 0.390 0.151000 0.389 100 1 0
 623 1306.791 957.037 -3 -28 6.634 0.390 2.845000 0.390 100 1 0
 624 1299.572 956.842 -3 -28 0.390 0.390 0.443000 0.390 100 1 0
 625 1294.693 953.717 -3 -28 1.170 0.390 0.509000 0.390 100 1 0
 626 1306.791 953.326 -3 -28 6.634 0.781 5.534000 0.781 100 1 0
 627 1299.181 952.936 -3 -28 1.561 0.390 0.509000 0.390 100 1 0
 628 1306.791 948.834 -3 -28 6.634 2.733 4.964000 2.227 100 1 0
 629 1300.352 949.420 -3 -28 0.390 0.390 0.325000 0.390 100 1 0
 630 1308.547 917.006 -3 -28 10.146 53.890 678.078976 10.146 100 1 0
 631 1296.059 942.584 -3 -28 3.122 0.390 0.443000 0.390 100 1 0
 632 1297.034 929.311 -3 -28 6.634 19.134 86.350000 6.634 100 1 0
 633 1297.034 916.225 -3 -28 6.634 0.781 6.135000 0.781 100 1 0
 634 1297.034 910.756 -3 -28 6.634 4.686 8.602000 2.932 100 1 0
 635 1297.034 905.295 -3 -28 6.634 0.781 3.752000 0.781 100 1 0
 636 1297.034 901.389 -3 -28 6.634 0.781 5.932000 0.781 100 1 0
 637 1297.034 897.873 -3 -28 6.634 0.781 3.436000 0.781 100 1 0
 638 1297.034 893.967 -3 -28 6.634 0.781 5.151000 0.781 100 1 0
 639 1297.034 890.451 -3 -28 6.634 0.781 3.436000 0.781 100 1 0
 640 1297.034 873.662 -3 -28 6.634 0.781 6.135000 0.781 100 1 0
 641 1305.620 873.467 -3 -28 4.292 1.171 1.828000 1.171 100 1 0
 642 1301.912 866.241 -3 -28 16.391 8.591 115.273000 8.591 100 1 0
 643 1297.034 858.819 -3 -28 6.634 0.781 5.932000 0.781 100 1 0
 644 1306.791 858.819 -3 -28 6.634 0.781 5.932000 0.781 100 1 0
 645 1306.791 855.108 -3 -28 6.634 1.171 3.134000 1.171 100 1 0
 646 1297.034 854.912 -3 -28 6.634 0.781 3.134000 0.781 100 1 0
 647 1297.034 851.405 -3 -28 6.634 0.781 5.534000 0.781 100 1 0
 648 1306.596 851.405 -3 -28 6.244 0.781 4.251000 0.781 100 1 0
 649 1297.034 847.498 -3 -28 6.634 0.781 3.134000 0.781 100 1 0
 650 1306.791 847.694 -3 -28 6.634 0.390 2.706000 0.390 100 1 0
 651 1277.131 845.741 -3 -28 0.390 0.390 0.402000 0.390 100 1 0
 652 1297.034 843.983 -3 -28 6.634 0.781 4.780000 0.781 100 1 0
 653 1306.791 843.983 -3 -28 6.634 0.781 4.081000 0.781 100 1 0
 654 1297.034 840.076 -3 -28 6.634 0.781 3.134000 0.781 100 1 0
 655 1306.791 840.076 -3 -28 6.634 0.781 2.845000 0.781 100 1 0
 656 1296.059 836.561 -3 -28 8.585 0.781 3.915000 0.781 100 1 0
 657 1306.791 829.139 -3 -28 6.634 15.620 147.360000 6.634 100 1 0
 658 1274.985 832.655 -3 -28 0.390 0.781 0.344000 0.390 100 1 0
 659 1296.059 830.897 -3 -28 8.585 4.295 5.932000 2.435 100 1 0
 660 1298.205 825.241 -3 -28 4.292 0.781 1.502000 0.781 100 1 0
 661 1296.059 821.725 -3 -28 8.585 0.781 3.436000 0.781 100 1 0
 662 1288.253 818.014 -3 -28 0.390 0.390 0.307000 0.390 100 1 0
 663 1296.059 817.819 -3 -28 8.585 0.781 5.341000 0.781 100 1 0
 664 1306.791 817.819 -3 -28 6.634 0.781 4.424000 0.781 100 1 0
 665 1296.059 814.303 -3 -28 8.585 0.781 3.436000 0.781 100 1 0
 666 1306.791 814.303 -3 -28 6.634 0.781 3.134000 0.781 100 1 0
 667 1288.253 810.592 -3 -28 0.390 0.390 0.290000 0.390 100 1 0
 668 1295.864 810.397 -3 -28 8.976 0.781 6.343000 0.781 100 1 0
 669 1306.791 810.397 -3 -28 6.634 0.781 6.135000 0.781 100 1 0
 670 1306.791 806.881 -3 -28 6.634 0.781 2.988000 0.781 100 1 0
 671 1296.059 806.686 -3 -28 8.585 0.390 3.134000 0.390 100 1 0
 672 1288.253 803.170 -3 -28 0.390 0.390 0.307000 0.390 100 1 0
 673 1296.059 801.225 -3 -28 8.585 4.295 28.412000 4.295 100 1 0
 674 1306.791 801.225 -3 -28 6.634 4.295 18.116000 4.256 100 1 0
 675 1294.303 795.561 -3 -28 12.098 0.781 5.151000 0.781 100 1 0
 676 1306.791 795.561 -3 -28 6.634 0.781 4.251000 0.781 100 1 0
 677 1296.059 791.850 -3 -28 8.585 0.390 2.571000 0.390 100 1 0
 678 1306.791 791.850 -3 -28 6.634 0.390 2.845000 0.390 100 1 0
 679 1297.034 788.139 -3 -28 6.634 0.781 3.283000 0.781 100 1 0
 680 1306.791 788.139 -3 -28 6.634 0.781 3.134000 0.781 100 1 0
 681 1277.325 784.428 -3 -28 0.390 0.390 0.256000 0.390 100 1 0
 682 1294.497 784.428 -3 -28 11.708 0.390 3.915000 0.390 100 1 0
 683 1306.791 784.428 -3 -28 6.634 0.390 2.988000 0.390 100 1 0
 684 1294.303 780.912 -3 -28 12.098 0.390 0.638000 0.390 100 1 0
 685 1306.791 780.912 -3 -28 6.634 0.390 1.028000 0.390 100 1 0
 686 1351.281 1167.717 -3 -28 6.634 1.562 3.283000 1.562 100 1 0
 687 1313.035 1167.717 -3 -28 1.170 0.781 0.388000 0.622 100 1 0
 688 1316.743 1167.717 -3 -28 0.780 0.781 0.081000 0.283 100 1 0
 689 1313.035 1164.201 -3 -28 1.170 0.781 0.388000 0.622 100 1 0
 690 1317.524 1164.592 -3 -28 1.561 0.390 0.486000 0.390 100 1 0
 691 1351.281 1164.006 -3 -28 6.634 1.171 2.988000 1.171 100 1 0
 692 1313.035 1160.686 -3 -28 1.170 0.781 0.283000 0.531 100 1 0
 693 1351.281 1160.295 -3 -28 6.634 1.562 4.081000 1.562 100 1 0
 694 1317.328 1160.686 -3 -28 1.170 0.390 0.081000 0.283 100 1 0
 695 1317.524 1157.170 -3 -28 1.561 0.390 0.509000 0.390 100 1 0
 696 1351.281 1156.584 -3 -28 6.634 1.171 2.988000 1.171 100 1 0
 697 1313.035 1153.264 -3 -28 1.170 0.781 0.236000 0.485 100 1 0
 698 1351.281 1152.873 -3 -28 6.634 1.562 4.780000 1.562 100 1 0
 699 1317.133 1153.264 -3 -28 0.780 0.390 0.486000 0.390 100 1 0
 700 1313.035 1149.358 -3 -28 1.170 0.781 0.445000 0.667 100 1 0
 701 1317.133 1149.358 -3 -28 1.561 0.781 0.283000 0.531 100 1 0
 702 1351.281 1149.162 -3 -28 6.634 1.171 2.988000 1.171 100 1 0
 703 1317.328 1097.616 -3 -28 1.951 89.426 238.372992 1.951 100 1 0
 704 1351.281 1141.741 -3 -28 6.634 1.171 2.988000 1.171 100 1 0
 705 1324.353 1139.991 -3 -28 6.634 0.390 0.532000 0.390 100 1 0
 706 1333.720 1139.405 -3 -28 5.854 1.171 0.784000 0.885 100 1 0
 707 1351.281 1138.037 -3 -28 6.634 1.562 2.845000 1.562 100 1 0
 708 1324.158 1135.694 -3 -28 6.244 1.562 0.509000 0.713 100 1 0
 709 1333.915 1135.694 -3 -28 6.244 1.562 0.532000 0.729 100 1 0
 710 1351.281 1134.326 -3 -28 6.634 1.171 2.988000 1.171 100 1 0
 711 1324.158 1130.030 -3 -28 6.244 5.076 5.534000 2.352 100 1 0
 712 1333.915 1132.569 -3 -28 6.244 0.390 0.862000 0.390 100 1 0
 713 1351.281 1130.616 -3 -28 6.634 1.562 3.283000 1.562 100 1 0
 714 1333.915 1128.858 -3 -28 6.244 0.390 0.862000 0.390 100 1 0
 715 1351.281 1126.905 -3 -28 6.634 1.171 2.845000 1.171 100 1 0
 716 1324.158 1124.561 -3 -28 6.244 1.171 0.465000 0.681 100 1 0
 717 1333.915 1124.561 -3 -28 6.244 1.171 0.943000 0.971 100 1 0
 718 1351.281 1123.389 -3 -28 6.634 1.171 2.845000 1.171 100 1 0
 719 1324.158 1120.850 -3 -28 6.244 1.562 0.509000 0.713 100 1 0
 720 1334.500 1121.631 -3 -28 7.415 0.390 0.532000 0.390 100 1 0
 721 1351.281 1119.483 -3 -28 6.634 1.171 2.845000 1.171 100 1 0
 722 1335.281 1117.334 -3 -28 8.976 1.562 0.465000 0.681 100 1 0
 723 1324.158 1117.139 -3 -28 6.244 1.171 0.465000 0.681 100 1 0
 724 1351.281 1115.967 -3 -28 6.634 1.171 2.988000 1.171 100 1 0
 725 1324.158 1113.436 -3 -28 6.244 1.562 0.532000 0.729 100 1 0
 726 1335.476 1114.217 -3 -28 9.366 0.390 0.532000 0.390 100 1 0
 727 1351.281 1111.678 -3 -28 6.634 2.733 5.731000 2.394 100 1 0
 728 1333.915 1109.920 -3 -28 6.244 1.562 0.465000 0.681 100 1 0
 729 1344.452 1110.506 -3 -28 1.561 0.390 0.422000 0.390 100 1 0
 730 1340.159 1109.725 -3 -28 0.780 1.171 0.465000 0.681 100 1 0
 731 1324.158 1109.139 -3 -28 6.244 0.390 0.465000 0.390 100 1 0
 732 1351.281 1107.381 -3 -28 6.634 1.171 2.706000 1.171 100 1 0
 733 1324.158 1106.795 -3 -28 6.244 0.390 0.532000 0.390 100 1 0
 734 1335.671 1106.795 -3 -28 9.756 0.390 1.302000 0.390 100 1 0
 735 1344.648 1106.795 -3 -28 1.951 0.390 0.509000 0.390 100 1 0
 736 1351.281 1103.475 -3 -28 6.634 1.171 1.302000 1.141 100 1 0
 737 1324.158 1102.498 -3 -28 6.244 1.562 0.486000 0.697 100 1 0
 738 1335.671 1102.498 -3 -28 9.756 1.562 0.465000 0.681 100 1 0
 739 1344.648 1103.280 -3 -28 1.951 0.390 0.465000 0.390 100 1 0
 740 1351.281 1099.959 -3 -28 6.634 1.171 2.706000 1.171 100 1 0
 741 1324.158 1099.373 -3 -28 6.244 0.390 0.532000 0.390 100 1 0
 742 1333.915 1099.373 -3 -28 6.244 0.390 0.509000 0.390 100 1 0
 743 1339.964 1099.373 -3 -28 1.170 0.390 0.532000 0.390 100 1 0
 744 1344.648 1099.373 -3 -28 1.951 0.390 0.532000 0.390 100 1 0
 745 1324.158 1095.076 -3 -28 6.244 1.562 0.486000 0.697 100 1 0
 746 1335.671 1095.076 -3 -28 9.756 1.562 0.486000 0.697 100 1 0
 747 1344.648 1095.662 -3 -28 1.951 0.390 0.465000 0.390 100 1 0
 748 1351.281 1095.662 -3 -28 6.634 0.390 1.302000 0.390 100 1 0
 749 1351.281 1092.537 -3 -28 6.634 1.171 2.706000 1.171 100 1 0
 750 1324.158 1091.951 -3 -28 6.244 0.390 0.509000 0.390 100 1 0
 751 1335.671 1091.951 -3 -28 9.756 0.390 0.532000 0.390 100 1 0
 752 1344.648 1091.951 -3 -28 1.951 0.390 0.509000 0.390 100 1 0
 753 1351.281 1088.834 -3 -28 6.634 1.562 0.509000 0.713 100 1 0
 754 1324.158 1087.662 -3 -28 6.244 1.562 0.509000 0.713 100 1 0
 755 1333.915 1087.662 -3 -28 6.244 1.562 0.465000 0.681 100 1 0
 756 1340.159 1088.444 -3 -28 0.780 0.390 0.465000 0.390 100 1 0
 757 1344.452 1088.444 -3 -28 1.561 0.390 0.465000 0.390 100 1 0
 758 1351.281 1085.123 -3 -28 6.634 1.171 2.706000 1.171 100 1 0
 759 1324.158 1084.537 -3 -28 6.244 0.390 0.486000 0.390 100 1 0
 760 1333.915 1084.537 -3 -28 6.244 0.390 0.509000 0.390 100 1 0
 761 1339.964 1084.537 -3 -28 1.170 0.390 0.532000 0.390 100 1 0
 762 1344.648 1084.537 -3 -28 1.951 0.390 0.192000 0.390 100 1 0
 763 1324.158 1080.241 -3 -28 6.244 1.562 0.509000 0.713 100 1 0
 764 1335.671 1079.069 -3 -28 9.756 3.905 0.486000 0.697 100 1 0
 765 1344.257 1081.022 -3 -28 1.170 0.390 0.465000 0.390 100 1 0
 766 1324.158 1076.530 -3 -28 6.244 1.171 0.486000 0.697 100 1 0
 767 1344.452 1076.530 -3 -28 1.561 1.171 0.486000 0.697 100 1 0
 768 1324.158 1072.819 -3 -28 6.244 1.562 0.532000 0.729 100 1 0
 769 1335.671 1072.819 -3 -28 9.756 1.562 0.532000 0.729 100 1 0
 770 1344.452 1073.600 -3 -28 1.561 0.390 0.486000 0.390 100 1 0
 771 1324.158 1069.108 -3 -28 6.244 1.171 0.443000 0.665 100 1 0
 772 1335.671 1069.108 -3 -28 9.756 1.171 0.486000 0.697 100 1 0
 773 1344.452 1069.108 -3 -28 1.561 1.171 0.465000 0.681 100 1 0
 774 1324.158 1066.178 -3 -28 6.244 0.390 0.509000 0.390 100 1 0
 775 1333.915 1066.178 -3 -28 6.244 0.390 0.532000 0.390 100 1 0
 776 1339.964 1066.178 -3 -28 1.170 0.390 0.532000 0.390 100 1 0
 777 1344.452 1066.178 -3 -28 1.561 0.390 0.486000 0.390 100 1 0
 778 1322.988 1061.694 -3 -28 3.902 1.171 0.443000 0.665 100 1 0
 779 1335.476 1062.280 -3 -28 5.463 0.390 0.443000 0.390 100 1 0
 780 1340.549 1062.280 -3 -28 0.390 0.390 0.465000 0.390 100 1 0
 781 1344.257 1061.694 -3 -28 1.170 1.171 0.465000 0.681 100 1 0
 782 1324.158 1058.764 -3 -28 6.244 0.390 0.509000 0.390 100 1 0
 783 1333.915 1058.764 -3 -28 6.244 0.390 0.532000 0.390 100 1 0
 784 1339.964 1058.764 -3 -28 1.170 0.390 0.532000 0.390 100 1 0
 785 1344.257 1058.764 -3 -28 1.170 0.390 0.486000 0.390 100 1 0
 786 1334.305 1054.467 -3 -28 5.463 1.562 0.465000 0.681 100 1 0
 787 1340.355 1054.467 -3 -28 0.390 1.562 0.443000 0.390 100 1 0
 788 1344.257 1053.686 -3 -28 1.170 0.390 0.509000 0.390 100 1 0
 789 1351.281 1049.389 -3 -28 6.634 1.562 0.509000 0.713 100 1 0
 790 1316.938 1049.780 -3 -28 1.170 0.390 0.081000 0.283 100 1 0
 791 1316.938 1046.264 -3 -28 1.170 0.390 0.509000 0.390 100 1 0
 792 1351.281 1045.678 -3 -28 6.634 1.171 2.706000 1.171 100 1 0
 793 1351.281 1041.967 -3 -28 6.634 1.562 0.509000 0.713 100 1 0
 794 1317.328 1042.162 -3 -28 1.951 0.390 0.388000 0.390 100 1 0
 795 1317.133 1038.842 -3 -28 1.561 0.390 0.532000 0.390 100 1 0
 796 1351.281 1038.256 -3 -28 6.634 1.171 2.845000 1.171 100 1 0
 797 1316.743 1035.139 -3 -28 0.780 0.390 0.509000 0.390 100 1 0
 798 1351.281 1034.748 -3 -28 6.634 1.171 0.509000 0.713 100 1 0
 799 1313.035 1031.233 -3 -28 1.170 0.390 0.283000 0.390 100 1 0
 800 1317.133 1031.428 -3 -28 1.561 0.390 0.151000 0.389 100 1 0
 801 1351.281 1030.842 -3 -28 6.634 1.171 2.845000 1.171 100 1 0
 802 1313.035 1027.521 -3 -28 1.170 0.781 0.283000 0.531 100 1 0
 803 1316.938 1027.717 -3 -28 1.170 0.390 0.114000 0.338 100 1 0
 804 1351.281 1027.326 -3 -28 6.634 1.171 0.509000 0.713 100 1 0
 805 1313.231 1023.811 -3 -28 1.561 0.390 0.151000 0.389 100 1 0
 806 1317.328 1024.006 -3 -28 1.170 0.390 0.114000 0.338 100 1 0
 807 1351.281 1023.420 -3 -28 6.634 1.171 2.845000 1.171 100 1 0
 808 1313.035 1020.100 -3 -28 1.170 0.781 0.283000 0.531 100 1 0
 809 1351.281 1019.905 -3 -28 6.634 1.171 0.509000 0.713 100 1 0
 810 1317.133 1019.905 -3 -28 1.561 0.390 0.334000 0.390 100 1 0
 811 1313.035 1016.389 -3 -28 1.170 0.390 0.236000 0.390 100 1 0
 812 1317.133 1016.584 -3 -28 1.561 0.390 0.114000 0.338 100 1 0
 813 1351.281 1015.998 -3 -28 6.634 1.171 2.845000 1.171 100 1 0
 814 1313.035 1012.678 -3 -28 1.170 0.781 0.388000 0.622 100 1 0
 815 1317.328 1012.678 -3 -28 1.951 0.781 0.638000 0.781 100 1 0
 816 1351.281 1013.069 -3 -28 6.634 0.390 0.862000 0.390 100 1 0
 817 1324.158 1012.287 -3 -28 6.244 0.390 0.862000 0.390 100 1 0
 818 1333.915 1012.287 -3 -28 6.244 0.390 0.862000 0.390 100 1 0
 819 1339.964 1012.287 -3 -28 1.170 0.390 0.114000 0.338 100 1 0
 820 1344.452 1012.287 -3 -28 2.341 0.390 0.532000 0.390 100 1 0
 821 1313.035 1008.780 -3 -28 1.170 0.781 0.445000 0.667 100 1 0
 822 1317.328 1008.780 -3 -28 1.951 0.781 0.638000 0.781 100 1 0
 823 1351.281 1008.584 -3 -28 6.634 1.171 2.845000 1.171 100 1 0
 824 1313.035 1005.264 -3 -28 1.170 0.781 0.445000 0.667 100 1 0
 825 1317.328 1005.264 -3 -28 1.951 0.781 0.784000 0.781 100 1 0
 826 1351.281 1005.069 -3 -28 6.634 1.171 0.532000 0.729 100 1 0
 827 1351.281 1001.358 -3 -28 6.634 1.562 3.134000 1.562 100 1 0
 828 1313.035 1001.553 -3 -28 1.170 0.390 0.236000 0.390 100 1 0
 829 1317.133 1001.748 -3 -28 1.561 0.390 0.151000 0.389 100 1 0
 830 1313.035 997.842 -3 -28 1.170 0.781 0.445000 0.667 100 1 0
 831 1317.328 997.842 -3 -28 1.951 0.781 0.943000 0.781 100 1 0
 832 1351.281 997.647 -3 -28 6.634 1.171 2.845000 1.171 100 1 0
 833 1351.281 993.936 -3 -28 6.634 1.562 3.134000 1.562 100 1 0
 834 1313.035 994.131 -3 -28 1.170 0.390 0.236000 0.390 100 1 0
 835 1317.133 994.326 -3 -28 1.561 0.390 0.114000 0.338 100 1 0
 836 1313.035 990.420 -3 -28 1.170 0.781 0.506000 0.711 100 1 0
 837 1317.328 990.420 -3 -28 1.951 0.781 0.862000 0.781 100 1 0
 838 1351.281 990.225 -3 -28 6.634 1.171 2.845000 1.171 100 1 0
 839 1351.281 986.514 -3 -28 6.634 1.562 0.509000 0.713 100 1 0
 840 1313.035 986.709 -3 -28 1.170 0.390 0.236000 0.390 100 1 0
 841 1317.133 986.905 -3 -28 1.561 0.390 0.151000 0.389 100 1 0
 842 1313.035 983.201 -3 -28 1.170 0.390 0.236000 0.390 100 1 0
 843 1317.133 983.201 -3 -28 1.561 0.390 0.486000 0.390 100 1 0
 844 1351.281 982.811 -3 -28 6.634 1.171 0.532000 0.729 100 1 0
 845 1351.281 979.100 -3 -28 6.634 1.562 0.486000 0.697 100 1 0
 846 1313.035 979.295 -3 -28 1.170 0.390 0.236000 0.390 100 1 0
 847 1317.328 979.491 -3 -28 1.170 0.390 0.532000 0.390 100 1 0
 848 1313.035 975.584 -3 -28 1.170 0.781 0.388000 0.622 100 1 0
 849 1317.133 975.975 -3 -28 1.561 0.390 0.509000 0.390 100 1 0
 850 1351.281 975.389 -3 -28 6.634 1.171 2.845000 1.171 100 1 0
 851 1351.281 971.873 -3 -28 6.634 1.171 0.465000 0.681 100 1 0
 852 1313.035 971.873 -3 -28 1.170 0.390 0.236000 0.390 100 1 0
 853 1316.938 972.069 -3 -28 1.170 0.390 0.114000 0.338 100 1 0
 854 1312.840 968.162 -3 -28 0.780 0.781 0.283000 0.531 100 1 0
 855 1317.328 968.553 -3 -28 1.170 0.390 0.509000 0.390 100 1 0
 856 1351.281 967.967 -3 -28 6.634 1.171 2.845000 1.171 100 1 0
 857 1351.281 964.256 -3 -28 6.634 1.562 0.443000 0.665 100 1 0
 858 1313.035 964.451 -3 -28 1.170 0.390 0.236000 0.390 100 1 0
 859 1316.743 964.451 -3 -28 0.780 0.390 0.114000 0.338 100 1 0
 860 1313.035 960.741 -3 -28 1.170 0.781 0.334000 0.577 100 1 0
 861 1316.938 961.131 -3 -28 1.170 0.390 0.532000 0.390 100 1 0
 862 1351.281 960.545 -3 -28 6.634 1.171 0.532000 0.729 100 1 0
 863 1317.328 957.233 -3 -28 1.951 0.781 0.445000 0.667 100 1 0
 864 1351.281 957.037 -3 -28 6.634 1.171 0.443000 0.665 100 1 0
 865 1313.035 957.037 -3 -28 1.170 0.390 0.236000 0.390 100 1 0
 866 1313.035 953.326 -3 -28 1.170 0.781 0.334000 0.577 100 1 0
 867 1317.328 953.717 -3 -28 1.951 0.390 0.151000 0.389 100 1 0
 868 1351.281 953.131 -3 -28 6.634 1.171 0.532000 0.729 100 1 0
 869 1312.840 949.030 -3 -28 0.780 2.343 0.509000 0.713 100 1 0
 870 1351.281 949.616 -3 -28 6.634 1.171 0.509000 0.713 100 1 0
 871 1317.328 947.858 -3 -28 1.951 0.390 0.532000 0.390 100 1 0
 872 1324.158 947.858 -3 -28 6.244 0.390 0.486000 0.390 100 1 0
 873 1324.158 944.537 -3 -28 6.244 1.171 0.532000 0.729 100 1 0
 874 1333.915 945.123 -3 -28 6.244 0.390 0.862000 0.390 100 1 0
 875 1339.964 945.123 -3 -28 1.170 0.390 0.114000 0.338 100 1 0
 876 1344.452 945.123 -3 -28 2.341 0.390 0.236000 0.390 100 1 0
 877 1351.281 945.123 -3 -28 6.634 0.390 0.943000 0.390 100 1 0
 878 1317.328 931.069 -3 -28 1.951 25.773 10.120000 1.951 100 1 0
 879 1351.086 942.194 -3 -28 6.244 1.171 0.486000 0.697 100 1 0
 880 1351.281 938.287 -3 -28 6.634 1.171 0.532000 0.729 100 1 0
 881 1324.158 936.530 -3 -28 6.244 0.390 0.486000 0.390 100 1 0
 882 1351.086 934.772 -3 -28 6.244 1.171 0.486000 0.697 100 1 0
 883 1351.281 930.873 -3 -28 6.634 1.171 0.532000 0.729 100 1 0
 884 1323.963 929.116 -3 -28 5.854 0.390 0.443000 0.390 100 1 0
 885 1351.281 927.358 -3 -28 6.634 1.171 0.509000 0.713 100 1 0
 886 1323.572 925.600 -3 -28 5.073 0.390 0.465000 0.390 100 1 0
 887 1351.281 923.451 -3 -28 6.634 1.171 0.532000 0.729 100 1 0
 888 1323.377 921.694 -3 -28 4.683 0.390 0.465000 0.390 100 1 0
 889 1351.281 913.100 -3 -28 6.634 14.839 49.902000 6.634 100 1 0
 890 1324.158 918.178 -3 -28 6.244 0.390 0.486000 0.390 100 1 0
 891 1333.915 918.178 -3 -28 6.244 0.390 0.509000 0.390 100 1 0
 892 1339.964 918.178 -3 -28 1.170 0.390 0.509000 0.390 100 1 0
 893 1344.452 918.178 -3 -28 1.561 0.390 0.465000 0.390 100 1 0
 894 1335.671 914.467 -3 -28 9.756 0.390 0.532000 0.390 100 1 0
 895 1321.817 908.803 -3 -28 10.927 10.934 5.151000 2.269 100 1 0
 896 1344.452 914.272 -3 -28 1.561 0.390 0.443000 0.390 100 1 0
 897 1335.671 910.561 -3 -28 9.756 0.390 1.302000 0.390 100 1 0
 898 1344.452 910.756 -3 -28 1.561 0.390 0.486000 0.390 100 1 0
 899 1335.671 907.045 -3 -28 9.756 0.390 0.638000 0.390 100 1 0
 900 1344.452 906.850 -3 -28 1.561 0.390 0.443000 0.390 100 1 0
 901 1333.915 903.342 -3 -28 6.244 0.390 0.486000 0.390 100 1 0
 902 1339.964 903.342 -3 -28 1.170 0.390 0.509000 0.390 100 1 0
 903 1344.452 903.342 -3 -28 1.561 0.390 0.465000 0.390 100 1 0
 904 1351.281 896.506 -3 -28 6.634 13.667 28.412000 5.330 100 1 0
 905 1336.842 899.631 -3 -28 7.415 0.390 0.509000 0.390 100 1 0
 906 1317.328 896.897 -3 -28 1.951 5.076 0.532000 0.729 100 1 0
 907 1327.281 899.436 -3 -28 0.390 0.390 0.443000 0.390 100 1 0
 908 1344.452 899.436 -3 -28 1.561 0.390 0.422000 0.390 100 1 0
 909 1324.158 895.920 -3 -28 6.244 0.390 0.465000 0.390 100 1 0
 910 1333.915 895.920 -3 -28 6.244 0.390 0.486000 0.390 100 1 0
 911 1339.964 895.920 -3 -28 1.170 0.390 0.532000 0.390 100 1 0
 912 1344.452 895.920 -3 -28 1.561 0.390 0.465000 0.390 100 1 0
 913 1335.671 892.209 -3 -28 9.756 0.390 0.509000 0.390 100 1 0
 914 1317.328 891.037 -3 -28 1.951 1.952 0.486000 0.697 100 1 0
 915 1321.036 892.014 -3 -28 0.390 0.390 0.465000 0.390 100 1 0
 916 1327.281 892.014 -3 -28 0.390 0.390 0.422000 0.390 100 1 0
 917 1317.328 873.662 -3 -28 1.951 0.781 0.943000 0.781 100 1 0
 918 1351.086 874.053 -3 -28 6.244 0.390 0.509000 0.390 100 1 0
 919 1313.035 873.272 -3 -28 0.390 0.390 0.465000 0.390 100 1 0
 920 1324.158 873.272 -3 -28 6.244 0.390 0.532000 0.390 100 1 0
 921 1333.915 873.272 -3 -28 6.244 0.390 0.532000 0.390 100 1 0
 922 1339.964 873.272 -3 -28 1.170 0.390 0.114000 0.338 100 1 0
 923 1344.257 873.272 -3 -28 1.951 0.390 0.486000 0.390 100 1 0
 924 1347.964 870.537 -3 -28 0.390 0.390 0.486000 0.390 100 1 0
 925 1317.328 869.756 -3 -28 1.170 0.390 0.465000 0.390 100 1 0
 926 1321.036 869.756 -3 -28 0.390 0.390 0.465000 0.390 100 1 0
 927 1325.524 869.756 -3 -28 3.512 0.390 0.486000 0.390 100 1 0
 928 1332.158 869.756 -3 -28 2.731 0.390 0.443000 0.390 100 1 0
 929 1336.842 869.561 -3 -28 0.390 0.390 0.465000 0.390 100 1 0
 930 1339.964 869.561 -3 -28 1.170 0.390 0.532000 0.390 100 1 0
 931 1344.452 869.756 -3 -28 1.561 0.390 0.443000 0.390 100 1 0
 932 1313.035 866.241 -3 -28 1.170 0.781 0.445000 0.667 100 1 0
 933 1317.328 866.241 -3 -28 1.951 0.781 0.638000 0.781 100 1 0
 934 1351.281 866.631 -3 -28 6.634 0.390 0.532000 0.390 100 1 0
 935 1322.792 865.850 -3 -28 3.512 0.390 0.509000 0.390 100 1 0
 936 1333.915 865.850 -3 -28 6.244 0.390 0.509000 0.390 100 1 0
 937 1339.964 865.850 -3 -28 1.170 0.390 0.114000 0.338 100 1 0
 938 1344.257 865.850 -3 -28 1.951 0.390 0.486000 0.390 100 1 0
 939 1326.499 863.116 -3 -28 2.341 0.781 0.443000 0.665 100 1 0
 940 1347.964 862.920 -3 -28 0.390 0.390 0.465000 0.390 100 1 0
 941 1313.035 862.530 -3 -28 1.170 0.390 0.283000 0.390 100 1 0
 942 1316.938 862.530 -3 -28 1.170 0.390 0.532000 0.390 100 1 0
 943 1337.037 862.139 -3 -28 0.390 0.390 0.465000 0.390 100 1 0
 944 1339.964 862.139 -3 -28 1.170 0.390 0.486000 0.390 100 1 0
 945 1313.035 858.819 -3 -28 1.170 0.781 0.445000 0.667 100 1 0
 946 1316.743 858.428 -3 -28 0.780 1.562 0.236000 0.485 100 1 0
 947 1351.086 858.623 -3 -28 6.244 1.171 0.509000 0.713 100 1 0
 948 1312.840 855.108 -3 -28 0.780 0.390 0.192000 0.390 100 1 0
 949 1316.938 853.358 -3 -28 1.170 3.905 0.506000 0.711 100 1 0
 950 1351.281 855.303 -3 -28 6.634 0.390 0.443000 0.390 100 1 0
 951 1312.840 851.405 -3 -28 0.780 0.781 0.283000 0.531 100 1 0
 952 1351.086 851.209 -3 -28 6.244 1.171 0.486000 0.697 100 1 0
 953 1312.840 847.694 -3 -28 0.780 0.390 0.192000 0.390 100 1 0
 954 1316.938 845.936 -3 -28 1.170 3.905 0.638000 0.798 100 1 0
 955 1351.086 847.889 -3 -28 6.244 0.390 0.443000 0.390 100 1 0
 956 1351.086 843.787 -3 -28 6.244 1.171 0.509000 0.713 100 1 0
 957 1313.035 840.076 -3 -28 1.170 0.781 0.236000 0.485 100 1 0
 958 1317.133 840.272 -3 -28 1.561 0.390 0.334000 0.390 100 1 0
 959 1351.086 840.467 -3 -28 6.244 0.390 0.465000 0.390 100 1 0
 960 1312.840 836.561 -3 -28 0.780 0.781 0.236000 0.485 100 1 0
 961 1317.328 836.561 -3 -28 1.951 0.781 0.709000 0.781 100 1 0
 962 1348.159 836.366 -3 -28 0.390 1.171 0.465000 0.390 100 1 0
 963 1312.840 832.850 -3 -28 0.780 0.390 0.192000 0.390 100 1 0
 964 1316.938 833.045 -3 -28 1.170 0.390 0.114000 0.338 100 1 0
 965 1349.721 832.459 -3 -28 3.512 1.171 0.443000 0.665 100 1 0
 966 1312.840 829.139 -3 -28 0.780 0.781 0.192000 0.437 100 1 0
 967 1316.743 829.334 -3 -28 0.780 0.390 0.486000 0.390 100 1 0
 968 1348.550 828.944 -3 -28 1.170 1.171 0.443000 0.665 100 1 0
 969 1312.840 825.436 -3 -28 0.780 0.390 0.192000 0.390 100 1 0
 970 1316.938 825.436 -3 -28 1.170 0.390 0.151000 0.389 100 1 0
 971 1349.526 825.631 -3 -28 3.122 0.390 0.509000 0.390 100 1 0
 972 1313.035 821.725 -3 -28 1.170 0.781 0.236000 0.485 100 1 0
 973 1317.133 821.725 -3 -28 1.561 0.781 0.334000 0.577 100 1 0
 974 1347.964 822.116 -3 -28 0.390 0.390 0.422000 0.390 100 1 0
 975 1312.840 817.819 -3 -28 0.780 0.781 0.236000 0.485 100 1 0
 976 1317.133 818.014 -3 -28 1.561 0.390 0.283000 0.390 100 1 0
 977 1351.086 817.623 -3 -28 6.244 1.171 0.486000 0.697 100 1 0
 978 1313.035 814.303 -3 -28 1.170 0.781 0.236000 0.485 100 1 0
 979 1316.938 814.498 -3 -28 1.170 0.390 0.151000 0.389 100 1 0
 980 1348.159 814.108 -3 -28 0.390 1.171 0.422000 0.390 100 1 0
 981 1312.840 810.397 -3 -28 0.780 0.781 0.334000 0.577 100 1 0
 982 1316.938 810.397 -3 -28 1.170 0.781 0.509000 0.713 100 1 0
 983 1349.135 810.201 -3 -28 2.341 1.171 0.486000 0.697 100 1 0
 984 1313.035 806.881 -3 -28 1.170 0.781 0.283000 0.531 100 1 0
 985 1317.328 806.881 -3 -28 1.951 0.781 0.570000 0.755 100 1 0
 986 1312.840 802.975 -3 -28 0.780 0.781 0.192000 0.437 100 1 0
 987 1316.938 803.366 -3 -28 1.170 0.390 0.486000 0.390 100 1 0
 988 1348.159 803.366 -3 -28 0.390 0.390 0.465000 0.390 100 1 0
 989 1312.840 799.272 -3 -28 0.780 0.390 0.192000 0.390 100 1 0
 990 1317.133 799.272 -3 -28 1.561 0.390 0.334000 0.390 100 1 0
 991 1312.840 795.561 -3 -28 0.780 0.781 0.283000 0.531 100 1 0
 992 1316.938 795.951 -3 -28 1.170 0.390 0.465000 0.390 100 1 0
 993 1347.964 795.366 -3 -28 0.390 1.171 0.443000 0.390 100 1 0
 994 1312.840 791.850 -3 -28 0.780 0.390 0.192000 0.390 100 1 0
 995 1317.133 791.850 -3 -28 1.561 0.390 0.334000 0.390 100 1 0
 996 1312.840 788.139 -3 -28 0.780 0.781 0.283000 0.531 100 1 0
 997 1317.133 788.139 -3 -28 1.561 0.781 0.334000 0.577 100 1 0
 998 1312.840 784.428 -3 -28 0.780 0.390 0.192000 0.390 100 1 0
 999 1317.133 784.428 -3 -28 1.561 0.390 0.283000 0.390 100 1 0
 1000 1312.840 780.912 -3 -28 0.780 0.390 0.114000 0.338 100 1 0
 1001 1316.938 780.912 -3 -28 1.170 0.390 0.151000 0.389 100 1 0
 1002 1379.772 1472.701 -3 -28 3.512 11.715 34.909000 3.512 100 1 0
 1003 1384.845 1464.303 -3 -28 0.390 1.171 0.273000 0.390 100 1 0
 1004 1384.845 1427.014 -3 -28 0.390 5.467 0.307000 0.390 100 1 0
 1005 1384.845 1417.053 -3 -28 0.390 0.390 0.290000 0.390 100 1 0
 1006 1384.845 1413.147 -3 -28 0.390 2.733 0.325000 0.390 100 1 0
 1007 1384.650 1399.287 -3 -28 0.390 0.390 0.256000 0.390 100 1 0
 1008 1385.430 1376.631 -3 -28 0.780 0.390 0.325000 0.390 100 1 0
 1009 1385.430 1371.561 -3 -28 0.780 0.390 0.325000 0.390 100 1 0
 1010 1385.625 1369.022 -3 -28 0.390 0.390 0.290000 0.390 100 1 0
 1011 1385.430 1366.483 -3 -28 0.780 0.390 0.325000 0.390 100 1 0
 1012 1385.430 1353.983 -3 -28 0.780 0.390 0.325000 0.390 100 1 0
 1013 1385.236 1321.186 -3 -28 0.390 0.390 0.344000 0.390 100 1 0
 1014 1385.040 1318.647 -3 -28 0.390 0.390 0.256000 0.390 100 1 0
 1015 1385.821 1260.655 -3 -28 0.390 0.390 0.344000 0.390 100 1 0
 1016 1385.821 1255.576 -3 -28 1.561 0.390 0.465000 0.390 100 1 0
 1017 1386.211 1251.866 -3 -28 0.780 2.733 0.443000 0.665 100 1 0
 1018 1385.040 1248.155 -3 -28 0.390 0.390 0.344000 0.390 100 1 0
 1019 1385.040 1220.428 -3 -28 0.390 0.390 0.344000 0.390 100 1 0
 1020 1385.040 1215.358 -3 -28 0.390 0.390 0.363000 0.390 100 1 0
 1021 1385.236 1210.280 -3 -28 0.390 0.390 0.363000 0.390 100 1 0
 1022 1385.430 1205.201 -3 -28 0.390 0.390 0.325000 0.390 100 1 0
 1023 1384.845 1192.709 -3 -28 1.170 0.390 0.344000 0.390 100 1 0
 1024 1384.845 1187.631 -3 -28 1.170 0.390 0.422000 0.390 100 1 0
 1025 1385.430 1185.287 -3 -28 0.390 0.390 0.325000 0.390 100 1 0
 1026 1384.650 1182.748 -3 -28 0.780 0.390 0.422000 0.390 100 1 0
 1027 1384.650 1177.475 -3 -28 0.780 0.390 0.344000 0.390 100 1 0
 1028 1385.040 1175.131 -3 -28 0.390 0.390 0.325000 0.390 100 1 0
 1029 1385.040 1170.053 -3 -28 0.390 0.390 0.325000 0.390 100 1 0
 1030 1361.038 1167.717 -3 -28 6.634 1.562 3.592000 1.562 100 1 0
 1031 1367.282 1167.522 -3 -28 1.170 1.171 0.236000 0.485 100 1 0
 1032 1371.186 1167.522 -3 -28 1.170 1.171 0.283000 0.531 100 1 0
 1033 1361.038 1164.006 -3 -28 6.634 1.171 2.988000 1.171 100 1 0
 1034 1367.282 1164.006 -3 -28 1.170 1.171 0.236000 0.485 100 1 0
 1035 1371.186 1164.006 -3 -28 1.170 1.171 0.236000 0.485 100 1 0
 1036 1361.038 1160.295 -3 -28 6.634 1.562 4.964000 1.562 100 1 0
 1037 1371.186 1160.295 -3 -28 1.170 1.562 0.388000 0.622 100 1 0
 1038 1367.282 1160.100 -3 -28 1.170 1.171 0.509000 0.713 100 1 0
 1039 1361.038 1156.584 -3 -28 6.634 1.171 2.845000 1.171 100 1 0
 1040 1367.282 1156.584 -3 -28 1.170 1.171 0.236000 0.485 100 1 0
 1041 1371.186 1156.584 -3 -28 1.170 1.171 0.283000 0.531 100 1 0
 1042 1361.038 1152.873 -3 -28 6.634 1.562 5.341000 1.562 100 1 0
 1043 1367.088 1152.873 -3 -28 0.780 1.562 0.509000 0.713 100 1 0
 1044 1371.186 1152.873 -3 -28 1.170 1.562 0.443000 0.665 100 1 0
 1045 1361.038 1149.162 -3 -28 6.634 1.171 2.988000 1.171 100 1 0
 1046 1367.282 1149.162 -3 -28 1.170 1.171 0.236000 0.485 100 1 0
 1047 1371.186 1149.162 -3 -28 1.170 1.171 0.236000 0.485 100 1 0
 1048 1384.845 1147.405 -3 -28 0.390 0.390 0.363000 0.390 100 1 0
 1049 1351.477 1145.451 -3 -28 6.244 1.562 0.532000 0.729 100 1 0
 1050 1361.038 1145.451 -3 -28 6.634 1.562 0.532000 0.729 100 1 0
 1051 1367.088 1145.647 -3 -28 0.780 1.171 0.509000 0.713 100 1 0
 1052 1370.990 1145.451 -3 -28 0.780 1.562 0.465000 0.681 100 1 0
 1053 1361.038 1141.741 -3 -28 6.634 1.171 2.845000 1.171 100 1 0
 1054 1367.282 1141.741 -3 -28 1.170 1.171 0.236000 0.485 100 1 0
 1055 1371.186 1141.741 -3 -28 1.170 1.171 0.283000 0.531 100 1 0
 1056 1361.038 1138.233 -3 -28 6.634 1.171 0.532000 0.729 100 1 0
 1057 1367.088 1138.233 -3 -28 0.780 1.171 0.465000 0.681 100 1 0
 1058 1385.040 1137.256 -3 -28 0.780 0.390 0.382000 0.390 100 1 0
 1059 1361.038 1134.326 -3 -28 6.634 1.171 2.706000 1.171 100 1 0
 1060 1367.282 1134.326 -3 -28 1.170 1.171 0.236000 0.485 100 1 0
 1061 1371.186 1134.326 -3 -28 1.170 1.171 0.283000 0.531 100 1 0
 1062 1385.236 1134.912 -3 -28 0.390 0.390 0.344000 0.390 100 1 0
 1063 1385.236 1132.178 -3 -28 0.390 0.390 0.325000 0.390 100 1 0
 1064 1361.038 1130.811 -3 -28 6.634 1.171 2.988000 1.171 100 1 0
 1065 1367.088 1130.811 -3 -28 0.780 1.171 0.532000 0.729 100 1 0
 1066 1370.990 1130.811 -3 -28 0.780 1.171 0.532000 0.729 100 1 0
 1067 1361.038 1126.905 -3 -28 6.634 1.171 2.706000 1.171 100 1 0
 1068 1367.088 1126.905 -3 -28 0.780 1.171 0.192000 0.437 100 1 0
 1069 1370.990 1126.905 -3 -28 0.780 1.171 0.192000 0.437 100 1 0
 1070 1361.038 1123.389 -3 -28 6.634 1.171 2.706000 1.171 100 1 0
 1071 1367.282 1123.389 -3 -28 1.170 1.171 0.236000 0.485 100 1 0
 1072 1370.990 1123.389 -3 -28 0.780 1.171 0.192000 0.437 100 1 0
 1073 1361.038 1119.678 -3 -28 6.634 1.562 2.706000 1.562 100 1 0
 1074 1367.088 1119.483 -3 -28 0.780 1.171 0.192000 0.437 100 1 0
 1075 1370.990 1119.483 -3 -28 0.780 1.171 0.192000 0.437 100 1 0
 1076 1361.038 1115.967 -3 -28 6.634 1.171 2.845000 1.171 100 1 0
 1077 1367.088 1115.967 -3 -28 0.780 1.171 0.192000 0.437 100 1 0
 1078 1371.186 1115.967 -3 -28 1.170 1.171 0.236000 0.485 100 1 0
 1079 1362.795 1102.498 -3 -28 10.146 21.087 95.797000 9.787 100 1 0
 1080 1371.186 1112.069 -3 -28 1.170 1.171 0.509000 0.713 100 1 0
 1081 1371.186 1108.553 -3 -28 1.170 1.171 0.283000 0.531 100 1 0
 1082 1371.186 1104.842 -3 -28 1.170 1.562 0.486000 0.697 100 1 0
 1083 1371.186 1101.131 -3 -28 1.170 1.171 0.236000 0.485 100 1 0
 1084 1386.601 1099.569 -3 -28 0.390 0.390 0.240000 0.390 100 1 0
 1085 1370.990 1097.420 -3 -28 0.780 1.562 0.509000 0.713 100 1 0
 1086 1371.186 1093.709 -3 -28 1.170 1.171 0.283000 0.531 100 1 0
 1087 1386.211 1091.951 -3 -28 0.390 0.390 0.256000 0.390 100 1 0
 1088 1362.795 1088.834 -3 -28 9.366 1.562 0.465000 0.681 100 1 0
 1089 1370.795 1089.608 -3 -28 0.390 0.390 0.532000 0.390 100 1 0
 1090 1362.600 1085.123 -3 -28 9.756 1.171 3.283000 1.171 100 1 0
 1091 1370.600 1085.319 -3 -28 0.390 0.390 0.240000 0.390 100 1 0
 1092 1353.038 1082.194 -3 -28 2.341 0.390 0.192000 0.390 100 1 0
 1093 1360.843 1082.194 -3 -28 5.463 0.390 0.709000 0.390 100 1 0
 1094 1367.282 1082.194 -3 -28 0.390 0.390 0.050000 0.224 100 1 0
 1095 1370.990 1082.194 -3 -28 0.780 0.390 0.081000 0.283 100 1 0
 1096 1349.330 1081.803 -3 -28 0.390 0.390 0.465000 0.390 100 1 0
 1097 1361.038 1079.069 -3 -28 6.634 1.562 2.988000 1.562 100 1 0
 1098 1354.014 1078.873 -3 -28 1.170 1.171 0.114000 0.338 100 1 0
 1099 1367.088 1078.873 -3 -28 0.780 1.171 0.192000 0.437 100 1 0
 1100 1371.186 1078.873 -3 -28 1.170 1.171 0.283000 0.531 100 1 0
 1101 1353.038 1075.944 -3 -28 2.341 0.390 0.509000 0.390 100 1 0
 1102 1361.038 1075.358 -3 -28 6.634 1.171 2.845000 1.171 100 1 0
 1103 1367.088 1075.358 -3 -28 0.780 1.171 0.192000 0.437 100 1 0
 1104 1370.795 1075.944 -3 -28 0.390 0.390 0.532000 0.390 100 1 0
 1105 1386.211 1073.014 -3 -28 0.780 2.733 0.402000 0.633 100 1 0
 1106 1352.452 1072.233 -3 -28 1.170 0.390 0.486000 0.390 100 1 0
 1107 1359.478 1072.037 -3 -28 3.512 0.390 0.532000 0.390 100 1 0
 1108 1365.722 1071.451 -3 -28 4.292 1.171 0.509000 0.713 100 1 0
 1109 1386.211 1069.303 -3 -28 0.390 0.390 0.325000 0.390 100 1 0
 1110 1353.038 1068.522 -3 -28 3.122 0.390 0.509000 0.390 100 1 0
 1111 1361.038 1067.936 -3 -28 6.634 1.171 2.845000 1.171 100 1 0
 1112 1367.088 1067.936 -3 -28 0.780 1.171 0.192000 0.437 100 1 0
 1113 1371.186 1067.936 -3 -28 1.170 1.171 0.283000 0.531 100 1 0
 1114 1352.843 1064.616 -3 -28 1.951 0.390 0.486000 0.390 100 1 0
 1115 1361.038 1064.030 -3 -28 6.634 1.171 1.607000 1.171 100 1 0
 1116 1367.088 1064.030 -3 -28 0.780 1.171 0.532000 0.729 100 1 0
 1117 1371.186 1064.030 -3 -28 1.170 1.171 0.236000 0.485 100 1 0
 1118 1352.648 1061.108 -3 -28 3.122 0.390 0.465000 0.390 100 1 0
 1119 1359.087 1061.108 -3 -28 2.731 0.390 0.283000 0.390 100 1 0
 1120 1367.088 1061.108 -3 -28 0.780 0.390 0.532000 0.390 100 1 0
 1121 1367.088 1056.616 -3 -28 0.780 1.171 0.509000 0.713 100 1 0
 1122 1363.771 1056.030 -3 -28 1.170 0.390 0.465000 0.390 100 1 0
 1123 1352.452 1053.686 -3 -28 3.512 0.390 0.509000 0.390 100 1 0
 1124 1361.234 1053.100 -3 -28 6.244 1.171 1.302000 1.141 100 1 0
 1125 1367.088 1053.100 -3 -28 0.780 1.171 0.114000 0.338 100 1 0
 1126 1370.795 1052.514 -3 -28 0.390 0.390 0.486000 0.390 100 1 0
 1127 1361.038 1049.389 -3 -28 6.634 1.562 4.251000 1.562 100 1 0
 1128 1367.088 1049.194 -3 -28 0.780 1.171 0.465000 0.681 100 1 0
 1129 1371.381 1049.194 -3 -28 1.561 1.171 0.486000 0.697 100 1 0
 1130 1361.038 1045.678 -3 -28 6.634 1.171 2.845000 1.171 100 1 0
 1131 1367.282 1045.678 -3 -28 1.170 1.171 0.192000 0.437 100 1 0
 1132 1370.990 1045.678 -3 -28 0.780 1.171 0.192000 0.437 100 1 0
 1133 1361.038 1041.967 -3 -28 6.634 1.562 0.486000 0.697 100 1 0
 1134 1370.990 1042.162 -3 -28 0.780 1.171 0.465000 0.681 100 1 0
 1135 1367.088 1041.771 -3 -28 0.780 1.171 0.486000 0.697 100 1 0
 1136 1361.038 1038.256 -3 -28 6.634 1.171 2.706000 1.171 100 1 0
 1137 1367.088 1038.256 -3 -28 0.780 1.171 0.192000 0.437 100 1 0
 1138 1371.186 1038.256 -3 -28 1.170 1.171 0.236000 0.485 100 1 0
 1139 1361.038 1034.748 -3 -28 6.634 1.171 0.486000 0.697 100 1 0
 1140 1367.088 1034.748 -3 -28 0.780 1.171 0.486000 0.697 100 1 0
 1141 1370.600 1035.334 -3 -28 0.390 0.390 0.443000 0.390 100 1 0
 1142 1361.038 1030.842 -3 -28 6.634 1.171 2.706000 1.171 100 1 0
 1143 1367.088 1030.842 -3 -28 0.780 1.171 0.192000 0.437 100 1 0
 1144 1371.186 1030.842 -3 -28 1.170 1.171 0.283000 0.531 100 1 0
 1145 1361.038 1027.326 -3 -28 6.634 1.171 0.509000 0.713 100 1 0
 1146 1367.088 1027.326 -3 -28 0.780 1.171 0.486000 0.697 100 1 0
 1147 1370.990 1027.326 -3 -28 0.780 1.171 0.509000 0.713 100 1 0
 1148 1361.038 1023.420 -3 -28 6.634 1.171 2.706000 1.171 100 1 0
 1149 1367.088 1023.420 -3 -28 0.780 1.171 0.192000 0.437 100 1 0
 1150 1371.186 1023.420 -3 -28 1.170 1.171 0.236000 0.485 100 1 0
 1151 1361.038 1019.905 -3 -28 6.634 1.171 0.509000 0.713 100 1 0
 1152 1367.088 1019.905 -3 -28 0.780 1.171 0.532000 0.729 100 1 0
 1153 1370.990 1019.905 -3 -28 0.780 1.171 0.532000 0.729 100 1 0
 1154 1361.038 1015.998 -3 -28 6.634 1.171 2.845000 1.171 100 1 0
 1155 1367.088 1015.998 -3 -28 0.780 1.171 0.192000 0.437 100 1 0
 1156 1371.186 1015.998 -3 -28 1.170 1.171 0.532000 0.729 100 1 0
 1157 1361.038 1013.069 -3 -28 6.634 0.390 0.943000 0.390 100 1 0
 1158 1367.088 1013.069 -3 -28 0.780 0.390 0.081000 0.283 100 1 0
 1159 1370.990 1013.069 -3 -28 0.780 0.390 0.081000 0.283 100 1 0
 1160 1361.038 1008.584 -3 -28 6.634 1.171 2.706000 1.171 100 1 0
 1161 1367.088 1008.584 -3 -28 0.780 1.171 0.532000 0.729 100 1 0
 1162 1371.186 1008.584 -3 -28 1.170 1.171 0.236000 0.485 100 1 0
 1163 1361.038 1005.069 -3 -28 6.634 1.171 2.845000 1.171 100 1 0
 1164 1367.088 1005.069 -3 -28 0.780 1.171 0.192000 0.437 100 1 0
 1165 1371.186 1005.069 -3 -28 1.170 1.171 0.532000 0.729 100 1 0
 1166 1361.038 1001.162 -3 -28 6.634 1.171 3.134000 1.171 100 1 0
 1167 1367.088 1001.162 -3 -28 0.780 1.171 0.532000 0.729 100 1 0
 1168 1371.186 1001.162 -3 -28 1.170 1.171 0.283000 0.531 100 1 0
 1169 1361.038 997.647 -3 -28 6.634 1.171 2.845000 1.171 100 1 0
 1170 1367.088 997.647 -3 -28 0.780 1.171 0.192000 0.437 100 1 0
 1171 1371.186 997.647 -3 -28 1.170 1.171 0.236000 0.485 100 1 0
 1172 1361.038 993.936 -3 -28 6.634 1.562 3.592000 1.562 100 1 0
 1173 1367.088 993.741 -3 -28 0.780 1.171 0.532000 0.729 100 1 0
 1174 1371.186 993.741 -3 -28 1.170 1.171 0.532000 0.729 100 1 0
 1175 1361.038 990.225 -3 -28 6.634 1.171 2.845000 1.171 100 1 0
 1176 1367.088 990.225 -3 -28 0.780 1.171 0.192000 0.437 100 1 0
 1177 1371.186 990.225 -3 -28 1.170 1.171 0.283000 0.531 100 1 0
 1178 1361.038 986.319 -3 -28 6.634 1.171 0.486000 0.697 100 1 0
 1179 1367.088 986.319 -3 -28 0.780 1.171 0.486000 0.697 100 1 0
 1180 1371.381 986.319 -3 -28 1.561 1.171 0.486000 0.697 100 1 0
 1181 1361.038 982.811 -3 -28 6.634 1.171 2.845000 1.171 100 1 0
 1182 1367.088 982.811 -3 -28 0.780 1.171 0.192000 0.437 100 1 0
 1183 1370.990 982.811 -3 -28 0.780 1.171 0.192000 0.437 100 1 0
 1184 1361.038 979.100 -3 -28 6.634 1.562 0.486000 0.697 100 1 0
 1185 1370.990 979.100 -3 -28 0.780 1.562 0.486000 0.697 100 1 0
 1186 1367.088 978.905 -3 -28 0.780 1.171 0.465000 0.681 100 1 0
 1187 1361.038 975.389 -3 -28 6.634 1.171 2.706000 1.171 100 1 0
 1188 1367.088 975.389 -3 -28 0.780 1.171 0.192000 0.437 100 1 0
 1189 1371.381 975.389 -3 -28 1.561 1.171 0.532000 0.729 100 1 0
 1190 1361.038 971.678 -3 -28 6.634 1.562 0.486000 0.697 100 1 0
 1191 1370.795 971.873 -3 -28 0.390 1.171 0.465000 0.390 100 1 0
 1192 1367.088 971.678 -3 -28 0.780 0.781 0.465000 0.681 100 1 0
 1193 1361.038 967.967 -3 -28 6.634 1.171 2.845000 1.171 100 1 0
 1194 1367.088 967.967 -3 -28 0.780 1.171 0.532000 0.729 100 1 0
 1195 1371.186 967.967 -3 -28 1.170 1.171 0.236000 0.485 100 1 0
 1196 1360.843 964.451 -3 -28 6.244 1.171 0.465000 0.681 100 1 0
 1197 1367.088 964.451 -3 -28 0.780 1.171 0.443000 0.665 100 1 0
 1198 1370.990 964.451 -3 -28 0.780 1.171 0.486000 0.697 100 1 0
 1199 1361.038 960.545 -3 -28 6.634 1.171 2.845000 1.171 100 1 0
 1200 1367.088 960.545 -3 -28 0.780 1.171 0.192000 0.437 100 1 0
 1201 1371.186 960.545 -3 -28 1.170 1.171 0.532000 0.729 100 1 0
 1202 1361.038 957.037 -3 -28 6.634 1.171 0.486000 0.697 100 1 0
 1203 1367.088 957.037 -3 -28 0.780 1.171 0.465000 0.681 100 1 0
 1204 1370.795 957.037 -3 -28 0.390 1.171 0.465000 0.390 100 1 0
 1205 1361.038 953.131 -3 -28 6.634 1.171 2.845000 1.171 100 1 0
 1206 1367.088 953.131 -3 -28 0.780 1.171 0.192000 0.437 100 1 0
 1207 1371.381 953.131 -3 -28 1.561 1.171 0.334000 0.577 100 1 0
 1208 1361.038 949.616 -3 -28 6.634 1.171 0.509000 0.713 100 1 0
 1209 1367.088 949.616 -3 -28 0.780 1.171 0.509000 0.713 100 1 0
 1210 1370.990 949.616 -3 -28 0.780 1.171 0.509000 0.713 100 1 0
 1211 1361.038 945.123 -3 -28 6.634 0.390 0.943000 0.390 100 1 0
 1212 1367.088 945.123 -3 -28 0.780 0.390 0.532000 0.390 100 1 0
 1213 1371.186 945.123 -3 -28 1.170 0.390 0.532000 0.390 100 1 0
 1214 1362.600 929.116 -3 -28 9.756 27.335 35.398000 5.949 100 1 0
 1215 1371.381 942.194 -3 -28 1.561 1.171 0.486000 0.697 100 1 0
 1216 1370.990 938.287 -3 -28 0.780 1.171 0.532000 0.729 100 1 0
 1217 1371.186 934.772 -3 -28 1.170 1.171 0.465000 0.681 100 1 0
 1218 1370.990 930.873 -3 -28 0.780 1.171 0.532000 0.729 100 1 0
 1219 1371.186 927.358 -3 -28 1.170 1.171 0.509000 0.713 100 1 0
 1220 1371.186 923.451 -3 -28 1.170 1.171 0.509000 0.713 100 1 0
 1221 1370.990 919.936 -3 -28 0.780 1.171 0.486000 0.697 100 1 0
 1222 1371.186 916.030 -3 -28 1.170 1.171 0.509000 0.713 100 1 0
 1223 1361.038 912.514 -3 -28 6.634 1.171 2.438000 1.171 100 1 0
 1224 1367.088 912.514 -3 -28 0.780 1.171 0.532000 0.729 100 1 0
 1225 1371.381 912.514 -3 -28 1.561 1.171 0.532000 0.729 100 1 0
 1226 1361.038 908.608 -3 -28 6.634 1.171 2.706000 1.171 100 1 0
 1227 1367.088 908.608 -3 -28 0.780 1.171 0.192000 0.437 100 1 0
 1228 1370.990 908.608 -3 -28 0.780 1.171 0.509000 0.713 100 1 0
 1229 1361.038 903.147 -3 -28 6.634 5.076 14.453000 3.801 100 1 0
 1230 1367.088 905.100 -3 -28 0.780 1.171 0.532000 0.729 100 1 0
 1231 1371.381 905.100 -3 -28 1.561 1.171 0.532000 0.729 100 1 0
 1232 1367.088 901.194 -3 -28 0.780 1.171 0.509000 0.713 100 1 0
 1233 1371.381 901.194 -3 -28 1.561 1.171 0.509000 0.713 100 1 0
 1234 1361.038 895.725 -3 -28 6.634 5.076 8.846000 2.974 100 1 0
 1235 1367.088 897.678 -3 -28 0.780 1.171 0.532000 0.729 100 1 0
 1236 1371.381 897.678 -3 -28 1.561 1.171 0.509000 0.713 100 1 0
 1237 1367.088 893.772 -3 -28 0.780 1.171 0.509000 0.713 100 1 0
 1238 1370.990 893.772 -3 -28 0.780 1.171 0.486000 0.697 100 1 0
 1239 1361.038 890.256 -3 -28 6.634 1.171 0.532000 0.729 100 1 0
 1240 1367.088 890.256 -3 -28 0.780 1.171 0.532000 0.729 100 1 0
 1241 1371.186 890.256 -3 -28 1.170 1.171 0.509000 0.713 100 1 0
 1242 1361.038 874.053 -3 -28 6.634 0.390 0.532000 0.390 100 1 0
 1243 1367.088 874.053 -3 -28 0.780 0.390 0.532000 0.390 100 1 0
 1244 1370.990 874.053 -3 -28 0.780 0.390 0.532000 0.390 100 1 0
 1245 1357.721 870.342 -3 -28 0.390 0.390 0.486000 0.390 100 1 0
 1246 1367.088 870.342 -3 -28 0.780 0.390 0.443000 0.390 100 1 0
 1247 1370.600 870.537 -3 -28 0.390 0.390 0.465000 0.390 100 1 0
 1248 1361.038 866.631 -3 -28 6.634 0.390 0.532000 0.390 100 1 0
 1249 1367.088 866.631 -3 -28 0.780 0.390 0.509000 0.390 100 1 0
 1250 1370.990 866.631 -3 -28 0.780 0.390 0.486000 0.390 100 1 0
 1251 1357.721 863.116 -3 -28 0.390 0.390 0.465000 0.390 100 1 0
 1252 1367.088 862.920 -3 -28 0.780 0.390 0.443000 0.390 100 1 0
 1253 1370.600 863.116 -3 -28 0.390 0.390 0.443000 0.390 100 1 0
 1254 1360.843 858.623 -3 -28 6.244 1.171 0.509000 0.713 100 1 0
 1255 1367.088 858.623 -3 -28 0.780 1.171 0.532000 0.729 100 1 0
 1256 1371.186 858.623 -3 -28 1.170 1.171 0.486000 0.697 100 1 0
 1257 1360.843 855.108 -3 -28 6.244 1.171 0.443000 0.665 100 1 0
 1258 1367.088 855.303 -3 -28 0.780 0.390 0.465000 0.390 100 1 0
 1259 1371.381 854.912 -3 -28 1.561 0.781 0.465000 0.681 100 1 0
 1260 1360.843 851.209 -3 -28 6.244 1.171 0.486000 0.697 100 1 0
 1261 1367.088 851.209 -3 -28 0.780 1.171 0.509000 0.713 100 1 0
 1262 1370.990 851.209 -3 -28 0.780 1.171 0.486000 0.697 100 1 0
 1263 1357.721 847.498 -3 -28 0.390 0.781 0.443000 0.390 100 1 0
 1264 1362.014 847.303 -3 -28 3.902 1.171 0.422000 0.649 100 1 0
 1265 1367.088 847.303 -3 -28 0.780 1.171 0.465000 0.681 100 1 0
 1266 1370.795 847.889 -3 -28 0.390 0.390 0.443000 0.390 100 1 0
 1267 1360.843 843.787 -3 -28 6.244 1.171 0.486000 0.697 100 1 0
 1268 1367.088 843.787 -3 -28 0.780 1.171 0.509000 0.713 100 1 0
 1269 1370.990 843.787 -3 -28 0.780 1.171 0.486000 0.697 100 1 0
 1270 1357.721 840.467 -3 -28 0.390 0.390 0.443000 0.390 100 1 0
 1271 1360.453 840.467 -3 -28 0.780 0.390 0.443000 0.390 100 1 0
 1272 1363.965 839.881 -3 -28 0.390 1.171 0.422000 0.390 100 1 0
 1273 1367.088 839.881 -3 -28 0.780 1.171 0.465000 0.681 100 1 0
 1274 1370.990 840.076 -3 -28 0.780 0.781 0.465000 0.681 100 1 0
 1275 1352.648 836.366 -3 -28 3.122 1.171 0.443000 0.665 100 1 0
 1276 1360.843 836.366 -3 -28 6.244 1.171 0.486000 0.697 100 1 0
 1277 1367.088 836.366 -3 -28 0.780 1.171 0.465000 0.681 100 1 0
 1278 1371.381 836.366 -3 -28 1.561 1.171 0.465000 0.681 100 1 0
 1279 1360.843 832.459 -3 -28 6.244 1.171 0.443000 0.665 100 1 0
 1280 1367.088 832.459 -3 -28 0.780 1.171 0.486000 0.697 100 1 0
 1281 1371.381 833.045 -3 -28 1.561 0.390 0.465000 0.390 100 1 0
 1282 1360.843 828.944 -3 -28 6.244 1.171 0.486000 0.697 100 1 0
 1283 1367.088 828.944 -3 -28 0.780 1.171 0.486000 0.697 100 1 0
 1284 1370.795 828.944 -3 -28 0.390 1.171 0.443000 0.390 100 1 0
 1285 1357.721 825.045 -3 -28 0.390 1.171 0.443000 0.390 100 1 0
 1286 1362.209 825.045 -3 -28 3.512 1.171 0.443000 0.665 100 1 0
 1287 1367.088 825.045 -3 -28 0.780 1.171 0.486000 0.697 100 1 0
 1288 1371.381 825.045 -3 -28 1.561 1.171 0.443000 0.665 100 1 0
 1289 1367.088 821.530 -3 -28 0.780 1.171 0.486000 0.697 100 1 0
 1290 1370.600 821.530 -3 -28 0.390 1.171 0.443000 0.390 100 1 0
 1291 1354.209 820.944 -3 -28 0.390 0.390 0.422000 0.390 100 1 0
 1292 1363.965 820.944 -3 -28 0.390 0.390 0.443000 0.390 100 1 0
 1293 1357.721 818.209 -3 -28 0.390 0.390 0.465000 0.390 100 1 0
 1294 1362.209 817.623 -3 -28 3.512 1.171 0.443000 0.665 100 1 0
 1295 1367.088 817.623 -3 -28 0.780 1.171 0.486000 0.697 100 1 0
 1296 1371.381 817.623 -3 -28 1.561 1.171 0.465000 0.681 100 1 0
 1297 1367.088 814.108 -3 -28 0.780 1.171 0.443000 0.665 100 1 0
 1298 1370.600 814.108 -3 -28 0.390 1.171 0.443000 0.390 100 1 0
 1299 1362.795 813.522 -3 -28 2.341 0.390 0.443000 0.390 100 1 0
 1300 1354.209 810.201 -3 -28 0.390 1.171 0.465000 0.390 100 1 0
 1301 1357.721 810.787 -3 -28 0.390 0.390 0.465000 0.390 100 1 0
 1302 1362.600 810.201 -3 -28 2.731 1.171 0.465000 0.681 100 1 0
 1303 1367.088 810.201 -3 -28 0.780 1.171 0.486000 0.697 100 1 0
 1304 1371.186 810.201 -3 -28 1.170 1.171 0.465000 0.681 100 1 0
 1305 1367.478 806.491 -3 -28 0.390 0.781 0.465000 0.390 100 1 0
 1306 1357.721 806.100 -3 -28 0.390 0.390 0.443000 0.390 100 1 0
 1307 1370.600 806.100 -3 -28 0.390 0.390 0.422000 0.390 100 1 0
 1308 1357.721 803.366 -3 -28 0.390 0.390 0.486000 0.390 100 1 0
 1309 1362.405 802.780 -3 -28 3.122 1.171 0.443000 0.665 100 1 0
 1310 1367.088 802.780 -3 -28 0.780 1.171 0.443000 0.665 100 1 0
 1311 1370.600 802.780 -3 -28 0.390 1.171 0.443000 0.390 100 1 0
 1312 1357.721 799.467 -3 -28 0.390 0.390 0.422000 0.390 100 1 0
 1313 1367.088 799.076 -3 -28 0.780 0.781 0.443000 0.665 100 1 0
 1314 1370.600 799.076 -3 -28 0.390 0.781 0.422000 0.390 100 1 0
 1315 1354.209 795.366 -3 -28 0.390 1.171 0.422000 0.390 100 1 0
 1316 1357.721 795.951 -3 -28 0.390 0.390 0.443000 0.390 100 1 0
 1317 1367.088 795.366 -3 -28 0.780 1.171 0.465000 0.681 100 1 0
 1318 1370.600 795.951 -3 -28 0.390 0.390 0.443000 0.390 100 1 0
 1319 1357.721 792.045 -3 -28 0.390 0.390 0.443000 0.390 100 1 0
 1320 1367.088 791.655 -3 -28 0.780 0.781 0.443000 0.665 100 1 0
 1321 1357.721 787.944 -3 -28 0.390 1.171 0.443000 0.390 100 1 0
 1322 1367.088 788.334 -3 -28 0.780 0.390 0.465000 0.390 100 1 0
 1323 1370.600 787.944 -3 -28 0.390 1.171 0.443000 0.390 100 1 0
 1324 1363.965 787.358 -3 -28 0.390 0.390 0.443000 0.390 100 1 0
 1325 1357.721 784.623 -3 -28 0.390 0.390 0.443000 0.390 100 1 0
 1326 1367.088 784.623 -3 -28 0.780 0.390 0.465000 0.390 100 1 0
 1327 1370.600 784.623 -3 -28 0.390 0.390 0.443000 0.390 100 1 0
 1328 1357.721 780.912 -3 -28 0.390 0.390 0.443000 0.390 100 1 0
 1329 1367.478 780.912 -3 -28 0.390 0.390 0.443000 0.390 100 1 0
 1330 1389.138 1478.561 -3 -28 0.390 0.390 0.290000 0.390 100 1 0
 1331 1406.114 1477.194 -3 -28 0.390 0.390 0.195000 0.390 100 1 0
 1332 1387.967 1463.717 -3 -28 0.390 2.343 0.325000 0.390 100 1 0
 1333 1387.772 1449.858 -3 -28 0.390 0.390 0.344000 0.390 100 1 0
 1334 1404.944 1396.162 -3 -28 0.390 0.390 0.256000 0.390 100 1 0
 1335 1388.553 1394.014 -3 -28 0.780 0.390 0.344000 0.390 100 1 0
 1336 1389.138 1374.100 -3 -28 0.390 0.390 0.325000 0.390 100 1 0
 1337 1390.114 1369.217 -3 -28 0.390 0.390 0.273000 0.390 100 1 0
 1338 1397.724 1361.405 -3 -28 0.390 0.390 0.273000 0.390 100 1 0
 1339 1395.382 1345.787 -3 -28 0.390 0.781 0.114000 0.338 100 1 0
 1340 1420.164 1323.530 -3 -28 0.390 0.390 0.273000 0.390 100 1 0
 1341 1425.238 1311.030 -3 -28 0.390 0.390 0.273000 0.390 100 1 0
 1342 1424.653 1308.491 -3 -28 1.170 0.390 0.307000 0.390 100 1 0
 1343 1399.870 1305.756 -3 -28 0.390 0.390 0.195000 0.390 100 1 0
 1344 1421.726 1298.530 -3 -28 0.390 0.390 0.273000 0.390 100 1 0
 1345 1408.847 1296.194 -3 -28 0.390 0.390 0.325000 0.390 100 1 0
 1346 1405.724 1284.475 -3 -28 2.341 7.810 0.506000 0.711 100 1 0
 1347 1414.310 1287.209 -3 -28 0.390 0.390 0.256000 0.390 100 1 0
 1348 1421.726 1282.717 -3 -28 0.390 1.171 0.307000 0.390 100 1 0
 1349 1416.067 1255.576 -3 -28 0.390 0.390 0.256000 0.390 100 1 0
 1350 1406.114 1253.233 -3 -28 0.390 0.390 0.240000 0.390 100 1 0
 1351 1422.115 1252.647 -3 -28 0.390 1.171 0.273000 0.390 100 1 0
 1352 1404.359 1240.545 -3 -28 0.390 1.171 0.192000 0.390 100 1 0
 1353 1422.115 1240.741 -3 -28 0.390 0.390 0.256000 0.390 100 1 0
 1354 1405.724 1232.147 -3 -28 0.390 0.390 0.256000 0.390 100 1 0
 1355 1406.505 1224.139 -3 -28 0.390 0.390 0.256000 0.390 100 1 0
 1356 1411.188 1182.553 -3 -28 0.780 0.390 0.325000 0.390 100 1 0
 1357 1398.309 1180.014 -3 -28 0.390 0.390 0.325000 0.390 100 1 0
 1358 1407.676 1172.397 -3 -28 0.390 0.390 0.290000 0.390 100 1 0
 1359 1409.627 1170.053 -3 -28 0.390 0.390 0.256000 0.390 100 1 0
 1360 1403.383 1125.147 -3 -28 0.390 0.781 0.181000 0.390 100 1 0
 1361 1409.822 1104.647 -3 -28 0.390 0.390 0.273000 0.390 100 1 0
 1362 1410.017 1102.108 -3 -28 0.390 0.390 0.256000 0.390 100 1 0
 1363 1401.237 1096.834 -3 -28 0.390 0.390 0.344000 0.390 100 1 0
 1364 1412.945 1097.030 -3 -28 1.170 0.390 0.256000 0.390 100 1 0
 1365 1393.236 1089.608 -3 -28 0.390 0.390 0.256000 0.390 100 1 0
 1366 1400.846 1017.561 -3 -28 3.512 2.733 0.382000 0.618 100 1 0
 1367 1408.847 1013.850 -3 -28 0.390 0.390 0.256000 0.390 100 1 0
 1368 1409.237 833.045 -3 -28 0.390 0.781 0.181000 0.390 100 1 0
 1369 1448.069 1468.405 -3 -28 3.512 21.868 97.419000 3.512 100 1 0
 1370 1432.068 1458.248 -3 -28 1.170 1.562 0.240000 0.490 100 1 0
 1371 1448.069 1451.030 -3 -28 1.170 2.733 0.363000 0.602 100 1 0
 1372 1444.556 1449.662 -3 -28 1.170 0.781 0.363000 0.602 100 1 0
 1373 1427.970 1437.162 -3 -28 0.390 0.390 0.325000 0.390 100 1 0
 1374 1463.874 1402.608 -3 -28 4.683 0.390 0.486000 0.390 100 1 0
 1375 1463.874 1397.920 -3 -28 4.683 0.390 0.532000 0.390 100 1 0
 1376 1449.044 1314.155 -3 -28 1.561 0.781 0.256000 0.506 100 1 0
 1377 1442.409 1311.030 -3 -28 0.390 0.390 0.256000 0.390 100 1 0
 1378 1451.581 1296.975 -3 -28 0.390 0.781 0.422000 0.390 100 1 0
 1379 1444.947 1293.459 -3 -28 0.390 0.390 0.273000 0.390 100 1 0
 1380 1451.581 1290.725 -3 -28 1.170 0.781 0.422000 0.649 100 1 0
 1381 1450.800 1281.350 -3 -28 0.390 0.781 0.307000 0.390 100 1 0
 1382 1444.751 1264.366 -3 -28 0.390 0.390 0.325000 0.390 100 1 0
 1383 1447.873 1263.389 -3 -28 0.390 0.390 0.256000 0.390 100 1 0
 1384 1452.557 1258.311 -3 -28 0.390 0.390 0.273000 0.390 100 1 0
 1385 1458.801 1258.311 -3 -28 0.390 0.390 0.273000 0.390 100 1 0
 1386 1463.874 1258.311 -3 -28 0.390 0.390 0.273000 0.390 100 1 0
 1387 1457.435 1250.498 -3 -28 0.390 0.390 0.290000 0.390 100 1 0
 1388 1456.069 1248.155 -3 -28 0.390 0.390 0.290000 0.390 100 1 0
 1389 1451.191 1245.428 -3 -28 1.170 0.390 0.256000 0.390 100 1 0
 1390 1454.313 1243.084 -3 -28 0.390 0.390 0.344000 0.390 100 1 0
 1391 1454.117 1235.272 -3 -28 0.390 0.390 0.256000 0.390 100 1 0
 1392 1454.313 1230.780 -3 -28 0.390 0.390 0.465000 0.390 100 1 0
 1393 1446.898 1229.803 -3 -28 1.951 1.562 0.273000 0.522 100 1 0
 1394 1453.922 1227.850 -3 -28 0.390 0.390 0.290000 0.390 100 1 0
 1395 1459.386 1225.897 -3 -28 0.390 0.781 0.422000 0.390 100 1 0
 1396 1451.776 1221.405 -3 -28 0.780 1.952 0.307000 0.554 100 1 0
 1397 1454.508 1221.600 -3 -28 0.390 0.390 0.273000 0.390 100 1 0
 1398 1454.117 1217.701 -3 -28 0.390 0.390 0.273000 0.390 100 1 0
 1399 1451.386 1212.623 -3 -28 0.390 0.390 0.273000 0.390 100 1 0
 1400 1447.093 1207.545 -3 -28 0.390 0.390 0.256000 0.390 100 1 0
 1401 1450.410 1203.834 -3 -28 0.390 0.390 0.256000 0.390 100 1 0
 1402 1444.947 1195.436 -3 -28 1.170 0.390 0.273000 0.390 100 1 0
 1403 1457.630 1195.045 -3 -28 0.390 0.390 0.290000 0.390 100 1 0
 1404 1442.800 1187.631 -3 -28 0.390 0.390 0.290000 0.390 100 1 0
 1405 1427.970 1170.053 -3 -28 1.561 0.390 0.256000 0.390 100 1 0
 1406 1445.922 1164.983 -3 -28 0.390 0.390 0.256000 0.390 100 1 0
 1407 1440.849 1159.905 -3 -28 0.390 0.390 0.363000 0.390 100 1 0
 1408 1451.971 1152.287 -3 -28 0.390 0.390 0.273000 0.390 100 1 0
 1409 1445.922 1139.795 -3 -28 0.390 0.390 0.325000 0.390 100 1 0
 1410 1429.921 1134.912 -3 -28 0.780 0.390 0.256000 0.390 100 1 0
 1411 1448.069 1129.639 -3 -28 0.390 0.390 0.290000 0.390 100 1 0
 1412 1456.655 1129.639 -3 -28 0.390 0.390 0.273000 0.390 100 1 0
 1413 1457.045 1124.756 -3 -28 0.390 0.390 0.273000 0.390 100 1 0
 1414 1427.189 1113.826 -3 -28 0.390 0.390 0.256000 0.390 100 1 0
 1415 1442.020 1107.186 -3 -28 0.390 0.390 0.240000 0.390 100 1 0
 1416 1447.678 1100.350 -3 -28 0.390 1.171 0.363000 0.390 100 1 0
 1417 1447.873 1096.834 -3 -28 0.390 0.390 0.273000 0.390 100 1 0
 1418 1428.360 1094.491 -3 -28 0.780 0.390 0.273000 0.390 100 1 0
 1419 1428.360 1086.881 -3 -28 0.780 0.390 0.344000 0.390 100 1 0
 1420 1449.824 1068.522 -3 -28 3.902 1.562 0.445000 0.667 100 1 0
 1421 1443.776 920.522 -3 -28 0.390 0.390 0.256000 0.390 100 1 0
 1422 1427.189 811.959 -3 -28 0.390 0.390 0.273000 0.390 100 1 0
 1423 1481.632 1470.358 -3 -28 5.854 4.686 6.343000 2.518 100 1 0
 1424 1481.632 1465.670 -3 -28 5.073 0.390 0.307000 0.390 100 1 0
 1425 1481.437 1460.983 -3 -28 5.463 4.686 7.888000 2.808 100 1 0
 1426 1481.437 1398.116 -3 -28 5.463 14.058 35.398000 5.463 100 1 0
 1427 1483.388 1253.233 -3 -28 0.390 0.390 0.256000 0.390 100 1 0
 1428 1491.194 1253.233 -3 -28 0.390 0.390 0.344000 0.390 100 1 0
 1429 1467.778 1248.155 -3 -28 0.390 0.390 0.363000 0.390 100 1 0
 1430 1493.340 1243.280 -3 -28 0.390 0.390 0.363000 0.390 100 1 0
 1431 1483.779 1241.522 -3 -28 0.390 0.390 0.273000 0.390 100 1 0
 1432 1487.290 1225.506 -3 -28 0.390 0.390 0.344000 0.390 100 1 0
 1433 1490.803 1225.506 -3 -28 0.390 0.390 0.290000 0.390 100 1 0
 1434 1468.167 1222.772 -3 -28 0.390 0.390 0.290000 0.390 100 1 0
 1435 1490.803 1222.772 -3 -28 0.390 0.390 0.382000 0.390 100 1 0
 1436 1495.876 1216.530 -3 -28 0.390 0.390 0.290000 0.390 100 1 0
 1437 1491.583 1214.186 -3 -28 0.780 0.781 0.114000 0.338 100 1 0
 1438 1499.780 1212.623 -3 -28 0.390 0.390 0.256000 0.390 100 1 0
 1439 1491.779 1209.889 -3 -28 1.170 1.562 0.307000 0.554 100 1 0
 1440 1468.167 1210.280 -3 -28 0.390 0.390 0.256000 0.390 100 1 0
 1441 1470.118 1207.545 -3 -28 0.390 0.390 0.307000 0.390 100 1 0
 1442 1484.754 1205.397 -3 -28 0.390 0.390 0.273000 0.390 100 1 0
 1443 1499.389 1201.100 -3 -28 0.390 1.171 0.363000 0.390 100 1 0
 1444 1465.436 1197.780 -3 -28 0.390 0.390 0.273000 0.390 100 1 0
 1445 1485.730 1190.366 -3 -28 0.390 0.390 0.256000 0.390 100 1 0
 1446 1475.973 1138.819 -3 -28 0.390 0.390 0.465000 0.390 100 1 0
 1447 1489.241 1137.451 -3 -28 0.390 0.390 0.240000 0.390 100 1 0
 1448 1495.876 1132.178 -3 -28 0.390 0.390 0.256000 0.390 100 1 0
 1449 1471.875 1128.467 -3 -28 0.390 0.390 0.344000 0.390 100 1 0
 1450 1468.363 1124.756 -3 -28 1.170 0.390 0.325000 0.390 100 1 0
 1451 1473.240 1121.436 -3 -28 1.561 1.171 0.236000 0.485 100 1 0
 1452 1497.047 1107.186 -3 -28 0.390 0.390 0.240000 0.390 100 1 0
 1453 1491.583 1097.030 -3 -28 0.780 0.390 0.344000 0.390 100 1 0
 1454 1471.680 1095.858 -3 -28 0.390 0.781 0.181000 0.390 100 1 0
 1455 1468.167 1086.881 -3 -28 0.780 0.390 0.344000 0.390 100 1 0
 1456 1487.876 1079.459 -3 -28 0.390 0.390 0.273000 0.390 100 1 0
 1457 1494.705 1075.162 -3 -28 0.390 1.562 0.325000 0.390 100 1 0
 1458 1494.705 1028.889 -3 -28 0.390 0.390 0.344000 0.390 100 1 0
 1459 1494.511 1025.764 -3 -28 0.390 1.171 0.290000 0.390 100 1 0
 1460 1494.705 1021.272 -3 -28 0.390 0.390 0.256000 0.390 100 1 0
 1461 1500.169 1020.100 -3 -28 0.390 0.390 0.273000 0.390 100 1 0
 1462 1494.705 1016.194 -3 -28 0.390 0.390 0.273000 0.390 100 1 0
 1463 1475.193 996.280 -3 -28 0.780 0.390 0.344000 0.390 100 1 0
 1464 1494.511 993.350 -3 -28 1.170 1.171 0.422000 0.649 100 1 0
 1465 1541.928 1414.709 -3 -28 0.390 0.390 0.225000 0.390 100 1 0
 1466 1533.733 1313.764 -3 -28 0.390 0.390 0.290000 0.390 100 1 0
 1467 1517.732 1248.155 -3 -28 0.390 0.390 0.344000 0.390 100 1 0
 1468 1507.195 1238.006 -3 -28 0.390 0.390 0.307000 0.390 100 1 0
 1469 1514.610 1225.506 -3 -28 0.390 0.390 0.256000 0.390 100 1 0
 1470 1513.439 1218.092 -3 -28 0.390 0.390 0.240000 0.390 100 1 0
 1471 1516.561 1217.897 -3 -28 0.390 0.390 0.256000 0.390 100 1 0
 1472 1531.001 1207.936 -3 -28 0.390 0.390 0.325000 0.390 100 1 0
 1473 1513.439 1182.553 -3 -28 0.390 0.390 0.363000 0.390 100 1 0
 1474 1508.755 1180.405 -3 -28 0.390 0.390 0.325000 0.390 100 1 0
 1475 1515.390 1177.475 -3 -28 0.390 0.390 0.273000 0.390 100 1 0
 1476 1516.756 1174.545 -3 -28 1.951 1.171 0.192000 0.437 100 1 0
 1477 1531.781 1149.748 -3 -28 0.390 0.390 0.307000 0.390 100 1 0
 1478 1515.195 1141.358 -3 -28 0.390 1.952 0.402000 0.390 100 1 0
 1479 1514.610 1046.655 -3 -28 0.390 0.390 0.240000 0.390 100 1 0
 1480 1537.245 1040.209 -3 -28 1.561 2.733 0.344000 0.586 100 1 0
 1481 1543.099 1041.576 -3 -28 0.390 0.390 0.256000 0.390 100 1 0
 1482 1517.341 1034.162 -3 -28 0.390 0.390 0.256000 0.390 100 1 0
 1483 1528.269 1029.084 -3 -28 0.390 0.390 0.382000 0.390 100 1 0
 1484 1528.269 1024.006 -3 -28 0.390 0.390 0.273000 0.390 100 1 0
 1485 1540.367 1015.998 -3 -28 0.390 1.171 0.181000 0.390 100 1 0
 1486 1538.416 996.280 -3 -28 0.390 0.390 0.273000 0.390 100 1 0
 1487 1512.658 991.201 -3 -28 0.390 0.390 0.307000 0.390 100 1 0
 1488 1533.342 983.787 -3 -28 0.390 0.390 0.307000 0.390 100 1 0
 1489 1533.342 850.623 -3 -28 0.390 0.781 0.532000 0.390 100 1 0
 1490 1548.758 1413.733 -3 -28 0.390 1.562 0.307000 0.390 100 1 0
 1491 1578.418 1413.537 -3 -28 0.390 1.171 0.402000 0.390 100 1 0
 1492 1570.028 1316.108 -3 -28 0.390 0.390 0.273000 0.390 100 1 0
 1493 1578.809 1303.608 -3 -28 0.390 0.390 0.290000 0.390 100 1 0
 1494 1576.662 1269.444 -3 -28 0.390 0.390 0.363000 0.390 100 1 0
 1495 1560.271 1240.545 -3 -28 0.390 0.390 0.307000 0.390 100 1 0
 1496 1571.589 1235.662 -3 -28 0.390 0.390 0.307000 0.390 100 1 0
 1497 1565.735 1192.709 -3 -28 0.390 0.390 0.273000 0.390 100 1 0
 1498 1545.636 1174.741 -3 -28 0.390 0.390 0.290000 0.390 100 1 0
 1499 1578.223 1167.717 -3 -28 0.390 0.390 0.273000 0.390 100 1 0
 1500 1581.346 1154.826 -3 -28 0.390 0.390 0.325000 0.390 100 1 0
 1501 1574.321 1137.256 -3 -28 0.390 0.390 0.240000 0.390 100 1 0
 1502 1581.346 1124.756 -3 -28 0.390 0.390 0.240000 0.390 100 1 0
 1503 1580.175 1069.303 -3 -28 0.390 0.390 0.256000 0.390 100 1 0
 1504 1581.346 1061.889 -3 -28 1.561 0.390 0.290000 0.390 100 1 0
 1505 1558.515 1003.701 -3 -28 1.951 0.390 0.325000 0.390 100 1 0
 1506 1556.173 1001.162 -3 -28 1.170 0.390 0.325000 0.390 100 1 0
 1507 1555.978 998.623 -3 -28 0.390 0.390 0.273000 0.390 100 1 0
 1508 1571.394 996.280 -3 -28 1.951 0.390 0.290000 0.390 100 1 0
 1509 1572.369 991.201 -3 -28 0.390 0.390 0.256000 0.390 100 1 0
 1510 1561.637 986.123 -3 -28 0.390 0.390 0.382000 0.390 100 1 0
 1511 1612.762 1324.116 -3 -28 0.390 2.733 0.570000 0.390 100 1 0
 1512 1586.614 1298.530 -3 -28 0.390 0.390 0.363000 0.390 100 1 0
 1513 1603.200 1262.998 -3 -28 0.390 0.390 0.273000 0.390 100 1 0
 1514 1583.882 1255.381 -3 -28 0.390 0.390 0.290000 0.390 100 1 0
 1515 1612.567 1252.256 -3 -28 0.390 1.171 0.465000 0.390 100 1 0
 1516 1618.421 1245.623 -3 -28 0.390 0.390 0.240000 0.390 100 1 0
 1517 1609.835 1243.084 -3 -28 0.390 0.390 0.273000 0.390 100 1 0
 1518 1599.298 1233.319 -3 -28 0.390 0.390 0.181000 0.390 100 1 0
 1519 1617.250 1230.584 -3 -28 0.390 0.390 0.290000 0.390 100 1 0
 1520 1601.445 1225.506 -3 -28 0.390 0.390 0.290000 0.390 100 1 0
 1521 1587.784 1220.428 -3 -28 0.390 0.390 0.290000 0.390 100 1 0
 1522 1587.199 1218.092 -3 -28 0.390 0.390 0.273000 0.390 100 1 0
 1523 1611.006 1202.662 -3 -28 0.390 0.390 0.325000 0.390 100 1 0
 1524 1609.835 1192.709 -3 -28 0.390 0.390 0.240000 0.390 100 1 0
 1525 1602.810 1182.553 -3 -28 0.390 0.390 0.256000 0.390 100 1 0
 1526 1587.199 1180.209 -3 -28 0.390 0.390 0.290000 0.390 100 1 0
 1527 1617.641 1147.405 -3 -28 0.390 0.390 0.256000 0.390 100 1 0
 1528 1618.812 1135.889 -3 -28 0.780 0.390 0.344000 0.390 100 1 0
 1529 1614.128 1112.264 -3 -28 0.390 0.390 0.240000 0.390 100 1 0
 1530 1604.567 1109.530 -3 -28 0.390 0.390 0.363000 0.390 100 1 0
 1531 1586.224 1104.451 -3 -28 0.390 0.390 0.307000 0.390 100 1 0
 1532 1583.687 1102.108 -3 -28 0.390 0.390 0.363000 0.390 100 1 0
 1533 1586.614 1101.912 -3 -28 1.170 0.390 0.325000 0.390 100 1 0
 1534 1594.419 1102.108 -3 -28 1.170 0.390 0.344000 0.390 100 1 0
 1535 1611.982 1094.491 -3 -28 0.390 0.390 0.290000 0.390 100 1 0
 1536 1611.786 1002.334 -3 -28 0.390 1.952 0.382000 0.390 100 1 0
 1537 1617.250 973.631 -3 -28 0.390 0.390 0.256000 0.390 100 1 0
 1538 1620.372 973.631 -3 -28 0.390 0.390 0.273000 0.390 100 1 0
 1539 1596.566 931.264 -3 -28 0.390 0.390 0.181000 0.390 100 1 0
 1540 1635.593 1413.537 -3 -28 3.122 1.171 0.273000 0.522 100 1 0
 1541 1642.032 1413.537 -3 -28 1.170 1.171 0.256000 0.506 100 1 0
 1542 1625.056 1342.662 -3 -28 0.390 0.390 0.256000 0.390 100 1 0
 1543 1648.472 1337.975 -3 -28 0.390 0.390 0.256000 0.390 100 1 0
 1544 1642.228 1336.412 -3 -28 0.390 0.781 0.050000 0.224 100 1 0
 1545 1622.714 1314.155 -3 -28 0.390 0.781 0.325000 0.390 100 1 0
 1546 1638.715 1310.834 -3 -28 0.390 1.171 0.181000 0.390 100 1 0
 1547 1649.252 1288.381 -3 -28 0.390 0.390 0.256000 0.390 100 1 0
 1548 1638.324 1265.147 -3 -28 0.390 0.390 0.155000 0.390 100 1 0
 1549 1631.690 1215.358 -3 -28 0.390 0.390 0.256000 0.390 100 1 0
 1550 1659.009 1205.006 -3 -28 1.561 0.390 0.307000 0.390 100 1 0
 1551 1656.667 1173.178 -3 -28 0.390 0.390 0.256000 0.390 100 1 0
 1552 1646.521 1164.983 -3 -28 0.390 0.390 0.273000 0.390 100 1 0
 1553 1621.934 1153.069 -3 -28 0.390 1.952 0.155000 0.390 100 1 0
 1554 1622.323 1141.553 -3 -28 0.390 0.781 0.081000 0.283 100 1 0
 1555 1630.909 1134.912 -3 -28 0.390 0.390 0.273000 0.390 100 1 0
 1556 1625.836 1134.522 -3 -28 1.561 0.390 0.273000 0.390 100 1 0
 1557 1644.959 1128.272 -3 -28 0.390 2.343 0.256000 0.390 100 1 0
 1558 1647.886 1124.951 -3 -28 0.390 0.390 0.363000 0.390 100 1 0
 1559 1644.764 1124.756 -3 -28 0.390 0.390 0.307000 0.390 100 1 0
 1560 1628.568 1122.412 -3 -28 0.390 0.390 0.240000 0.390 100 1 0
 1561 1647.301 1114.998 -3 -28 0.780 0.390 0.325000 0.390 100 1 0
 1562 1659.400 1107.186 -3 -28 0.390 0.390 0.240000 0.390 100 1 0
 1563 1630.129 1098.397 -3 -28 0.390 0.390 0.256000 0.390 100 1 0
 1564 1622.714 1095.662 -3 -28 0.780 0.390 0.402000 0.390 100 1 0
 1565 1659.789 1081.803 -3 -28 0.390 0.390 0.256000 0.390 100 1 0
 1566 1647.692 1061.889 -3 -28 0.390 0.390 0.256000 0.390 100 1 0
 1567 1646.325 1039.233 -3 -28 0.390 0.390 0.256000 0.390 100 1 0
 1568 1646.325 1036.506 -3 -28 0.390 0.390 0.256000 0.390 100 1 0
 1569 1623.885 1023.616 -3 -28 0.390 0.390 0.273000 0.390 100 1 0
 1570 1658.814 1011.897 -3 -28 1.170 3.905 0.363000 0.602 100 1 0
 1571 1654.131 1011.311 -3 -28 0.390 0.390 0.240000 0.390 100 1 0
 1572 1659.009 1006.436 -3 -28 0.780 0.390 0.273000 0.390 100 1 0
 1573 1652.374 1001.748 -3 -28 0.390 0.390 0.443000 0.390 100 1 0
 1574 1658.229 1000.967 -3 -28 0.390 1.562 0.168000 0.390 100 1 0
 1575 1641.837 999.600 -3 -28 0.780 1.952 0.532000 0.729 100 1 0
 1576 1638.129 998.623 -3 -28 0.390 0.390 0.290000 0.390 100 1 0
 1577 1658.229 996.866 -3 -28 0.390 0.390 0.181000 0.390 100 1 0
 1578 1638.520 993.936 -3 -28 2.731 0.781 0.363000 0.602 100 1 0
 1579 1631.300 993.155 -3 -28 0.390 0.781 0.195000 0.390 100 1 0
 1580 1640.081 989.248 -3 -28 0.390 1.562 0.273000 0.390 100 1 0
 1581 1648.081 978.905 -3 -28 0.390 0.390 0.273000 0.390 100 1 0
 1582 1631.495 973.631 -3 -28 0.390 0.390 0.273000 0.390 100 1 0
 1583 1654.716 939.264 -3 -28 0.390 1.562 0.181000 0.390 100 1 0
 1584 1652.765 930.873 -3 -28 0.390 0.390 0.181000 0.390 100 1 0
 1585 1656.667 913.100 -3 -28 0.390 0.390 0.256000 0.390 100 1 0
 1586 1621.934 852.576 -3 -28 0.390 0.390 0.168000 0.390 100 1 0
 1587 1621.934 849.451 -3 -28 0.390 0.390 0.181000 0.390 100 1 0
 1588 1691.597 1413.733 -3 -28 0.390 1.562 0.325000 0.390 100 1 0
 1589 1675.010 1314.155 -3 -28 0.390 0.390 0.240000 0.390 100 1 0
 1590 1664.864 1289.162 -3 -28 0.390 0.390 0.256000 0.390 100 1 0
 1591 1691.402 1288.381 -3 -28 0.390 0.390 0.240000 0.390 100 1 0
 1592 1665.253 1284.866 -3 -28 0.390 0.390 0.256000 0.390 100 1 0
 1593 1696.475 1271.397 -3 -28 0.390 0.390 0.273000 0.390 100 1 0
 1594 1686.327 1234.881 -3 -28 0.390 0.390 0.142000 0.377 100 1 0
 1595 1689.060 1225.897 -3 -28 0.390 0.390 0.142000 0.377 100 1 0
 1596 1666.424 1205.201 -3 -28 1.561 0.390 0.256000 0.390 100 1 0
 1597 1687.694 1193.491 -3 -28 0.390 4.686 0.422000 0.390 100 1 0
 1598 1682.034 1159.905 -3 -28 0.390 0.390 0.256000 0.390 100 1 0
 1599 1683.401 1122.608 -3 -28 0.390 0.390 0.181000 0.390 100 1 0
 1600 1662.131 1114.412 -3 -28 0.390 0.390 0.273000 0.390 100 1 0
 1601 1682.816 1034.162 -3 -28 0.390 0.781 0.168000 0.390 100 1 0
 1602 1680.669 1027.131 -3 -28 1.951 3.905 0.344000 0.586 100 1 0
 1603 1671.888 1024.787 -3 -28 0.780 0.781 0.422000 0.649 100 1 0
 1604 1680.864 1018.928 -3 -28 1.561 0.781 0.256000 0.506 100 1 0
 1605 1665.448 1013.850 -3 -28 0.390 0.390 0.273000 0.390 100 1 0
 1606 1664.864 1009.951 -3 -28 0.390 0.390 0.290000 0.390 100 1 0
 1607 1691.011 1008.780 -3 -28 0.390 0.390 0.325000 0.390 100 1 0
 1608 1699.206 996.866 -3 -28 0.390 1.171 0.422000 0.390 100 1 0
 1609 1665.253 942.389 -3 -28 0.390 0.390 0.181000 0.390 100 1 0
 1610 1662.522 928.334 -3 -28 0.390 0.390 0.273000 0.390 100 1 0
 1611 1665.253 920.912 -3 -28 0.390 0.390 0.168000 0.390 100 1 0
 1612 1697.646 920.326 -3 -28 0.390 0.390 0.168000 0.390 100 1 0
 1613 1667.790 913.100 -3 -28 0.390 0.390 0.256000 0.390 100 1 0
 1614 1683.596 878.155 -3 -28 0.390 5.857 0.195000 0.390 100 1 0
 1615 1669.937 876.201 -3 -28 0.390 0.390 0.168000 0.390 100 1 0
 1616 1665.448 865.069 -3 -28 1.170 0.390 0.307000 0.390 100 1 0
 1617 1706.427 1413.928 -3 -28 1.170 1.952 0.307000 0.554 100 1 0
 1618 1724.184 1324.116 -3 -28 0.390 0.390 0.290000 0.390 100 1 0
 1619 1703.110 1314.155 -3 -28 0.390 0.390 0.142000 0.377 100 1 0
 1620 1710.915 1312.006 -3 -28 0.390 1.171 0.256000 0.390 100 1 0
 1621 1726.916 1293.459 -3 -28 0.390 0.390 0.240000 0.390 100 1 0
 1622 1722.623 1275.491 -3 -28 0.390 0.390 0.273000 0.390 100 1 0
 1623 1715.208 1174.545 -3 -28 0.390 0.390 0.155000 0.390 100 1 0
 1624 1731.989 1161.467 -3 -28 0.390 0.390 0.290000 0.390 100 1 0
 1625 1711.891 1134.912 -3 -28 0.390 0.390 0.256000 0.390 100 1 0
 1626 1722.623 1095.858 -3 -28 0.390 2.343 0.273000 0.390 100 1 0
 1627 1715.208 1018.928 -3 -28 0.780 0.390 0.290000 0.390 100 1 0
 1628 1714.622 1014.045 -3 -28 1.951 0.390 0.307000 0.390 100 1 0
 1629 1712.281 1011.506 -3 -28 0.390 0.390 0.290000 0.390 100 1 0
 1630 1709.744 1008.780 -3 -28 0.390 0.390 0.363000 0.390 100 1 0
 1631 1707.403 1003.701 -3 -28 0.390 0.390 0.256000 0.390 100 1 0
 1632 1730.038 1003.701 -3 -28 0.780 0.390 0.273000 0.390 100 1 0
 1633 1707.403 998.819 -3 -28 0.390 0.390 0.344000 0.390 100 1 0
 1634 1712.866 993.936 -3 -28 1.561 4.686 0.486000 0.697 100 1 0
 1635 1709.744 889.866 -3 -28 0.390 1.171 0.195000 0.390 100 1 0
 1636 1726.135 883.030 -3 -28 0.390 0.390 0.290000 0.390 100 1 0
 1637 1730.428 877.764 -3 -28 0.390 0.390 0.382000 0.390 100 1 0
 1638 1704.281 819.381 -3 -28 0.390 0.390 0.273000 0.390 100 1 0
 1639 1712.085 789.116 -3 -28 0.390 0.390 0.307000 0.390 100 1 0
 1640 1730.819 789.116 -3 -28 0.780 0.390 0.344000 0.390 100 1 0
 1641 1772.773 1298.530 -3 -28 0.390 0.390 0.256000 0.390 100 1 0
 1642 1749.161 1225.506 -3 -28 0.390 0.781 0.142000 0.377 100 1 0
 1643 1762.430 1199.928 -3 -28 0.390 0.390 0.155000 0.390 100 1 0
 1644 1758.918 1185.287 -3 -28 0.390 0.390 0.240000 0.390 100 1 0
 1645 1758.332 1180.405 -3 -28 1.170 0.390 0.307000 0.390 100 1 0
 1646 1757.357 1055.248 -3 -28 0.390 0.390 0.273000 0.390 100 1 0
 1647 1750.332 1026.348 -3 -28 0.390 0.390 0.273000 0.390 100 1 0
 1648 1747.600 1018.928 -3 -28 0.390 0.390 0.273000 0.390 100 1 0
 1649 1747.990 1006.436 -3 -28 0.390 0.390 0.240000 0.390 100 1 0
 1650 1753.064 1003.506 -3 -28 1.561 0.390 0.325000 0.390 100 1 0
 1651 1760.479 999.795 -3 -28 0.390 0.781 0.325000 0.390 100 1 0
 1652 1748.381 999.014 -3 -28 0.390 0.390 0.256000 0.390 100 1 0
 1653 1756.381 998.623 -3 -28 0.390 0.390 0.273000 0.390 100 1 0
 1654 1756.381 993.545 -3 -28 0.390 0.390 0.256000 0.390 100 1 0
 1655 1749.551 991.201 -3 -28 0.390 0.390 0.273000 0.390 100 1 0
 1656 1756.186 988.467 -3 -28 0.390 0.390 0.307000 0.390 100 1 0
 1657 1749.357 978.709 -3 -28 1.170 0.781 0.290000 0.538 100 1 0
 1658 1773.553 926.772 -3 -28 0.390 0.390 0.273000 0.390 100 1 0
 1659 1755.015 918.178 -3 -28 0.390 0.390 0.256000 0.390 100 1 0
 1660 1756.576 882.639 -3 -28 0.390 0.390 0.240000 0.390 100 1 0
 1661 1774.529 859.991 -3 -28 0.390 0.390 0.256000 0.390 100 1 0
 1662 1767.114 829.530 -3 -28 0.390 0.390 0.290000 0.390 100 1 0
 1663 1754.625 804.537 -3 -28 0.390 0.390 0.256000 0.390 100 1 0
 1664 1742.136 804.147 -3 -28 0.390 0.390 0.290000 0.390 100 1 0
 1665 1759.308 796.733 -3 -28 0.390 0.390 0.256000 0.390 100 1 0
 1666 1770.236 793.998 -3 -28 0.390 0.390 0.256000 0.390 100 1 0
 1667 1808.482 1348.131 -3 -28 0.390 0.390 0.155000 0.390 100 1 0
 1668 1781.554 1342.662 -3 -28 0.390 0.781 0.363000 0.390 100 1 0
 1669 1808.872 1301.655 -3 -28 0.390 0.390 0.142000 0.377 100 1 0
 1670 1784.481 1190.366 -3 -28 1.170 0.781 0.382000 0.618 100 1 0
 1671 1794.238 1166.741 -3 -28 0.390 1.171 0.290000 0.390 100 1 0
 1672 1799.701 1111.873 -3 -28 0.390 0.390 0.325000 0.390 100 1 0
 1673 1811.409 1096.834 -3 -28 0.390 0.390 0.325000 0.390 100 1 0
 1674 1794.822 1093.319 -3 -28 0.780 2.733 0.325000 0.570 100 1 0
 1675 1790.140 1094.295 -3 -28 0.390 0.390 0.325000 0.390 100 1 0
 1676 1815.898 1091.951 -3 -28 0.390 0.390 0.256000 0.390 100 1 0
 1677 1811.605 1084.537 -3 -28 0.390 0.390 0.240000 0.390 100 1 0
 1678 1801.653 1071.842 -3 -28 1.170 0.390 0.256000 0.390 100 1 0
 1679 1788.969 1003.701 -3 -28 1.561 0.390 0.256000 0.390 100 1 0
 1680 1793.652 1002.920 -3 -28 2.341 1.562 0.465000 0.681 100 1 0
 1681 1798.726 1001.358 -3 -28 0.390 0.390 0.256000 0.390 100 1 0
 1682 1784.676 998.819 -3 -28 0.390 0.390 0.382000 0.390 100 1 0
 1683 1789.554 998.623 -3 -28 0.390 0.390 0.256000 0.390 100 1 0
 1684 1792.481 998.623 -3 -28 0.390 0.390 0.240000 0.390 100 1 0
 1685 1789.359 981.639 -3 -28 0.390 0.390 0.240000 0.390 100 1 0
 1686 1803.213 964.842 -3 -28 1.951 1.952 0.273000 0.522 100 1 0
 1687 1794.627 949.030 -3 -28 0.390 0.781 0.325000 0.390 100 1 0
 1688 1804.189 948.248 -3 -28 0.390 0.390 0.240000 0.390 100 1 0
 1689 1791.700 933.014 -3 -28 0.780 0.390 0.273000 0.390 100 1 0
 1690 1796.774 930.678 -3 -28 0.390 0.390 0.256000 0.390 100 1 0
 1691 1791.310 928.725 -3 -28 0.390 0.390 0.256000 0.390 100 1 0
 1692 1783.114 915.444 -3 -28 0.390 0.390 0.307000 0.390 100 1 0
 1693 1800.677 911.733 -3 -28 0.780 0.390 0.290000 0.390 100 1 0
 1694 1794.433 910.561 -3 -28 0.390 1.171 0.114000 0.338 100 1 0
 1695 1785.456 897.873 -3 -28 0.390 0.390 0.256000 0.390 100 1 0
 1696 1788.188 893.186 -3 -28 0.390 0.390 0.290000 0.390 100 1 0
 1697 1804.970 892.795 -3 -28 0.390 0.390 0.256000 0.390 100 1 0
 1698 1789.359 875.225 -3 -28 0.390 0.390 0.273000 0.390 100 1 0
 1699 1785.456 867.412 -3 -28 0.780 0.390 0.240000 0.390 100 1 0
 1700 1786.432 860.576 -3 -28 1.170 3.514 0.344000 0.586 100 1 0
 1701 1799.115 854.912 -3 -28 0.390 0.390 0.256000 0.390 100 1 0
 1702 1798.920 829.725 -3 -28 1.170 0.390 0.290000 0.390 100 1 0
 1703 1809.653 784.819 -3 -28 0.390 1.171 0.382000 0.390 100 1 0
 1704 1840.874 1247.373 -3 -28 0.390 0.781 0.290000 0.390 100 1 0
 1705 1847.900 1223.748 -3 -28 0.390 0.390 0.155000 0.390 100 1 0
 1706 1836.581 1154.826 -3 -28 0.390 0.390 0.256000 0.390 100 1 0
 1707 1840.679 1137.256 -3 -28 0.390 0.390 0.256000 0.390 100 1 0
 1708 1838.532 1129.834 -3 -28 0.390 0.390 0.240000 0.390 100 1 0
 1709 1834.239 1127.295 -3 -28 2.341 0.390 0.273000 0.390 100 1 0
 1710 1833.264 1124.756 -3 -28 0.390 0.390 0.240000 0.390 100 1 0
 1711 1829.362 1097.030 -3 -28 0.390 0.390 0.273000 0.390 100 1 0
 1712 1817.068 1029.084 -3 -28 0.390 0.390 0.256000 0.390 100 1 0
 1713 1835.410 1023.030 -3 -28 0.390 1.171 0.168000 0.390 100 1 0
 1714 1817.068 1003.701 -3 -28 0.390 0.390 0.256000 0.390 100 1 0
 1715 1856.095 994.912 -3 -28 3.902 2.733 0.290000 0.538 100 1 0
 1716 1834.045 986.319 -3 -28 0.390 0.390 0.273000 0.390 100 1 0
 1717 1828.776 921.889 -3 -28 0.390 1.952 0.290000 0.390 100 1 0
 1718 1821.166 913.100 -3 -28 0.390 0.390 0.256000 0.390 100 1 0
 1719 1835.021 875.616 -3 -28 0.390 0.390 0.363000 0.390 100 1 0
 1720 1833.069 870.147 -3 -28 0.390 0.390 0.256000 0.390 100 1 0
 1721 1819.800 849.842 -3 -28 0.390 0.390 0.273000 0.390 100 1 0
 1722 1838.923 844.764 -3 -28 0.390 0.390 0.256000 0.390 100 1 0
 1723 1828.776 829.530 -3 -28 0.390 0.390 0.256000 0.390 100 1 0
 1724 1828.776 822.116 -3 -28 0.390 0.390 0.240000 0.390 100 1 0
 1725 1838.143 822.116 -3 -28 0.390 0.390 0.290000 0.390 100 1 0
 1726 1877.560 1332.506 -3 -28 0.390 0.390 0.256000 0.390 100 1 0
 1727 1883.413 1314.741 -3 -28 0.390 1.952 0.273000 0.390 100 1 0
 1728 1862.339 1290.334 -3 -28 0.390 0.390 0.273000 0.390 100 1 0
 1729 1879.120 1265.537 -3 -28 0.390 0.390 0.155000 0.390 100 1 0
 1730 1874.633 1255.381 -3 -28 0.390 1.171 0.422000 0.390 100 1 0
 1731 1879.902 1225.506 -3 -28 0.390 0.390 0.155000 0.390 100 1 0
 1732 1859.217 1216.530 -3 -28 0.390 0.781 0.168000 0.390 100 1 0
 1733 1885.755 1185.287 -3 -28 0.390 0.390 0.225000 0.390 100 1 0
 1734 1862.730 1167.522 -3 -28 0.390 0.390 0.210000 0.390 100 1 0
 1735 1885.365 1152.483 -3 -28 0.390 0.390 0.382000 0.390 100 1 0
 1736 1874.438 1129.834 -3 -28 0.390 0.390 0.256000 0.390 100 1 0
 1737 1881.462 1119.678 -3 -28 0.390 0.390 0.273000 0.390 100 1 0
 1738 1863.901 1076.725 -3 -28 0.390 0.390 0.240000 0.390 100 1 0
 1739 1875.998 1074.381 -3 -28 0.390 0.390 0.290000 0.390 100 1 0
 1740 1878.340 1059.545 -3 -28 0.390 0.390 0.240000 0.390 100 1 0
 1741 1872.487 1046.069 -3 -28 0.390 0.390 0.155000 0.390 100 1 0
 1742 1869.364 1013.850 -3 -28 0.390 0.390 0.290000 0.390 100 1 0
 1743 1861.168 1008.780 -3 -28 0.390 0.390 0.240000 0.390 100 1 0
 1744 1888.877 1003.701 -3 -28 0.390 0.390 0.273000 0.390 100 1 0
 1745 1872.291 1001.358 -3 -28 0.390 0.390 0.363000 0.390 100 1 0
 1746 1864.681 986.123 -3 -28 0.390 0.390 0.256000 0.390 100 1 0
 1747 1856.486 939.069 -3 -28 0.780 1.171 0.486000 0.697 100 1 0
 1748 1877.950 882.248 -3 -28 0.390 0.390 0.344000 0.390 100 1 0
 1749 1856.095 872.491 -3 -28 0.390 0.390 0.240000 0.390 100 1 0
 1750 1914.830 1298.334 -3 -28 0.390 2.733 0.422000 0.390 100 1 0
 1751 1914.830 1287.405 -3 -28 0.390 8.981 0.422000 0.390 100 1 0
 1752 1900.976 1227.459 -3 -28 0.390 0.390 0.142000 0.377 100 1 0
 1753 1900.976 1221.209 -3 -28 0.390 0.781 0.142000 0.377 100 1 0
 1754 1906.440 1197.780 -3 -28 0.390 0.390 0.240000 0.390 100 1 0
 1755 1898.244 1147.405 -3 -28 0.390 0.390 0.256000 0.390 100 1 0
 1756 1922.441 1102.108 -3 -28 0.390 0.390 0.256000 0.390 100 1 0
 1757 1914.635 1097.030 -3 -28 0.390 0.390 0.273000 0.390 100 1 0
 1758 1914.245 1093.123 -3 -28 0.390 0.390 0.273000 0.390 100 1 0
 1759 1901.562 1077.506 -3 -28 0.390 0.781 0.273000 0.390 100 1 0
 1760 1917.952 1029.084 -3 -28 0.390 0.390 0.325000 0.390 100 1 0
 1761 1917.757 1026.545 -3 -28 0.390 0.390 0.256000 0.390 100 1 0
 1762 1917.757 1024.006 -3 -28 0.390 0.390 0.240000 0.390 100 1 0
 1763 1920.489 1019.514 -3 -28 0.780 1.171 0.256000 0.506 100 1 0
 1764 1918.538 1001.553 -3 -28 0.390 0.390 0.195000 0.390 100 1 0
 1765 1916.977 981.053 -3 -28 0.390 0.390 0.240000 0.390 100 1 0
 1766 1905.464 954.889 -3 -28 1.170 3.124 0.273000 0.522 100 1 0
 1767 1905.073 950.787 -3 -28 0.390 0.390 0.290000 0.390 100 1 0
 1768 1929.465 930.678 -3 -28 0.390 0.390 0.465000 0.390 100 1 0
 1769 1928.880 908.022 -3 -28 0.390 0.390 0.240000 0.390 100 1 0
 1770 1925.953 890.256 -3 -28 0.390 0.390 0.256000 0.390 100 1 0
 1771 1897.269 877.764 -3 -28 0.390 0.390 0.290000 0.390 100 1 0
 1772 1908.001 811.959 -3 -28 0.390 0.390 0.256000 0.390 100 1 0
 1773 1919.319 809.225 -3 -28 0.390 0.390 0.256000 0.390 100 1 0
 1774 1925.367 801.811 -3 -28 3.512 0.390 0.256000 0.390 100 1 0
 1775 1918.148 799.076 -3 -28 0.390 0.390 0.240000 0.390 100 1 0
 1776 1920.879 799.076 -3 -28 0.390 0.390 0.256000 0.390 100 1 0
 1777 1907.220 793.998 -3 -28 0.390 0.390 0.273000 0.390 100 1 0
 1778 1900.976 786.576 -3 -28 0.390 0.390 0.290000 0.390 100 1 0
 1779 1968.688 1414.319 -3 -28 0.390 1.171 0.155000 0.390 100 1 0
 1780 1943.906 1124.366 -3 -28 0.390 0.390 0.240000 0.390 100 1 0
 1781 1948.394 1100.350 -3 -28 0.390 1.171 0.363000 0.390 100 1 0
 1782 1941.174 1098.787 -3 -28 0.780 1.171 0.422000 0.649 100 1 0
 1783 1941.368 1095.076 -3 -28 0.390 0.390 0.256000 0.390 100 1 0
 1784 1948.198 1094.881 -3 -28 0.390 0.390 0.256000 0.390 100 1 0
 1785 1960.687 1079.459 -3 -28 0.390 0.390 0.307000 0.390 100 1 0
 1786 1941.564 1074.576 -3 -28 0.390 0.390 0.290000 0.390 100 1 0
 1787 1950.150 1071.647 -3 -28 0.390 0.390 0.290000 0.390 100 1 0
 1788 1971.419 1051.733 -3 -28 1.170 0.390 0.256000 0.390 100 1 0
 1789 1940.003 938.092 -3 -28 0.390 0.390 0.443000 0.390 100 1 0
 1790 1946.637 936.725 -3 -28 0.390 0.390 0.290000 0.390 100 1 0
 1791 1941.368 887.717 -3 -28 0.390 0.390 0.273000 0.390 100 1 0
 1792 1944.686 887.717 -3 -28 0.390 0.390 0.256000 0.390 100 1 0
 1793 1963.809 884.397 -3 -28 1.561 1.952 0.307000 0.554 100 1 0
 1794 1958.346 832.459 -3 -28 0.390 0.390 0.290000 0.390 100 1 0
 1795 1934.929 827.584 -3 -28 0.390 0.781 0.240000 0.390 100 1 0
 1796 2004.007 1185.092 -3 -28 0.390 1.171 0.325000 0.390 100 1 0
 1797 1974.932 1173.569 -3 -28 1.170 0.781 0.256000 0.506 100 1 0
 1798 1982.542 1135.889 -3 -28 0.390 0.390 0.344000 0.390 100 1 0
 1799 1988.006 1113.631 -3 -28 2.341 2.733 0.325000 0.570 100 1 0
 1800 1989.177 1003.311 -3 -28 0.390 1.562 0.151000 0.389 100 1 0
 1801 1984.103 1001.748 -3 -28 0.390 0.390 0.155000 0.390 100 1 0
 1802 1982.933 874.444 -3 -28 0.390 0.781 0.307000 0.390 100 1 0
 1803 1989.567 870.537 -3 -28 0.390 2.343 0.181000 0.390 100 1 0
 1804 2044.790 1212.623 -3 -28 1.951 9.372 9.094000 1.951 100 1 0
 1805 2012.593 1171.030 -3 -28 0.390 0.390 0.382000 0.390 100 1 0
 1806 2035.618 1110.311 -3 -28 0.390 0.390 0.155000 0.390 100 1 0
 1807 2027.423 1109.530 -3 -28 0.390 0.390 0.256000 0.390 100 1 0
 1808 2015.324 1107.186 -3 -28 0.780 0.390 0.273000 0.390 100 1 0
 1809 2036.789 1081.412 -3 -28 0.390 0.390 0.181000 0.390 100 1 0
 1810 2031.325 1021.467 -3 -28 0.780 0.390 0.256000 0.390 100 1 0
 1811 2018.252 991.397 -3 -28 1.170 0.390 0.256000 0.390 100 1 0
 1812 2035.618 981.834 -3 -28 0.390 0.781 0.142000 0.377 100 1 0
 1813 2020.008 925.014 -3 -28 2.341 1.171 0.273000 0.522 100 1 0
 1814 2013.178 908.608 -3 -28 0.390 1.171 0.240000 0.390 100 1 0
 1815 2043.229 906.662 -3 -28 0.390 2.733 0.256000 0.390 100 1 0
 1816 2044.204 885.764 -3 -28 2.341 2.343 0.486000 0.697 100 1 0
 1817 2030.936 846.131 -3 -28 0.390 0.390 0.155000 0.390 100 1 0
 1818 2013.764 845.545 -3 -28 0.390 0.390 0.155000 0.390 100 1 0
 1819 2051.230 1212.233 -3 -28 0.780 3.124 0.402000 0.633 100 1 0
 1820 2060.011 1210.866 -3 -28 0.390 5.857 0.363000 0.390 100 1 0
 1821 2061.181 1186.264 -3 -28 0.390 0.390 0.119000 0.344 100 1 0
 1822 2069.572 1156.194 -3 -28 0.390 0.390 0.325000 0.390 100 1 0
 1823 2075.426 1140.186 -3 -28 0.390 1.171 0.256000 0.390 100 1 0
 1824 2086.744 1109.139 -3 -28 0.390 0.390 0.155000 0.390 100 1 0
 1825 2081.281 1103.084 -3 -28 0.390 1.952 0.142000 0.377 100 1 0
 1826 2067.620 1100.545 -3 -28 0.390 0.390 0.155000 0.390 100 1 0
 1827 2058.645 952.155 -3 -28 0.390 0.390 0.240000 0.390 100 1 0
 1828 2058.645 906.662 -3 -28 0.780 0.390 0.402000 0.390 100 1 0
 1829 2104.892 1185.287 -3 -28 0.390 3.124 0.334000 0.390 100 1 0
 1830 2116.795 1173.178 -3 -28 0.390 0.390 0.240000 0.390 100 1 0
 1831 2118.356 1086.881 -3 -28 0.390 0.390 0.273000 0.390 100 1 0
 1832 2117.965 1083.366 -3 -28 0.390 0.390 0.240000 0.390 100 1 0
 1833 2091.427 999.014 -3 -28 0.390 0.781 0.363000 0.390 100 1 0
 1834 2118.356 917.787 -3 -28 0.390 0.781 0.181000 0.390 100 1 0
 1835 2127.917 908.217 -3 -28 0.390 0.390 0.273000 0.390 100 1 0
 1836 2134.357 1209.108 -3 -28 0.780 2.343 0.325000 0.570 100 1 0
 1837 2134.552 1170.053 -3 -28 0.390 0.390 0.240000 0.390 100 1 0
 1838 2147.431 1132.178 -3 -28 1.170 0.390 0.273000 0.390 100 1 0
 1839 2148.016 1099.569 -3 -28 0.390 0.390 0.290000 0.390 100 1 0
 1840 2130.454 1083.366 -3 -28 0.390 0.390 0.325000 0.390 100 1 0
 1841 2155.041 1063.061 -3 -28 0.780 1.562 0.283000 0.531 100 1 0
 1842 2149.187 1052.709 -3 -28 0.390 0.390 0.195000 0.390 100 1 0
 1843 2158.748 1042.358 -3 -28 0.390 1.562 0.290000 0.390 100 1 0
 1844 2140.211 1032.991 -3 -28 0.390 0.390 0.273000 0.390 100 1 0
 1845 2160.700 1016.389 -3 -28 0.390 1.171 0.443000 0.390 100 1 0
 1846 2130.844 999.209 -3 -28 0.390 0.390 0.344000 0.390 100 1 0
 1847 2164.017 957.623 -3 -28 0.390 0.390 0.240000 0.390 100 1 0
 1848 2138.260 937.311 -3 -28 0.390 1.562 0.273000 0.390 100 1 0
 1849 2156.992 916.420 -3 -28 0.390 1.171 0.290000 0.390 100 1 0
 1850 2133.186 914.467 -3 -28 0.390 0.390 0.181000 0.390 100 1 0
 1851 2145.284 835.780 -3 -28 0.390 0.390 0.256000 0.390 100 1 0
 1852 2178.848 1197.584 -3 -28 0.390 1.171 0.307000 0.390 100 1 0
 1853 2201.288 1160.881 -3 -28 0.390 3.514 0.192000 0.390 100 1 0
 1854 2199.531 1137.256 -3 -28 0.390 0.781 0.081000 0.283 100 1 0
 1855 2200.702 1110.116 -3 -28 0.390 0.390 0.256000 0.390 100 1 0
 1856 2201.093 1074.576 -3 -28 0.390 1.171 0.363000 0.390 100 1 0
 1857 2202.264 1049.584 -3 -28 0.390 0.390 0.155000 0.390 100 1 0
 1858 2202.264 1041.576 -3 -28 0.390 2.343 0.155000 0.390 100 1 0
 1859 2178.262 962.889 -3 -28 0.390 4.295 0.465000 0.390 100 1 0
 1860 2202.654 952.741 -3 -28 0.390 0.390 0.344000 0.390 100 1 0
 1861 2220.607 1087.858 -3 -28 0.390 1.952 0.240000 0.390 100 1 0
 1862 2220.607 1077.116 -3 -28 0.390 3.905 0.256000 0.390 100 1 0
 1863 2207.728 1013.459 -3 -28 0.390 0.781 0.155000 0.390 100 1 0
 1864 2224.118 996.280 -3 -28 0.390 0.390 0.240000 0.390 100 1 0
 1865 2235.241 929.311 -3 -28 0.390 0.390 0.142000 0.377 100 1 0
 1866 2233.095 895.530 -3 -28 0.390 0.390 0.195000 0.390 100 1 0
 1867 2226.851 888.108 -3 -28 0.390 0.390 0.210000 0.390 100 1 0
 1868 2242.852 887.717 -3 -28 2.341 0.390 0.195000 0.390 100 1 0
 1869 2227.631 851.795 -3 -28 0.390 0.390 0.181000 0.390 100 1 0
 1870 2229.387 839.686 -3 -28 0.390 0.390 0.195000 0.390 100 1 0
 1871 2261.780 1001.162 -3 -28 0.390 0.390 0.273000 0.390 100 1 0
 1872 2265.488 995.889 -3 -28 0.390 0.781 0.344000 0.390 100 1 0
 1873 2268.999 969.334 -3 -28 0.390 0.390 0.181000 0.390 100 1 0
 1874 2259.633 928.920 -3 -28 0.390 0.390 0.307000 0.390 100 1 0
 1875 2453.206 813.326 -3 -28 0.390 0.390 0.119000 0.344 100 1 0
 1876 2466.866 786.381 -3 -28 0.780 0.390 0.307000 0.390 100 1 0
 1877 2467.647 782.280 -3 -28 0.780 3.124 0.532000 0.729 100 1 0
 1878 2514.674 793.998 -3 -28 0.390 0.390 0.195000 0.390 100 1 0
 1879 2509.601 784.037 -3 -28 0.390 0.390 0.210000 0.390 100 1 0
 1880 2522.089 789.311 -3 -28 0.390 0.781 0.256000 0.390 100 1 0
 1881 2523.455 783.647 -3 -28 3.902 1.171 0.240000 0.490 100 1 0
 1882 2533.797 781.498 -3 -28 0.390 0.390 0.181000 0.390 100 1 0
 1883 2713.322 1203.834 -3 -28 0.390 0.390 0.051000 0.226 100 1 0
 1884 2608.736 251.811 -3 -28 0.780 41.784 161.716000 0.780 100 1 0
 1885 2510.388 756.741 -3 -28 0.390 1.952 0.225000 0.390 100 1 0
 1886 2518.974 687.616 -3 -28 0.390 2.733 0.273000 0.390 100 1 0
 1887 2532.828 623.967 -3 -28 2.731 6.638 0.225000 0.474 100 1 0
 1888 2508.827 596.631 -3 -28 0.390 1.171 0.486000 0.390 100 1 0
 1889 2517.608 568.514 -3 -28 0.390 0.390 0.290000 0.390 100 1 0
 1890 2509.022 523.608 -3 -28 0.390 2.733 0.256000 0.390 100 1 0
 1891 2521.706 425.194 -3 -28 0.390 0.390 0.240000 0.390 100 1 0
 1892 2516.242 359.006 -3 -28 0.390 0.390 0.256000 0.390 100 1 0
 1893 2523.657 357.248 -3 -28 0.390 0.390 0.363000 0.390 100 1 0
 1894 2515.852 343.975 -3 -28 0.390 2.733 0.344000 0.390 100 1 0
 1895 2526.584 167.850 -3 -28 0.390 1.171 0.192000 0.390 100 1 0
 1896 2487.947 719.444 -3 -28 0.390 0.390 0.256000 0.390 100 1 0
 1897 2479.362 701.678 -3 -28 3.512 0.390 0.256000 0.390 100 1 0
 1898 2477.606 696.795 -3 -28 0.390 0.390 0.225000 0.390 100 1 0
 1899 2469.409 694.451 -3 -28 0.390 0.781 0.307000 0.390 100 1 0
 1900 2500.631 652.475 -3 -28 0.390 0.390 0.225000 0.390 100 1 0
 1901 2474.288 634.506 -3 -28 0.390 2.733 0.236000 0.390 100 1 0
 1902 2504.144 627.092 -3 -28 0.390 0.390 0.307000 0.390 100 1 0
 1903 2488.143 581.983 -3 -28 0.390 0.390 0.155000 0.390 100 1 0
 1904 2497.119 531.412 -3 -28 0.390 1.952 0.195000 0.390 100 1 0
 1905 2487.752 517.358 -3 -28 0.390 0.390 0.225000 0.390 100 1 0
 1906 2500.826 511.498 -3 -28 1.170 2.733 0.290000 0.538 100 1 0
 1907 2497.119 508.569 -3 -28 0.390 2.343 0.195000 0.390 100 1 0
 1908 2501.607 501.733 -3 -28 1.170 1.952 0.465000 0.681 100 1 0
 1909 2501.217 494.905 -3 -28 0.390 0.390 0.240000 0.390 100 1 0
 1910 2492.826 494.123 -3 -28 0.390 0.390 0.168000 0.390 100 1 0
 1911 2474.093 476.545 -3 -28 0.390 0.781 0.344000 0.390 100 1 0
 1912 2470.971 470.694 -3 -28 0.390 0.390 0.240000 0.390 100 1 0
 1913 2491.265 466.006 -3 -28 0.780 3.905 0.363000 0.602 100 1 0
 1914 2482.484 419.342 -3 -28 2.731 0.390 0.225000 0.390 100 1 0
 1915 2501.022 385.756 -3 -28 0.390 0.390 0.363000 0.390 100 1 0
 1916 2479.362 361.350 -3 -28 1.170 0.390 0.225000 0.390 100 1 0
 1917 2474.093 361.350 -3 -28 0.390 0.390 0.240000 0.390 100 1 0
 1918 2470.776 354.319 -3 -28 0.390 0.781 0.509000 0.390 100 1 0
 1919 2494.387 348.850 -3 -28 0.390 1.562 0.155000 0.390 100 1 0
 1920 2481.899 339.678 -3 -28 0.390 0.390 0.325000 0.390 100 1 0
 1921 2506.486 169.022 -3 -28 0.390 1.952 0.443000 0.390 100 1 0
 1922 2466.483 712.998 -3 -28 0.390 0.390 0.181000 0.390 100 1 0
 1923 2440.140 663.600 -3 -28 0.390 0.781 0.344000 0.390 100 1 0
 1924 2467.849 660.475 -3 -28 0.390 0.781 0.443000 0.390 100 1 0
 1925 2440.530 659.694 -3 -28 0.390 0.781 0.273000 0.390 100 1 0
 1926 2433.896 623.772 -3 -28 1.561 0.781 0.363000 0.602 100 1 0
 1927 2437.798 613.616 -3 -28 0.390 1.562 0.168000 0.390 100 1 0
 1928 2456.531 584.717 -3 -28 0.390 0.390 0.155000 0.390 100 1 0
 1929 2437.993 535.319 -3 -28 0.390 0.390 0.225000 0.390 100 1 0
 1930 2464.141 440.623 -3 -28 2.731 2.343 0.225000 0.474 100 1 0
 1931 2446.969 426.951 -3 -28 0.390 0.390 0.195000 0.390 100 1 0
 1932 2434.090 422.076 -3 -28 0.390 0.390 0.256000 0.390 100 1 0
 1933 2459.068 417.194 -3 -28 0.390 0.390 0.290000 0.390 100 1 0
 1934 2435.066 411.530 -3 -28 0.780 0.390 0.273000 0.390 100 1 0
 1935 2463.556 377.358 -3 -28 0.390 0.781 0.081000 0.283 100 1 0
 1936 2467.849 352.756 -3 -28 0.390 0.781 0.168000 0.390 100 1 0
 1937 2463.165 344.553 -3 -28 0.390 0.390 0.142000 0.377 100 1 0
 1938 2443.457 298.670 -3 -28 0.390 1.952 0.240000 0.390 100 1 0
 1939 2443.652 283.444 -3 -28 1.561 5.076 0.422000 0.649 100 1 0
 1940 2443.652 275.631 -3 -28 1.561 3.514 0.402000 0.633 100 1 0
 1941 2443.652 268.209 -3 -28 1.561 4.295 0.382000 0.618 100 1 0
 1942 2443.847 260.405 -3 -28 1.170 4.295 0.344000 0.586 100 1 0
 1943 2444.628 249.467 -3 -28 3.512 12.886 7.205000 2.684 100 1 0
 1944 2443.457 167.264 -3 -28 0.390 0.390 0.486000 0.390 100 1 0
 1945 2466.287 164.920 -3 -28 0.390 0.390 0.256000 0.390 100 1 0
 1946 2426.870 729.209 -3 -28 0.390 1.562 0.240000 0.390 100 1 0
 1947 2405.406 464.444 -3 -28 0.390 0.390 0.210000 0.390 100 1 0
 1948 2418.870 392.787 -3 -28 0.390 0.390 0.168000 0.390 100 1 0
 1949 2403.650 369.162 -3 -28 0.390 0.781 0.195000 0.390 100 1 0
 1950 2364.427 722.178 -3 -28 0.390 0.390 0.168000 0.390 100 1 0
 1951 2380.819 708.123 -3 -28 0.390 0.390 0.195000 0.390 100 1 0
 1952 2377.306 548.795 -3 -28 0.390 0.390 0.181000 0.390 100 1 0
 1953 2388.429 167.264 -3 -28 0.390 5.467 0.486000 0.390 100 1 0
 1954 2317.595 758.108 -3 -28 0.390 0.781 0.290000 0.390 100 1 0
 1955 2330.474 705.780 -3 -28 0.390 0.390 0.273000 0.390 100 1 0
 1956 2341.792 453.897 -3 -28 0.390 0.390 0.256000 0.390 100 1 0
 1957 2348.036 453.506 -3 -28 0.390 0.390 0.181000 0.390 100 1 0
 1958 2348.036 437.108 -3 -28 0.390 2.343 0.181000 0.390 100 1 0
 1959 2347.646 167.264 -3 -28 4.683 5.467 0.363000 0.602 100 1 0
 1960 2304.911 164.920 -3 -28 0.390 0.390 0.273000 0.390 100 1 0
 1961 2235.248 726.866 -3 -28 0.390 0.781 0.290000 0.390 100 1 0
 1962 2234.077 562.459 -3 -28 0.390 0.390 0.344000 0.390 100 1 0
 1963 2258.664 407.819 -3 -28 0.390 0.781 0.363000 0.390 100 1 0
 1964 2228.614 719.248 -3 -28 0.390 0.390 0.195000 0.390 100 1 0
 1965 2206.368 704.022 -3 -28 0.390 0.390 0.195000 0.390 100 1 0
 1966 2204.027 643.881 -3 -28 0.390 3.514 0.307000 0.390 100 1 0
 1967 2204.027 540.983 -3 -28 0.390 0.390 0.181000 0.390 100 1 0
 1968 2229.004 370.334 -3 -28 0.390 0.390 0.256000 0.390 100 1 0
 1969 2163.439 659.889 -3 -28 0.390 0.390 0.240000 0.390 100 1 0
 1970 2162.268 424.998 -3 -28 0.390 1.562 0.273000 0.390 100 1 0
 1971 2140.413 773.334 -3 -28 0.390 0.781 0.325000 0.390 100 1 0
 1972 2128.900 730.576 -3 -28 0.390 0.390 0.273000 0.390 100 1 0
 1973 2140.023 695.233 -3 -28 0.390 0.390 0.210000 0.390 100 1 0
 1974 2134.559 499.592 -3 -28 0.390 0.781 0.290000 0.390 100 1 0
 1975 2119.533 446.873 -3 -28 0.390 0.781 0.256000 0.390 100 1 0
 1976 2131.827 383.998 -3 -28 0.390 0.390 0.363000 0.390 100 1 0
 1977 2119.533 381.655 -3 -28 0.390 0.390 0.325000 0.390 100 1 0
 1978 2115.826 380.092 -3 -28 2.341 3.124 0.382000 0.618 100 1 0
 1979 2119.533 369.162 -3 -28 0.390 0.390 0.273000 0.390 100 1 0
 1980 2129.875 367.795 -3 -28 0.390 0.390 0.273000 0.390 100 1 0
 1981 2120.900 274.264 -3 -28 0.390 0.781 0.155000 0.390 100 1 0
 1982 2121.485 187.381 -3 -28 0.390 5.076 0.344000 0.390 100 1 0
 1983 2121.095 173.905 -3 -28 0.390 2.343 0.273000 0.390 100 1 0
 1984 2099.239 623.381 -3 -28 0.390 0.390 0.240000 0.390 100 1 0
 1985 2100.606 545.475 -3 -28 0.780 0.390 0.344000 0.390 100 1 0
 1986 2112.118 492.561 -3 -28 0.390 1.562 0.509000 0.390 100 1 0
 1987 2085.580 472.256 -3 -28 0.390 0.390 0.273000 0.390 100 1 0
 1988 2085.190 464.639 -3 -28 0.390 0.390 0.256000 0.390 100 1 0
 1989 2096.702 461.709 -3 -28 1.561 0.781 0.273000 0.522 100 1 0
 1990 2085.970 454.678 -3 -28 0.390 0.390 0.240000 0.390 100 1 0
 1991 2078.946 444.530 -3 -28 0.390 0.390 0.273000 0.390 100 1 0
 1992 2096.702 442.186 -3 -28 0.780 0.390 0.256000 0.390 100 1 0
 1993 2110.167 435.741 -3 -28 0.390 2.733 0.325000 0.390 100 1 0
 1994 2096.898 437.108 -3 -28 1.170 0.390 0.273000 0.390 100 1 0
 1995 2116.216 432.030 -3 -28 0.780 0.390 0.273000 0.390 100 1 0
 1996 2110.947 426.951 -3 -28 0.390 0.390 0.273000 0.390 100 1 0
 1997 2088.898 426.951 -3 -28 0.390 0.390 0.273000 0.390 100 1 0
 1998 2078.750 426.951 -3 -28 0.780 0.390 0.290000 0.390 100 1 0
 1999 2105.094 419.342 -3 -28 1.951 5.076 0.443000 0.665 100 1 0
 2000 2082.654 421.881 -3 -28 0.390 0.390 0.240000 0.390 100 1 0
 2001 2100.995 417.584 -3 -28 0.780 3.905 0.443000 0.665 100 1 0
 2002 2110.363 419.147 -3 -28 0.390 0.390 0.273000 0.390 100 1 0
 2003 2110.363 416.803 -3 -28 0.390 0.390 0.256000 0.390 100 1 0
 2004 2093.385 416.803 -3 -28 0.390 0.390 0.256000 0.390 100 1 0
 2005 2110.363 394.155 -3 -28 0.390 0.390 0.307000 0.390 100 1 0
 2006 2104.703 392.983 -3 -28 1.170 2.343 0.325000 0.570 100 1 0
 2007 2112.899 391.616 -3 -28 5.073 0.390 0.344000 0.390 100 1 0
 2008 2110.557 385.561 -3 -28 1.951 3.124 0.382000 0.618 100 1 0
 2009 2088.507 382.241 -3 -28 0.390 1.171 0.273000 0.390 100 1 0
 2010 2110.557 380.287 -3 -28 1.170 2.733 0.382000 0.618 100 1 0
 2011 2090.849 381.655 -3 -28 0.390 0.390 0.256000 0.390 100 1 0
 2012 2094.556 376.576 -3 -28 1.170 0.390 0.290000 0.390 100 1 0
 2013 2115.436 371.498 -3 -28 0.390 0.390 0.307000 0.390 100 1 0
 2014 2115.436 368.967 -3 -28 0.780 0.390 0.344000 0.390 100 1 0
 2015 2110.557 366.428 -3 -28 1.951 5.467 0.363000 0.602 100 1 0
 2016 2115.240 362.912 -3 -28 1.170 3.124 0.363000 0.602 100 1 0
 2017 2101.581 361.350 -3 -28 0.390 0.390 0.256000 0.390 100 1 0
 2018 2099.044 361.350 -3 -28 0.390 0.390 0.256000 0.390 100 1 0
 2019 2095.531 361.350 -3 -28 0.390 0.390 0.273000 0.390 100 1 0
 2020 2088.702 361.350 -3 -28 0.390 0.390 0.273000 0.390 100 1 0
 2021 2063.920 730.772 -3 -28 0.390 0.390 0.168000 0.390 100 1 0
 2022 2056.896 705.389 -3 -28 0.390 0.781 0.225000 0.390 100 1 0
 2023 2077.579 702.459 -3 -28 0.390 0.390 0.210000 0.390 100 1 0
 2024 2076.214 686.444 -3 -28 0.390 0.390 0.225000 0.390 100 1 0
 2025 2040.309 631.389 -3 -28 1.170 0.390 0.307000 0.390 100 1 0
 2026 2044.602 613.420 -3 -28 0.390 0.390 0.225000 0.390 100 1 0
 2027 2067.822 599.561 -3 -28 0.390 2.343 0.195000 0.390 100 1 0
 2028 2069.775 585.498 -3 -28 0.780 0.390 0.273000 0.390 100 1 0
 2029 2048.699 583.155 -3 -28 0.390 0.390 0.225000 0.390 100 1 0
 2030 2058.456 570.662 -3 -28 1.561 0.390 0.290000 0.390 100 1 0
 2031 2048.699 542.155 -3 -28 0.390 0.781 0.325000 0.390 100 1 0
 2032 2070.164 513.647 -3 -28 0.390 0.390 0.181000 0.390 100 1 0
 2033 2074.848 475.959 -3 -28 0.390 1.171 0.181000 0.390 100 1 0
 2034 2074.848 445.897 -3 -28 0.390 0.390 0.443000 0.390 100 1 0
 2035 2074.456 441.600 -3 -28 0.390 0.390 0.509000 0.390 100 1 0
 2036 2053.773 406.451 -3 -28 0.390 1.952 0.181000 0.390 100 1 0
 2037 2047.139 381.655 -3 -28 0.390 0.390 0.256000 0.390 100 1 0
 2038 2046.358 378.334 -3 -28 0.390 0.390 0.256000 0.390 100 1 0
 2039 2060.018 374.037 -3 -28 0.390 2.733 0.443000 0.390 100 1 0
 2040 2017.088 728.428 -3 -28 0.390 0.390 0.290000 0.390 100 1 0
 2041 2010.063 641.342 -3 -28 0.390 0.390 0.256000 0.390 100 1 0
 2042 2028.991 630.998 -3 -28 1.951 0.390 0.256000 0.390 100 1 0
 2043 2038.162 627.678 -3 -28 0.390 0.781 0.256000 0.390 100 1 0
 2044 2011.820 605.803 -3 -28 0.390 0.390 0.225000 0.390 100 1 0
 2045 2031.528 583.155 -3 -28 0.390 0.390 0.256000 0.390 100 1 0
 2046 2007.721 563.241 -3 -28 0.390 0.390 0.273000 0.390 100 1 0
 2047 2014.746 561.092 -3 -28 0.390 0.390 0.325000 0.390 100 1 0
 2048 2024.893 540.201 -3 -28 0.390 0.390 0.256000 0.390 100 1 0
 2049 1964.597 633.530 -3 -28 0.390 0.390 0.225000 0.390 100 1 0
 2050 1982.354 615.959 -3 -28 0.780 0.390 0.225000 0.390 100 1 0
 2051 1965.182 615.959 -3 -28 0.390 0.390 0.225000 0.390 100 1 0
 2052 1968.890 605.803 -3 -28 0.390 0.390 0.325000 0.390 100 1 0
 2053 1964.987 586.084 -3 -28 1.951 1.171 0.509000 0.713 100 1 0
 2054 1964.402 580.616 -3 -28 0.390 0.390 0.290000 0.390 100 1 0
 2055 1926.740 751.076 -3 -28 0.390 2.343 0.225000 0.390 100 1 0
 2056 1928.107 726.866 -3 -28 0.390 1.562 0.225000 0.390 100 1 0
 2057 1946.449 724.326 -3 -28 0.390 1.952 0.307000 0.390 100 1 0
 2058 1923.033 723.545 -3 -28 0.390 1.171 0.240000 0.390 100 1 0
 2059 1942.546 695.428 -3 -28 0.390 2.733 0.290000 0.390 100 1 0
 2060 1944.498 605.803 -3 -28 1.561 0.390 0.240000 0.390 100 1 0
 2061 1940.205 583.155 -3 -28 0.390 0.390 0.290000 0.390 100 1 0
 2062 1960.109 578.084 -3 -28 0.390 0.390 0.344000 0.390 100 1 0
 2063 1947.230 578.084 -3 -28 0.780 0.390 0.307000 0.390 100 1 0
 2064 1944.693 567.928 -3 -28 5.854 0.390 0.290000 0.390 100 1 0
 2065 1922.252 558.162 -3 -28 0.780 0.781 0.290000 0.538 100 1 0
 2066 1930.643 557.967 -3 -28 1.170 0.390 0.290000 0.390 100 1 0
 2067 1924.985 550.358 -3 -28 0.780 0.390 0.344000 0.390 100 1 0
 2068 1938.839 545.866 -3 -28 0.390 1.171 0.307000 0.390 100 1 0
 2069 1940.790 510.131 -3 -28 0.390 0.390 0.273000 0.390 100 1 0
 2070 1946.449 482.209 -3 -28 0.390 0.390 0.402000 0.390 100 1 0
 2071 1930.643 474.795 -3 -28 0.390 0.390 0.273000 0.390 100 1 0
 2072 1929.863 450.381 -3 -28 1.951 1.562 0.290000 0.538 100 1 0
 2073 1936.693 449.600 -3 -28 0.390 0.390 0.240000 0.390 100 1 0
 2074 1937.082 434.373 -3 -28 0.780 0.390 0.273000 0.390 100 1 0
 2075 1945.083 409.186 -3 -28 1.170 0.390 0.344000 0.390 100 1 0
 2076 1946.645 406.647 -3 -28 1.951 0.390 0.256000 0.390 100 1 0
 2077 1940.790 403.131 -3 -28 2.731 2.343 0.240000 0.490 100 1 0
 2078 1945.864 394.155 -3 -28 0.390 0.390 0.307000 0.390 100 1 0
 2079 1942.352 394.155 -3 -28 0.390 0.390 0.273000 0.390 100 1 0
 2080 1923.814 379.311 -3 -28 0.390 0.390 0.256000 0.390 100 1 0
 2081 1885.762 751.467 -3 -28 0.390 0.781 0.240000 0.390 100 1 0
 2082 1916.399 580.420 -3 -28 1.561 0.390 0.325000 0.390 100 1 0
 2083 1904.885 570.467 -3 -28 0.390 1.171 0.532000 0.390 100 1 0
 2084 1898.836 523.022 -3 -28 0.390 0.781 0.195000 0.390 100 1 0
 2085 1920.106 504.076 -3 -28 0.390 0.390 0.325000 0.390 100 1 0
 2086 1895.323 408.991 -3 -28 0.390 0.390 0.307000 0.390 100 1 0
 2087 1886.348 394.155 -3 -28 0.390 0.390 0.256000 0.390 100 1 0
 2088 1857.077 720.811 -3 -28 0.390 1.171 0.273000 0.390 100 1 0
 2089 1859.419 702.069 -3 -28 0.390 0.390 0.273000 0.390 100 1 0
 2090 1852.004 697.576 -3 -28 0.390 0.390 0.225000 0.390 100 1 0
 2091 1854.736 696.405 -3 -28 0.390 0.781 0.256000 0.390 100 1 0
 2092 1880.884 694.842 -3 -28 0.390 1.562 0.256000 0.390 100 1 0
 2093 1854.736 540.201 -3 -28 0.780 0.390 0.290000 0.390 100 1 0
 2094 1868.005 536.491 -3 -28 0.390 0.390 0.290000 0.390 100 1 0
 2095 1846.931 482.405 -3 -28 0.390 0.390 0.273000 0.390 100 1 0
 2096 1879.322 374.037 -3 -28 0.390 0.390 0.402000 0.390 100 1 0
 2097 1859.029 356.272 -3 -28 0.390 0.390 0.273000 0.390 100 1 0
 2098 1812.977 705.780 -3 -28 0.390 0.390 0.225000 0.390 100 1 0
 2099 1818.831 674.147 -3 -28 0.390 0.390 0.240000 0.390 100 1 0
 2100 1835.613 653.842 -3 -28 0.390 0.390 0.240000 0.390 100 1 0
 2101 1819.612 598.389 -3 -28 0.390 0.390 0.290000 0.390 100 1 0
 2102 1812.587 517.553 -3 -28 0.390 0.390 0.273000 0.390 100 1 0
 2103 1830.149 477.326 -3 -28 0.390 0.390 0.307000 0.390 100 1 0
 2104 1808.294 454.873 -3 -28 0.780 0.390 0.382000 0.390 100 1 0
 2105 1843.028 444.139 -3 -28 0.390 1.562 0.195000 0.390 100 1 0
 2106 1837.954 435.545 -3 -28 0.390 1.562 0.210000 0.390 100 1 0
 2107 1812.587 371.889 -3 -28 0.390 0.390 0.256000 0.390 100 1 0
 2108 1825.466 169.803 -3 -28 0.390 0.390 0.273000 0.390 100 1 0
 2109 1832.100 164.920 -3 -28 0.390 0.390 0.273000 0.390 100 1 0
 2110 1825.660 164.920 -3 -28 0.390 0.390 0.307000 0.390 100 1 0
 2111 1766.535 617.326 -3 -28 0.390 0.390 0.344000 0.390 100 1 0
 2112 1799.904 613.616 -3 -28 0.390 0.390 0.273000 0.390 100 1 0
 2113 1799.513 605.803 -3 -28 0.390 0.390 0.273000 0.390 100 1 0
 2114 1765.754 534.733 -3 -28 0.390 1.562 0.225000 0.390 100 1 0
 2115 1794.634 477.326 -3 -28 0.390 0.390 0.256000 0.390 100 1 0
 2116 1783.707 341.436 -3 -28 0.390 0.390 0.290000 0.390 100 1 0
 2117 1787.219 328.741 -3 -28 0.390 1.171 0.210000 0.390 100 1 0
 2118 1772.780 319.951 -3 -28 3.902 2.343 0.486000 0.697 100 1 0
 2119 1796.976 316.053 -3 -28 0.390 0.390 0.273000 0.390 100 1 0
 2120 1794.440 313.709 -3 -28 0.390 0.390 0.256000 0.390 100 1 0
 2121 1782.341 313.709 -3 -28 0.390 0.390 0.256000 0.390 100 1 0
 2122 1787.610 311.170 -3 -28 0.780 0.390 0.240000 0.390 100 1 0
 2123 1798.537 310.975 -3 -28 0.390 0.390 0.240000 0.390 100 1 0
 2124 1766.730 306.287 -3 -28 0.390 0.390 0.273000 0.390 100 1 0
 2125 1795.805 303.553 -3 -28 2.341 0.390 0.443000 0.390 100 1 0
 2126 1769.853 303.553 -3 -28 1.170 0.390 0.240000 0.390 100 1 0
 2127 1786.048 301.014 -3 -28 0.390 0.390 0.325000 0.390 100 1 0
 2128 1770.047 301.014 -3 -28 0.780 0.390 0.307000 0.390 100 1 0
 2129 1781.365 294.569 -3 -28 0.780 0.390 0.081000 0.283 100 1 0
 2130 1770.633 285.983 -3 -28 1.170 0.390 0.273000 0.390 100 1 0
 2131 1797.171 275.826 -3 -28 0.390 0.390 0.382000 0.390 100 1 0
 2132 1796.391 271.334 -3 -28 0.390 1.171 0.256000 0.390 100 1 0
 2133 1786.243 268.405 -3 -28 0.390 0.390 0.256000 0.390 100 1 0
 2134 1774.535 260.600 -3 -28 0.390 0.390 0.273000 0.390 100 1 0
 2135 1781.365 255.131 -3 -28 0.780 0.781 0.325000 0.570 100 1 0
 2136 1774.731 253.178 -3 -28 0.390 0.390 0.240000 0.390 100 1 0
 2137 1787.025 250.444 -3 -28 0.390 0.390 0.307000 0.390 100 1 0
 2138 1785.072 243.022 -3 -28 1.170 0.390 0.256000 0.390 100 1 0
 2139 1774.731 243.022 -3 -28 0.390 0.390 0.325000 0.390 100 1 0
 2140 1775.316 235.608 -3 -28 0.390 0.390 0.273000 0.390 100 1 0
 2141 1784.683 228.576 -3 -28 0.390 0.781 0.402000 0.390 100 1 0
 2142 1781.755 223.303 -3 -28 0.390 0.390 0.486000 0.390 100 1 0
 2143 1774.731 207.686 -3 -28 0.390 0.390 0.344000 0.390 100 1 0
 2144 1775.511 192.647 -3 -28 0.390 0.390 0.273000 0.390 100 1 0
 2145 1802.050 173.514 -3 -28 0.390 1.562 0.465000 0.390 100 1 0
 2146 1793.854 165.701 -3 -28 0.780 0.781 0.192000 0.437 100 1 0
 2147 1775.706 165.897 -3 -28 0.390 0.390 0.114000 0.338 100 1 0
 2148 1738.436 775.092 -3 -28 0.390 0.390 0.273000 0.390 100 1 0
 2149 1757.559 745.217 -3 -28 0.390 0.390 0.225000 0.390 100 1 0
 2150 1751.705 725.694 -3 -28 2.341 2.343 0.506000 0.711 100 1 0
 2151 1752.681 691.326 -3 -28 0.390 0.390 0.240000 0.390 100 1 0
 2152 1745.851 686.639 -3 -28 0.390 0.390 0.240000 0.390 100 1 0
 2153 1752.875 644.076 -3 -28 0.390 0.390 0.256000 0.390 100 1 0
 2154 1749.364 621.037 -3 -28 0.390 0.390 0.225000 0.390 100 1 0
 2155 1752.875 542.741 -3 -28 0.390 1.171 0.240000 0.390 100 1 0
 2156 1759.510 517.553 -3 -28 0.390 0.390 0.256000 0.390 100 1 0
 2157 1746.631 517.553 -3 -28 0.390 0.390 0.273000 0.390 100 1 0
 2158 1764.583 505.053 -3 -28 0.390 0.390 0.256000 0.390 100 1 0
 2159 1752.095 499.983 -3 -28 0.390 0.390 0.382000 0.390 100 1 0
 2160 1742.924 497.639 -3 -28 0.390 0.390 0.273000 0.390 100 1 0
 2161 1754.046 494.905 -3 -28 0.390 0.390 0.344000 0.390 100 1 0
 2162 1757.949 474.600 -3 -28 0.390 0.390 0.240000 0.390 100 1 0
 2163 1752.875 472.256 -3 -28 0.390 0.390 0.344000 0.390 100 1 0
 2164 1740.778 457.022 -3 -28 0.390 0.390 0.290000 0.390 100 1 0
 2165 1757.168 432.420 -3 -28 0.390 0.781 0.256000 0.390 100 1 0
 2166 1744.289 421.881 -3 -28 0.390 0.390 0.240000 0.390 100 1 0
 2167 1753.071 411.725 -3 -28 1.951 0.390 0.325000 0.390 100 1 0
 2168 1743.119 411.725 -3 -28 0.390 0.390 0.256000 0.390 100 1 0
 2169 1740.778 404.303 -3 -28 0.390 0.390 0.273000 0.390 100 1 0
 2170 1745.071 394.155 -3 -28 0.780 0.390 0.307000 0.390 100 1 0
 2171 1736.874 381.655 -3 -28 0.390 0.390 0.256000 0.390 100 1 0
 2172 1741.753 375.795 -3 -28 1.951 1.562 0.443000 0.665 100 1 0
 2173 1742.338 371.498 -3 -28 3.122 0.390 0.325000 0.390 100 1 0
 2174 1753.266 366.428 -3 -28 2.341 0.390 0.273000 0.390 100 1 0
 2175 1742.729 362.522 -3 -28 0.780 2.343 0.443000 0.665 100 1 0
 2176 1743.119 359.006 -3 -28 0.780 0.390 0.290000 0.390 100 1 0
 2177 1742.729 351.584 -3 -28 0.390 0.390 0.256000 0.390 100 1 0
 2178 1742.729 346.506 -3 -28 0.390 0.390 0.290000 0.390 100 1 0
 2179 1759.315 341.436 -3 -28 0.390 0.390 0.325000 0.390 100 1 0
 2180 1753.461 338.897 -3 -28 0.390 0.390 0.273000 0.390 100 1 0
 2181 1745.266 338.701 -3 -28 1.951 0.390 0.443000 0.390 100 1 0
 2182 1739.216 338.701 -3 -28 0.390 0.390 0.273000 0.390 100 1 0
 2183 1745.266 336.358 -3 -28 1.951 0.390 0.307000 0.390 100 1 0
 2184 1752.486 331.280 -3 -28 0.390 0.390 0.273000 0.390 100 1 0
 2185 1745.656 331.280 -3 -28 0.390 0.390 0.307000 0.390 100 1 0
 2186 1752.681 328.741 -3 -28 0.390 0.390 0.325000 0.390 100 1 0
 2187 1752.290 323.662 -3 -28 0.390 0.390 0.290000 0.390 100 1 0
 2188 1751.705 303.553 -3 -28 0.390 0.390 0.307000 0.390 100 1 0
 2189 1741.167 303.553 -3 -28 0.390 0.390 0.273000 0.390 100 1 0
 2190 1749.753 300.819 -3 -28 0.390 0.390 0.273000 0.390 100 1 0
 2191 1727.117 293.397 -3 -28 0.390 0.390 0.256000 0.390 100 1 0
 2192 1729.850 288.326 -3 -28 0.390 0.390 0.256000 0.390 100 1 0
 2193 1728.094 283.444 -3 -28 0.390 0.390 0.307000 0.390 100 1 0
 2194 1759.315 280.905 -3 -28 0.390 0.390 0.344000 0.390 100 1 0
 2195 1727.899 279.537 -3 -28 0.780 2.733 0.325000 0.570 100 1 0
 2196 1737.656 273.483 -3 -28 0.390 0.390 0.307000 0.390 100 1 0
 2197 1729.459 273.483 -3 -28 0.390 0.390 0.290000 0.390 100 1 0
 2198 1739.021 269.576 -3 -28 2.731 2.343 0.325000 0.570 100 1 0
 2199 1751.315 258.256 -3 -28 0.390 0.390 0.256000 0.390 100 1 0
 2200 1726.728 215.295 -3 -28 0.390 0.390 0.307000 0.390 100 1 0
 2201 1727.117 205.147 -3 -28 0.390 0.390 0.273000 0.390 100 1 0
 2202 1758.339 179.764 -3 -28 0.390 0.390 0.256000 0.390 100 1 0
 2203 1701.750 701.678 -3 -28 0.390 0.390 0.382000 0.390 100 1 0
 2204 1694.335 676.491 -3 -28 0.390 0.390 0.273000 0.390 100 1 0
 2205 1695.506 656.186 -3 -28 0.390 0.390 0.240000 0.390 100 1 0
 2206 1700.579 597.998 -3 -28 0.390 0.390 0.256000 0.390 100 1 0
 2207 1711.702 595.655 -3 -28 0.390 0.390 0.256000 0.390 100 1 0
 2208 1702.336 590.576 -3 -28 0.390 0.390 0.256000 0.390 100 1 0
 2209 1693.945 565.194 -3 -28 0.390 0.390 0.256000 0.390 100 1 0
 2210 1686.530 562.459 -3 -28 3.902 0.781 0.290000 0.538 100 1 0
 2211 1707.605 510.522 -3 -28 0.390 0.390 0.210000 0.390 100 1 0
 2212 1722.824 508.959 -3 -28 0.390 0.390 0.382000 0.390 100 1 0
 2213 1702.141 482.405 -3 -28 0.390 0.390 0.273000 0.390 100 1 0
 2214 1715.020 401.959 -3 -28 0.390 0.390 0.256000 0.390 100 1 0
 2215 1705.654 315.272 -3 -28 0.390 0.390 0.443000 0.390 100 1 0
 2216 1725.947 291.061 -3 -28 0.390 0.390 0.240000 0.390 100 1 0
 2217 1703.312 291.061 -3 -28 0.390 0.390 0.273000 0.390 100 1 0
 2218 1711.312 285.983 -3 -28 0.390 0.390 0.256000 0.390 100 1 0
 2219 1723.606 280.905 -3 -28 0.390 0.390 0.256000 0.390 100 1 0
 2220 1699.019 280.905 -3 -28 0.780 0.390 0.344000 0.390 100 1 0
 2221 1722.044 278.561 -3 -28 0.390 0.390 0.344000 0.390 100 1 0
 2222 1708.385 275.826 -3 -28 1.561 0.390 0.240000 0.390 100 1 0
 2223 1716.580 270.748 -3 -28 0.780 0.390 0.344000 0.390 100 1 0
 2224 1698.628 270.748 -3 -28 0.390 0.390 0.422000 0.390 100 1 0
 2225 1698.043 268.405 -3 -28 1.170 0.390 0.465000 0.390 100 1 0
 2226 1698.043 265.678 -3 -28 1.170 0.390 0.344000 0.390 100 1 0
 2227 1720.873 263.334 -3 -28 0.390 0.390 0.273000 0.390 100 1 0
 2228 1710.336 263.139 -3 -28 2.341 0.390 0.273000 0.390 100 1 0
 2229 1721.069 258.256 -3 -28 0.390 0.390 0.344000 0.390 100 1 0
 2230 1697.457 257.084 -3 -28 0.390 0.781 0.325000 0.390 100 1 0
 2231 1721.264 255.522 -3 -28 0.780 0.390 0.240000 0.390 100 1 0
 2232 1714.629 255.522 -3 -28 0.780 0.390 0.290000 0.390 100 1 0
 2233 1711.898 255.522 -3 -28 0.390 0.390 0.273000 0.390 100 1 0
 2234 1704.872 254.936 -3 -28 1.561 1.171 0.273000 0.522 100 1 0
 2235 1711.702 253.178 -3 -28 0.390 0.390 0.273000 0.390 100 1 0
 2236 1709.165 252.983 -3 -28 0.390 0.390 0.363000 0.390 100 1 0
 2237 1686.725 249.662 -3 -28 2.731 2.343 0.382000 0.618 100 1 0
 2238 1699.408 250.444 -3 -28 0.390 0.390 0.256000 0.390 100 1 0
 2239 1714.239 244.389 -3 -28 0.390 0.390 0.273000 0.390 100 1 0
 2240 1715.800 239.905 -3 -28 1.561 1.562 0.363000 0.602 100 1 0
 2241 1704.287 237.951 -3 -28 1.170 0.390 0.307000 0.390 100 1 0
 2242 1699.408 237.951 -3 -28 0.390 0.390 0.256000 0.390 100 1 0
 2243 1714.824 232.483 -3 -28 1.170 1.562 0.290000 0.538 100 1 0
 2244 1714.629 228.576 -3 -28 0.780 1.562 0.532000 0.729 100 1 0
 2245 1709.165 227.795 -3 -28 0.390 0.390 0.382000 0.390 100 1 0
 2246 1702.726 219.592 -3 -28 0.390 1.562 0.486000 0.390 100 1 0
 2247 1704.092 215.295 -3 -28 0.390 0.390 0.256000 0.390 100 1 0
 2248 1695.115 204.170 -3 -28 0.390 0.390 0.290000 0.390 100 1 0
 2249 1721.849 188.741 -3 -28 0.390 2.343 0.402000 0.390 100 1 0
 2250 1721.264 175.076 -3 -28 0.390 0.390 0.307000 0.390 100 1 0
 2251 1667.992 744.241 -3 -28 0.390 1.171 0.151000 0.389 100 1 0
 2252 1686.725 742.287 -3 -28 0.390 0.390 0.307000 0.390 100 1 0
 2253 1661.162 720.811 -3 -28 0.390 0.390 0.256000 0.390 100 1 0
 2254 1667.797 676.881 -3 -28 0.390 0.390 0.325000 0.390 100 1 0
 2255 1671.699 676.491 -3 -28 1.561 0.390 0.273000 0.390 100 1 0
 2256 1667.211 666.334 -3 -28 0.390 0.390 0.273000 0.390 100 1 0
 2257 1659.991 657.358 -3 -28 0.390 0.390 0.225000 0.390 100 1 0
 2258 1683.798 656.186 -3 -28 0.390 0.390 0.225000 0.390 100 1 0
 2259 1684.578 638.608 -3 -28 0.390 0.390 0.240000 0.390 100 1 0
 2260 1684.383 633.530 -3 -28 0.390 0.390 0.256000 0.390 100 1 0
 2261 1664.284 623.576 -3 -28 3.122 5.076 0.344000 0.586 100 1 0
 2262 1686.335 611.467 -3 -28 0.390 1.171 0.290000 0.390 100 1 0
 2263 1663.895 600.733 -3 -28 0.390 0.390 0.290000 0.390 100 1 0
 2264 1683.993 599.561 -3 -28 0.390 0.390 0.050000 0.224 100 1 0
 2265 1669.358 590.576 -3 -28 0.390 0.390 0.307000 0.390 100 1 0
 2266 1661.162 588.233 -3 -28 0.390 0.390 0.256000 0.390 100 1 0
 2267 1661.162 585.498 -3 -28 0.390 0.390 0.240000 0.390 100 1 0
 2268 1662.138 573.201 -3 -28 1.951 0.390 0.290000 0.390 100 1 0
 2269 1663.699 565.389 -3 -28 0.390 0.390 0.290000 0.390 100 1 0
 2270 1678.334 562.850 -3 -28 0.390 0.390 0.273000 0.390 100 1 0
 2271 1656.479 558.162 -3 -28 0.390 0.390 0.256000 0.390 100 1 0
 2272 1678.725 557.772 -3 -28 0.780 0.390 0.325000 0.390 100 1 0
 2273 1686.530 556.600 -3 -28 0.390 0.390 0.256000 0.390 100 1 0
 2274 1652.186 555.428 -3 -28 0.390 0.390 0.273000 0.390 100 1 0
 2275 1661.162 547.819 -3 -28 0.390 0.390 0.256000 0.390 100 1 0
 2276 1660.772 545.280 -3 -28 0.390 0.390 0.273000 0.390 100 1 0
 2277 1671.310 535.514 -3 -28 0.390 0.390 0.363000 0.390 100 1 0
 2278 1683.993 512.475 -3 -28 0.390 1.562 0.210000 0.390 100 1 0
 2279 1660.577 505.053 -3 -28 0.390 0.390 0.273000 0.390 100 1 0
 2280 1668.577 459.561 -3 -28 3.122 0.390 0.402000 0.390 100 1 0
 2281 1669.944 445.897 -3 -28 0.390 0.390 0.256000 0.390 100 1 0
 2282 1661.162 432.420 -3 -28 0.390 0.390 0.210000 0.390 100 1 0
 2283 1654.138 383.998 -3 -28 0.780 0.390 0.382000 0.390 100 1 0
 2284 1660.577 331.280 -3 -28 0.390 0.390 0.325000 0.390 100 1 0
 2285 1655.309 331.280 -3 -28 0.780 0.390 0.273000 0.390 100 1 0
 2286 1652.576 321.123 -3 -28 0.390 0.390 0.325000 0.390 100 1 0
 2287 1679.310 316.248 -3 -28 0.390 0.390 0.290000 0.390 100 1 0
 2288 1679.114 313.709 -3 -28 0.390 0.390 0.240000 0.390 100 1 0
 2289 1681.066 301.014 -3 -28 0.390 0.390 0.325000 0.390 100 1 0
 2290 1681.066 298.475 -3 -28 0.390 0.390 0.422000 0.390 100 1 0
 2291 1656.089 295.936 -3 -28 0.390 0.390 0.325000 0.390 100 1 0
 2292 1652.576 291.451 -3 -28 1.561 1.562 0.363000 0.602 100 1 0
 2293 1682.237 291.061 -3 -28 0.390 0.390 0.290000 0.390 100 1 0
 2294 1684.578 285.983 -3 -28 0.390 0.390 0.363000 0.390 100 1 0
 2295 1656.479 270.748 -3 -28 0.390 0.390 0.256000 0.390 100 1 0
 2296 1657.260 268.405 -3 -28 0.390 0.390 0.256000 0.390 100 1 0
 2297 1677.749 263.334 -3 -28 0.390 0.390 0.290000 0.390 100 1 0
 2298 1658.625 260.600 -3 -28 0.390 0.390 0.273000 0.390 100 1 0
 2299 1661.162 258.256 -3 -28 0.390 0.390 0.382000 0.390 100 1 0
 2300 1661.162 255.522 -3 -28 0.390 0.390 0.256000 0.390 100 1 0
 2301 1662.138 248.100 -3 -28 0.390 0.390 0.344000 0.390 100 1 0
 2302 1656.869 246.342 -3 -28 3.902 3.514 0.344000 0.586 100 1 0
 2303 1661.943 245.366 -3 -28 0.390 0.390 0.290000 0.390 100 1 0
 2304 1653.162 235.803 -3 -28 0.390 1.171 0.325000 0.390 100 1 0
 2305 1643.990 730.967 -3 -28 0.390 0.390 0.240000 0.390 100 1 0
 2306 1641.259 723.936 -3 -28 0.390 1.171 0.382000 0.390 100 1 0
 2307 1614.330 705.389 -3 -28 0.390 1.562 0.273000 0.390 100 1 0
 2308 1625.452 670.241 -3 -28 0.390 0.390 0.240000 0.390 100 1 0
 2309 1628.380 604.639 -3 -28 0.390 0.390 0.290000 0.390 100 1 0
 2310 1645.942 583.155 -3 -28 0.390 0.390 0.240000 0.390 100 1 0
 2311 1626.038 578.084 -3 -28 0.390 0.390 0.325000 0.390 100 1 0
 2312 1646.332 557.772 -3 -28 0.390 0.390 0.256000 0.390 100 1 0
 2313 1646.332 555.428 -3 -28 0.390 0.390 0.509000 0.390 100 1 0
 2314 1630.721 540.201 -3 -28 0.390 0.390 0.290000 0.390 100 1 0
 2315 1627.989 499.983 -3 -28 0.390 0.390 0.307000 0.390 100 1 0
 2316 1618.428 485.139 -3 -28 0.390 0.390 0.273000 0.390 100 1 0
 2317 1620.184 390.053 -3 -28 0.390 0.390 0.210000 0.390 100 1 0
 2318 1619.208 371.498 -3 -28 0.390 0.390 0.290000 0.390 100 1 0
 2319 1625.648 366.037 -3 -28 1.561 0.781 0.240000 0.490 100 1 0
 2320 1623.112 351.194 -3 -28 0.390 0.390 0.325000 0.390 100 1 0
 2321 1619.013 341.436 -3 -28 0.390 0.390 0.256000 0.390 100 1 0
 2322 1629.551 339.092 -3 -28 0.390 0.390 0.290000 0.390 100 1 0
 2323 1641.064 328.741 -3 -28 0.390 0.390 0.344000 0.390 100 1 0
 2324 1626.819 326.201 -3 -28 0.390 0.390 0.240000 0.390 100 1 0
 2325 1624.477 310.975 -3 -28 0.390 0.390 0.256000 0.390 100 1 0
 2326 1624.281 298.475 -3 -28 0.390 0.390 0.307000 0.390 100 1 0
 2327 1622.135 291.061 -3 -28 0.390 0.390 0.273000 0.390 100 1 0
 2328 1621.941 285.983 -3 -28 1.170 0.390 0.325000 0.390 100 1 0
 2329 1629.941 280.905 -3 -28 0.390 0.390 0.273000 0.390 100 1 0
 2330 1626.038 272.116 -3 -28 2.341 2.733 0.363000 0.602 100 1 0
 2331 1618.037 265.873 -3 -28 0.390 0.390 0.363000 0.390 100 1 0
 2332 1612.769 265.873 -3 -28 3.122 0.390 0.382000 0.390 100 1 0
 2333 1638.331 265.678 -3 -28 0.390 0.390 0.307000 0.390 100 1 0
 2334 1619.208 263.334 -3 -28 1.951 0.390 0.256000 0.390 100 1 0
 2335 1614.135 263.334 -3 -28 0.390 0.390 0.256000 0.390 100 1 0
 2336 1625.258 260.600 -3 -28 0.390 0.390 0.256000 0.390 100 1 0
 2337 1609.647 253.569 -3 -28 0.390 0.390 0.273000 0.390 100 1 0
 2338 1646.723 253.178 -3 -28 0.390 0.390 0.325000 0.390 100 1 0
 2339 1623.892 248.100 -3 -28 0.390 0.390 0.290000 0.390 100 1 0
 2340 1617.842 248.100 -3 -28 0.390 0.390 0.256000 0.390 100 1 0
 2341 1611.793 246.147 -3 -28 0.390 0.781 0.256000 0.390 100 1 0
 2342 1618.233 245.756 -3 -28 0.390 0.390 0.240000 0.390 100 1 0
 2343 1625.452 243.022 -3 -28 1.951 0.390 0.363000 0.390 100 1 0
 2344 1628.185 234.631 -3 -28 1.170 1.952 0.344000 0.586 100 1 0
 2345 1641.453 220.373 -3 -28 0.390 0.390 0.307000 0.390 100 1 0
 2346 1626.819 220.373 -3 -28 1.561 0.390 0.325000 0.390 100 1 0
 2347 1626.234 216.662 -3 -28 1.951 2.733 0.382000 0.618 100 1 0
 2348 1626.428 211.592 -3 -28 0.780 2.733 0.363000 0.602 100 1 0
 2349 1627.599 192.647 -3 -28 0.390 0.390 0.240000 0.390 100 1 0
 2350 1626.623 183.670 -3 -28 0.390 0.390 0.344000 0.390 100 1 0
 2351 1619.404 180.155 -3 -28 0.390 0.390 0.307000 0.390 100 1 0
 2352 1621.745 177.420 -3 -28 0.390 0.390 0.273000 0.390 100 1 0
 2353 1637.356 172.733 -3 -28 0.390 0.390 0.307000 0.390 100 1 0
 2354 1576.669 618.498 -3 -28 0.390 0.390 0.240000 0.390 100 1 0
 2355 1592.280 605.803 -3 -28 0.390 0.390 0.307000 0.390 100 1 0
 2356 1581.157 605.803 -3 -28 0.780 0.390 0.307000 0.390 100 1 0
 2357 1596.183 567.928 -3 -28 1.170 0.390 0.290000 0.390 100 1 0
 2358 1581.938 512.866 -3 -28 0.390 0.390 0.256000 0.390 100 1 0
 2359 1600.085 508.764 -3 -28 0.390 0.390 0.290000 0.390 100 1 0
 2360 1579.206 507.397 -3 -28 0.390 0.390 0.325000 0.390 100 1 0
 2361 1595.792 504.467 -3 -28 2.731 1.171 0.443000 0.665 100 1 0
 2362 1579.987 503.686 -3 -28 1.561 2.733 0.273000 0.522 100 1 0
 2363 1580.767 499.983 -3 -28 0.390 0.390 0.422000 0.390 100 1 0
 2364 1584.475 497.444 -3 -28 0.390 0.390 0.307000 0.390 100 1 0
 2365 1580.767 494.905 -3 -28 0.390 0.390 0.290000 0.390 100 1 0
 2366 1571.790 492.561 -3 -28 1.561 0.390 0.344000 0.390 100 1 0
 2367 1575.694 487.287 -3 -28 0.390 0.390 0.344000 0.390 100 1 0
 2368 1575.694 482.405 -3 -28 0.390 0.390 0.256000 0.390 100 1 0
 2369 1583.889 477.326 -3 -28 0.390 0.390 0.256000 0.390 100 1 0
 2370 1575.694 477.326 -3 -28 0.390 0.390 0.382000 0.390 100 1 0
 2371 1581.353 469.522 -3 -28 2.731 4.686 0.509000 0.713 100 1 0
 2372 1571.596 467.178 -3 -28 1.170 0.390 0.344000 0.390 100 1 0
 2373 1575.889 464.834 -3 -28 0.390 0.390 0.273000 0.390 100 1 0
 2374 1571.010 459.756 -3 -28 0.390 0.390 0.240000 0.390 100 1 0
 2375 1575.694 451.944 -3 -28 0.390 0.390 0.325000 0.390 100 1 0
 2376 1572.181 449.600 -3 -28 0.780 0.390 0.325000 0.390 100 1 0
 2377 1573.352 436.912 -3 -28 2.341 0.390 0.382000 0.390 100 1 0
 2378 1574.523 434.373 -3 -28 0.390 0.390 0.344000 0.390 100 1 0
 2379 1571.401 434.373 -3 -28 0.390 0.390 0.307000 0.390 100 1 0
 2380 1584.280 432.030 -3 -28 0.390 0.390 0.307000 0.390 100 1 0
 2381 1576.474 391.811 -3 -28 0.390 0.390 0.256000 0.390 100 1 0
 2382 1580.767 386.733 -3 -28 0.390 0.390 0.290000 0.390 100 1 0
 2383 1595.207 381.655 -3 -28 0.780 0.390 0.363000 0.390 100 1 0
 2384 1581.547 376.576 -3 -28 0.780 0.390 0.344000 0.390 100 1 0
 2385 1580.572 359.006 -3 -28 0.390 0.390 0.273000 0.390 100 1 0
 2386 1577.840 359.006 -3 -28 0.390 0.390 0.422000 0.390 100 1 0
 2387 1602.622 353.928 -3 -28 0.390 0.390 0.256000 0.390 100 1 0
 2388 1598.329 353.928 -3 -28 0.390 0.390 0.240000 0.390 100 1 0
 2389 1578.620 349.241 -3 -28 0.390 0.781 0.422000 0.390 100 1 0
 2390 1601.256 348.850 -3 -28 1.951 0.390 0.402000 0.390 100 1 0
 2391 1583.499 348.850 -3 -28 0.390 0.390 0.382000 0.390 100 1 0
 2392 1592.085 343.780 -3 -28 0.390 0.390 0.290000 0.390 100 1 0
 2393 1581.742 319.756 -3 -28 0.390 0.390 0.195000 0.390 100 1 0
 2394 1583.889 315.467 -3 -28 0.390 0.390 0.195000 0.390 100 1 0
 2395 1599.500 275.826 -3 -28 1.561 0.390 0.443000 0.390 100 1 0
 2396 1602.232 265.678 -3 -28 0.390 0.390 0.307000 0.390 100 1 0
 2397 1566.912 588.233 -3 -28 0.390 0.390 0.290000 0.390 100 1 0
 2398 1557.351 588.037 -3 -28 0.390 0.390 0.363000 0.390 100 1 0
 2399 1542.521 588.233 -3 -28 0.390 0.390 0.240000 0.390 100 1 0
 2400 1538.423 588.233 -3 -28 0.390 0.390 0.344000 0.390 100 1 0
 2401 1548.765 560.506 -3 -28 0.390 0.390 0.290000 0.390 100 1 0
 2402 1531.984 520.287 -3 -28 0.390 0.390 0.256000 0.390 100 1 0
 2403 1535.691 515.209 -3 -28 0.390 0.390 0.307000 0.390 100 1 0
 2404 1568.474 505.053 -3 -28 0.390 0.390 0.290000 0.390 100 1 0
 2405 1559.888 497.639 -3 -28 0.390 0.390 0.325000 0.390 100 1 0
 2406 1557.156 497.444 -3 -28 0.390 0.390 0.325000 0.390 100 1 0
 2407 1559.302 477.326 -3 -28 0.780 0.390 0.290000 0.390 100 1 0
 2408 1566.132 467.569 -3 -28 0.390 0.390 0.290000 0.390 100 1 0
 2409 1553.058 459.756 -3 -28 0.390 0.390 0.307000 0.390 100 1 0
 2410 1543.887 452.139 -3 -28 0.390 0.390 0.325000 0.390 100 1 0
 2411 1558.912 449.600 -3 -28 0.780 0.390 0.325000 0.390 100 1 0
 2412 1555.789 441.795 -3 -28 0.390 0.390 0.256000 0.390 100 1 0
 2413 1558.522 419.537 -3 -28 0.390 0.390 0.273000 0.390 100 1 0
 2414 1536.666 417.389 -3 -28 0.390 0.390 0.290000 0.390 100 1 0
 2415 1555.789 416.803 -3 -28 0.390 0.390 0.256000 0.390 100 1 0
 2416 1559.107 406.647 -3 -28 0.390 0.390 0.273000 0.390 100 1 0
 2417 1559.693 401.959 -3 -28 0.390 0.390 0.240000 0.390 100 1 0
 2418 1550.326 395.522 -3 -28 0.390 0.390 0.256000 0.390 100 1 0
 2419 1538.423 391.811 -3 -28 0.390 0.390 0.325000 0.390 100 1 0
 2420 1556.571 386.733 -3 -28 0.390 0.390 0.307000 0.390 100 1 0
 2421 1570.034 384.780 -3 -28 0.390 0.781 0.240000 0.390 100 1 0
 2422 1570.034 381.655 -3 -28 0.390 0.390 0.273000 0.390 100 1 0
 2423 1564.766 381.655 -3 -28 0.390 0.390 0.273000 0.390 100 1 0
 2424 1565.741 376.576 -3 -28 1.170 0.390 0.344000 0.390 100 1 0
 2425 1540.179 376.576 -3 -28 0.390 0.390 0.256000 0.390 100 1 0
 2426 1558.326 369.162 -3 -28 0.390 0.390 0.290000 0.390 100 1 0
 2427 1566.327 360.178 -3 -28 0.780 2.343 0.344000 0.586 100 1 0
 2428 1564.766 352.756 -3 -28 0.390 2.343 0.256000 0.390 100 1 0
 2429 1560.473 351.584 -3 -28 0.390 0.390 0.273000 0.390 100 1 0
 2430 1550.326 348.850 -3 -28 0.390 0.390 0.307000 0.390 100 1 0
 2431 1540.570 206.709 -3 -28 0.390 0.390 0.168000 0.390 100 1 0
 2432 1542.910 182.694 -3 -28 0.390 0.390 0.168000 0.390 100 1 0
 2433 1508.568 593.311 -3 -28 0.390 0.390 0.273000 0.390 100 1 0
 2434 1513.641 590.576 -3 -28 0.390 0.390 0.240000 0.390 100 1 0
 2435 1507.786 589.405 -3 -28 2.341 2.343 0.402000 0.633 100 1 0
 2436 1492.761 578.866 -3 -28 2.731 1.562 0.422000 0.649 100 1 0
 2437 1505.445 578.084 -3 -28 0.780 0.390 0.273000 0.390 100 1 0
 2438 1497.640 578.084 -3 -28 0.780 0.390 0.344000 0.390 100 1 0
 2439 1497.249 573.006 -3 -28 0.390 0.390 0.290000 0.390 100 1 0
 2440 1505.250 550.944 -3 -28 0.390 1.171 0.290000 0.390 100 1 0
 2441 1523.007 545.084 -3 -28 0.780 0.390 0.273000 0.390 100 1 0
 2442 1513.250 537.858 -3 -28 0.390 0.390 0.256000 0.390 100 1 0
 2443 1510.323 523.217 -3 -28 1.951 1.171 0.344000 0.586 100 1 0
 2444 1514.616 522.631 -3 -28 1.170 0.390 0.443000 0.390 100 1 0
 2445 1525.739 512.475 -3 -28 0.390 0.390 0.256000 0.390 100 1 0
 2446 1522.616 512.475 -3 -28 0.390 0.390 0.273000 0.390 100 1 0
 2447 1512.470 510.131 -3 -28 0.390 0.390 0.273000 0.390 100 1 0
 2448 1506.421 505.639 -3 -28 1.951 1.171 0.290000 0.538 100 1 0
 2449 1530.031 497.639 -3 -28 0.390 0.390 0.325000 0.390 100 1 0
 2450 1497.640 489.826 -3 -28 0.780 0.390 0.422000 0.390 100 1 0
 2451 1493.737 488.069 -3 -28 0.780 1.171 0.443000 0.665 100 1 0
 2452 1497.835 487.483 -3 -28 0.390 0.390 0.422000 0.390 100 1 0
 2453 1493.737 484.748 -3 -28 0.780 0.390 0.422000 0.390 100 1 0
 2454 1499.786 482.209 -3 -28 0.390 0.390 0.363000 0.390 100 1 0
 2455 1493.932 479.866 -3 -28 0.390 0.390 0.325000 0.390 100 1 0
 2456 1508.177 477.326 -3 -28 0.390 0.781 0.225000 0.390 100 1 0
 2457 1494.518 474.991 -3 -28 0.390 0.390 0.290000 0.390 100 1 0
 2458 1498.811 469.912 -3 -28 0.390 0.390 0.290000 0.390 100 1 0
 2459 1513.836 466.787 -3 -28 0.390 0.781 0.256000 0.390 100 1 0
 2460 1499.591 444.530 -3 -28 0.390 0.390 0.256000 0.390 100 1 0
 2461 1514.812 439.451 -3 -28 0.390 0.390 0.210000 0.390 100 1 0
 2462 1529.837 414.459 -3 -28 1.951 0.390 0.363000 0.390 100 1 0
 2463 1495.298 411.920 -3 -28 0.780 0.390 0.344000 0.390 100 1 0
 2464 1506.811 404.303 -3 -28 0.390 0.390 0.344000 0.390 100 1 0
 2465 1530.813 396.498 -3 -28 0.390 0.390 0.240000 0.390 100 1 0
 2466 1498.811 394.155 -3 -28 0.390 0.390 0.240000 0.390 100 1 0
 2467 1512.275 391.811 -3 -28 1.951 0.390 0.273000 0.390 100 1 0
 2468 1505.055 389.076 -3 -28 0.390 0.390 0.256000 0.390 100 1 0
 2469 1505.250 383.998 -3 -28 0.390 0.390 0.344000 0.390 100 1 0
 2470 1505.250 379.116 -3 -28 0.390 0.390 0.325000 0.390 100 1 0
 2471 1505.250 376.576 -3 -28 0.390 0.390 0.363000 0.390 100 1 0
 2472 1495.689 369.162 -3 -28 0.390 0.390 0.240000 0.390 100 1 0
 2473 1495.689 366.428 -3 -28 0.390 0.390 0.273000 0.390 100 1 0
 2474 1497.640 348.850 -3 -28 0.390 0.390 0.273000 0.390 100 1 0
 2475 1517.543 320.537 -3 -28 0.390 0.390 0.195000 0.390 100 1 0
 2476 1496.859 302.381 -3 -28 0.390 0.390 0.195000 0.390 100 1 0
 2477 1505.835 175.076 -3 -28 0.390 0.390 0.290000 0.390 100 1 0
 2478 1497.640 172.537 -3 -28 0.390 0.390 0.273000 0.390 100 1 0
 2479 1497.835 164.920 -3 -28 0.390 0.390 0.363000 0.390 100 1 0
 2480 1469.931 671.412 -3 -28 0.780 0.390 0.256000 0.390 100 1 0
 2481 1470.321 600.733 -3 -28 1.561 0.390 0.256000 0.390 100 1 0
 2482 1478.906 578.280 -3 -28 2.341 0.390 0.422000 0.390 100 1 0
 2483 1487.492 578.084 -3 -28 1.561 0.390 0.256000 0.390 100 1 0
 2484 1488.078 570.467 -3 -28 0.390 0.390 0.307000 0.390 100 1 0
 2485 1473.248 570.662 -3 -28 0.390 0.390 0.273000 0.390 100 1 0
 2486 1456.466 570.662 -3 -28 0.390 0.390 0.273000 0.390 100 1 0
 2487 1467.198 568.123 -3 -28 0.390 0.390 0.273000 0.390 100 1 0
 2488 1485.541 563.045 -3 -28 2.341 3.514 0.273000 0.522 100 1 0
 2489 1472.467 562.850 -3 -28 0.390 0.390 0.382000 0.390 100 1 0
 2490 1488.663 555.428 -3 -28 0.390 0.390 0.290000 0.390 100 1 0
 2491 1478.322 552.701 -3 -28 0.390 0.390 0.307000 0.390 100 1 0
 2492 1456.466 537.662 -3 -28 1.170 0.390 0.465000 0.390 100 1 0
 2493 1464.467 507.787 -3 -28 0.390 0.390 0.307000 0.390 100 1 0
 2494 1489.054 506.225 -3 -28 0.390 0.390 0.256000 0.390 100 1 0
 2495 1464.272 497.444 -3 -28 0.390 0.390 0.325000 0.390 100 1 0
 2496 1485.346 496.076 -3 -28 0.390 0.390 0.325000 0.390 100 1 0
 2497 1485.932 489.826 -3 -28 0.390 0.390 0.290000 0.390 100 1 0
 2498 1478.322 489.826 -3 -28 0.390 0.390 0.344000 0.390 100 1 0
 2499 1490.419 487.483 -3 -28 0.390 0.390 0.344000 0.390 100 1 0
 2500 1485.151 487.483 -3 -28 0.780 0.390 0.363000 0.390 100 1 0
 2501 1489.249 484.748 -3 -28 0.390 0.390 0.344000 0.390 100 1 0
 2502 1489.054 477.326 -3 -28 0.390 0.390 0.325000 0.390 100 1 0
 2503 1488.859 472.256 -3 -28 0.390 0.390 0.290000 0.390 100 1 0
 2504 1453.539 471.084 -3 -28 0.390 0.390 0.256000 0.390 100 1 0
 2505 1454.906 437.108 -3 -28 1.170 0.390 0.344000 0.390 100 1 0
 2506 1472.662 421.881 -3 -28 0.390 0.390 0.402000 0.390 100 1 0
 2507 1469.736 421.881 -3 -28 0.390 0.390 0.382000 0.390 100 1 0
 2508 1462.906 421.881 -3 -28 3.122 0.390 0.443000 0.390 100 1 0
 2509 1485.932 419.537 -3 -28 0.390 0.390 0.273000 0.390 100 1 0
 2510 1480.468 414.459 -3 -28 1.561 0.390 0.382000 0.390 100 1 0
 2511 1487.883 384.389 -3 -28 0.780 0.390 0.307000 0.390 100 1 0
 2512 1474.224 376.576 -3 -28 0.390 0.390 0.307000 0.390 100 1 0
 2513 1491.200 369.162 -3 -28 0.390 0.390 0.363000 0.390 100 1 0
 2514 1457.442 361.545 -3 -28 0.390 1.952 0.273000 0.390 100 1 0
 2515 1474.029 343.780 -3 -28 1.170 0.390 0.344000 0.390 100 1 0
 2516 1480.077 331.280 -3 -28 0.390 0.390 0.273000 0.390 100 1 0
 2517 1489.444 326.201 -3 -28 0.390 0.390 0.325000 0.390 100 1 0
 2518 1466.028 326.201 -3 -28 0.390 0.390 0.273000 0.390 100 1 0
 2519 1482.029 324.834 -3 -28 0.390 0.390 0.273000 0.390 100 1 0
 2520 1489.639 323.858 -3 -28 0.390 0.390 0.307000 0.390 100 1 0
 2521 1485.541 323.858 -3 -28 1.561 0.390 0.363000 0.390 100 1 0
 2522 1462.516 323.858 -3 -28 0.390 0.390 0.273000 0.390 100 1 0
 2523 1455.881 308.631 -3 -28 0.780 0.390 0.290000 0.390 100 1 0
 2524 1456.076 305.897 -3 -28 1.170 0.390 0.307000 0.390 100 1 0
 2525 1456.857 298.475 -3 -28 0.390 0.390 0.307000 0.390 100 1 0
 2526 1456.857 291.061 -3 -28 0.390 0.390 0.363000 0.390 100 1 0
 2527 1457.052 280.905 -3 -28 0.780 0.390 0.290000 0.390 100 1 0
 2528 1467.979 260.014 -3 -28 0.390 0.390 0.225000 0.390 100 1 0
 2529 1452.368 726.866 -3 -28 0.390 0.781 0.240000 0.390 100 1 0
 2530 1427.001 724.912 -3 -28 0.390 0.781 0.273000 0.390 100 1 0
 2531 1425.830 699.920 -3 -28 0.390 3.124 0.290000 0.390 100 1 0
 2532 1426.611 650.717 -3 -28 0.390 0.781 0.256000 0.390 100 1 0
 2533 1449.831 600.537 -3 -28 0.390 0.390 0.422000 0.390 100 1 0
 2534 1450.027 597.998 -3 -28 0.390 0.390 0.240000 0.390 100 1 0
 2535 1452.759 581.592 -3 -28 0.390 0.390 0.402000 0.390 100 1 0
 2536 1448.660 578.084 -3 -28 1.170 0.390 0.344000 0.390 100 1 0
 2537 1448.856 505.053 -3 -28 0.780 0.390 0.422000 0.390 100 1 0
 2538 1426.611 477.326 -3 -28 0.390 1.562 0.225000 0.390 100 1 0
 2539 1449.051 474.600 -3 -28 0.390 0.390 0.256000 0.390 100 1 0
 2540 1449.831 472.256 -3 -28 0.390 0.390 0.422000 0.390 100 1 0
 2541 1438.709 472.256 -3 -28 3.122 0.390 0.290000 0.390 100 1 0
 2542 1448.271 467.178 -3 -28 0.390 0.390 0.307000 0.390 100 1 0
 2543 1444.758 467.178 -3 -28 0.390 0.390 0.290000 0.390 100 1 0
 2544 1429.148 467.178 -3 -28 3.512 0.390 0.402000 0.390 100 1 0
 2545 1451.197 460.928 -3 -28 0.780 2.343 0.443000 0.665 100 1 0
 2546 1440.465 454.678 -3 -28 0.390 0.390 0.290000 0.390 100 1 0
 2547 1451.197 453.116 -3 -28 0.390 0.390 0.273000 0.390 100 1 0
 2548 1438.319 447.264 -3 -28 0.390 0.390 0.256000 0.390 100 1 0
 2549 1419.196 440.819 -3 -28 0.780 2.733 0.422000 0.649 100 1 0
 2550 1442.807 439.451 -3 -28 0.390 0.390 0.363000 0.390 100 1 0
 2551 1439.685 434.373 -3 -28 1.170 0.390 0.307000 0.390 100 1 0
 2552 1419.196 434.373 -3 -28 0.390 0.390 0.273000 0.390 100 1 0
 2553 1429.928 343.780 -3 -28 0.390 0.390 0.363000 0.390 100 1 0
 2554 1439.099 336.358 -3 -28 0.780 0.390 0.422000 0.390 100 1 0
 2555 1428.562 326.397 -3 -28 0.390 0.390 0.290000 0.390 100 1 0
 2556 1423.879 326.201 -3 -28 2.341 0.390 0.307000 0.390 100 1 0
 2557 1423.489 314.881 -3 -28 0.390 0.390 0.240000 0.390 100 1 0
 2558 1424.855 308.631 -3 -28 2.731 0.390 0.382000 0.390 100 1 0
 2559 1419.976 308.631 -3 -28 0.390 0.390 0.273000 0.390 100 1 0
 2560 1418.805 303.553 -3 -28 0.390 0.390 0.256000 0.390 100 1 0
 2561 1419.586 301.014 -3 -28 0.390 0.390 0.273000 0.390 100 1 0
 2562 1451.588 296.131 -3 -28 0.390 0.390 0.307000 0.390 100 1 0
 2563 1439.880 296.131 -3 -28 0.390 0.390 0.256000 0.390 100 1 0
 2564 1446.320 291.061 -3 -28 0.390 0.390 0.325000 0.390 100 1 0
 2565 1425.830 288.326 -3 -28 0.390 0.390 0.290000 0.390 100 1 0
 2566 1446.905 285.983 -3 -28 1.561 0.390 0.363000 0.390 100 1 0
 2567 1418.805 285.983 -3 -28 0.390 0.390 0.256000 0.390 100 1 0
 2568 1420.951 270.748 -3 -28 1.170 0.390 0.307000 0.390 100 1 0
 2569 1430.708 268.405 -3 -28 0.390 0.390 0.307000 0.390 100 1 0
 2570 1452.368 265.678 -3 -28 0.390 0.390 0.290000 0.390 100 1 0
 2571 1449.246 265.678 -3 -28 0.390 0.390 0.307000 0.390 100 1 0
 2572 1452.564 263.334 -3 -28 0.390 0.390 0.325000 0.390 100 1 0
 2573 1449.246 262.748 -3 -28 0.390 1.171 0.344000 0.390 100 1 0
 2574 1440.660 258.256 -3 -28 0.390 0.390 0.307000 0.390 100 1 0
 2575 1423.489 258.256 -3 -28 0.390 0.390 0.273000 0.390 100 1 0
 2576 1424.073 168.045 -3 -28 0.390 1.562 0.256000 0.390 100 1 0
 2577 1411.000 545.866 -3 -28 0.390 1.171 0.402000 0.390 100 1 0
 2578 1404.755 535.123 -3 -28 0.390 0.390 0.256000 0.390 100 1 0
 2579 1394.609 524.780 -3 -28 0.390 3.514 0.151000 0.389 100 1 0
 2580 1400.657 497.248 -3 -28 0.390 0.390 0.290000 0.390 100 1 0
 2581 1403.585 459.756 -3 -28 0.780 0.390 0.402000 0.390 100 1 0
 2582 1403.195 455.850 -3 -28 1.561 3.124 0.382000 0.618 100 1 0
 2583 1405.146 421.881 -3 -28 0.780 0.390 0.290000 0.390 100 1 0
 2584 1398.902 421.881 -3 -28 0.390 0.390 0.273000 0.390 100 1 0
 2585 1393.047 421.881 -3 -28 1.561 0.390 0.344000 0.390 100 1 0
 2586 1405.926 414.459 -3 -28 0.390 0.390 0.290000 0.390 100 1 0
 2587 1396.169 411.725 -3 -28 0.390 0.390 0.210000 0.390 100 1 0
 2588 1406.707 396.108 -3 -28 0.390 0.390 0.225000 0.390 100 1 0
 2589 1402.999 321.123 -3 -28 0.390 0.390 0.273000 0.390 100 1 0
 2590 1397.731 321.123 -3 -28 0.390 0.390 0.273000 0.390 100 1 0
 2591 1409.634 306.092 -3 -28 1.951 0.390 0.363000 0.390 100 1 0
 2592 1408.658 298.475 -3 -28 0.390 0.390 0.382000 0.390 100 1 0
 2593 1402.219 293.397 -3 -28 0.390 0.390 0.290000 0.390 100 1 0
 2594 1400.853 288.912 -3 -28 2.341 4.295 0.382000 0.618 100 1 0
 2595 1382.510 285.983 -3 -28 0.390 0.390 0.325000 0.390 100 1 0
 2596 1400.268 282.662 -3 -28 0.390 3.514 0.422000 0.390 100 1 0
 2597 1382.510 283.444 -3 -28 0.390 0.390 0.273000 0.390 100 1 0
 2598 1403.975 280.905 -3 -28 0.390 0.390 0.325000 0.390 100 1 0
 2599 1400.268 275.241 -3 -28 0.390 1.952 0.509000 0.390 100 1 0
 2600 1408.268 275.826 -3 -28 0.390 0.390 0.363000 0.390 100 1 0
 2601 1407.683 273.287 -3 -28 0.390 0.390 0.402000 0.390 100 1 0
 2602 1377.632 273.483 -3 -28 0.390 0.390 0.382000 0.390 100 1 0
 2603 1413.341 269.576 -3 -28 1.561 2.343 0.486000 0.697 100 1 0
 2604 1409.829 270.748 -3 -28 0.390 0.390 0.382000 0.390 100 1 0
 2605 1383.681 270.748 -3 -28 0.390 0.390 0.256000 0.390 100 1 0
 2606 1393.633 265.678 -3 -28 0.390 0.390 0.307000 0.390 100 1 0
 2607 1378.412 265.678 -3 -28 0.390 0.390 0.509000 0.390 100 1 0
 2608 1412.561 263.334 -3 -28 0.390 0.390 0.307000 0.390 100 1 0
 2609 1403.975 262.748 -3 -28 0.390 1.171 0.486000 0.390 100 1 0
 2610 1383.681 263.334 -3 -28 0.390 0.390 0.325000 0.390 100 1 0
 2611 1383.290 260.600 -3 -28 0.390 0.390 0.465000 0.390 100 1 0
 2612 1377.827 260.600 -3 -28 0.390 0.390 0.443000 0.390 100 1 0
 2613 1408.658 258.256 -3 -28 0.390 0.390 0.273000 0.390 100 1 0
 2614 1402.414 258.256 -3 -28 0.390 0.390 0.402000 0.390 100 1 0
 2615 1383.290 258.256 -3 -28 0.390 0.390 0.465000 0.390 100 1 0
 2616 1377.827 258.256 -3 -28 0.390 0.390 0.465000 0.390 100 1 0
 2617 1383.290 255.522 -3 -28 0.390 0.390 0.465000 0.390 100 1 0
 2618 1378.022 255.522 -3 -28 0.390 0.390 0.532000 0.390 100 1 0
 2619 1408.268 253.178 -3 -28 0.390 0.390 0.290000 0.390 100 1 0
 2620 1383.290 253.178 -3 -28 0.390 0.390 0.509000 0.390 100 1 0
 2621 1378.217 253.178 -3 -28 0.390 0.390 0.509000 0.390 100 1 0
 2622 1383.290 249.272 -3 -28 0.390 2.343 0.486000 0.390 100 1 0
 2623 1378.217 250.444 -3 -28 0.390 0.390 0.465000 0.390 100 1 0
 2624 1378.412 248.100 -3 -28 0.390 0.390 0.532000 0.390 100 1 0
 2625 1378.217 245.366 -3 -28 0.390 0.390 0.443000 0.390 100 1 0
 2626 1383.290 243.022 -3 -28 0.390 0.390 0.465000 0.390 100 1 0
 2627 1378.217 243.022 -3 -28 0.390 0.390 0.486000 0.390 100 1 0
 2628 1383.290 240.678 -3 -28 0.390 0.390 0.443000 0.390 100 1 0
 2629 1378.217 240.678 -3 -28 0.390 0.390 0.443000 0.390 100 1 0
 2630 1378.217 237.951 -3 -28 0.390 0.390 0.443000 0.390 100 1 0
 2631 1378.217 235.608 -3 -28 0.390 0.390 0.509000 0.390 100 1 0
 2632 1405.341 232.873 -3 -28 0.390 0.390 0.256000 0.390 100 1 0
 2633 1392.657 232.873 -3 -28 0.390 0.390 0.273000 0.390 100 1 0
 2634 1378.217 217.639 -3 -28 0.780 24.992 12.336000 0.780 100 1 0
 2635 1393.828 225.451 -3 -28 0.390 0.390 0.256000 0.390 100 1 0
 2636 1404.561 215.295 -3 -28 0.390 0.390 0.240000 0.390 100 1 0
 2637 1400.853 215.295 -3 -28 0.390 0.390 0.307000 0.390 100 1 0
 2638 1395.389 215.295 -3 -28 0.780 0.390 0.290000 0.390 100 1 0
 2639 1378.217 187.576 -3 -28 0.780 30.459 19.550000 0.780 100 1 0
 2640 1378.217 168.436 -3 -28 0.390 0.390 0.256000 0.390 100 1 0
 2641 1385.827 164.920 -3 -28 0.390 0.390 0.256000 0.390 100 1 0
 2642 1369.436 766.889 -3 -28 1.170 1.171 0.151000 0.389 100 1 0
 2643 1365.533 766.889 -3 -28 1.170 1.171 0.192000 0.437 100 1 0
 2644 1359.289 766.889 -3 -28 6.634 1.171 0.509000 0.713 100 1 0
 2645 1349.532 766.889 -3 -28 6.634 1.171 0.532000 0.729 100 1 0
 2646 1359.289 763.178 -3 -28 6.634 1.562 0.509000 0.713 100 1 0
 2647 1349.532 761.428 -3 -28 6.634 5.076 4.964000 2.227 100 1 0
 2648 1369.241 762.983 -3 -28 0.780 1.171 0.486000 0.697 100 1 0
 2649 1365.338 762.592 -3 -28 0.780 0.390 0.486000 0.390 100 1 0
 2650 1369.241 759.475 -3 -28 0.780 1.171 0.151000 0.389 100 1 0
 2651 1365.338 759.475 -3 -28 0.780 1.171 0.192000 0.437 100 1 0
 2652 1359.289 759.475 -3 -28 6.634 1.171 1.716000 1.171 100 1 0
 2653 1359.289 755.764 -3 -28 6.634 1.562 0.486000 0.697 100 1 0
 2654 1349.532 755.764 -3 -28 6.634 1.562 0.486000 0.697 100 1 0
 2655 1369.436 755.569 -3 -28 1.170 1.171 0.486000 0.697 100 1 0
 2656 1365.338 755.178 -3 -28 0.780 0.390 0.465000 0.390 100 1 0
 2657 1369.826 752.053 -3 -28 1.951 1.171 0.283000 0.531 100 1 0
 2658 1365.533 752.053 -3 -28 1.170 1.171 0.192000 0.437 100 1 0
 2659 1359.289 752.053 -3 -28 6.634 1.171 2.309000 1.171 100 1 0
 2660 1349.532 752.053 -3 -28 6.634 1.171 2.438000 1.171 100 1 0
 2661 1359.289 748.342 -3 -28 6.634 1.562 0.509000 0.713 100 1 0
 2662 1349.532 748.342 -3 -28 6.634 1.562 0.465000 0.681 100 1 0
 2663 1369.826 748.147 -3 -28 1.951 1.171 0.509000 0.713 100 1 0
 2664 1365.533 747.756 -3 -28 1.170 0.390 0.486000 0.390 100 1 0
 2665 1369.826 744.631 -3 -28 1.951 1.171 0.334000 0.577 100 1 0
 2666 1365.533 744.631 -3 -28 1.170 1.171 0.236000 0.485 100 1 0
 2667 1359.289 744.631 -3 -28 6.634 1.171 2.571000 1.171 100 1 0
 2668 1349.532 744.631 -3 -28 6.634 1.171 0.532000 0.729 100 1 0
 2669 1359.289 740.920 -3 -28 6.634 1.562 0.509000 0.713 100 1 0
 2670 1369.826 740.725 -3 -28 1.951 1.171 0.532000 0.729 100 1 0
 2671 1365.533 740.725 -3 -28 1.170 1.171 0.509000 0.713 100 1 0
 2672 1349.532 740.725 -3 -28 6.634 1.171 0.509000 0.713 100 1 0
 2673 1369.826 737.209 -3 -28 1.951 1.171 0.388000 0.622 100 1 0
 2674 1365.338 737.209 -3 -28 0.780 1.171 0.192000 0.437 100 1 0
 2675 1359.289 737.209 -3 -28 6.634 1.171 2.706000 1.171 100 1 0
 2676 1349.532 737.209 -3 -28 6.634 1.171 2.438000 1.171 100 1 0
 2677 1369.436 733.311 -3 -28 1.170 1.171 0.532000 0.729 100 1 0
 2678 1365.338 733.311 -3 -28 0.780 1.171 0.509000 0.713 100 1 0
 2679 1359.289 733.311 -3 -28 6.634 1.171 0.509000 0.713 100 1 0
 2680 1349.532 733.311 -3 -28 6.634 1.171 0.532000 0.729 100 1 0
 2681 1366.119 729.795 -3 -28 0.390 1.171 0.465000 0.390 100 1 0
 2682 1369.241 729.209 -3 -28 0.780 0.390 0.465000 0.390 100 1 0
 2683 1361.436 729.209 -3 -28 2.341 0.390 0.486000 0.390 100 1 0
 2684 1355.972 729.209 -3 -28 0.390 0.390 0.465000 0.390 100 1 0
 2685 1352.850 729.209 -3 -28 0.390 0.390 0.509000 0.390 100 1 0
 2686 1346.215 729.209 -3 -28 0.390 0.390 0.465000 0.390 100 1 0
 2687 1366.119 725.889 -3 -28 0.390 1.171 0.443000 0.390 100 1 0
 2688 1355.972 725.303 -3 -28 0.390 0.390 0.443000 0.390 100 1 0
 2689 1365.533 722.373 -3 -28 1.170 1.171 0.486000 0.697 100 1 0
 2690 1362.607 721.787 -3 -28 0.390 0.390 0.486000 0.390 100 1 0
 2691 1355.972 721.787 -3 -28 0.390 0.390 0.465000 0.390 100 1 0
 2692 1352.850 721.787 -3 -28 0.390 0.390 0.509000 0.390 100 1 0
 2693 1346.215 721.787 -3 -28 0.390 0.390 0.443000 0.390 100 1 0
 2694 1365.533 718.467 -3 -28 1.170 1.171 0.509000 0.713 100 1 0
 2695 1368.851 718.272 -3 -28 0.390 0.390 0.443000 0.390 100 1 0
 2696 1359.289 718.076 -3 -28 6.634 0.390 1.502000 0.390 100 1 0
 2697 1349.532 718.076 -3 -28 6.634 0.390 1.302000 0.390 100 1 0
 2698 1369.826 714.951 -3 -28 1.951 1.171 0.388000 0.622 100 1 0
 2699 1365.533 713.584 -3 -28 1.170 3.905 0.638000 0.798 100 1 0
 2700 1359.289 714.951 -3 -28 6.634 1.171 2.845000 1.171 100 1 0
 2701 1349.532 714.951 -3 -28 6.634 1.171 2.706000 1.171 100 1 0
 2702 1349.532 711.826 -3 -28 6.634 0.390 1.028000 0.390 100 1 0
 2703 1369.436 711.631 -3 -28 1.170 0.390 0.532000 0.390 100 1 0
 2704 1359.289 711.631 -3 -28 6.634 0.390 0.943000 0.390 100 1 0
 2705 1342.702 711.045 -3 -28 2.341 0.390 0.236000 0.390 100 1 0
 2706 1333.922 711.045 -3 -28 9.756 0.390 0.509000 0.390 100 1 0
 2707 1369.826 707.537 -3 -28 1.951 1.171 0.388000 0.622 100 1 0
 2708 1365.533 707.537 -3 -28 1.170 1.171 0.192000 0.437 100 1 0
 2709 1359.289 707.537 -3 -28 6.634 1.171 2.988000 1.171 100 1 0
 2710 1349.532 707.537 -3 -28 6.634 1.171 2.845000 1.171 100 1 0
 2711 1366.119 703.631 -3 -28 0.390 1.171 0.509000 0.390 100 1 0
 2712 1362.607 703.045 -3 -28 0.390 0.390 0.465000 0.390 100 1 0
 2713 1352.850 703.045 -3 -28 0.390 0.390 0.465000 0.390 100 1 0
 2714 1366.119 700.116 -3 -28 0.390 1.171 0.532000 0.390 100 1 0
 2715 1369.826 699.530 -3 -28 1.951 0.390 0.443000 0.390 100 1 0
 2716 1362.607 699.530 -3 -28 0.390 0.390 0.486000 0.390 100 1 0
 2717 1355.972 699.530 -3 -28 0.390 0.390 0.465000 0.390 100 1 0
 2718 1352.850 699.530 -3 -28 0.390 0.390 0.465000 0.390 100 1 0
 2719 1369.826 688.983 -3 -28 1.951 8.591 2.571000 1.603 100 1 0
 2720 1360.850 692.694 -3 -28 9.756 1.171 1.502000 1.171 100 1 0
 2721 1349.532 692.694 -3 -28 6.634 1.171 2.988000 1.171 100 1 0
 2722 1342.702 693.280 -3 -28 1.561 0.390 0.465000 0.390 100 1 0
 2723 1360.850 688.983 -3 -28 9.756 1.562 5.341000 1.562 100 1 0
 2724 1349.532 688.787 -3 -28 6.634 1.171 2.062000 1.171 100 1 0
 2725 1343.093 689.373 -3 -28 0.390 0.390 0.443000 0.390 100 1 0
 2726 1360.850 685.272 -3 -28 9.756 1.171 4.081000 1.171 100 1 0
 2727 1349.532 685.272 -3 -28 6.634 1.171 2.438000 1.171 100 1 0
 2728 1342.702 685.858 -3 -28 1.561 0.390 0.443000 0.390 100 1 0
 2729 1360.850 681.569 -3 -28 9.756 1.562 7.430000 1.562 100 1 0
 2730 1369.631 677.662 -3 -28 1.561 8.591 2.062000 1.435 100 1 0
 2731 1349.532 681.373 -3 -28 6.634 1.171 3.436000 1.171 100 1 0
 2732 1360.850 677.858 -3 -28 9.756 1.171 4.081000 1.171 100 1 0
 2733 1349.532 677.858 -3 -28 6.634 1.171 2.988000 1.171 100 1 0
 2734 1342.702 678.444 -3 -28 1.561 0.390 0.465000 0.390 100 1 0
 2735 1360.850 672.389 -3 -28 9.756 5.076 22.191000 4.710 100 1 0
 2736 1349.532 672.194 -3 -28 6.634 4.686 13.222000 3.636 100 1 0
 2737 1342.898 671.608 -3 -28 1.951 1.171 0.532000 0.729 100 1 0
 2738 1338.215 672.194 -3 -28 1.170 0.390 0.114000 0.338 100 1 0
 2739 1369.826 670.436 -3 -28 1.951 1.171 0.334000 0.577 100 1 0
 2740 1360.850 666.725 -3 -28 9.756 1.562 7.657000 1.562 100 1 0
 2741 1369.826 659.694 -3 -28 1.951 14.839 0.532000 0.729 100 1 0
 2742 1349.532 666.530 -3 -28 6.634 1.171 3.752000 1.171 100 1 0
 2743 1360.850 663.014 -3 -28 9.756 1.171 4.081000 1.171 100 1 0
 2744 1349.532 663.014 -3 -28 6.634 1.171 2.438000 1.171 100 1 0
 2745 1342.702 663.600 -3 -28 1.561 0.390 0.465000 0.390 100 1 0
 2746 1359.289 659.303 -3 -28 6.634 1.562 4.964000 1.562 100 1 0
 2747 1349.532 659.303 -3 -28 6.634 1.562 5.151000 1.562 100 1 0
 2748 1365.338 659.108 -3 -28 0.780 1.171 0.509000 0.713 100 1 0
 2749 1365.338 655.600 -3 -28 0.780 1.171 0.192000 0.437 100 1 0
 2750 1359.289 655.600 -3 -28 6.634 1.171 2.988000 1.171 100 1 0
 2751 1349.532 655.600 -3 -28 6.634 1.171 1.828000 1.171 100 1 0
 2752 1342.702 656.186 -3 -28 1.561 0.390 0.486000 0.390 100 1 0
 2753 1359.289 652.475 -3 -28 6.634 0.390 0.486000 0.390 100 1 0
 2754 1347.386 652.084 -3 -28 10.927 1.171 0.486000 0.697 100 1 0
 2755 1365.338 652.280 -3 -28 0.780 0.390 0.443000 0.390 100 1 0
 2756 1369.826 647.592 -3 -28 1.951 2.343 0.388000 0.622 100 1 0
 2757 1365.338 648.178 -3 -28 0.780 1.171 0.192000 0.437 100 1 0
 2758 1359.289 648.178 -3 -28 6.634 1.171 2.988000 1.171 100 1 0
 2759 1349.532 648.178 -3 -28 6.634 1.171 2.706000 1.171 100 1 0
 2760 1342.702 648.764 -3 -28 1.561 0.390 0.465000 0.390 100 1 0
 2761 1359.289 644.467 -3 -28 6.634 1.562 0.486000 0.697 100 1 0
 2762 1365.338 644.272 -3 -28 0.780 1.171 0.486000 0.697 100 1 0
 2763 1369.826 633.920 -3 -28 1.951 17.182 9.859000 1.951 100 1 0
 2764 1365.533 640.756 -3 -28 1.170 1.171 0.192000 0.437 100 1 0
 2765 1359.289 640.756 -3 -28 6.634 1.171 2.988000 1.171 100 1 0
 2766 1349.337 641.342 -3 -28 6.244 0.390 0.486000 0.390 100 1 0
 2767 1342.702 641.342 -3 -28 1.561 0.390 0.151000 0.389 100 1 0
 2768 1361.045 635.287 -3 -28 10.146 5.076 10.925000 3.305 100 1 0
 2769 1349.532 637.045 -3 -28 6.634 1.562 0.509000 0.713 100 1 0
 2770 1349.337 633.920 -3 -28 6.244 0.390 0.486000 0.390 100 1 0
 2771 1342.702 633.920 -3 -28 1.561 0.390 0.509000 0.390 100 1 0
 2772 1360.850 629.631 -3 -28 9.756 1.562 4.251000 1.562 100 1 0
 2773 1351.679 630.022 -3 -28 1.561 0.390 0.532000 0.390 100 1 0
 2774 1365.533 625.920 -3 -28 1.170 1.171 0.192000 0.437 100 1 0
 2775 1359.289 625.920 -3 -28 6.634 1.171 2.988000 1.171 100 1 0
 2776 1349.532 625.920 -3 -28 6.634 1.171 2.988000 1.171 100 1 0
 2777 1342.702 626.506 -3 -28 1.561 0.390 0.509000 0.390 100 1 0
 2778 1369.826 614.983 -3 -28 1.951 16.010 9.859000 1.951 100 1 0
 2779 1360.850 622.209 -3 -28 9.756 1.562 0.532000 0.729 100 1 0
 2780 1365.533 618.498 -3 -28 1.170 1.171 0.236000 0.485 100 1 0
 2781 1359.289 618.498 -3 -28 6.634 1.171 2.438000 1.171 100 1 0
 2782 1349.337 619.084 -3 -28 6.244 0.390 0.509000 0.390 100 1 0
 2783 1342.702 619.084 -3 -28 1.561 0.390 0.532000 0.390 100 1 0
 2784 1360.850 611.272 -3 -28 9.756 8.591 8.602000 2.932 100 1 0
 2785 1349.532 614.787 -3 -28 6.634 1.562 0.532000 0.729 100 1 0
 2786 1349.728 611.662 -3 -28 6.244 0.390 0.486000 0.390 100 1 0
 2787 1342.508 611.662 -3 -28 1.170 0.390 0.465000 0.390 100 1 0
 2788 1369.631 601.905 -3 -28 1.561 4.686 1.400000 1.183 100 1 0
 2789 1365.338 603.662 -3 -28 0.780 1.171 0.192000 0.437 100 1 0
 2790 1359.289 601.709 -3 -28 6.634 5.076 9.600000 3.098 100 1 0
 2791 1349.532 603.662 -3 -28 6.634 1.171 2.845000 1.171 100 1 0
 2792 1342.702 604.248 -3 -28 1.561 0.390 0.509000 0.390 100 1 0
 2793 1365.338 600.147 -3 -28 0.780 1.171 0.192000 0.437 100 1 0
 2794 1369.631 593.116 -3 -28 1.561 7.419 2.571000 1.561 100 1 0
 2795 1360.850 596.241 -3 -28 9.756 1.171 1.116000 1.056 100 1 0
 2796 1349.532 596.826 -3 -28 5.073 0.390 0.509000 0.390 100 1 0
 2797 1342.702 596.826 -3 -28 1.561 0.390 0.465000 0.390 100 1 0
 2798 1341.922 593.701 -3 -28 0.390 0.390 0.532000 0.390 100 1 0
 2799 1365.338 592.725 -3 -28 0.780 1.171 0.192000 0.437 100 1 0
 2800 1359.289 592.725 -3 -28 6.634 1.171 2.988000 1.171 100 1 0
 2801 1349.532 592.725 -3 -28 6.634 1.171 2.845000 1.171 100 1 0
 2802 1360.850 588.819 -3 -28 9.756 1.171 5.932000 1.171 100 1 0
 2803 1349.532 589.405 -3 -28 5.854 0.390 0.509000 0.390 100 1 0
 2804 1342.702 589.405 -3 -28 1.561 0.390 0.486000 0.390 100 1 0
 2805 1369.631 572.225 -3 -28 1.561 1.562 0.709000 0.842 100 1 0
 2806 1365.338 572.225 -3 -28 0.780 1.562 0.334000 0.577 100 1 0
 2807 1359.289 572.225 -3 -28 6.634 1.562 5.932000 1.562 100 1 0
 2808 1349.532 572.225 -3 -28 6.634 1.562 0.532000 0.729 100 1 0
 2809 1369.826 568.514 -3 -28 1.951 1.171 0.388000 0.622 100 1 0
 2810 1365.533 568.514 -3 -28 1.170 1.171 0.192000 0.437 100 1 0
 2811 1359.289 566.756 -3 -28 6.634 4.686 10.925000 3.305 100 1 0
 2812 1349.532 568.514 -3 -28 6.634 1.171 2.845000 1.171 100 1 0
 2813 1369.631 564.803 -3 -28 1.561 1.562 0.445000 0.667 100 1 0
 2814 1365.338 564.998 -3 -28 0.780 1.171 0.236000 0.485 100 1 0
 2815 1349.532 564.998 -3 -28 6.634 1.171 3.134000 1.171 100 1 0
 2816 1369.631 561.092 -3 -28 1.561 1.171 0.388000 0.622 100 1 0
 2817 1360.850 555.623 -3 -28 9.756 12.105 14.453000 3.801 100 1 0
 2818 1349.532 561.092 -3 -28 6.634 1.171 2.845000 1.171 100 1 0
 2819 1369.631 557.576 -3 -28 1.561 1.171 0.334000 0.577 100 1 0
 2820 1349.532 557.576 -3 -28 6.634 1.171 2.845000 1.171 100 1 0
 2821 1369.826 553.670 -3 -28 1.951 1.171 0.334000 0.577 100 1 0
 2822 1349.532 553.670 -3 -28 6.634 1.171 2.845000 1.171 100 1 0
 2823 1369.631 550.162 -3 -28 1.561 1.171 0.388000 0.622 100 1 0
 2824 1349.532 550.162 -3 -28 6.634 1.171 2.845000 1.171 100 1 0
 2825 1369.631 546.256 -3 -28 1.561 1.171 0.532000 0.729 100 1 0
 2826 1365.338 546.256 -3 -28 0.780 1.171 0.532000 0.729 100 1 0
 2827 1359.289 544.498 -3 -28 6.634 4.686 5.731000 2.394 100 1 0
 2828 1349.532 546.256 -3 -28 6.634 1.171 0.532000 0.729 100 1 0
 2829 1369.826 542.741 -3 -28 1.951 1.171 0.388000 0.622 100 1 0
 2830 1365.338 542.741 -3 -28 0.780 1.171 0.192000 0.437 100 1 0
 2831 1349.532 542.741 -3 -28 6.634 1.171 2.845000 1.171 100 1 0
 2832 1369.631 538.834 -3 -28 1.561 1.171 0.509000 0.713 100 1 0
 2833 1365.338 538.834 -3 -28 0.780 1.171 0.509000 0.713 100 1 0
 2834 1359.289 538.834 -3 -28 6.634 1.171 0.532000 0.729 100 1 0
 2835 1349.532 538.834 -3 -28 6.634 1.171 0.532000 0.729 100 1 0
 2836 1369.631 535.319 -3 -28 1.561 1.171 0.334000 0.577 100 1 0
 2837 1360.850 535.319 -3 -28 9.756 1.171 3.752000 1.171 100 1 0
 2838 1349.532 535.319 -3 -28 6.634 1.171 2.845000 1.171 100 1 0
 2839 1359.094 531.608 -3 -28 6.244 1.562 5.534000 1.562 100 1 0
 2840 1369.631 531.412 -3 -28 1.561 1.171 0.509000 0.713 100 1 0
 2841 1365.338 531.412 -3 -28 0.780 1.171 0.486000 0.697 100 1 0
 2842 1349.532 529.655 -3 -28 6.634 4.686 13.525000 3.677 100 1 0
 2843 1369.631 527.897 -3 -28 1.561 1.171 0.388000 0.622 100 1 0
 2844 1365.338 527.897 -3 -28 0.780 1.171 0.192000 0.437 100 1 0
 2845 1359.289 527.897 -3 -28 6.634 1.171 2.845000 1.171 100 1 0
 2846 1369.631 524.193 -3 -28 1.561 1.562 0.486000 0.697 100 1 0
 2847 1359.289 524.193 -3 -28 6.634 1.562 0.532000 0.729 100 1 0
 2848 1349.337 524.193 -3 -28 6.244 1.562 0.486000 0.697 100 1 0
 2849 1365.338 523.998 -3 -28 0.780 1.171 0.465000 0.681 100 1 0
 2850 1369.631 520.483 -3 -28 1.561 1.171 0.283000 0.531 100 1 0
 2851 1365.338 520.483 -3 -28 0.780 1.171 0.192000 0.437 100 1 0
 2852 1359.289 520.483 -3 -28 6.634 1.171 2.845000 1.171 100 1 0
 2853 1349.532 520.483 -3 -28 6.634 1.171 2.845000 1.171 100 1 0
 2854 1369.436 516.772 -3 -28 1.170 1.562 0.236000 0.485 100 1 0
 2855 1365.143 516.967 -3 -28 1.170 1.171 0.532000 0.729 100 1 0
 2856 1359.094 516.772 -3 -28 6.244 1.562 2.845000 1.562 100 1 0
 2857 1349.532 516.772 -3 -28 6.634 1.562 0.532000 0.729 100 1 0
 2858 1369.631 513.061 -3 -28 1.561 1.171 0.388000 0.622 100 1 0
 2859 1365.338 513.061 -3 -28 0.780 1.171 0.192000 0.437 100 1 0
 2860 1359.094 513.061 -3 -28 6.244 1.171 2.706000 1.171 100 1 0
 2861 1349.532 513.061 -3 -28 6.634 1.171 2.845000 1.171 100 1 0
 2862 1369.631 509.545 -3 -28 1.561 1.171 0.236000 0.485 100 1 0
 2863 1365.338 509.545 -3 -28 0.780 1.171 0.192000 0.437 100 1 0
 2864 1359.094 509.545 -3 -28 6.244 1.171 2.845000 1.171 100 1 0
 2865 1349.337 509.545 -3 -28 6.244 1.171 2.184000 1.171 100 1 0
 2866 1369.631 505.639 -3 -28 1.561 1.171 0.283000 0.531 100 1 0
 2867 1365.338 505.639 -3 -28 0.780 1.171 0.192000 0.437 100 1 0
 2868 1359.094 505.639 -3 -28 6.244 1.171 2.571000 1.171 100 1 0
 2869 1349.532 505.639 -3 -28 6.634 1.171 2.845000 1.171 100 1 0
 2870 1369.631 502.123 -3 -28 1.561 1.171 0.388000 0.622 100 1 0
 2871 1360.850 500.178 -3 -28 9.756 5.076 4.964000 2.227 100 1 0
 2872 1349.532 502.123 -3 -28 6.634 1.171 2.845000 1.171 100 1 0
 2873 1369.631 498.225 -3 -28 1.561 1.171 0.388000 0.622 100 1 0
 2874 1349.337 498.225 -3 -28 6.244 1.171 2.438000 1.171 100 1 0
 2875 1369.631 494.709 -3 -28 1.561 1.171 0.388000 0.622 100 1 0
 2876 1360.850 490.998 -3 -28 9.756 8.591 9.600000 3.098 100 1 0
 2877 1349.532 494.709 -3 -28 6.634 1.171 2.706000 1.171 100 1 0
 2878 1369.631 490.803 -3 -28 1.561 1.171 0.334000 0.577 100 1 0
 2879 1349.532 490.803 -3 -28 6.634 1.171 0.532000 0.729 100 1 0
 2880 1369.436 487.287 -3 -28 1.170 1.171 0.283000 0.531 100 1 0
 2881 1349.532 487.287 -3 -28 6.634 1.171 2.706000 1.171 100 1 0
 2882 1369.631 483.381 -3 -28 1.561 1.171 0.509000 0.713 100 1 0
 2883 1365.338 483.381 -3 -28 0.780 1.171 0.509000 0.713 100 1 0
 2884 1359.094 481.623 -3 -28 6.244 4.686 12.923000 3.594 100 1 0
 2885 1349.532 483.381 -3 -28 6.634 1.171 0.532000 0.729 100 1 0
 2886 1369.631 479.866 -3 -28 1.561 1.171 0.334000 0.577 100 1 0
 2887 1365.143 479.866 -3 -28 1.170 1.171 0.192000 0.437 100 1 0
 2888 1349.337 479.866 -3 -28 6.244 1.171 2.571000 1.171 100 1 0
 2889 1369.631 475.959 -3 -28 1.561 1.171 0.486000 0.697 100 1 0
 2890 1365.338 475.959 -3 -28 0.780 1.171 0.509000 0.713 100 1 0
 2891 1359.094 474.209 -3 -28 6.244 4.686 12.336000 3.512 100 1 0
 2892 1349.337 475.959 -3 -28 6.244 1.171 0.486000 0.697 100 1 0
 2893 1369.631 472.451 -3 -28 1.561 1.171 0.388000 0.622 100 1 0
 2894 1365.338 472.451 -3 -28 0.780 1.171 0.192000 0.437 100 1 0
 2895 1349.532 472.451 -3 -28 6.634 1.171 2.706000 1.171 100 1 0
 2896 1369.631 468.741 -3 -28 1.561 1.562 0.486000 0.697 100 1 0
 2897 1359.094 468.741 -3 -28 6.244 1.562 0.486000 0.697 100 1 0
 2898 1349.337 468.741 -3 -28 6.244 1.562 0.486000 0.697 100 1 0
 2899 1365.338 468.545 -3 -28 0.780 1.171 0.486000 0.697 100 1 0
 2900 1369.631 465.030 -3 -28 1.561 1.171 0.388000 0.622 100 1 0
 2901 1360.850 465.030 -3 -28 9.756 1.171 3.915000 1.171 100 1 0
 2902 1349.532 465.030 -3 -28 6.634 1.171 2.845000 1.171 100 1 0
 2903 1369.631 461.514 -3 -28 1.561 1.171 0.532000 0.729 100 1 0
 2904 1365.338 461.514 -3 -28 0.780 1.171 0.486000 0.697 100 1 0
 2905 1359.094 461.319 -3 -28 6.244 1.562 1.400000 1.183 100 1 0
 2906 1349.337 461.514 -3 -28 6.244 1.171 0.509000 0.713 100 1 0
 2907 1369.631 457.608 -3 -28 1.561 1.171 0.334000 0.577 100 1 0
 2908 1365.143 457.608 -3 -28 1.170 1.171 0.236000 0.485 100 1 0
 2909 1359.094 457.608 -3 -28 6.244 1.171 2.706000 1.171 100 1 0
 2910 1349.532 457.608 -3 -28 6.634 1.171 2.571000 1.171 100 1 0
 2911 1369.631 454.092 -3 -28 1.561 1.171 0.192000 0.437 100 1 0
 2912 1365.338 454.092 -3 -28 0.780 1.171 0.192000 0.437 100 1 0
 2913 1359.094 454.092 -3 -28 6.244 1.171 1.302000 1.141 100 1 0
 2914 1349.337 454.092 -3 -28 6.244 1.171 0.532000 0.729 100 1 0
 2915 1369.436 450.186 -3 -28 1.170 1.171 0.283000 0.531 100 1 0
 2916 1365.143 450.186 -3 -28 1.170 1.171 0.236000 0.485 100 1 0
 2917 1359.094 450.186 -3 -28 6.244 1.171 2.706000 1.171 100 1 0
 2918 1349.532 450.186 -3 -28 6.634 1.171 2.571000 1.171 100 1 0
 2919 1369.631 446.678 -3 -28 1.561 1.171 0.334000 0.577 100 1 0
 2920 1365.143 446.678 -3 -28 1.170 1.171 0.236000 0.485 100 1 0
 2921 1358.899 444.725 -3 -28 6.634 5.076 9.859000 3.139 100 1 0
 2922 1349.337 446.678 -3 -28 6.244 1.171 2.438000 1.171 100 1 0
 2923 1369.631 442.772 -3 -28 1.561 1.171 0.334000 0.577 100 1 0
 2924 1365.338 442.772 -3 -28 0.780 1.171 0.192000 0.437 100 1 0
 2925 1349.532 442.772 -3 -28 6.634 1.171 2.706000 1.171 100 1 0
 2926 1369.631 439.256 -3 -28 1.561 1.171 0.334000 0.577 100 1 0
 2927 1365.338 437.303 -3 -28 1.561 5.076 0.862000 0.928 100 1 0
 2928 1359.094 439.256 -3 -28 6.244 1.171 2.706000 1.171 100 1 0
 2929 1349.337 439.256 -3 -28 6.244 1.171 2.706000 1.171 100 1 0
 2930 1369.631 435.350 -3 -28 1.561 1.171 0.532000 0.729 100 1 0
 2931 1359.094 435.350 -3 -28 6.244 1.171 0.532000 0.729 100 1 0
 2932 1349.337 435.350 -3 -28 6.244 1.171 2.845000 1.171 100 1 0
 2933 1369.631 431.834 -3 -28 1.561 1.171 0.334000 0.577 100 1 0
 2934 1365.143 431.834 -3 -28 1.170 1.171 0.283000 0.531 100 1 0
 2935 1359.094 431.834 -3 -28 6.244 1.171 2.706000 1.171 100 1 0
 2936 1349.532 431.834 -3 -28 6.634 1.171 2.571000 1.171 100 1 0
 2937 1369.631 427.928 -3 -28 1.561 1.171 0.509000 0.713 100 1 0
 2938 1365.338 427.928 -3 -28 0.780 1.171 0.509000 0.713 100 1 0
 2939 1359.485 427.928 -3 -28 5.463 1.171 0.486000 0.697 100 1 0
 2940 1349.337 427.928 -3 -28 6.244 1.171 0.486000 0.697 100 1 0
 2941 1369.631 424.412 -3 -28 1.561 1.171 0.388000 0.622 100 1 0
 2942 1365.143 424.412 -3 -28 1.170 1.171 0.283000 0.531 100 1 0
 2943 1359.094 424.412 -3 -28 6.244 1.171 2.706000 1.171 100 1 0
 2944 1349.337 424.412 -3 -28 6.244 1.171 2.571000 1.171 100 1 0
 2945 1366.509 409.186 -3 -28 7.805 7.419 10.385000 3.222 100 1 0
 2946 1352.070 409.186 -3 -28 10.927 7.419 38.920000 6.238 100 1 0
 2947 1342.898 412.701 -3 -28 1.170 0.390 0.192000 0.390 100 1 0
 2948 1336.263 412.701 -3 -28 1.170 0.390 0.236000 0.390 100 1 0
 2949 1359.874 408.991 -3 -28 0.390 0.390 0.465000 0.390 100 1 0
 2950 1339.971 407.623 -3 -28 7.024 0.390 0.532000 0.390 100 1 0
 2951 1365.143 402.155 -3 -28 10.537 1.171 3.752000 1.171 100 1 0
 2952 1352.070 402.155 -3 -28 10.927 1.171 5.341000 1.171 100 1 0
 2953 1365.143 398.639 -3 -28 10.537 1.171 1.828000 1.171 100 1 0
 2954 1352.070 398.639 -3 -28 10.927 1.171 0.532000 0.729 100 1 0
 2955 1365.143 390.834 -3 -28 10.537 8.981 32.984000 5.743 100 1 0
 2956 1345.239 389.272 -3 -28 24.586 12.105 72.395000 8.508 100 1 0
 2957 1368.851 383.217 -3 -28 2.341 0.390 0.236000 0.390 100 1 0
 2958 1362.607 383.217 -3 -28 5.463 0.390 0.638000 0.390 100 1 0
 2959 1364.948 379.506 -3 -28 10.146 0.390 0.532000 0.390 100 1 0
 2960 1346.410 379.506 -3 -28 8.195 0.390 1.828000 0.390 100 1 0
 2961 1334.898 379.506 -3 -28 3.902 0.390 0.506000 0.390 100 1 0
 2962 1353.045 375.991 -3 -28 4.292 0.390 1.400000 0.390 100 1 0
 2963 1366.119 373.061 -3 -28 8.585 5.467 8.602000 2.932 100 1 0
 2964 1339.580 375.795 -3 -28 13.269 0.390 2.062000 0.390 100 1 0
 2965 1344.264 372.670 -3 -28 3.902 1.562 0.532000 0.729 100 1 0
 2966 1334.898 372.866 -3 -28 3.902 1.171 0.532000 0.729 100 1 0
 2967 1357.338 372.084 -3 -28 1.170 0.390 0.509000 0.390 100 1 0
 2968 1351.094 372.280 -3 -28 1.170 0.390 0.486000 0.390 100 1 0
 2969 1354.021 355.881 -3 -28 0.390 0.390 0.443000 0.390 100 1 0
 2970 1363.192 353.928 -3 -28 1.170 0.781 0.443000 0.665 100 1 0
 2971 1370.022 353.733 -3 -28 0.390 0.390 0.465000 0.390 100 1 0
 2972 1367.289 353.733 -3 -28 0.390 0.390 0.486000 0.390 100 1 0
 2973 1358.118 353.733 -3 -28 1.170 0.390 0.465000 0.390 100 1 0
 2974 1342.117 348.459 -3 -28 1.170 10.934 1.828000 1.170 100 1 0
 2975 1354.021 353.147 -3 -28 0.390 0.781 0.344000 0.390 100 1 0
 2976 1351.288 350.998 -3 -28 0.390 5.076 0.532000 0.390 100 1 0
 2977 1347.386 353.537 -3 -28 0.780 0.390 0.486000 0.390 100 1 0
 2978 1363.192 350.608 -3 -28 1.170 1.171 0.486000 0.697 100 1 0
 2979 1347.191 346.701 -3 -28 1.170 7.419 1.116000 1.056 100 1 0
 2980 1370.022 350.022 -3 -28 0.390 0.390 0.509000 0.390 100 1 0
 2981 1367.289 350.022 -3 -28 0.390 0.390 0.465000 0.390 100 1 0
 2982 1358.118 350.022 -3 -28 1.170 0.390 0.486000 0.390 100 1 0
 2983 1354.021 349.241 -3 -28 0.390 1.562 0.486000 0.390 100 1 0
 2984 1337.629 348.459 -3 -28 0.390 0.390 0.023000 0.153 100 1 0
 2985 1363.192 347.092 -3 -28 1.170 1.171 0.532000 0.729 100 1 0
 2986 1367.289 346.897 -3 -28 0.390 0.781 0.050000 0.224 100 1 0
 2987 1358.118 346.897 -3 -28 1.170 0.781 0.151000 0.389 100 1 0
 2988 1370.022 346.506 -3 -28 0.390 0.390 0.509000 0.390 100 1 0
 2989 1350.899 344.553 -3 -28 0.780 3.124 0.422000 0.649 100 1 0
 2990 1337.629 344.944 -3 -28 0.390 0.390 0.023000 0.153 100 1 0
 2991 1363.192 343.584 -3 -28 1.170 1.171 0.486000 0.697 100 1 0
 2992 1358.118 343.194 -3 -28 1.170 0.390 0.509000 0.390 100 1 0
 2993 1370.022 342.998 -3 -28 0.390 0.390 0.465000 0.390 100 1 0
 2994 1367.289 342.998 -3 -28 0.390 0.390 0.486000 0.390 100 1 0
 2995 1354.021 342.998 -3 -28 0.390 0.390 0.486000 0.390 100 1 0
 2996 1367.289 339.483 -3 -28 0.390 0.390 0.509000 0.390 100 1 0
 2997 1358.118 336.748 -3 -28 1.170 5.467 0.509000 0.713 100 1 0
 2998 1354.021 338.897 -3 -28 0.390 1.171 0.443000 0.390 100 1 0
 2999 1363.387 335.967 -3 -28 0.780 4.686 0.486000 0.697 100 1 0
 3000 1347.386 338.311 -3 -28 0.780 0.390 0.465000 0.390 100 1 0
 3001 1342.117 338.311 -3 -28 1.170 0.390 0.532000 0.390 100 1 0
 3002 1337.629 338.311 -3 -28 0.390 0.390 0.023000 0.153 100 1 0
 3003 1351.288 335.772 -3 -28 0.390 0.390 0.465000 0.390 100 1 0
 3004 1370.022 335.576 -3 -28 0.390 0.390 0.443000 0.390 100 1 0
 3005 1354.021 334.014 -3 -28 0.390 3.124 0.509000 0.390 100 1 0
 3006 1347.581 335.576 -3 -28 0.390 0.390 0.443000 0.390 100 1 0
 3007 1342.117 335.576 -3 -28 1.170 0.390 0.443000 0.390 100 1 0
 3008 1351.288 328.936 -3 -28 0.390 7.810 0.445000 0.390 100 1 0
 3009 1347.191 327.178 -3 -28 1.170 11.324 3.752000 1.170 100 1 0
 3010 1342.117 328.545 -3 -28 1.170 7.029 1.716000 1.170 100 1 0
 3011 1337.629 330.498 -3 -28 0.390 0.390 0.023000 0.153 100 1 0
 3012 1370.022 329.912 -3 -28 0.390 0.390 0.486000 0.390 100 1 0
 3013 1363.387 329.717 -3 -28 0.780 0.781 0.443000 0.665 100 1 0
 3014 1357.923 329.326 -3 -28 0.780 0.390 0.443000 0.390 100 1 0
 3015 1354.021 328.936 -3 -28 0.390 0.781 0.509000 0.390 100 1 0
 3016 1370.022 325.811 -3 -28 0.390 1.562 0.509000 0.390 100 1 0
 3017 1364.753 322.491 -3 -28 4.292 8.200 2.706000 1.645 100 1 0
 3018 1354.021 325.420 -3 -28 0.390 0.781 0.081000 0.283 100 1 0
 3019 1370.022 321.514 -3 -28 0.390 0.390 0.486000 0.390 100 1 0
 3020 1354.021 321.514 -3 -28 0.390 0.390 0.509000 0.390 100 1 0
 3021 1351.288 321.514 -3 -28 0.390 0.390 0.509000 0.390 100 1 0
 3022 1342.117 321.514 -3 -28 0.390 0.390 0.509000 0.390 100 1 0
 3023 1363.192 315.272 -3 -28 1.170 0.781 0.532000 0.729 100 1 0
 3024 1337.629 314.491 -3 -28 0.390 0.390 0.465000 0.390 100 1 0
 3025 1363.192 311.561 -3 -28 1.170 1.171 0.638000 0.798 100 1 0
 3026 1358.118 311.561 -3 -28 1.170 1.171 0.570000 0.755 100 1 0
 3027 1367.289 311.366 -3 -28 0.390 0.390 0.486000 0.390 100 1 0
 3028 1370.022 307.850 -3 -28 0.390 0.390 0.382000 0.390 100 1 0
 3029 1363.387 307.850 -3 -28 0.780 0.390 0.532000 0.390 100 1 0
 3030 1357.923 307.850 -3 -28 0.780 0.390 0.509000 0.390 100 1 0
 3031 1354.021 307.850 -3 -28 0.390 0.390 0.023000 0.153 100 1 0
 3032 1363.192 304.725 -3 -28 1.170 0.781 0.283000 0.531 100 1 0
 3033 1367.289 304.725 -3 -28 0.390 0.390 0.422000 0.390 100 1 0
 3034 1357.923 304.530 -3 -28 0.780 0.390 0.192000 0.390 100 1 0
 3035 1370.022 304.334 -3 -28 0.390 0.390 0.422000 0.390 100 1 0
 3036 1354.021 303.553 -3 -28 0.390 0.390 0.509000 0.390 100 1 0
 3037 1351.288 303.553 -3 -28 0.390 0.390 0.443000 0.390 100 1 0
 3038 1347.386 303.553 -3 -28 0.780 0.390 0.081000 0.283 100 1 0
 3039 1341.922 303.553 -3 -28 0.780 0.390 0.532000 0.390 100 1 0
 3040 1367.289 301.209 -3 -28 0.390 0.390 0.443000 0.390 100 1 0
 3041 1363.192 300.819 -3 -28 1.170 0.781 0.283000 0.531 100 1 0
 3042 1358.118 298.084 -3 -28 1.170 6.248 2.438000 1.170 100 1 0
 3043 1351.288 297.498 -3 -28 0.390 7.419 0.192000 0.390 100 1 0
 3044 1342.117 297.498 -3 -28 1.170 7.419 0.709000 0.842 100 1 0
 3045 1347.191 297.303 -3 -28 1.170 7.029 0.709000 0.842 100 1 0
 3046 1337.629 300.819 -3 -28 0.390 0.390 0.486000 0.390 100 1 0
 3047 1354.021 298.866 -3 -28 0.390 0.390 0.509000 0.390 100 1 0
 3048 1367.289 297.303 -3 -28 0.390 0.781 0.465000 0.390 100 1 0
 3049 1363.192 297.303 -3 -28 1.170 0.781 0.532000 0.729 100 1 0
 3050 1370.022 297.303 -3 -28 0.390 0.390 0.363000 0.390 100 1 0
 3051 1337.629 296.912 -3 -28 0.390 0.781 0.081000 0.283 100 1 0
 3052 1354.021 294.764 -3 -28 0.390 1.952 0.050000 0.224 100 1 0
 3053 1370.022 294.178 -3 -28 0.390 0.390 0.023000 0.153 100 1 0
 3054 1367.095 294.178 -3 -28 0.390 0.390 0.023000 0.153 100 1 0
 3055 1363.192 294.178 -3 -28 1.170 0.390 0.114000 0.338 100 1 0
 3056 1337.629 293.397 -3 -28 0.390 0.781 0.081000 0.283 100 1 0
 3057 1354.021 290.280 -3 -28 0.390 0.390 0.023000 0.153 100 1 0
 3058 1347.191 290.280 -3 -28 1.170 0.390 0.532000 0.390 100 1 0
 3059 1342.117 290.280 -3 -28 1.170 0.390 0.114000 0.338 100 1 0
 3060 1337.629 290.280 -3 -28 0.390 0.390 0.023000 0.153 100 1 0
 3061 1315.384 767.084 -3 -28 1.561 0.781 0.388000 0.622 100 1 0
 3062 1311.286 767.084 -3 -28 1.170 0.781 0.445000 0.667 100 1 0
 3063 1305.042 767.084 -3 -28 6.634 0.781 5.534000 0.781 100 1 0
 3064 1296.456 767.084 -3 -28 4.292 0.781 2.706000 0.781 100 1 0
 3065 1315.189 763.373 -3 -28 1.170 0.390 0.151000 0.389 100 1 0
 3066 1311.286 763.373 -3 -28 1.170 0.390 0.283000 0.390 100 1 0
 3067 1305.237 763.373 -3 -28 6.244 0.390 2.706000 0.390 100 1 0
 3068 1296.456 763.373 -3 -28 4.292 0.390 1.400000 0.390 100 1 0
 3069 1315.579 759.670 -3 -28 1.951 0.781 0.709000 0.781 100 1 0
 3070 1311.286 759.670 -3 -28 1.170 0.781 0.506000 0.711 100 1 0
 3071 1305.042 759.670 -3 -28 6.634 0.781 5.731000 0.781 100 1 0
 3072 1295.480 759.670 -3 -28 6.244 0.781 4.600000 0.781 100 1 0
 3073 1315.579 755.959 -3 -28 1.951 0.390 0.334000 0.390 100 1 0
 3074 1311.286 755.959 -3 -28 1.170 0.390 0.283000 0.390 100 1 0
 3075 1305.237 755.959 -3 -28 6.244 0.390 2.706000 0.390 100 1 0
 3076 1295.285 755.959 -3 -28 6.634 0.390 2.988000 0.390 100 1 0
 3077 1315.579 752.248 -3 -28 1.951 0.781 0.388000 0.622 100 1 0
 3078 1311.286 752.248 -3 -28 1.170 0.781 0.445000 0.667 100 1 0
 3079 1305.042 752.248 -3 -28 6.634 0.781 5.731000 0.781 100 1 0
 3080 1295.285 752.248 -3 -28 6.634 0.781 5.932000 0.781 100 1 0
 3081 1315.775 748.537 -3 -28 1.561 0.390 0.334000 0.390 100 1 0
 3082 1311.286 748.342 -3 -28 1.170 0.781 0.236000 0.485 100 1 0
 3083 1305.042 748.537 -3 -28 6.634 0.390 2.706000 0.390 100 1 0
 3084 1295.285 748.342 -3 -28 6.634 0.781 3.134000 0.781 100 1 0
 3085 1315.579 744.826 -3 -28 1.951 0.781 0.638000 0.781 100 1 0
 3086 1311.286 744.826 -3 -28 1.170 0.781 0.445000 0.667 100 1 0
 3087 1305.042 744.826 -3 -28 6.634 0.781 5.534000 0.781 100 1 0
 3088 1295.285 744.826 -3 -28 6.634 0.781 5.731000 0.781 100 1 0
 3089 1315.189 740.920 -3 -28 1.170 0.781 0.192000 0.437 100 1 0
 3090 1311.286 741.116 -3 -28 1.170 0.390 0.283000 0.390 100 1 0
 3091 1305.042 740.920 -3 -28 6.634 0.781 3.134000 0.781 100 1 0
 3092 1295.285 740.920 -3 -28 6.634 0.781 3.283000 0.781 100 1 0
 3093 1315.579 737.600 -3 -28 1.951 0.390 0.532000 0.390 100 1 0
 3094 1311.286 737.405 -3 -28 1.170 0.781 0.445000 0.667 100 1 0
 3095 1305.042 737.405 -3 -28 6.634 0.781 5.932000 0.781 100 1 0
 3096 1295.285 737.405 -3 -28 6.634 0.781 5.932000 0.781 100 1 0
 3097 1315.384 733.506 -3 -28 1.561 0.781 0.283000 0.531 100 1 0
 3098 1311.286 733.506 -3 -28 1.170 0.781 0.334000 0.577 100 1 0
 3099 1305.042 733.506 -3 -28 6.634 0.781 3.283000 0.781 100 1 0
 3100 1295.285 733.506 -3 -28 6.634 0.781 3.915000 0.781 100 1 0
 3101 1314.604 729.991 -3 -28 0.390 0.390 0.486000 0.390 100 1 0
 3102 1311.286 729.795 -3 -28 1.170 0.390 0.443000 0.390 100 1 0
 3103 1308.359 729.991 -3 -28 0.390 0.390 0.443000 0.390 100 1 0
 3104 1301.725 729.795 -3 -28 0.390 0.390 0.486000 0.390 100 1 0
 3105 1314.604 726.280 -3 -28 0.390 0.390 0.465000 0.390 100 1 0
 3106 1301.725 726.280 -3 -28 0.390 0.390 0.465000 0.390 100 1 0
 3107 1311.286 726.084 -3 -28 1.170 0.390 0.465000 0.390 100 1 0
 3108 1308.359 726.084 -3 -28 0.390 0.390 0.443000 0.390 100 1 0
 3109 1314.604 722.569 -3 -28 0.390 0.390 0.465000 0.390 100 1 0
 3110 1311.286 722.373 -3 -28 1.170 0.390 0.465000 0.390 100 1 0
 3111 1307.383 722.569 -3 -28 1.951 0.390 0.422000 0.390 100 1 0
 3112 1301.725 722.373 -3 -28 0.390 0.390 0.486000 0.390 100 1 0
 3113 1305.042 718.662 -3 -28 6.634 0.781 2.706000 0.781 100 1 0
 3114 1295.285 718.662 -3 -28 6.634 0.781 2.571000 0.781 100 1 0
 3115 1314.993 718.467 -3 -28 0.780 0.390 0.114000 0.338 100 1 0
 3116 1311.286 718.467 -3 -28 1.170 0.390 0.192000 0.390 100 1 0
 3117 1315.579 715.147 -3 -28 1.951 0.781 0.862000 0.781 100 1 0
 3118 1311.286 715.147 -3 -28 1.170 0.781 0.506000 0.711 100 1 0
 3119 1305.042 715.147 -3 -28 6.634 0.781 5.932000 0.781 100 1 0
 3120 1295.285 715.147 -3 -28 6.634 0.781 5.932000 0.781 100 1 0
 3121 1315.579 711.241 -3 -28 1.951 0.781 0.638000 0.781 100 1 0
 3122 1311.286 711.241 -3 -28 1.170 0.781 0.445000 0.667 100 1 0
 3123 1305.042 711.241 -3 -28 6.634 0.781 4.600000 0.781 100 1 0
 3124 1295.285 711.241 -3 -28 6.634 0.781 4.251000 0.781 100 1 0
 3125 1322.604 711.045 -3 -28 6.634 0.390 0.509000 0.390 100 1 0
 3126 1320.262 708.123 -3 -28 1.951 0.390 0.465000 0.390 100 1 0
 3127 1315.579 707.733 -3 -28 1.951 0.781 0.862000 0.781 100 1 0
 3128 1311.286 707.733 -3 -28 1.170 0.781 0.506000 0.711 100 1 0
 3129 1305.042 707.733 -3 -28 6.634 0.781 6.135000 0.781 100 1 0
 3130 1295.285 707.733 -3 -28 6.634 0.781 5.932000 0.781 100 1 0
 3131 1315.579 702.069 -3 -28 1.951 4.295 2.438000 1.561 100 1 0
 3132 1301.725 704.022 -3 -28 0.390 0.390 0.465000 0.390 100 1 0
 3133 1301.725 700.116 -3 -28 0.390 0.390 0.443000 0.390 100 1 0
 3134 1306.407 696.795 -3 -28 3.902 0.781 0.443000 0.665 100 1 0
 3135 1311.286 696.600 -3 -28 1.170 0.390 0.422000 0.390 100 1 0
 3136 1315.579 690.936 -3 -28 1.951 4.686 1.716000 1.309 100 1 0
 3137 1306.993 692.889 -3 -28 9.756 0.781 8.602000 0.781 100 1 0
 3138 1295.285 683.717 -3 -28 6.634 19.134 202.864992 6.634 100 1 0
 3139 1322.799 689.373 -3 -28 3.122 0.390 0.443000 0.390 100 1 0
 3140 1306.603 688.983 -3 -28 9.756 0.781 2.988000 0.781 100 1 0
 3141 1315.579 683.522 -3 -28 1.951 4.686 1.207000 1.098 100 1 0
 3142 1306.798 685.467 -3 -28 10.146 0.781 9.094000 0.781 100 1 0
 3143 1306.798 681.764 -3 -28 10.146 1.171 8.602000 1.171 100 1 0
 3144 1324.750 681.959 -3 -28 0.390 0.390 0.422000 0.390 100 1 0
 3145 1315.579 678.053 -3 -28 1.951 0.781 0.862000 0.781 100 1 0
 3146 1306.798 678.053 -3 -28 10.146 0.781 8.846000 0.781 100 1 0
 3147 1315.579 669.069 -3 -28 1.951 11.715 2.706000 1.645 100 1 0
 3148 1323.970 674.537 -3 -28 2.341 0.390 0.443000 0.390 100 1 0
 3149 1306.798 666.725 -3 -28 10.146 15.620 45.346000 6.733 100 1 0
 3150 1332.165 672.194 -3 -28 6.244 0.390 0.862000 0.390 100 1 0
 3151 1322.604 672.194 -3 -28 6.634 0.390 0.862000 0.390 100 1 0
 3152 1294.310 665.162 -3 -28 8.585 11.715 80.325000 8.585 100 1 0
 3153 1330.019 659.694 -3 -28 1.170 0.390 0.443000 0.390 100 1 0
 3154 1323.775 659.694 -3 -28 2.731 0.390 0.465000 0.390 100 1 0
 3155 1315.384 655.795 -3 -28 1.561 0.781 0.388000 0.622 100 1 0
 3156 1311.286 655.795 -3 -28 1.170 0.781 0.506000 0.711 100 1 0
 3157 1305.042 655.795 -3 -28 6.634 0.781 6.135000 0.781 100 1 0
 3158 1295.285 655.795 -3 -28 6.634 0.781 6.135000 0.781 100 1 0
 3159 1324.555 652.280 -3 -28 1.951 0.390 0.486000 0.390 100 1 0
 3160 1311.286 648.373 -3 -28 1.170 0.781 0.506000 0.711 100 1 0
 3161 1305.042 642.709 -3 -28 6.634 12.105 75.948000 6.634 100 1 0
 3162 1295.285 648.373 -3 -28 6.634 0.781 6.135000 0.781 100 1 0
 3163 1311.286 644.662 -3 -28 1.170 1.171 0.445000 0.667 100 1 0
 3164 1295.285 644.858 -3 -28 6.634 0.781 2.988000 0.781 100 1 0
 3165 1322.408 641.342 -3 -28 6.244 0.390 0.486000 0.390 100 1 0
 3166 1315.579 641.342 -3 -28 1.951 0.390 0.486000 0.390 100 1 0
 3167 1311.286 640.951 -3 -28 1.170 0.781 0.445000 0.667 100 1 0
 3168 1294.114 628.069 -3 -28 8.976 26.554 297.711008 8.976 100 1 0
 3169 1315.579 637.241 -3 -28 1.951 1.171 0.570000 0.755 100 1 0
 3170 1311.286 637.241 -3 -28 1.170 1.171 0.334000 0.577 100 1 0
 3171 1322.604 633.920 -3 -28 5.854 0.390 0.465000 0.390 100 1 0
 3172 1315.579 633.920 -3 -28 1.951 0.390 0.486000 0.390 100 1 0
 3173 1311.286 633.530 -3 -28 1.170 0.781 0.506000 0.711 100 1 0
 3174 1305.042 631.772 -3 -28 6.634 4.295 10.654000 3.263 100 1 0
 3175 1315.384 630.217 -3 -28 1.561 0.390 0.192000 0.390 100 1 0
 3176 1311.286 629.826 -3 -28 1.170 1.171 0.445000 0.667 100 1 0
 3177 1315.579 626.116 -3 -28 1.951 0.781 0.638000 0.781 100 1 0
 3178 1311.286 626.116 -3 -28 1.170 0.781 0.445000 0.667 100 1 0
 3179 1305.042 624.162 -3 -28 6.634 4.686 16.736000 4.091 100 1 0
 3180 1315.189 622.795 -3 -28 1.170 0.390 0.509000 0.390 100 1 0
 3181 1311.286 622.600 -3 -28 1.170 0.781 0.388000 0.622 100 1 0
 3182 1322.408 619.084 -3 -28 6.244 0.390 0.509000 0.390 100 1 0
 3183 1315.579 619.084 -3 -28 1.951 0.390 0.509000 0.390 100 1 0
 3184 1311.286 618.694 -3 -28 1.170 0.781 0.445000 0.667 100 1 0
 3185 1305.042 618.694 -3 -28 6.634 0.781 6.135000 0.781 100 1 0
 3186 1315.579 615.178 -3 -28 1.951 0.781 0.570000 0.755 100 1 0
 3187 1311.286 615.178 -3 -28 1.170 0.781 0.283000 0.531 100 1 0
 3188 1305.042 613.225 -3 -28 6.634 4.686 9.346000 3.057 100 1 0
 3189 1322.408 611.662 -3 -28 6.244 0.390 0.532000 0.390 100 1 0
 3190 1315.775 611.662 -3 -28 1.561 0.390 0.509000 0.390 100 1 0
 3191 1311.286 611.272 -3 -28 1.170 0.781 0.506000 0.711 100 1 0
 3192 1294.310 600.147 -3 -28 8.585 23.039 379.536992 8.585 100 1 0
 3193 1316.555 608.147 -3 -28 0.390 0.390 0.422000 0.390 100 1 0
 3194 1311.286 607.756 -3 -28 1.170 0.781 0.388000 0.622 100 1 0
 3195 1305.042 607.756 -3 -28 6.634 0.781 4.600000 0.781 100 1 0
 3196 1315.579 603.858 -3 -28 1.951 0.781 0.445000 0.667 100 1 0
 3197 1311.286 603.858 -3 -28 1.170 0.781 0.445000 0.667 100 1 0
 3198 1305.042 603.858 -3 -28 6.634 0.781 6.135000 0.781 100 1 0
 3199 1319.286 600.733 -3 -28 0.390 0.390 0.443000 0.390 100 1 0
 3200 1315.579 600.733 -3 -28 1.951 0.390 0.443000 0.390 100 1 0
 3201 1311.286 600.342 -3 -28 1.170 0.781 0.388000 0.622 100 1 0
 3202 1305.042 600.342 -3 -28 6.634 0.781 5.731000 0.781 100 1 0
 3203 1324.361 596.826 -3 -28 2.341 0.390 0.509000 0.390 100 1 0
 3204 1319.677 596.826 -3 -28 0.780 0.390 0.465000 0.390 100 1 0
 3205 1315.579 596.826 -3 -28 1.170 0.390 0.509000 0.390 100 1 0
 3206 1311.286 596.436 -3 -28 1.170 0.781 0.445000 0.667 100 1 0
 3207 1305.042 596.436 -3 -28 6.634 0.781 6.135000 0.781 100 1 0
 3208 1315.384 592.530 -3 -28 1.561 1.562 0.570000 0.755 100 1 0
 3209 1311.286 592.920 -3 -28 1.170 0.781 0.506000 0.711 100 1 0
 3210 1305.042 592.920 -3 -28 6.634 0.781 6.135000 0.781 100 1 0
 3211 1322.408 589.405 -3 -28 6.244 0.390 0.784000 0.390 100 1 0
 3212 1315.775 589.405 -3 -28 1.561 0.390 0.532000 0.390 100 1 0
 3213 1311.091 588.428 -3 -28 0.780 1.952 0.151000 0.389 100 1 0
 3214 1305.042 588.233 -3 -28 6.634 2.343 8.846000 2.343 100 1 0
 3215 1315.579 572.616 -3 -28 1.951 0.781 0.388000 0.622 100 1 0
 3216 1311.286 572.616 -3 -28 1.170 0.781 0.388000 0.622 100 1 0
 3217 1305.042 572.616 -3 -28 6.634 0.781 4.424000 0.781 100 1 0
 3218 1296.261 572.616 -3 -28 4.683 0.781 2.062000 0.781 100 1 0
 3219 1315.579 568.709 -3 -28 1.951 0.781 0.506000 0.711 100 1 0
 3220 1311.286 568.709 -3 -28 1.170 0.781 0.445000 0.667 100 1 0
 3221 1305.042 568.709 -3 -28 6.634 0.781 6.135000 0.781 100 1 0
 3222 1296.261 568.709 -3 -28 4.683 0.781 3.134000 0.781 100 1 0
 3223 1315.579 565.194 -3 -28 1.951 0.781 0.638000 0.781 100 1 0
 3224 1311.286 565.194 -3 -28 1.170 0.781 0.388000 0.622 100 1 0
 3225 1305.042 565.194 -3 -28 6.634 0.781 4.964000 0.781 100 1 0
 3226 1295.480 565.194 -3 -28 6.244 0.781 4.424000 0.781 100 1 0
 3227 1315.579 559.530 -3 -28 1.951 4.295 3.592000 1.895 100 1 0
 3228 1306.798 555.819 -3 -28 10.146 11.715 142.394992 10.146 100 1 0
 3229 1295.285 561.287 -3 -28 6.634 0.781 6.135000 0.781 100 1 0
 3230 1322.408 559.530 -3 -28 6.244 0.390 0.943000 0.390 100 1 0
 3231 1329.043 559.334 -3 -28 0.390 0.390 0.486000 0.390 100 1 0
 3232 1295.285 557.772 -3 -28 6.634 0.781 6.135000 0.781 100 1 0
 3233 1315.579 552.116 -3 -28 1.951 4.295 3.592000 1.895 100 1 0
 3234 1295.285 553.866 -3 -28 6.634 0.781 6.135000 0.781 100 1 0
 3235 1322.408 552.116 -3 -28 6.244 0.390 0.509000 0.390 100 1 0
 3236 1329.434 551.920 -3 -28 0.780 0.390 0.532000 0.390 100 1 0
 3237 1295.480 550.358 -3 -28 6.244 0.781 4.964000 0.781 100 1 0
 3238 1315.579 546.451 -3 -28 1.951 0.781 0.943000 0.781 100 1 0
 3239 1311.286 546.451 -3 -28 1.170 0.781 0.445000 0.667 100 1 0
 3240 1305.042 546.451 -3 -28 6.634 0.781 6.135000 0.781 100 1 0
 3241 1295.285 546.451 -3 -28 6.634 0.781 6.135000 0.781 100 1 0
 3242 1315.579 542.936 -3 -28 1.951 0.781 0.943000 0.781 100 1 0
 3243 1311.286 542.936 -3 -28 1.170 0.781 0.445000 0.667 100 1 0
 3244 1305.042 542.936 -3 -28 6.634 0.781 6.135000 0.781 100 1 0
 3245 1295.285 542.936 -3 -28 6.634 0.781 5.932000 0.781 100 1 0
 3246 1315.579 539.030 -3 -28 1.951 0.781 0.943000 0.781 100 1 0
 3247 1311.286 539.030 -3 -28 1.170 0.781 0.388000 0.622 100 1 0
 3248 1305.042 539.030 -3 -28 6.634 0.781 5.151000 0.781 100 1 0
 3249 1295.285 539.030 -3 -28 6.634 0.781 4.600000 0.781 100 1 0
 3250 1315.579 535.514 -3 -28 1.951 0.781 0.943000 0.781 100 1 0
 3251 1311.286 535.514 -3 -28 1.170 0.781 0.445000 0.667 100 1 0
 3252 1305.042 535.514 -3 -28 6.634 0.781 6.135000 0.781 100 1 0
 3253 1295.285 535.514 -3 -28 6.634 0.781 6.135000 0.781 100 1 0
 3254 1305.042 531.803 -3 -28 6.634 1.171 3.283000 1.171 100 1 0
 3255 1315.579 531.608 -3 -28 1.951 0.781 0.570000 0.755 100 1 0
 3256 1311.286 531.608 -3 -28 1.170 0.781 0.334000 0.577 100 1 0
 3257 1295.285 531.608 -3 -28 6.634 0.781 3.134000 0.781 100 1 0
 3258 1315.579 528.092 -3 -28 1.951 0.781 0.784000 0.781 100 1 0
 3259 1311.286 528.092 -3 -28 1.170 0.781 0.388000 0.622 100 1 0
 3260 1305.042 528.092 -3 -28 6.634 0.781 6.135000 0.781 100 1 0
 3261 1295.285 528.092 -3 -28 6.634 0.781 6.135000 0.781 100 1 0
 3262 1315.579 524.389 -3 -28 1.951 1.171 0.445000 0.667 100 1 0
 3263 1311.286 524.584 -3 -28 1.170 0.781 0.283000 0.531 100 1 0
 3264 1305.042 524.389 -3 -28 6.634 1.171 3.283000 1.171 100 1 0
 3265 1295.285 524.389 -3 -28 6.634 1.171 3.283000 1.171 100 1 0
 3266 1315.579 520.678 -3 -28 1.951 0.781 0.709000 0.781 100 1 0
 3267 1306.798 520.678 -3 -28 10.146 0.781 3.283000 0.781 100 1 0
 3268 1295.285 520.678 -3 -28 6.634 0.781 6.135000 0.781 100 1 0
 3269 1315.579 517.162 -3 -28 1.951 0.781 0.506000 0.711 100 1 0
 3270 1311.286 517.162 -3 -28 1.170 0.781 0.334000 0.577 100 1 0
 3271 1305.042 517.162 -3 -28 6.634 0.781 3.283000 0.781 100 1 0
 3272 1295.285 517.162 -3 -28 6.634 0.781 3.283000 0.781 100 1 0
 3273 1315.579 513.256 -3 -28 1.951 0.781 0.943000 0.781 100 1 0
 3274 1306.798 513.256 -3 -28 10.146 0.781 3.436000 0.781 100 1 0
 3275 1295.285 513.256 -3 -28 6.634 0.781 6.135000 0.781 100 1 0
 3276 1315.579 509.741 -3 -28 1.951 0.781 0.638000 0.781 100 1 0
 3277 1311.286 509.741 -3 -28 1.170 0.781 0.334000 0.577 100 1 0
 3278 1305.042 509.741 -3 -28 6.634 0.781 3.283000 0.781 100 1 0
 3279 1295.285 509.741 -3 -28 6.634 0.781 3.134000 0.781 100 1 0
 3280 1315.384 505.834 -3 -28 1.561 0.781 0.388000 0.622 100 1 0
 3281 1311.286 505.834 -3 -28 1.170 0.781 0.388000 0.622 100 1 0
 3282 1305.042 505.834 -3 -28 6.634 0.781 6.135000 0.781 100 1 0
 3283 1296.261 505.834 -3 -28 4.683 0.781 3.283000 0.781 100 1 0
 3284 1315.189 502.319 -3 -28 1.170 0.781 0.334000 0.577 100 1 0
 3285 1311.286 502.319 -3 -28 1.170 0.781 0.334000 0.577 100 1 0
 3286 1305.042 502.319 -3 -28 6.634 0.781 3.436000 0.781 100 1 0
 3287 1296.261 502.319 -3 -28 4.683 0.781 1.943000 0.781 100 1 0
 3288 1315.579 498.420 -3 -28 1.951 0.781 0.943000 0.781 100 1 0
 3289 1306.798 498.420 -3 -28 10.146 0.781 3.134000 0.781 100 1 0
 3290 1295.285 496.662 -3 -28 6.634 4.295 21.804000 4.295 100 1 0
 3291 1315.579 494.905 -3 -28 1.951 0.781 0.570000 0.755 100 1 0
 3292 1311.286 494.905 -3 -28 1.170 0.781 0.334000 0.577 100 1 0
 3293 1305.042 494.905 -3 -28 6.634 0.781 4.424000 0.781 100 1 0
 3294 1315.579 490.998 -3 -28 1.951 0.781 0.709000 0.781 100 1 0
 3295 1306.798 490.998 -3 -28 10.146 0.781 3.134000 0.781 100 1 0
 3296 1295.285 490.998 -3 -28 6.634 0.781 6.135000 0.781 100 1 0
 3297 1315.579 487.483 -3 -28 1.951 0.781 0.943000 0.781 100 1 0
 3298 1311.286 487.483 -3 -28 1.170 0.781 0.445000 0.667 100 1 0
 3299 1305.042 487.483 -3 -28 6.634 0.781 6.135000 0.781 100 1 0
 3300 1295.285 487.483 -3 -28 6.634 0.781 6.135000 0.781 100 1 0
 3301 1315.579 483.576 -3 -28 1.951 0.781 0.709000 0.781 100 1 0
 3302 1311.286 483.576 -3 -28 1.170 0.781 0.388000 0.622 100 1 0
 3303 1305.042 483.576 -3 -28 6.634 0.781 3.915000 0.781 100 1 0
 3304 1295.285 483.576 -3 -28 6.634 0.781 4.081000 0.781 100 1 0
 3305 1315.579 480.061 -3 -28 1.951 0.781 0.943000 0.781 100 1 0
 3306 1311.286 480.061 -3 -28 1.170 0.781 0.388000 0.622 100 1 0
 3307 1305.042 480.061 -3 -28 6.634 0.781 6.135000 0.781 100 1 0
 3308 1295.285 480.061 -3 -28 6.634 0.781 6.135000 0.781 100 1 0
 3309 1315.579 476.155 -3 -28 1.951 0.781 0.570000 0.755 100 1 0
 3310 1311.091 476.155 -3 -28 0.780 0.781 0.236000 0.485 100 1 0
 3311 1305.042 476.155 -3 -28 6.634 0.781 3.134000 0.781 100 1 0
 3312 1295.285 476.155 -3 -28 6.634 0.781 3.134000 0.781 100 1 0
 3313 1315.579 472.647 -3 -28 1.951 0.781 0.388000 0.622 100 1 0
 3314 1311.286 472.647 -3 -28 1.170 0.781 0.388000 0.622 100 1 0
 3315 1305.042 472.647 -3 -28 6.634 0.781 6.135000 0.781 100 1 0
 3316 1295.285 472.647 -3 -28 6.634 0.781 6.135000 0.781 100 1 0
 3317 1305.042 469.131 -3 -28 6.634 0.781 3.134000 0.781 100 1 0
 3318 1295.285 468.936 -3 -28 6.634 1.171 3.134000 1.171 100 1 0
 3319 1315.579 468.936 -3 -28 1.951 0.390 0.445000 0.390 100 1 0
 3320 1311.091 468.936 -3 -28 0.780 0.390 0.192000 0.390 100 1 0
 3321 1315.579 465.225 -3 -28 1.951 0.781 0.709000 0.781 100 1 0
 3322 1311.286 465.225 -3 -28 1.170 0.781 0.388000 0.622 100 1 0
 3323 1305.042 465.225 -3 -28 6.634 0.781 6.135000 0.781 100 1 0
 3324 1295.285 465.225 -3 -28 6.634 0.781 6.135000 0.781 100 1 0
 3325 1315.189 461.709 -3 -28 1.170 0.781 0.283000 0.531 100 1 0
 3326 1305.042 461.709 -3 -28 6.634 0.781 2.988000 0.781 100 1 0
 3327 1295.285 461.709 -3 -28 6.634 0.781 3.283000 0.781 100 1 0
 3328 1311.286 461.514 -3 -28 1.170 0.390 0.236000 0.390 100 1 0
 3329 1315.579 457.803 -3 -28 1.951 0.781 0.943000 0.781 100 1 0
 3330 1311.091 457.803 -3 -28 0.780 0.781 0.334000 0.577 100 1 0
 3331 1305.042 457.803 -3 -28 6.634 0.781 6.135000 0.781 100 1 0
 3332 1295.285 457.803 -3 -28 6.634 0.781 6.135000 0.781 100 1 0
 3333 1315.384 454.287 -3 -28 1.561 0.781 0.283000 0.531 100 1 0
 3334 1311.091 454.287 -3 -28 0.780 0.781 0.236000 0.485 100 1 0
 3335 1305.042 454.287 -3 -28 6.634 0.781 3.134000 0.781 100 1 0
 3336 1295.285 454.287 -3 -28 6.634 0.781 3.283000 0.781 100 1 0
 3337 1315.579 450.381 -3 -28 1.951 0.781 0.943000 0.781 100 1 0
 3338 1311.091 450.381 -3 -28 0.780 0.781 0.334000 0.577 100 1 0
 3339 1305.042 450.381 -3 -28 6.634 0.781 6.135000 0.781 100 1 0
 3340 1295.285 450.381 -3 -28 6.634 0.781 6.135000 0.781 100 1 0
 3341 1315.579 446.873 -3 -28 1.951 0.781 0.445000 0.667 100 1 0
 3342 1311.286 446.873 -3 -28 1.170 0.781 0.283000 0.531 100 1 0
 3343 1305.042 446.873 -3 -28 6.634 0.781 3.436000 0.781 100 1 0
 3344 1295.285 446.873 -3 -28 6.634 0.781 3.915000 0.781 100 1 0
 3345 1315.579 442.967 -3 -28 1.951 0.781 0.784000 0.781 100 1 0
 3346 1306.798 442.967 -3 -28 10.146 0.781 8.846000 0.781 100 1 0
 3347 1295.090 442.967 -3 -28 7.024 0.781 6.135000 0.781 100 1 0
 3348 1315.384 439.451 -3 -28 2.341 0.781 0.943000 0.781 100 1 0
 3349 1306.798 439.451 -3 -28 10.146 0.781 2.845000 0.781 100 1 0
 3350 1295.090 439.451 -3 -28 7.024 0.781 6.553000 0.781 100 1 0
 3351 1315.579 435.545 -3 -28 1.951 0.781 0.862000 0.781 100 1 0
 3352 1306.798 435.545 -3 -28 10.146 0.781 8.123000 0.781 100 1 0
 3353 1294.699 435.545 -3 -28 7.805 0.781 6.553000 0.781 100 1 0
 3354 1315.384 432.030 -3 -28 2.341 0.781 0.943000 0.781 100 1 0
 3355 1306.798 432.030 -3 -28 10.146 0.781 8.846000 0.781 100 1 0
 3356 1295.285 432.030 -3 -28 6.634 0.781 6.135000 0.781 100 1 0
 3357 1315.579 428.123 -3 -28 1.951 0.781 0.570000 0.755 100 1 0
 3358 1311.286 428.123 -3 -28 1.170 0.781 0.236000 0.485 100 1 0
 3359 1305.042 426.366 -3 -28 6.634 4.295 17.076000 4.132 100 1 0
 3360 1295.285 428.123 -3 -28 6.634 0.781 4.251000 0.781 100 1 0
 3361 1315.579 424.608 -3 -28 1.951 0.781 0.943000 0.781 100 1 0
 3362 1311.286 424.608 -3 -28 1.170 0.781 0.388000 0.622 100 1 0
 3363 1295.285 424.608 -3 -28 6.634 0.781 6.135000 0.781 100 1 0
 3364 1331.385 420.123 -3 -28 4.683 0.390 0.509000 0.390 100 1 0
 3365 1321.628 420.319 -3 -28 3.122 0.390 0.509000 0.390 100 1 0
 3366 1326.897 416.412 -3 -28 14.439 0.390 2.706000 0.390 100 1 0
 3367 1325.336 412.701 -3 -28 10.537 0.390 0.509000 0.390 100 1 0
 3368 1315.579 408.014 -3 -28 1.951 4.295 3.134000 1.770 100 1 0
 3369 1311.091 408.014 -3 -28 0.780 4.295 1.028000 0.780 100 1 0
 3370 1305.042 408.014 -3 -28 6.634 4.295 24.588000 4.295 100 1 0
 3371 1295.285 408.014 -3 -28 6.634 4.295 23.374000 4.295 100 1 0
 3372 1332.947 407.623 -3 -28 0.390 0.390 0.486000 0.390 100 1 0
 3373 1330.409 407.623 -3 -28 0.390 0.390 0.443000 0.390 100 1 0
 3374 1325.531 407.819 -3 -28 0.390 0.390 0.443000 0.390 100 1 0
 3375 1323.190 407.819 -3 -28 0.390 0.390 0.422000 0.390 100 1 0
 3376 1319.677 407.819 -3 -28 0.390 0.390 0.443000 0.390 100 1 0
 3377 1315.579 402.350 -3 -28 1.951 0.781 0.943000 0.781 100 1 0
 3378 1311.091 402.350 -3 -28 0.780 0.781 0.334000 0.577 100 1 0
 3379 1305.042 402.350 -3 -28 6.634 0.781 5.731000 0.781 100 1 0
 3380 1295.285 402.350 -3 -28 6.634 0.781 6.135000 0.781 100 1 0
 3381 1315.579 398.834 -3 -28 1.951 0.781 0.638000 0.781 100 1 0
 3382 1311.286 398.834 -3 -28 1.170 0.781 0.283000 0.531 100 1 0
 3383 1305.042 398.834 -3 -28 6.634 0.781 3.283000 0.781 100 1 0
 3384 1295.285 396.881 -3 -28 6.634 4.686 8.602000 2.932 100 1 0
 3385 1315.579 394.936 -3 -28 1.951 0.781 0.784000 0.781 100 1 0
 3386 1311.091 394.936 -3 -28 0.780 0.781 0.334000 0.577 100 1 0
 3387 1305.042 394.936 -3 -28 6.634 0.781 6.135000 0.781 100 1 0
 3388 1315.384 391.420 -3 -28 2.341 0.781 0.638000 0.781 100 1 0
 3389 1311.091 391.420 -3 -28 0.780 0.781 0.283000 0.531 100 1 0
 3390 1305.042 391.420 -3 -28 6.634 0.781 5.151000 0.781 100 1 0
 3391 1295.090 391.420 -3 -28 6.244 0.781 4.424000 0.781 100 1 0
 3392 1315.579 388.100 -3 -28 1.951 0.390 0.192000 0.390 100 1 0
 3393 1311.091 388.100 -3 -28 0.780 0.390 0.532000 0.390 100 1 0
 3394 1305.042 388.100 -3 -28 6.634 0.390 0.532000 0.390 100 1 0
 3395 1296.651 388.100 -3 -28 3.902 0.390 0.532000 0.390 100 1 0
 3396 1325.141 385.170 -3 -28 10.927 3.905 10.925000 3.305 100 1 0
 3397 1315.579 384.780 -3 -28 1.951 0.390 0.192000 0.390 100 1 0
 3398 1311.091 384.780 -3 -28 0.780 0.390 0.081000 0.283 100 1 0
 3399 1305.042 384.584 -3 -28 6.634 0.390 1.028000 0.390 100 1 0
 3400 1295.285 384.584 -3 -28 6.634 0.390 0.943000 0.390 100 1 0
 3401 1328.068 379.506 -3 -28 5.073 0.390 0.509000 0.390 100 1 0
 3402 1321.433 379.506 -3 -28 3.512 0.390 0.532000 0.390 100 1 0
 3403 1325.141 375.795 -3 -28 10.927 0.390 1.607000 0.390 100 1 0
 3404 1315.579 375.795 -3 -28 1.951 0.390 0.192000 0.390 100 1 0
 3405 1311.091 375.795 -3 -28 0.780 0.390 0.532000 0.390 100 1 0
 3406 1305.042 375.795 -3 -28 6.634 0.390 0.943000 0.390 100 1 0
 3407 1295.285 375.795 -3 -28 6.634 0.390 0.943000 0.390 100 1 0
 3408 1325.141 372.866 -3 -28 10.927 1.171 4.424000 1.171 100 1 0
 3409 1315.579 373.256 -3 -28 1.951 0.390 0.334000 0.390 100 1 0
 3410 1311.091 373.256 -3 -28 0.780 0.390 0.114000 0.338 100 1 0
 3411 1305.042 373.256 -3 -28 6.634 0.390 0.943000 0.390 100 1 0
 3412 1295.285 373.256 -3 -28 6.634 0.390 1.207000 0.390 100 1 0
 3413 1301.725 355.686 -3 -28 4.683 0.390 0.532000 0.390 100 1 0
 3414 1318.506 353.928 -3 -28 0.390 0.390 0.023000 0.153 100 1 0
 3415 1301.725 351.975 -3 -28 4.683 0.390 0.236000 0.390 100 1 0
 3416 1318.506 350.412 -3 -28 0.390 0.390 0.443000 0.390 100 1 0
 3417 1301.919 348.459 -3 -28 5.073 0.390 0.532000 0.390 100 1 0
 3418 1318.311 346.897 -3 -28 0.390 0.390 0.443000 0.390 100 1 0
 3419 1334.702 344.748 -3 -28 0.390 0.390 0.050000 0.224 100 1 0
 3420 1303.481 344.944 -3 -28 1.170 0.390 0.465000 0.390 100 1 0
 3421 1299.383 344.944 -3 -28 1.561 0.390 0.443000 0.390 100 1 0
 3422 1314.408 343.780 -3 -28 1.170 0.781 0.334000 0.577 100 1 0
 3423 1318.311 343.389 -3 -28 0.390 0.390 0.532000 0.390 100 1 0
 3424 1301.919 341.241 -3 -28 4.292 0.390 0.465000 0.390 100 1 0
 3425 1334.898 338.311 -3 -28 0.390 0.390 0.023000 0.153 100 1 0
 3426 1330.800 337.530 -3 -28 1.170 1.562 0.532000 0.729 100 1 0
 3427 1325.726 337.530 -3 -28 1.170 1.562 0.532000 0.729 100 1 0
 3428 1321.238 338.311 -3 -28 0.390 0.390 0.532000 0.390 100 1 0
 3429 1318.311 338.311 -3 -28 0.390 0.390 0.509000 0.390 100 1 0
 3430 1314.408 338.311 -3 -28 1.170 0.390 0.532000 0.390 100 1 0
 3431 1309.335 338.311 -3 -28 1.170 0.390 0.486000 0.390 100 1 0
 3432 1301.919 337.725 -3 -28 5.073 0.390 0.532000 0.390 100 1 0
 3433 1301.919 334.014 -3 -28 5.073 0.390 0.334000 0.390 100 1 0
 3434 1334.898 333.233 -3 -28 0.390 0.390 0.363000 0.390 100 1 0
 3435 1330.994 333.233 -3 -28 0.780 0.390 0.486000 0.390 100 1 0
 3436 1325.726 333.233 -3 -28 0.390 0.390 0.509000 0.390 100 1 0
 3437 1301.919 330.694 -3 -28 5.073 0.390 0.862000 0.390 100 1 0
 3438 1334.898 329.717 -3 -28 0.390 0.390 0.465000 0.390 100 1 0
 3439 1330.994 329.717 -3 -28 0.780 0.390 0.509000 0.390 100 1 0
 3440 1325.531 329.717 -3 -28 0.780 0.390 0.486000 0.390 100 1 0
 3441 1334.898 318.780 -3 -28 0.390 0.390 0.509000 0.390 100 1 0
 3442 1330.800 318.389 -3 -28 1.170 0.781 0.388000 0.622 100 1 0
 3443 1325.531 318.389 -3 -28 0.780 0.781 0.532000 0.729 100 1 0
 3444 1303.481 317.030 -3 -28 1.170 0.390 0.443000 0.390 100 1 0
 3445 1299.968 317.030 -3 -28 0.390 0.390 0.443000 0.390 100 1 0
 3446 1334.898 314.881 -3 -28 0.390 0.781 0.486000 0.390 100 1 0
 3447 1330.800 314.881 -3 -28 1.170 0.781 0.445000 0.667 100 1 0
 3448 1325.726 314.881 -3 -28 1.170 0.781 0.532000 0.729 100 1 0
 3449 1301.725 312.928 -3 -28 4.683 0.390 0.236000 0.390 100 1 0
 3450 1321.238 310.975 -3 -28 0.390 0.390 0.509000 0.390 100 1 0
 3451 1321.238 307.459 -3 -28 0.390 0.390 0.023000 0.153 100 1 0
 3452 1318.506 307.459 -3 -28 0.390 0.390 0.023000 0.153 100 1 0
 3453 1318.506 304.139 -3 -28 0.390 0.390 0.465000 0.390 100 1 0
 3454 1321.238 303.944 -3 -28 0.390 0.390 0.486000 0.390 100 1 0
 3455 1334.898 300.819 -3 -28 0.390 0.390 0.465000 0.390 100 1 0
 3456 1330.800 300.819 -3 -28 1.170 0.390 0.081000 0.283 100 1 0
 3457 1325.726 296.912 -3 -28 1.170 7.810 1.207000 1.098 100 1 0
 3458 1318.311 297.303 -3 -28 0.390 7.029 0.445000 0.390 100 1 0
 3459 1309.335 296.912 -3 -28 1.170 7.810 0.532000 0.729 100 1 0
 3460 1301.334 296.912 -3 -28 6.244 7.810 16.067000 4.008 100 1 0
 3461 1314.408 295.936 -3 -28 1.170 5.857 2.845000 1.170 100 1 0
 3462 1332.556 296.912 -3 -28 4.683 0.781 0.532000 0.729 100 1 0
 3463 1332.556 293.397 -3 -28 4.683 0.781 0.784000 0.781 100 1 0
 3464 1332.165 290.280 -3 -28 5.463 0.390 0.709000 0.390 100 1 0
 3465 1325.726 290.280 -3 -28 1.170 0.390 0.532000 0.390 100 1 0
 3466 1321.238 290.280 -3 -28 0.390 0.390 0.023000 0.153 100 1 0
 3467 1314.408 290.280 -3 -28 1.170 0.390 0.114000 0.338 100 1 0
 3468 1309.335 290.280 -3 -28 1.170 0.390 0.509000 0.390 100 1 0
 3469 1300.944 290.280 -3 -28 7.024 0.390 0.570000 0.390 100 1 0
 3470 1315.579 266.647 -3 -28 1.951 0.390 0.506000 0.390 100 1 0
 3471 1302.896 266.451 -3 -28 2.341 0.390 0.114000 0.338 100 1 0
 3472 1313.042 184.061 -3 -28 0.390 0.390 0.195000 0.390 100 1 0
 3473 1271.674 759.280 -3 -28 0.390 0.390 0.363000 0.390 100 1 0
 3474 1272.064 752.053 -3 -28 0.780 1.171 0.334000 0.577 100 1 0
 3475 1275.186 748.342 -3 -28 0.780 0.781 0.236000 0.485 100 1 0
 3476 1286.504 736.819 -3 -28 0.390 0.390 0.325000 0.390 100 1 0
 3477 1272.259 733.701 -3 -28 1.170 1.171 0.784000 0.885 100 1 0
 3478 1294.699 729.991 -3 -28 0.780 0.390 0.443000 0.390 100 1 0
 3479 1271.869 728.037 -3 -28 0.390 0.390 0.532000 0.390 100 1 0
 3480 1292.748 726.280 -3 -28 1.561 0.390 0.486000 0.390 100 1 0
 3481 1288.455 726.475 -3 -28 0.390 0.390 0.443000 0.390 100 1 0
 3482 1294.895 722.569 -3 -28 1.170 0.390 0.443000 0.390 100 1 0
 3483 1293.529 704.022 -3 -28 3.122 0.390 0.465000 0.390 100 1 0
 3484 1272.845 703.436 -3 -28 0.390 0.390 0.443000 0.390 100 1 0
 3485 1288.651 699.920 -3 -28 0.390 0.390 0.443000 0.390 100 1 0
 3486 1272.454 699.920 -3 -28 0.780 0.390 0.486000 0.390 100 1 0
 3487 1291.968 696.600 -3 -28 0.390 0.390 0.443000 0.390 100 1 0
 3488 1271.869 640.951 -3 -28 1.951 0.781 0.388000 0.622 100 1 0
 3489 1275.381 636.850 -3 -28 0.390 0.390 0.344000 0.390 100 1 0
 3490 1281.040 627.873 -3 -28 1.561 0.390 0.192000 0.390 100 1 0
 3491 1281.431 615.178 -3 -28 2.341 8.591 5.932000 2.341 100 1 0
 3492 1280.845 603.076 -3 -28 3.512 10.153 11.201000 3.346 100 1 0
 3493 1285.724 602.100 -3 -28 0.390 0.390 0.023000 0.153 100 1 0
 3494 1257.624 598.389 -3 -28 1.561 0.781 0.283000 0.531 100 1 0
 3495 1264.064 598.194 -3 -28 0.390 0.390 0.532000 0.390 100 1 0
 3496 1278.698 594.873 -3 -28 0.780 0.390 0.486000 0.390 100 1 0
 3497 1272.845 594.678 -3 -28 2.341 0.390 0.570000 0.390 100 1 0
 3498 1282.406 594.483 -3 -28 0.390 0.390 0.050000 0.224 100 1 0
 3499 1279.674 589.991 -3 -28 5.854 2.733 4.600000 2.144 100 1 0
 3500 1272.259 589.600 -3 -28 1.951 1.952 1.502000 1.225 100 1 0
 3501 1291.968 586.084 -3 -28 0.390 0.390 0.195000 0.390 100 1 0
 3502 1281.236 565.584 -3 -28 2.731 0.390 0.283000 0.390 100 1 0
 3503 1281.236 561.287 -3 -28 2.731 0.781 0.862000 0.781 100 1 0
 3504 1281.236 557.772 -3 -28 2.731 0.781 0.709000 0.781 100 1 0
 3505 1281.236 554.061 -3 -28 2.731 1.171 0.570000 0.755 100 1 0
 3506 1286.114 553.866 -3 -28 0.390 0.390 0.240000 0.390 100 1 0
 3507 1281.236 550.748 -3 -28 2.731 0.390 0.283000 0.390 100 1 0
 3508 1281.236 547.233 -3 -28 2.731 2.343 1.400000 1.183 100 1 0
 3509 1281.236 542.936 -3 -28 2.731 0.781 0.638000 0.781 100 1 0
 3510 1281.236 537.467 -3 -28 2.731 4.686 3.592000 1.895 100 1 0
 3511 1281.431 531.803 -3 -28 3.122 1.171 0.709000 0.842 100 1 0
 3512 1281.431 528.092 -3 -28 3.122 0.781 0.709000 0.781 100 1 0
 3513 1281.431 524.389 -3 -28 3.122 1.171 0.709000 0.842 100 1 0
 3514 1281.431 520.678 -3 -28 3.122 0.781 0.709000 0.781 100 1 0
 3515 1283.577 513.451 -3 -28 0.390 1.171 0.192000 0.390 100 1 0
 3516 1280.455 513.451 -3 -28 1.170 1.171 0.334000 0.577 100 1 0
 3517 1281.821 509.741 -3 -28 3.902 0.781 0.709000 0.781 100 1 0
 3518 1283.772 504.076 -3 -28 0.390 0.390 0.509000 0.390 100 1 0
 3519 1281.821 497.444 -3 -28 3.902 5.857 6.767000 2.601 100 1 0
 3520 1281.821 491.194 -3 -28 3.902 1.171 0.862000 0.928 100 1 0
 3521 1281.821 487.483 -3 -28 3.902 0.781 0.862000 0.781 100 1 0
 3522 1281.821 483.772 -3 -28 3.902 1.171 0.862000 0.928 100 1 0
 3523 1281.821 480.061 -3 -28 3.902 0.781 0.862000 0.781 100 1 0
 3524 1281.821 476.350 -3 -28 3.902 1.171 0.862000 0.928 100 1 0
 3525 1281.821 472.647 -3 -28 3.902 0.781 0.943000 0.781 100 1 0
 3526 1281.821 468.936 -3 -28 3.902 1.171 0.862000 0.928 100 1 0
 3527 1281.821 465.420 -3 -28 3.902 1.171 0.638000 0.798 100 1 0
 3528 1270.113 464.834 -3 -28 3.902 0.390 0.236000 0.390 100 1 0
 3529 1281.821 461.709 -3 -28 3.902 0.781 0.709000 0.781 100 1 0
 3530 1283.187 457.998 -3 -28 1.170 1.171 0.236000 0.485 100 1 0
 3531 1280.065 457.803 -3 -28 0.390 0.781 0.151000 0.389 100 1 0
 3532 1271.869 457.803 -3 -28 0.390 0.390 0.443000 0.390 100 1 0
 3533 1281.821 454.287 -3 -28 3.902 0.781 0.784000 0.781 100 1 0
 3534 1281.821 450.576 -3 -28 3.902 1.171 1.028000 1.013 100 1 0
 3535 1282.016 446.092 -3 -28 3.512 2.343 2.438000 1.561 100 1 0
 3536 1282.211 428.319 -3 -28 3.122 0.390 0.445000 0.390 100 1 0
 3537 1282.016 424.608 -3 -28 3.512 0.781 0.532000 0.729 100 1 0
 3538 1283.772 410.162 -3 -28 0.390 0.390 0.443000 0.390 100 1 0
 3539 1280.455 410.162 -3 -28 0.390 0.390 0.465000 0.390 100 1 0
 3540 1282.991 406.647 -3 -28 5.463 0.390 0.532000 0.390 100 1 0
 3541 1283.772 401.959 -3 -28 0.390 0.390 0.443000 0.390 100 1 0
 3542 1280.455 401.959 -3 -28 0.390 0.390 0.486000 0.390 100 1 0
 3543 1282.016 398.834 -3 -28 3.512 0.781 0.532000 0.729 100 1 0
 3544 1282.016 394.936 -3 -28 3.512 0.781 0.532000 0.729 100 1 0
 3545 1291.968 387.905 -3 -28 0.390 0.390 0.465000 0.390 100 1 0
 3546 1294.504 355.491 -3 -28 0.390 0.390 0.486000 0.390 100 1 0
 3547 1264.649 354.123 -3 -28 0.390 0.390 0.532000 0.390 100 1 0
 3548 1280.065 352.170 -3 -28 0.390 0.390 0.443000 0.390 100 1 0
 3549 1260.551 352.170 -3 -28 0.390 0.390 0.532000 0.390 100 1 0
 3550 1295.675 351.975 -3 -28 2.731 0.390 0.532000 0.390 100 1 0
 3551 1295.090 348.459 -3 -28 1.561 0.390 0.509000 0.390 100 1 0
 3552 1285.333 348.459 -3 -28 0.780 0.390 0.465000 0.390 100 1 0
 3553 1279.674 346.701 -3 -28 1.170 0.390 0.151000 0.389 100 1 0
 3554 1269.528 345.725 -3 -28 0.390 0.781 0.273000 0.390 100 1 0
 3555 1264.453 345.725 -3 -28 0.390 0.390 0.023000 0.153 100 1 0
 3556 1260.551 345.725 -3 -28 0.390 0.390 0.050000 0.224 100 1 0
 3557 1295.090 344.944 -3 -28 1.561 0.390 0.465000 0.390 100 1 0
 3558 1294.504 341.241 -3 -28 0.390 0.390 0.443000 0.390 100 1 0
 3559 1283.967 337.725 -3 -28 1.170 0.390 0.283000 0.390 100 1 0
 3560 1294.504 337.530 -3 -28 0.390 0.390 0.443000 0.390 100 1 0
 3561 1278.894 337.530 -3 -28 0.390 0.390 0.344000 0.390 100 1 0
 3562 1272.845 336.553 -3 -28 2.341 0.390 0.236000 0.390 100 1 0
 3563 1284.748 334.209 -3 -28 1.951 0.390 0.509000 0.390 100 1 0
 3564 1294.504 334.014 -3 -28 0.390 0.390 0.509000 0.390 100 1 0
 3565 1295.090 330.694 -3 -28 1.561 0.390 0.532000 0.390 100 1 0
 3566 1289.236 330.498 -3 -28 2.341 0.781 0.570000 0.755 100 1 0
 3567 1270.308 317.030 -3 -28 0.390 0.390 0.290000 0.390 100 1 0
 3568 1264.649 316.639 -3 -28 0.390 1.171 0.081000 0.283 100 1 0
 3569 1253.916 316.444 -3 -28 8.976 1.562 3.915000 1.562 100 1 0
 3570 1289.626 297.108 -3 -28 12.488 8.200 34.422000 5.867 100 1 0
 3571 1279.479 300.623 -3 -28 1.561 1.171 0.943000 0.971 100 1 0
 3572 1269.332 297.498 -3 -28 0.390 0.390 0.465000 0.390 100 1 0
 3573 1263.283 297.498 -3 -28 2.731 0.390 0.445000 0.390 100 1 0
 3574 1257.429 297.303 -3 -28 1.951 0.390 0.192000 0.390 100 1 0
 3575 1293.529 290.280 -3 -28 2.341 0.390 0.532000 0.390 100 1 0
 3576 1295.090 266.647 -3 -28 1.561 0.390 0.509000 0.390 100 1 0
 3577 1289.431 266.647 -3 -28 1.951 0.390 0.443000 0.390 100 1 0
 3578 1284.162 266.647 -3 -28 1.561 0.390 0.509000 0.390 100 1 0
 3579 1257.429 644.272 -3 -28 0.390 0.390 0.443000 0.390 100 1 0
 3580 1252.551 352.951 -3 -28 3.122 0.390 0.445000 0.390 100 1 0
 3581 1218.597 352.756 -3 -28 1.561 0.390 0.151000 0.389 100 1 0
 3582 1255.867 345.725 -3 -28 1.170 0.390 0.443000 0.390 100 1 0
 3583 1251.770 345.725 -3 -28 1.561 0.390 0.114000 0.338 100 1 0
 3584 1245.135 316.444 -3 -28 2.341 1.562 0.506000 0.711 100 1 0
 3585 1236.550 317.030 -3 -28 2.341 0.390 0.388000 0.390 100 1 0
 3586 1231.086 316.639 -3 -28 0.780 1.171 0.486000 0.697 100 1 0
 3587 1231.476 298.475 -3 -28 0.390 0.390 0.443000 0.390 100 1 0
 3588 1220.158 298.475 -3 -28 3.122 0.390 0.486000 0.390 100 1 0
 3589 1252.356 297.498 -3 -28 1.951 0.390 0.532000 0.390 100 1 0
 3590 1245.135 297.498 -3 -28 4.683 0.390 0.570000 0.390 100 1 0
 3591 1217.817 345.725 -3 -28 2.341 0.390 0.192000 0.390 100 1 0
 3592 1212.353 345.725 -3 -28 2.341 0.390 0.509000 0.390 100 1 0
 3593 1189.327 316.639 -3 -28 3.902 1.171 0.532000 0.729 100 1 0
 3594 1218.207 316.053 -3 -28 0.780 0.390 0.486000 0.390 100 1 0
 3595 1185.619 298.475 -3 -28 0.390 0.390 0.465000 0.390 100 1 0
 3596 1147.958 647.983 -3 -28 0.780 49.204 96.607000 0.780 100 1 0
 3597 1150.105 561.678 -3 -28 0.390 1.562 0.363000 0.390 100 1 0
 3598 1150.105 555.037 -3 -28 0.390 1.562 0.443000 0.390 100 1 0
 3599 1150.105 547.428 -3 -28 0.390 1.952 0.192000 0.390 100 1 0
 3600 1150.105 540.983 -3 -28 0.390 1.562 0.532000 0.390 100 1 0
 3601 1150.105 522.241 -3 -28 0.390 1.562 0.486000 0.390 100 1 0
 3602 1150.105 518.334 -3 -28 0.390 1.562 0.443000 0.390 100 1 0
 3603 1169.033 353.147 -3 -28 5.463 0.781 1.400000 0.781 100 1 0
 3604 1161.032 353.147 -3 -28 3.512 0.781 0.283000 0.531 100 1 0
 3605 1155.959 352.756 -3 -28 0.390 0.390 0.050000 0.224 100 1 0
 3606 1169.228 345.725 -3 -28 5.073 0.390 0.465000 0.390 100 1 0
 3607 1161.032 345.725 -3 -28 3.512 0.390 0.532000 0.390 100 1 0
 3608 1155.959 345.725 -3 -28 0.390 0.390 0.050000 0.224 100 1 0
 3609 1106.004 510.326 -3 -28 0.390 0.390 0.382000 0.390 100 1 0
 3610 1106.004 477.522 -3 -28 0.390 16.010 6.767000 0.390 100 1 0
 3611 1106.004 399.616 -3 -28 0.390 27.335 6.553000 0.390 100 1 0
 3612 1106.199 376.186 -3 -28 0.390 0.390 0.382000 0.390 100 1 0
 3613 1106.004 371.889 -3 -28 0.390 1.562 0.486000 0.390 100 1 0
 3614 1106.004 368.186 -3 -28 0.390 0.390 0.509000 0.390 100 1 0
 3615 1065.612 363.694 -3 -28 0.390 0.390 0.465000 0.390 100 1 0
 3616 1066.197 361.350 -3 -28 1.170 0.390 0.114000 0.338 100 1 0
 3617 1066.197 358.420 -3 -28 1.170 0.390 0.532000 0.390 100 1 0
 3618 1077.906 354.319 -3 -28 0.390 1.562 0.151000 0.389 100 1 0
 3619 1066.197 354.319 -3 -28 1.170 1.562 0.283000 0.531 100 1 0
 3620 1081.613 354.123 -3 -28 1.561 1.171 0.151000 0.389 100 1 0
 3621 1070.295 354.123 -3 -28 1.561 1.171 0.236000 0.485 100 1 0
 3622 1081.613 350.608 -3 -28 1.561 0.390 0.192000 0.390 100 1 0
 3623 1077.906 350.412 -3 -28 0.390 0.781 0.151000 0.389 100 1 0
 3624 1070.100 350.412 -3 -28 1.170 0.781 0.283000 0.531 100 1 0
 3625 1066.197 350.412 -3 -28 1.170 0.781 0.334000 0.577 100 1 0
 3626 1082.198 346.897 -3 -28 0.390 1.562 0.114000 0.338 100 1 0
 3627 1078.295 341.436 -3 -28 1.170 12.496 1.116000 1.056 100 1 0
 3628 1070.490 340.264 -3 -28 1.170 14.839 3.283000 1.170 100 1 0
 3629 1066.392 346.897 -3 -28 1.561 1.562 0.445000 0.667 100 1 0
 3630 1082.198 339.483 -3 -28 0.390 8.591 1.400000 0.390 100 1 0
 3631 1066.197 339.483 -3 -28 1.170 8.591 6.343000 1.170 100 1 0
 3632 1066.392 319.756 -3 -28 1.561 12.105 13.831000 1.561 100 1 0
 3633 1071.075 318.389 -3 -28 0.390 0.390 0.443000 0.390 100 1 0
 3634 1077.906 316.444 -3 -28 0.390 2.343 0.506000 0.390 100 1 0
 3635 1078.881 311.561 -3 -28 0.390 1.171 0.195000 0.390 100 1 0
 3636 1078.686 300.037 -3 -28 1.951 6.248 1.943000 1.393 100 1 0
 3637 1066.978 298.670 -3 -28 2.731 8.981 2.062000 1.435 100 1 0
 3638 1056.050 375.991 -3 -28 0.390 0.390 0.081000 0.283 100 1 0
 3639 1056.050 371.889 -3 -28 0.390 1.562 0.151000 0.389 100 1 0
 3640 960.629 770.991 -3 -28 0.780 1.562 0.283000 0.531 100 1 0
 3641 960.629 765.326 -3 -28 0.780 0.390 0.114000 0.338 100 1 0
 3642 957.312 752.639 -3 -28 0.390 1.562 0.283000 0.390 100 1 0
 3643 959.849 721.592 -3 -28 0.780 5.076 0.570000 0.755 100 1 0
 3644 957.898 713.194 -3 -28 3.902 3.905 0.570000 0.755 100 1 0
 3645 957.898 701.483 -3 -28 3.902 14.839 6.135000 2.476 100 1 0
 3646 957.312 687.616 -3 -28 2.731 3.514 0.445000 0.667 100 1 0
 3647 953.605 656.186 -3 -28 4.683 0.781 1.028000 0.781 100 1 0
 3648 929.407 770.991 -3 -28 0.780 1.562 0.283000 0.531 100 1 0
 3649 929.407 765.131 -3 -28 0.780 0.781 0.114000 0.338 100 1 0
 3650 932.725 752.639 -3 -28 0.390 1.562 0.283000 0.390 100 1 0
 3651 932.140 734.483 -3 -28 0.780 0.390 0.151000 0.389 100 1 0
 3652 932.140 717.686 -3 -28 3.902 12.886 1.828000 1.351 100 1 0
 3653 932.140 701.483 -3 -28 3.902 14.839 7.205000 2.684 100 1 0
 3654 932.725 687.030 -3 -28 2.731 4.686 0.709000 0.842 100 1 0
 3655 898.381 656.186 -3 -28 1.951 0.781 0.114000 0.338 100 1 0
 3656 893.113 656.186 -3 -28 0.780 0.781 0.114000 0.338 100 1 0
 3657 887.259 656.186 -3 -28 0.780 0.781 0.114000 0.338 100 1 0
 3658 883.160 656.186 -3 -28 1.951 0.781 0.114000 0.338 100 1 0
 3659 898.967 650.522 -3 -28 0.780 0.390 0.151000 0.389 100 1 0
 3660 896.039 650.522 -3 -28 0.390 0.390 0.114000 0.338 100 1 0
 3661 792.423 767.084 -3 -28 0.390 1.562 0.382000 0.390 100 1 0
 3662 790.081 766.889 -3 -28 0.390 1.952 0.465000 0.390 100 1 0
 3663 789.887 761.623 -3 -28 0.390 2.343 0.283000 0.390 100 1 0
 3664 789.887 756.155 -3 -28 0.390 2.343 0.283000 0.390 100 1 0
 3665 793.399 751.467 -3 -28 1.170 2.343 0.638000 0.798 100 1 0
 3666 793.203 745.998 -3 -28 1.561 2.343 0.784000 0.885 100 1 0
 3667 792.814 740.725 -3 -28 0.780 1.952 0.784000 0.780 100 1 0
 3668 792.423 735.459 -3 -28 0.390 1.562 0.402000 0.390 100 1 0
 3669 790.081 735.264 -3 -28 0.390 1.952 0.443000 0.390 100 1 0
 3670 791.252 725.108 -3 -28 3.122 12.105 0.465000 0.681 100 1 0
 3671 793.203 714.366 -3 -28 1.561 2.343 0.532000 0.729 100 1 0
 3672 791.838 700.897 -3 -28 4.292 18.353 4.424000 2.103 100 1 0
 3673 793.399 688.397 -3 -28 1.170 1.952 0.570000 0.755 100 1 0
 3674 791.252 672.194 -3 -28 2.341 2.343 0.862000 0.928 100 1 0
 3675 790.081 666.725 -3 -28 0.780 2.343 0.532000 0.729 100 1 0
 3676 793.985 662.233 -3 -28 0.390 1.952 0.422000 0.390 100 1 0
 3677 790.081 661.256 -3 -28 0.780 2.343 0.506000 0.711 100 1 0
 3678 793.399 656.772 -3 -28 1.170 1.952 0.506000 0.711 100 1 0
 3679 793.203 651.498 -3 -28 1.561 2.343 0.943000 0.971 100 1 0
 3680 792.814 646.030 -3 -28 0.780 2.343 1.028000 0.780 100 1 0
 3681 791.252 640.756 -3 -28 2.341 1.952 0.532000 0.729 100 1 0
 3682 793.985 630.608 -3 -28 0.390 1.952 0.402000 0.390 100 1 0
 3683 815.449 477.522 -3 -28 0.390 16.010 0.363000 0.390 100 1 0
 3684 811.156 477.717 -3 -28 0.390 15.620 0.344000 0.390 100 1 0
 3685 793.203 470.108 -3 -28 0.390 1.171 0.325000 0.390 100 1 0
 3686 794.374 437.303 -3 -28 2.341 27.726 29.299000 2.341 100 1 0
 3687 811.156 437.303 -3 -28 0.390 26.945 0.307000 0.390 100 1 0
 3688 794.180 419.537 -3 -28 1.951 0.781 0.509000 0.713 100 1 0
 3689 811.156 419.537 -3 -28 0.390 0.390 0.256000 0.390 100 1 0
 3690 794.374 396.498 -3 -28 2.341 38.269 53.462000 2.341 100 1 0
 3691 790.081 414.459 -3 -28 0.390 2.343 0.307000 0.390 100 1 0
 3692 790.081 408.600 -3 -28 0.390 2.343 0.363000 0.390 100 1 0
 3693 790.081 402.741 -3 -28 0.390 2.343 0.344000 0.390 100 1 0
 3694 790.081 397.272 -3 -28 0.390 2.343 0.344000 0.390 100 1 0
 3695 790.081 391.420 -3 -28 0.390 2.343 0.344000 0.390 100 1 0
 3696 790.081 385.561 -3 -28 0.390 2.343 0.382000 0.390 100 1 0
 3697 790.081 380.873 -3 -28 0.390 0.781 0.307000 0.390 100 1 0
 3698 789.692 603.662 -3 -28 0.390 1.952 0.290000 0.390 100 1 0
 3699 789.692 598.194 -3 -28 0.390 1.952 0.290000 0.390 100 1 0
 3700 789.692 569.295 -3 -28 0.390 1.952 0.325000 0.390 100 1 0
 3701 789.692 563.826 -3 -28 0.390 1.952 0.325000 0.390 100 1 0
 3702 763.739 532.975 -3 -28 0.390 0.390 0.465000 0.390 100 1 0
 3703 760.421 532.975 -3 -28 1.561 0.390 0.465000 0.390 100 1 0
 3704 789.301 475.764 -3 -28 0.780 13.277 6.767000 0.780 100 1 0
 3705 789.692 437.108 -3 -28 0.390 27.335 0.382000 0.390 100 1 0
 3706 784.617 449.600 -3 -28 0.390 2.343 0.402000 0.390 100 1 0
 3707 784.617 442.967 -3 -28 0.390 3.124 0.210000 0.390 100 1 0
 3708 784.617 438.084 -3 -28 0.390 1.952 0.210000 0.390 100 1 0
 3709 784.617 432.616 -3 -28 0.390 1.952 0.210000 0.390 100 1 0
 3710 741.689 532.975 -3 -28 1.561 0.390 0.509000 0.390 100 1 0
 3711 735.249 532.975 -3 -28 1.951 0.390 0.532000 0.390 100 1 0
 3712 727.248 532.975 -3 -28 1.561 0.390 0.422000 0.390 100 1 0
 3713 721.004 532.975 -3 -28 1.561 0.390 0.422000 0.390 100 1 0
 3714 715.736 532.584 -3 -28 0.390 1.171 0.192000 0.390 100 1 0
 3715 635.925 712.803 -3 -28 1.561 0.390 0.443000 0.390 100 1 0
 3716 633.974 530.826 -3 -28 50.734 0.781 111.757000 0.781 100 1 0
 3717 634.754 281.100 -3 -28 6.244 5.076 5.534000 2.352 100 1 0
 3718 595.142 774.311 -3 -28 3.512 2.733 0.784000 0.885 100 1 0
 3719 626.364 770.209 -3 -28 0.390 3.905 0.709000 0.390 100 1 0
 3720 617.193 771.381 -3 -28 3.122 0.781 0.509000 0.713 100 1 0
 3721 595.923 749.709 -3 -28 5.073 2.733 1.302000 1.141 100 1 0
 3722 632.218 716.123 -3 -28 0.390 0.390 0.050000 0.224 100 1 0
 3723 626.364 715.928 -3 -28 0.390 0.781 0.081000 0.283 100 1 0
 3724 631.242 712.608 -3 -28 2.341 0.390 0.081000 0.283 100 1 0
 3725 625.779 709.881 -3 -28 1.561 0.390 0.114000 0.338 100 1 0
 3726 626.168 704.022 -3 -28 1.561 0.390 0.465000 0.390 100 1 0
 3727 626.168 699.725 -3 -28 0.780 1.952 0.402000 0.633 100 1 0
 3728 593.581 340.264 -3 -28 5.854 2.343 1.116000 1.056 100 1 0
 3729 626.168 336.748 -3 -28 0.780 4.686 1.607000 0.780 100 1 0
 3730 616.607 337.139 -3 -28 1.951 0.781 0.486000 0.697 100 1 0
 3731 595.728 315.858 -3 -28 5.463 2.733 1.716000 1.309 100 1 0
 3732 626.364 281.881 -3 -28 0.390 1.171 0.236000 0.390 100 1 0
 3733 626.168 276.217 -3 -28 0.780 0.781 0.192000 0.437 100 1 0
 3734 626.168 270.358 -3 -28 0.780 0.781 0.151000 0.389 100 1 0
 3735 626.168 266.256 -3 -28 0.780 1.952 0.570000 0.755 100 1 0
 3736 560.018 776.850 -3 -28 1.951 0.781 0.445000 0.667 100 1 0
 3737 584.409 775.873 -3 -28 7.805 1.952 0.509000 0.713 100 1 0
 3738 575.239 774.897 -3 -28 1.951 3.905 0.570000 0.755 100 1 0
 3739 568.994 774.897 -3 -28 5.073 3.905 0.509000 0.713 100 1 0
 3740 563.531 776.655 -3 -28 0.390 0.390 0.509000 0.390 100 1 0
 3741 570.361 748.733 -3 -28 14.049 3.124 2.706000 1.645 100 1 0
 3742 584.409 748.537 -3 -28 7.805 2.733 4.600000 2.144 100 1 0
 3743 560.018 747.170 -3 -28 1.951 0.781 0.445000 0.667 100 1 0
 3744 573.483 341.045 -3 -28 29.660 3.905 55.288000 3.905 100 1 0
 3745 564.701 315.076 -3 -28 12.878 4.295 3.283000 1.811 100 1 0
 3746 581.092 314.100 -3 -28 14.439 2.343 11.761000 2.343 100 1 0
 3747 517.869 777.826 -3 -28 0.390 0.390 0.532000 0.390 100 1 0
 3748 548.310 774.311 -3 -28 0.390 2.733 0.151000 0.389 100 1 0
 3749 530.553 774.311 -3 -28 1.561 0.390 0.486000 0.390 100 1 0
 3750 548.896 749.709 -3 -28 1.561 2.733 0.236000 0.485 100 1 0
 3751 530.553 749.709 -3 -28 1.561 0.390 0.283000 0.390 100 1 0
 3752 542.846 749.514 -3 -28 1.170 0.390 0.344000 0.390 100 1 0
 3753 536.602 749.514 -3 -28 1.170 0.390 0.363000 0.390 100 1 0
 3754 517.869 746.194 -3 -28 0.390 0.390 0.114000 0.338 100 1 0
 3755 533.284 726.670 -3 -28 0.390 0.390 0.363000 0.390 100 1 0
 3756 553.969 657.358 -3 -28 0.390 0.390 0.465000 0.390 100 1 0
 3757 517.674 343.780 -3 -28 0.780 0.781 0.192000 0.437 100 1 0
 3758 548.700 340.655 -3 -28 3.512 1.562 0.283000 0.531 100 1 0
 3759 530.162 340.264 -3 -28 1.561 0.781 0.445000 0.667 100 1 0
 3760 530.162 315.858 -3 -28 1.561 0.390 0.334000 0.390 100 1 0
 3761 536.017 315.662 -3 -28 0.390 0.390 0.225000 0.390 100 1 0
 3762 548.310 314.881 -3 -28 0.390 0.781 0.192000 0.390 100 1 0
 3763 517.674 312.342 -3 -28 0.780 0.390 0.532000 0.390 100 1 0
 3764 553.774 224.866 -3 -28 0.390 2.733 0.273000 0.390 100 1 0
 3765 512.210 777.631 -3 -28 1.561 0.781 0.334000 0.577 100 1 0
 3766 512.210 746.194 -3 -28 1.561 0.390 0.532000 0.390 100 1 0
 3767 511.820 343.780 -3 -28 1.561 0.781 0.388000 0.622 100 1 0
 3768 511.820 312.342 -3 -28 1.561 0.390 0.486000 0.390 100 1 0
 3769 180.482 635.873 -3 -28 0.390 0.390 0.119000 0.344 100 1 0
 3770 180.286 608.537 -3 -28 0.390 0.390 0.195000 0.390 100 1 0
 3771 190.628 500.764 -3 -28 0.390 0.390 0.210000 0.390 100 1 0
 3772 180.286 500.764 -3 -28 0.390 0.390 0.210000 0.390 100 1 0
 3773 190.628 392.592 -3 -28 0.390 0.390 0.142000 0.377 100 1 0
 3774 180.286 392.592 -3 -28 0.390 0.390 0.130000 0.360 100 1 0
 3775 190.433 284.811 -3 -28 0.390 0.390 0.142000 0.377 100 1 0
 3776 180.286 284.811 -3 -28 0.390 0.390 0.155000 0.390 100 1 0
 3777 2647.338 339.678 -6 -28 3.122 1.171 0.273000 0.522 100 1 0
 3778 2649.094 335.967 -6 -28 5.073 0.781 0.225000 0.474 100 1 0
 3779 2650.654 331.866 -6 -28 4.292 1.952 0.422000 0.649 100 1 0
 3780 2524.988 612.639 -6 -28 5.854 7.419 12.628000 3.553 100 1 0
 3781 2517.377 608.147 -6 -28 4.683 9.372 1.607000 1.267 100 1 0
 3782 2508.596 609.709 -6 -28 0.390 0.781 0.443000 0.390 100 1 0
 3783 2527.135 604.834 -6 -28 0.390 0.390 0.443000 0.390 100 1 0
 3784 2509.768 601.123 -6 -28 1.170 0.781 0.236000 0.485 100 1 0
 3785 2523.816 598.194 -6 -28 1.170 2.733 0.506000 0.711 100 1 0
 3786 2521.670 589.795 -6 -28 1.561 2.343 0.709000 0.842 100 1 0
 3787 2510.937 588.233 -6 -28 4.292 4.686 2.988000 1.728 100 1 0
 3788 2518.744 583.936 -6 -28 1.951 4.686 0.638000 0.798 100 1 0
 3789 2511.914 582.764 -6 -28 0.780 0.781 0.192000 0.437 100 1 0
 3790 2511.719 578.670 -6 -28 1.951 2.733 1.116000 1.056 100 1 0
 3791 2520.109 577.108 -6 -28 1.561 0.390 0.283000 0.390 100 1 0
 3792 2527.330 570.076 -6 -28 0.390 0.390 0.363000 0.390 100 1 0
 3793 2513.279 528.873 -6 -28 29.270 74.977 1198.476032 29.270 100 1 0
 3794 2531.037 499.397 -6 -28 0.390 2.733 0.081000 0.283 100 1 0
 3795 2535.330 495.686 -6 -28 0.780 3.124 0.532000 0.729 100 1 0
 3796 2541.769 492.951 -6 -28 0.390 3.124 0.532000 0.390 100 1 0
 3797 2535.330 484.162 -6 -28 0.780 5.076 1.502000 0.780 100 1 0
 3798 2538.451 482.991 -6 -28 0.780 3.514 0.506000 0.711 100 1 0
 3799 2541.574 479.475 -6 -28 0.390 2.733 0.151000 0.389 100 1 0
 3800 2474.447 620.451 -6 -28 0.390 0.390 0.422000 0.390 100 1 0
 3801 2469.570 601.123 -6 -28 1.170 1.562 0.445000 0.667 100 1 0
 3802 2501.377 589.991 -6 -28 0.780 1.171 0.486000 0.697 100 1 0
 3803 2501.182 586.280 -6 -28 0.390 0.781 0.422000 0.390 100 1 0
 3804 2500.791 578.670 -6 -28 1.170 7.419 0.862000 0.928 100 1 0
 3805 2490.059 577.889 -6 -28 3.122 1.952 0.445000 0.667 100 1 0
 3806 2469.766 576.717 -6 -28 0.780 0.390 0.443000 0.390 100 1 0
 3807 2506.061 574.373 -6 -28 0.780 1.171 0.532000 0.729 100 1 0
 3808 2484.205 570.076 -6 -28 0.780 2.733 0.486000 0.697 100 1 0
 3809 2473.277 567.537 -6 -28 0.780 0.781 0.486000 0.697 100 1 0
 3810 2506.254 566.756 -6 -28 0.390 0.781 0.422000 0.390 100 1 0
 3811 2500.400 563.631 -6 -28 0.390 3.124 0.422000 0.390 100 1 0
 3812 2484.205 562.655 -6 -28 0.780 1.952 0.506000 0.711 100 1 0
 3813 2474.643 562.264 -6 -28 3.512 2.733 0.784000 0.885 100 1 0
 3814 2488.693 560.506 -6 -28 0.390 1.562 0.382000 0.390 100 1 0
 3815 2482.254 554.647 -6 -28 4.683 5.467 8.123000 2.850 100 1 0
 3816 2474.252 556.600 -6 -28 1.170 0.781 0.236000 0.485 100 1 0
 3817 2477.375 554.451 -6 -28 0.390 0.390 0.382000 0.390 100 1 0
 3818 2486.547 548.209 -6 -28 5.463 1.171 0.506000 0.711 100 1 0
 3819 2473.082 543.912 -6 -28 2.731 4.295 0.862000 0.928 100 1 0
 3820 2467.033 544.889 -6 -28 3.902 2.343 0.784000 0.885 100 1 0
 3821 2483.033 543.912 -6 -28 0.780 1.171 0.402000 0.633 100 1 0
 3822 2480.691 539.420 -6 -28 1.561 0.781 0.506000 0.711 100 1 0
 3823 2476.984 539.225 -6 -28 1.170 0.390 0.382000 0.390 100 1 0
 3824 2480.107 520.873 -6 -28 21.464 29.288 95.797000 9.787 100 1 0
 3825 2448.301 591.748 -6 -28 2.341 1.562 0.382000 0.618 100 1 0
 3826 2448.301 586.475 -6 -28 2.341 4.295 1.207000 1.098 100 1 0
 3827 2442.641 585.108 -6 -28 0.390 0.390 0.363000 0.390 100 1 0
 3828 2434.836 582.373 -6 -28 0.390 0.781 0.465000 0.390 100 1 0
 3829 2436.787 576.522 -6 -28 4.292 1.562 1.400000 1.183 100 1 0
 3830 2438.934 572.030 -6 -28 0.390 0.390 0.402000 0.390 100 1 0
 3831 2445.178 560.701 -6 -28 4.683 10.543 1.828000 1.351 100 1 0
 3832 2459.227 546.451 -6 -28 0.780 4.686 0.443000 0.665 100 1 0
 3833 2451.227 530.631 -6 -28 0.390 0.390 0.402000 0.390 100 1 0
 3834 2465.861 520.678 -6 -28 0.780 0.781 0.151000 0.389 100 1 0
 3835 2426.836 615.178 -6 -28 1.561 0.781 0.334000 0.577 100 1 0
 3836 2390.346 609.709 -6 -28 2.731 2.343 0.307000 0.554 100 1 0
 3837 2418.639 609.514 -6 -28 0.390 0.390 0.363000 0.390 100 1 0
 3838 2414.346 589.209 -6 -28 1.561 2.733 1.716000 1.309 100 1 0
 3839 2423.518 576.717 -6 -28 1.170 0.390 0.465000 0.390 100 1 0
 3840 2404.785 569.295 -6 -28 0.390 0.390 0.382000 0.390 100 1 0
 3841 2394.443 568.123 -6 -28 1.561 2.733 0.445000 0.667 100 1 0
 3842 2419.029 561.287 -6 -28 0.780 0.781 0.509000 0.713 100 1 0
 3843 2416.883 553.670 -6 -28 5.073 5.076 1.400000 1.183 100 1 0
 3844 2382.734 592.725 -6 -28 0.780 1.171 0.325000 0.570 100 1 0;
SummarySpec 5
  TESTNO    NDEFECT    DEFDENSITY    NDIE    NDEFDIE  ;
SummaryList 
  2    55    1.1169999838e+00    2462    158  
  1    3844    1.8340000153e+01    2462    227  ;
EndOfFile;
