FileVersion 1 2;
FileTimestamp 07-09-19 14:27:53;
InspectionStationID "NONE" "2365 WITH 10.4 SW" "IPS205";
SampleType WAFER;
ResultTimestamp 06-30-19 02:30:27;
LotID "195J64";
SampleSize 1 200;
DeviceID "MA65";
SetupID "MA65_3039M4DM" 10-11-18 19:39:09;
StepID "3039M4DM";
SampleOrientationMarkType NOTCH;
OrientationMarkLocation DOWN;
DiePitch 5.0438820000e+03 4.2533320000e+03;
DieOrigin 0.0000000000e+00 0.0000000000e+00;
WaferID "@14";
Slot 14;
SampleCenterLocation 5.1854660000e+03 -1.9998830000e+03;
ClassLookup 74
  0 "Uncategorized"
  1 "Small PT"
  2 "Medium PT"
  3 "Large PT"
  4 "Polymer"
  5 "Flake PT"
  6 "Scratch"
  9 "Other Defect"
  10 "Other Residue"
  11 "Wet Residue"
  13 "W Residue"
  14 "PR Residue"
  15 "Liquid Mark"
  16 "Thread Defect"
  20 "Pits"
  22 "Pattern Deformed"
  23 "Defocus"
  24 "PR BUBBLE"
  25 "Crown Defect"
  27 "Bead Defect"
  30 "CMP Scratch"
  31 "Minor CMP Scratch"
  35 "Rip Out"
  40 "Protrusion"
  42 "Top Blocked"
  43 "Bottom Blocked"
  44 "Line broken"
  45 "Metal Corrosion"
  46 "Galvanic Corrosion"
  51 "PR Popping"
  52 "Salicide Bad"
  53 "STI Dimple"
  59 "W Void"
  60 "AA Dep PT"
  61 "GC Dep PT"
  62 "CVD Dep PT"
  63 "Metal Dep PT"
  73 "Cone Defect"
  74 "Metal Depression"
  77 "Underlayer"
  78 "NUISANCE/FALSE"
  79 "Metal Grain"
  80 "Don't Care/Minor"
  95 "Missing AI"
  99 "test2"
  100 "Cluster"
  101 "CU CMP Scratch"
  102 "CU Void"
  103 "2_PO Missing"
  104 "CU Pattern Open"
  105 "CU Remain"
  106 "Circle CU Remain"
  107 "CU CVD PT"
  108 "CU Eclips"
  109 "CU CMP Residue"
  110 "Minor CU CMP Scratch"
  111 "CMP PT"
  112 "CU SEAM PT"
  113 "CU Ox"
  114 "CU Pattern Open(Minor)"
  116 "1_PO Missing"
  117 "PAD Abnormality"
  150 "Guard Ring Circle Defect"
  151 "EBR Circle Defect"
  152 "PAD Hillock"
  153 "PAD Residue"
  154 "PAD Hole"
  155 "Color PR Residue"
  201 "Bin 1"
  202 "Bin 2"
  203 "Bin 3"
  204 "Bin 4"
  205 "Bin 5"
  206 "Bin 6"  ;
OrientationInstructions "";
InspectionTest 1;
SampleTestPlan 1287
  -18 -1 
  -17 1 
  -17 5 
  -16 -9 
  -16 1 
  -16 4 
  -15 -5 
  -15 -3 
  -15 -1 
  -14 -10 
  -14 -5 
  -14 2 
  -14 3 
  -13 -11 
  -13 8 
  -12 -11 
  -12 -10 
  -12 5 
  -12 12 
  -11 -13 
  -11 0 
  -11 12 
  -10 -10 
  -10 17 
  -9 -17 
  -9 3 
  -9 5 
  -9 12 
  -9 14 
  -8 -20 
  -8 -19 
  -8 -18 
  -8 -17 
  -8 -14 
  -8 -4 
  -8 5 
  -7 -16 
  -7 -8 
  -7 -5 
  -7 4 
  -7 12 
  -7 14 
  -6 -13 
  -6 -5 
  -6 1 
  -6 4 
  -6 13 
  -6 15 
  -6 18 
  -5 -17 
  -5 -8 
  -5 -6 
  -5 -2 
  -5 0 
  -5 11 
  -5 16 
  -4 -10 
  -4 -4 
  -4 11 
  -3 -11 
  -3 -10 
  -3 -6 
  -2 -19 
  -2 -5 
  -2 -3 
  -2 0 
  -2 6 
  -2 15 
  -1 -20 
  -1 -12 
  -1 -10 
  -1 4 
  -1 11 
  -1 17 
  0 -20 
  0 -19 
  0 -17 
  0 -10 
  0 -5 
  0 5 
  0 15 
  0 17 
  0 19 
  0 20 
  1 -13 
  1 -5 
  1 -1 
  1 11 
  1 15 
  1 18 
  2 -19 
  2 -17 
  2 -5 
  3 -7 
  3 16 
  3 20 
  4 -18 
  4 -14 
  4 17 
  5 -13 
  5 -12 
  5 -9 
  5 0 
  5 9 
  6 7 
  7 -16 
  7 -12 
  7 0 
  7 9 
  7 13 
  8 -20 
  8 -17 
  8 -16 
  8 -9 
  8 11 
  8 14 
  9 -9 
  9 13 
  10 -9 
  10 -3 
  10 0 
  10 6 
  10 8 
  10 12 
  11 -3 
  11 0 
  11 1 
  11 5 
  11 14 
  12 -7 
  12 14 
  13 -4 
  13 11 
  14 -16 
  14 -10 
  14 6 
  14 8 
  14 11 
  16 -12 
  17 -7 
  17 1 
  17 8 
  18 0 
  18 6 
  -17 -1 
  -17 3 
  -16 -1 
  -15 -4 
  -15 3 
  -15 5 
  -15 11 
  -14 -13 
  -14 -12 
  -14 -3 
  -14 -1 
  -14 7 
  -14 9 
  -13 -16 
  -13 -10 
  -13 1 
  -13 7 
  -13 10 
  -12 -17 
  -12 -8 
  -12 4 
  -12 14 
  -11 -18 
  -11 -17 
  -11 -8 
  -11 -3 
  -10 -16 
  -10 -12 
  -10 -11 
  -10 -5 
  -10 -4 
  -10 7 
  -10 8 
  -9 -13 
  -9 -11 
  -9 -8 
  -9 4 
  -9 8 
  -8 -7 
  -8 0 
  -8 9 
  -7 -21 
  -7 -20 
  -7 -13 
  -7 -9 
  -7 8 
  -6 -11 
  -6 -4 
  -6 8 
  -6 10 
  -6 11 
  -6 16 
  -6 19 
  -5 -18 
  -5 -16 
  -5 -14 
  -5 6 
  -5 7 
  -5 10 
  -5 13 
  -5 18 
  -4 -21 
  -4 -2 
  -4 2 
  -4 13 
  -3 -7 
  -3 1 
  -3 3 
  -3 5 
  -3 14 
  -2 -17 
  -2 17 
  -1 -9 
  -1 -4 
  -1 -3 
  -1 1 
  -1 2 
  -1 19 
  0 -6 
  0 4 
  0 6 
  0 10 
  0 16 
  1 -18 
  1 -8 
  1 0 
  1 7 
  1 17 
  1 19 
  1 20 
  2 -13 
  2 -11 
  2 -10 
  2 0 
  2 6 
  2 11 
  3 -22 
  3 -2 
  3 7 
  4 -6 
  4 1 
  4 2 
  4 10 
  4 20 
  5 -20 
  5 -19 
  5 -15 
  5 -14 
  5 -4 
  5 14 
  5 18 
  6 -10 
  6 -1 
  6 20 
  7 -20 
  7 -19 
  7 -13 
  7 -11 
  7 1 
  7 5 
  7 7 
  7 17 
  8 -7 
  8 -4 
  8 -1 
  8 1 
  8 3 
  8 16 
  8 18 
  9 -5 
  9 9 
  9 15 
  10 -18 
  10 -10 
  10 -7 
  10 -6 
  11 -19 
  11 -14 
  11 -11 
  11 -5 
  11 -4 
  11 7 
  11 16 
  11 17 
  12 -9 
  12 -6 
  12 -3 
  12 0 
  12 11 
  13 -9 
  13 -7 
  13 3 
  13 5 
  13 12 
  14 -9 
  14 -7 
  14 -5 
  14 -4 
  14 -1 
  14 3 
  15 -5 
  15 0 
  15 12 
  16 -11 
  16 -10 
  16 -8 
  16 4 
  16 5 
  16 7 
  17 4 
  17 9 
  18 2 
  18 3 
  18 4 
  19 -1 
  -17 -3 
  -16 -10 
  -16 -5 
  -16 -4 
  -16 3 
  -16 8 
  -15 -9 
  -15 7 
  -15 9 
  -14 -8 
  -14 0 
  -14 1 
  -13 -4 
  -13 4 
  -12 -13 
  -12 -2 
  -12 13 
  -11 -14 
  -11 -9 
  -11 -6 
  -11 -2 
  -11 15 
  -10 -17 
  -10 -1 
  -10 0 
  -10 1 
  -10 9 
  -10 13 
  -9 -16 
  -9 -9 
  -9 9 
  -9 10 
  -8 -16 
  -8 -10 
  -8 -6 
  -8 7 
  -8 11 
  -8 16 
  -7 -18 
  -7 -17 
  -7 -14 
  -7 -11 
  -7 -3 
  -6 -16 
  -6 -8 
  -6 -6 
  -6 -1 
  -6 9 
  -5 -10 
  -5 3 
  -5 12 
  -4 -15 
  -4 -13 
  -4 -9 
  -4 6 
  -4 18 
  -3 -15 
  -3 10 
  -3 11 
  -3 17 
  -3 18 
  -3 20 
  -2 -22 
  -2 -20 
  -2 -10 
  -2 -9 
  -2 14 
  -2 19 
  -1 -17 
  -1 7 
  -1 8 
  0 -21 
  0 -4 
  0 0 
  0 13 
  1 -3 
  1 10 
  1 16 
  2 -15 
  2 -6 
  2 2 
  2 13 
  2 14 
  3 -20 
  3 -5 
  3 11 
  3 15 
  3 18 
  3 19 
  4 -9 
  4 -7 
  4 -3 
  4 12 
  4 14 
  4 15 
  5 -22 
  5 -7 
  5 -6 
  5 -3 
  5 17 
  5 19 
  6 -17 
  6 -16 
  6 -8 
  6 -2 
  6 8 
  6 14 
  6 16 
  6 17 
  7 -18 
  7 -6 
  7 12 
  7 14 
  7 18 
  7 19 
  8 -19 
  8 -15 
  8 -8 
  8 0 
  8 6 
  9 -20 
  9 -18 
  9 -10 
  9 -8 
  9 -2 
  9 3 
  10 -17 
  10 -8 
  10 -2 
  10 15 
  11 -13 
  11 -10 
  11 12 
  12 -14 
  12 -13 
  12 9 
  12 10 
  12 15 
  13 -17 
  13 -13 
  13 -5 
  13 -3 
  13 2 
  13 4 
  13 8 
  14 -13 
  14 1 
  14 10 
  14 14 
  15 -2 
  15 -1 
  16 -6 
  16 -5 
  16 11 
  17 -6 
  18 -5 
  -18 -2 
  -17 2 
  -17 6 
  -16 7 
  -16 9 
  -15 -8 
  -15 4 
  -14 -4 
  -14 4 
  -13 -15 
  -13 -12 
  -13 -8 
  -13 -2 
  -13 5 
  -13 12 
  -12 -16 
  -12 -4 
  -12 8 
  -12 11 
  -11 -12 
  -11 4 
  -11 6 
  -11 7 
  -11 9 
  -10 -15 
  -10 -14 
  -10 5 
  -10 10 
  -10 11 
  -10 16 
  -9 -15 
  -9 -5 
  -8 -8 
  -8 -1 
  -8 17 
  -7 -7 
  -7 -4 
  -7 -1 
  -7 3 
  -7 11 
  -7 18 
  -6 -21 
  -6 -17 
  -6 -15 
  -6 -10 
  -6 -3 
  -5 -4 
  -5 -3 
  -5 15 
  -4 -17 
  -4 -11 
  -4 1 
  -4 3 
  -4 4 
  -4 7 
  -3 -21 
  -3 -1 
  -3 0 
  -3 2 
  -3 4 
  -3 6 
  -3 15 
  -2 -16 
  -2 -7 
  -2 1 
  -2 7 
  -2 13 
  -2 16 
  -1 -6 
  -1 3 
  -1 6 
  -1 9 
  0 -14 
  0 -11 
  0 -9 
  0 -8 
  0 1 
  0 3 
  0 11 
  1 -15 
  1 -7 
  1 -6 
  2 -18 
  2 -16 
  2 -9 
  2 -3 
  2 5 
  2 10 
  2 12 
  3 -21 
  3 -16 
  3 -15 
  3 -14 
  3 -11 
  3 -9 
  3 -3 
  3 3 
  3 5 
  3 9 
  4 -19 
  4 -15 
  4 3 
  4 7 
  4 11 
  5 -18 
  5 -17 
  5 -16 
  5 -1 
  5 5 
  5 8 
  5 12 
  6 -15 
  6 -14 
  6 -12 
  6 -11 
  6 3 
  6 6 
  6 11 
  7 -4 
  7 -3 
  7 2 
  7 10 
  7 11 
  7 15 
  8 -13 
  8 -5 
  8 -2 
  8 13 
  9 -13 
  9 14 
  9 18 
  10 -11 
  10 5 
  10 10 
  10 17 
  11 -8 
  11 6 
  11 8 
  11 10 
  11 13 
  12 -2 
  12 3 
  13 -16 
  13 0 
  13 1 
  13 7 
  13 9 
  14 -14 
  14 -12 
  14 -11 
  14 -3 
  15 -6 
  16 -13 
  16 -7 
  16 8 
  17 -10 
  17 -8 
  17 -2 
  17 0 
  17 5 
  18 -7 
  18 1 
  19 -2 
  19 0 
  -17 -7 
  -17 0 
  -15 -13 
  -15 -12 
  -15 -11 
  -15 -10 
  -15 -7 
  -15 0 
  -15 1 
  -14 -14 
  -14 -9 
  -14 -2 
  -14 12 
  -13 -6 
  -12 -9 
  -12 -6 
  -12 -1 
  -12 3 
  -11 -16 
  -11 -15 
  -11 -1 
  -10 4 
  -10 14 
  -9 -10 
  -9 -7 
  -9 -2 
  -8 -15 
  -8 -3 
  -8 1 
  -8 4 
  -8 10 
  -8 14 
  -7 9 
  -7 15 
  -6 -14 
  -6 -12 
  -6 0 
  -6 2 
  -6 14 
  -5 -12 
  -5 8 
  -5 9 
  -4 -14 
  -4 10 
  -4 14 
  -4 15 
  -4 19 
  -4 20 
  -3 -13 
  -3 -8 
  -3 13 
  -2 -21 
  -2 -18 
  -2 -11 
  -2 -6 
  -2 -2 
  -2 -1 
  -1 -16 
  -1 -14 
  -1 -7 
  -1 -5 
  -1 -2 
  -1 12 
  -1 13 
  -1 14 
  -1 18 
  -1 20 
  0 -16 
  0 -12 
  0 -2 
  0 -1 
  1 -14 
  1 2 
  1 4 
  1 5 
  1 8 
  2 -21 
  2 -8 
  2 -7 
  2 -4 
  2 15 
  3 -17 
  3 -12 
  3 -6 
  3 10 
  4 -20 
  4 -17 
  4 -11 
  4 -8 
  4 8 
  4 16 
  5 -11 
  5 1 
  5 2 
  5 4 
  5 11 
  6 -22 
  6 -7 
  6 -5 
  6 0 
  6 9 
  6 10 
  6 12 
  6 13 
  7 -15 
  7 6 
  8 -10 
  8 -3 
  8 7 
  8 15 
  9 -7 
  9 -4 
  9 -3 
  9 2 
  9 6 
  9 7 
  10 -13 
  10 -5 
  10 2 
  10 13 
  11 2 
  11 15 
  12 -15 
  12 -12 
  12 -10 
  12 -1 
  12 1 
  12 4 
  12 7 
  12 12 
  12 13 
  12 16 
  13 -14 
  13 -2 
  13 -1 
  13 13 
  13 14 
  13 15 
  14 -15 
  14 -8 
  14 -6 
  15 -10 
  15 -9 
  15 1 
  16 -3 
  16 -1 
  16 3 
  16 6 
  17 -4 
  18 -6 
  18 -3 
  18 5 
  -18 -3 
  -18 1 
  -17 -6 
  -17 -5 
  -16 -6 
  -15 -6 
  -15 6 
  -15 8 
  -14 -11 
  -14 -7 
  -14 -6 
  -14 8 
  -14 10 
  -13 -13 
  -13 -3 
  -13 0 
  -13 9 
  -13 11 
  -12 -15 
  -12 1 
  -11 -7 
  -11 13 
  -11 14 
  -11 16 
  -10 2 
  -10 3 
  -10 6 
  -10 15 
  -9 -19 
  -9 -18 
  -9 -12 
  -9 -3 
  -9 0 
  -9 6 
  -9 7 
  -9 13 
  -8 -13 
  -8 -5 
  -8 2 
  -8 15 
  -7 -12 
  -7 -2 
  -7 5 
  -7 6 
  -7 7 
  -7 13 
  -7 19 
  -6 -2 
  -6 5 
  -5 -22 
  -5 -19 
  -5 -11 
  -5 -9 
  -5 -5 
  -5 2 
  -5 4 
  -5 17 
  -5 19 
  -5 20 
  -4 -8 
  -4 17 
  -3 -20 
  -3 -19 
  -3 -17 
  -3 -12 
  -3 -2 
  -3 8 
  -3 16 
  -3 19 
  -2 -12 
  -2 -4 
  -2 2 
  -2 3 
  -2 4 
  -2 10 
  -2 11 
  -2 18 
  -1 -18 
  -1 -11 
  -1 0 
  -1 10 
  0 -15 
  1 -22 
  1 -21 
  1 1 
  1 6 
  1 9 
  1 12 
  1 13 
  2 -20 
  2 16 
  2 17 
  3 -18 
  3 -4 
  3 4 
  3 12 
  3 13 
  4 -10 
  4 -5 
  4 -2 
  4 13 
  5 -5 
  5 -2 
  5 3 
  5 6 
  5 10 
  5 15 
  6 -18 
  6 1 
  6 2 
  6 18 
  6 19 
  7 -9 
  7 8 
  8 -18 
  8 -14 
  8 19 
  9 -19 
  9 -16 
  9 -15 
  9 5 
  9 11 
  9 12 
  9 16 
  10 -19 
  10 -16 
  10 -4 
  10 14 
  10 16 
  11 -18 
  11 -16 
  11 -15 
  11 -7 
  11 -2 
  11 9 
  12 -16 
  12 -11 
  12 -4 
  13 -12 
  13 -8 
  13 10 
  14 12 
  14 13 
  15 -13 
  15 -8 
  15 -3 
  15 5 
  15 6 
  15 11 
  16 -2 
  16 0 
  16 9 
  17 -11 
  17 -9 
  17 -3 
  17 2 
  18 -8 
  18 -1 
  -18 0 
  -16 -8 
  -16 -3 
  -16 -2 
  -16 0 
  -16 2 
  -16 5 
  -15 2 
  -15 10 
  -14 5 
  -14 6 
  -14 11 
  -13 -9 
  -13 -5 
  -13 -1 
  -13 3 
  -13 14 
  -12 -14 
  -12 -12 
  -12 -5 
  -12 2 
  -12 10 
  -11 -11 
  -11 -5 
  -11 2 
  -11 10 
  -11 11 
  -10 -19 
  -10 -18 
  -10 -13 
  -10 -9 
  -10 -3 
  -10 12 
  -9 -14 
  -9 -6 
  -9 -4 
  -9 -1 
  -8 -9 
  -8 -2 
  -8 3 
  -8 6 
  -8 12 
  -8 13 
  -8 18 
  -7 -6 
  -7 0 
  -7 1 
  -7 10 
  -6 -19 
  -6 -18 
  -6 -9 
  -6 -7 
  -6 12 
  -5 -13 
  -5 -7 
  -5 5 
  -4 -16 
  -4 0 
  -4 8 
  -4 9 
  -4 12 
  -4 16 
  -3 -4 
  -3 -3 
  -3 9 
  -2 -15 
  -2 8 
  -1 -22 
  -1 -21 
  -1 -19 
  -1 -15 
  -1 -8 
  -1 15 
  0 -22 
  0 -18 
  0 -13 
  0 -3 
  0 2 
  0 9 
  0 12 
  0 14 
  0 18 
  1 -20 
  1 -19 
  1 -17 
  1 -12 
  1 -10 
  1 -9 
  1 -2 
  2 -12 
  2 -1 
  2 1 
  2 4 
  2 7 
  2 8 
  2 19 
  2 20 
  3 -19 
  3 -10 
  3 -8 
  3 1 
  3 6 
  3 14 
  4 -22 
  4 -21 
  4 -13 
  4 -12 
  4 -4 
  4 -1 
  4 6 
  4 9 
  4 18 
  4 19 
  5 -21 
  5 -10 
  5 -8 
  5 7 
  5 16 
  5 20 
  6 -21 
  6 -20 
  6 -9 
  6 -6 
  6 -4 
  6 4 
  6 15 
  7 -21 
  7 -17 
  7 -14 
  7 -8 
  7 -5 
  7 -1 
  8 -12 
  8 2 
  8 9 
  8 10 
  9 -17 
  9 -12 
  9 -11 
  9 -1 
  9 4 
  9 10 
  9 17 
  10 -15 
  10 1 
  10 4 
  10 11 
  11 -17 
  11 -1 
  11 3 
  11 4 
  12 -18 
  12 -17 
  12 -5 
  13 -11 
  13 6 
  14 2 
  14 4 
  14 7 
  15 -14 
  15 -11 
  15 -7 
  15 -4 
  15 2 
  15 4 
  15 8 
  15 9 
  15 10 
  16 -9 
  16 10 
  17 -5 
  17 -1 
  17 3 
  17 6 
  17 7 
  18 -4 
  19 -3 
  -17 -4 
  -17 -2 
  -17 4 
  -16 -7 
  -16 6 
  -15 -2 
  -13 -14 
  -13 -7 
  -13 2 
  -13 6 
  -13 13 
  -12 -7 
  -12 -3 
  -12 0 
  -12 6 
  -12 7 
  -12 9 
  -11 -10 
  -11 -4 
  -11 1 
  -11 3 
  -11 5 
  -11 8 
  -10 -8 
  -10 -7 
  -10 -6 
  -10 -2 
  -9 1 
  -9 2 
  -9 11 
  -9 15 
  -9 16 
  -9 17 
  -8 -12 
  -8 -11 
  -8 8 
  -7 -19 
  -7 -15 
  -7 -10 
  -7 2 
  -7 16 
  -7 17 
  -6 -20 
  -6 3 
  -6 6 
  -6 7 
  -6 17 
  -5 -21 
  -5 -20 
  -5 -15 
  -5 -1 
  -5 1 
  -5 14 
  -4 -22 
  -4 -20 
  -4 -19 
  -4 -18 
  -4 -12 
  -4 -7 
  -4 -6 
  -4 -5 
  -4 -3 
  -4 -1 
  -4 5 
  -3 -22 
  -3 -18 
  -3 -16 
  -3 -14 
  -3 -9 
  -3 -5 
  -3 7 
  -3 12 
  -2 -14 
  -2 -13 
  -2 -8 
  -2 5 
  -2 9 
  -2 12 
  -2 20 
  -1 -13 
  -1 -1 
  -1 5 
  -1 16 
  0 -7 
  0 7 
  0 8 
  1 -16 
  1 -11 
  1 -4 
  1 3 
  1 14 
  2 -22 
  2 -14 
  2 -2 
  2 3 
  2 9 
  2 18 
  3 -13 
  3 -1 
  3 0 
  3 2 
  3 8 
  3 17 
  4 -16 
  4 0 
  4 4 
  4 5 
  5 13 
  6 -19 
  6 -13 
  6 -3 
  6 5 
  7 -10 
  7 -7 
  7 -2 
  7 3 
  7 4 
  7 16 
  8 -21 
  8 -11 
  8 -6 
  8 4 
  8 5 
  8 8 
  8 12 
  8 17 
  9 -14 
  9 -6 
  9 0 
  9 1 
  9 8 
  10 -14 
  10 -12 
  10 -1 
  10 3 
  10 7 
  10 9 
  11 -12 
  11 -9 
  11 -6 
  11 11 
  12 -8 
  12 2 
  12 5 
  12 6 
  12 8 
  13 -15 
  13 -10 
  13 -6 
  14 -2 
  14 0 
  14 5 
  14 9 
  15 -12 
  15 3 
  15 7 
  16 -4 
  16 1 
  16 2 
  18 -2 
  19 1 ;
AreaPerTest 2.3166898976e+10;
DefectRecordSpec 13 DEFECTID XREL YREL XINDEX YINDEX XSIZE YSIZE DEFECTAREA DSIZE CLASSNUMBER TEST IMAGECOUNT IMAGELIST ;
DefectList
 1 2011.943 3377.120 1 20 0.390 0.779 0.523123 0.779 0 1 0 0;
TiffFileName 195J64_195J64-@14_3039M4DM.001_00001.jpg;
DefectList
 2 1709.498 3372.440 1 20 0.780 0.779 0.701473 0.780 80 1 1 1 1 106
 3 1137.366 3497.824 1 20 0.780 0.389 0.524912 0.780 0 1 0 0
 4 4109.174 3444.394 2 20 0.780 0.389 0.357895 0.780 0 1 0 0
 5 2989.091 3496.654 2 20 0.780 0.389 0.453930 0.780 0 1 0 0
 6 3631.617 3331.881 3 20 0.390 0.779 0.567859 0.779 0 1 0 0
 7 2990.846 3503.674 3 20 0.390 0.389 0.381754 0.390 0 1 0 0
 8 3573.898 3350.016 4 20 0.390 0.389 0.449754 0.390 0 1 0 0
 9 3534.313 3408.710 4 20 0.780 0.779 0.671649 0.780 0 1 0 0
 10 3479.908 3329.541 4 20 0.390 0.779 0.211754 0.779 0 1 0 0;
TiffFileName 195J64_195J64-@14_3039M4DM.001_00002.jpg;
DefectList
 11 3463.333 3367.175 4 20 0.780 0.389 0.299438 0.780 80 1 1 1 1 106
 12 2005.509 3452.584 5 20 0.780 0.389 0.646000 0.780 0 1 0 0
 13 818.931 3670.592 5 20 1.170 1.169 0.672245 1.170 0 1 0 0
 14 4734.931 3357.621 6 20 0.390 0.779 0.469438 0.779 0 1 0 0
 15 4679.551 3580.113 6 20 0.390 0.389 0.575614 0.390 0 1 0 0
 16 4638.015 3572.313 6 20 0.780 0.389 0.375789 0.780 0 1 0 0
 17 3208.467 3389.405 6 20 0.390 0.389 0.372807 0.390 0 1 0 0
 18 1732.703 3327.201 6 20 1.170 0.779 0.697298 1.170 0 1 0 0
 19 1246.567 3493.144 6 20 1.560 1.169 1.163754 1.560 0 1 0 0
 20 1980.744 3391.940 -5 20 1.170 0.779 1.020000 1.170 0 1 0 0
 21 1836.249 3523.368 -5 20 0.780 0.779 0.844035 0.780 0 1 0 0
 22 2519.921 3479.494 -4 20 0.780 1.169 0.621544 1.169 0 1 0 0
 23 1638.714 3339.096 -4 20 0.390 0.389 0.267824 0.390 0 1 0 0
 24 2493.401 3542.088 -3 20 0.780 0.779 0.735473 0.780 0 1 0 0
 25 2347.541 3516.544 -3 20 0.780 0.389 0.317930 0.780 0 1 0 0
 26 1678.494 3340.266 -3 20 0.390 0.389 0.255895 0.390 0 1 0 0
 27 4211.355 3347.286 -2 20 0.780 0.389 0.507017 0.780 0 1 0 0
 28 2497.886 3498.214 -2 20 0.390 0.389 0.292877 0.390 0 1 0 0
 29 3553.229 3383.555 -1 20 0.390 0.389 0.424105 0.390 0 1 0 0
 30 1689.804 3370.685 -1 20 0.390 0.389 0.221895 0.390 0 1 0 0
 31 818.702 2858.266 -1 20 0.390 0.389 0.267228 0.390 0 1 0 0
 32 1277.732 2920.276 1 20 0.390 0.389 0.405017 0.390 0 1 0 0
 33 1285.922 3118.783 1 20 0.390 0.389 0.399052 0.390 0 1 0 0;
TiffFileName 195J64_195J64-@14_3039M4DM.001_00003.jpg;
DefectList
 34 4210.184 1834.618 2 20 0.780 0.779 0.682982 0.780 80 1 1 1 1 106
 35 4175.669 2330.107 2 20 0.390 0.389 0.240982 0.390 0 1 0 0
 36 4438.140 2434.431 5 20 0.390 0.779 0.553544 0.779 0 1 0 0
 37 4412.205 1889.413 5 20 0.780 0.389 0.317930 0.780 0 1 0 0
 38 4323.870 2169.819 6 20 0.390 0.389 0.294070 0.390 0 1 0 0
 39 4263.419 1942.842 6 20 0.390 0.389 0.325684 0.390 0 1 0 0
 40 4216.036 1949.472 -3 20 0.780 0.389 0.631088 0.780 0 1 0 0
 41 4627.291 2005.241 -2 20 0.390 0.389 0.390702 0.390 0 1 0 0
 42 4284.870 2189.319 -5 20 0.390 0.389 0.441403 0.390 0 1 0 0;
TiffFileName 195J64_195J64-@14_3039M4DM.001_00004.jpg;
DefectList
 43 237.016 1211.246 -4 20 0.780 1.169 0.722351 1.169 80 1 1 1 1 106
 44 247.741 1156.256 -4 20 0.390 0.389 0.388316 0.390 0 1 0 0
 45 249.496 1084.692 -4 20 0.780 0.779 0.586351 0.780 0 1 0 0
 46 3421.178 1095.807 5 20 1.170 1.169 0.944245 1.170 0 1 0 0
 47 2408.931 1219.826 4 20 0.780 0.389 0.384737 0.780 0 1 0 0
 48 1062.647 1153.331 6 20 0.780 0.779 0.716386 0.780 0 1 0 0
 49 435.365 604.443 5 20 0.780 0.779 0.581579 0.780 0 1 0 0
 50 4382.565 431.090 6 20 0.780 0.389 0.474807 0.780 0 1 0 0
 51 3386.502 450.200 6 20 0.780 1.169 0.940666 1.169 0 1 0 0
 52 2078.049 631.742 6 20 0.780 0.779 0.573824 0.780 0 1 0 0
 53 1572.413 420.170 6 20 0.390 0.389 0.422316 0.390 0 1 0 0
 54 1523.077 689.072 6 20 0.780 0.779 0.749789 0.780 0 1 0 0
 55 941.197 489.199 -2 20 0.780 0.389 0.448561 0.780 0 1 0 0
 56 2078.634 477.499 -5 20 0.390 0.389 0.264842 0.390 0 1 0 0
 57 1534.973 549.648 -5 20 0.390 0.389 0.419930 0.390 0 1 0 0
 58 3444.028 3318.816 0 20 0.390 0.389 0.261263 0.390 0 1 0 0
 59 3862.108 3460.220 7 19 1.170 1.169 1.005684 1.170 0 1 0 0;
TiffFileName 195J64_195J64-@14_3039M4DM.001_00005.jpg;
DefectList
 60 2498.275 3495.709 7 19 1.170 1.169 0.825544 1.170 80 1 1 1 1 106
 61 173.674 3751.156 7 19 0.780 0.389 0.524912 0.780 0 1 0 0
 62 4702.755 3577.998 8 19 0.780 0.389 0.472421 0.780 0 1 0 0
 63 4367.159 3494.539 8 19 0.390 0.389 0.455719 0.390 0 1 0 0
 64 4206.674 3389.631 8 19 0.780 0.389 0.758737 0.780 0 1 0 0
 65 3310.842 3374.226 8 19 0.780 0.779 0.497474 0.780 0 1 0 0;
TiffFileName 195J64_195J64-@14_3039M4DM.001_00006.jpg;
DefectList
 66 2306.979 3515.599 8 19 0.780 0.389 0.665087 0.780 80 1 1 1 1 106
 67 2167.164 3502.729 8 19 0.390 0.389 0.300631 0.390 0 1 0 0
 68 1939.013 3379.296 8 19 0.390 0.779 0.592912 0.779 0 1 0 0
 69 3317.083 3390.411 -7 19 0.780 0.389 0.552351 0.780 0 1 0 0;
TiffFileName 195J64_195J64-@14_3039M4DM.001_00007.jpg;
DefectList
 70 2989.677 3503.899 -7 19 1.170 1.169 0.868491 1.170 80 1 1 1 1 106
 71 2747.876 3847.290 -7 19 1.170 0.779 0.702666 1.170 0 1 0 0
 72 2204.605 3530.809 -7 19 0.390 0.389 0.280351 0.390 0 1 0 0
 73 2093.065 3549.919 -7 19 1.170 0.389 0.700877 1.170 0 1 0 0
 74 1228.398 2767.947 -6 19 0.780 0.779 0.649579 0.780 0 1 0 0
 75 1267.008 2608.439 -7 19 0.780 0.779 0.656140 0.780 0 1 0 0
 76 892.801 2939.155 8 19 0.390 0.779 0.413368 0.779 0 1 0 0
 77 1427.493 3118.552 8 19 0.390 0.779 0.691333 0.779 0 1 0 0
 78 4179.535 2719.977 8 19 0.780 0.779 0.727123 0.780 0 1 0 0
 79 4245.869 1952.162 8 19 0.390 0.389 0.226667 0.390 0 1 0 0
 80 1357.718 1899.708 -7 19 0.780 0.779 0.768877 0.780 0 1 0 0
 81 2495.511 999.053 -7 19 0.780 0.389 0.351930 0.780 0 1 0 0
 82 3305.348 1008.412 -7 19 0.390 0.389 0.251719 0.390 0 1 0 0
 83 2413.220 1199.120 8 19 0.780 0.389 0.352526 0.780 0 1 0 0
 84 4578.701 1485.377 8 19 1.170 1.169 0.952596 1.170 0 1 0 0
 85 3613.678 498.324 8 19 1.170 0.779 1.044456 1.170 0 1 0 0
 86 3368.758 453.475 -7 19 0.390 0.779 0.768877 0.779 0 1 0 0
 87 1679.664 418.765 -6 19 1.170 0.779 0.783789 1.170 0 1 0 0
 88 547.296 3316.116 -7 19 0.780 0.779 0.381754 0.780 0 1 0 0
 89 3360.372 3318.651 8 19 0.780 0.389 0.703859 0.780 0 1 0 0
 90 1458.143 3386.043 -8 18 0.390 0.779 0.526702 0.779 0 1 0 0
 91 2010.969 3398.133 -7 18 0.780 0.779 0.628702 0.780 0 1 0 0
 92 4430.926 2166.457 -8 18 0.780 0.779 0.855965 0.780 0 1 0 0
 93 224.926 1097.127 -8 18 0.780 0.779 0.738456 0.780 0 1 0 0
 94 2485.956 991.634 -8 18 1.170 0.389 0.520140 1.170 0 1 0 0
 95 2329.175 1159.332 9 18 0.390 0.389 0.290491 0.390 0 1 0 0;
TiffFileName 195J64_195J64-@14_3039M4DM.001_00008.jpg;
DefectList
 96 2415.560 1199.501 9 18 0.780 0.389 0.339403 0.780 80 1 1 1 1 106
 97 3892.528 834.688 9 18 0.390 0.389 0.602456 0.390 0 1 0 0
 98 1933.748 838.978 9 18 0.780 0.389 0.501052 0.780 0 1 0 0
 99 4763.011 3629.084 11 17 0.390 1.169 0.765894 1.169 0 1 0 0
 100 4363.845 3507.016 11 17 0.780 0.389 0.366245 0.780 0 1 0 0
 101 4313.730 3441.886 11 17 0.390 0.389 0.265439 0.390 0 1 0 0
 102 4271.415 3441.496 11 17 0.780 0.389 0.464667 0.780 0 1 0 0
 103 2961.596 3500.776 11 17 0.390 0.389 0.263053 0.390 0 1 0 0
 104 2152.539 3466.651 11 17 0.780 0.779 0.379965 0.780 0 1 0 0
 105 1990.104 3391.187 11 17 0.390 0.389 0.246947 0.390 0 1 0 0
 106 1463.993 3328.398 11 17 0.390 0.389 0.569649 0.390 0 1 0 0
 107 2773.227 3847.481 -10 17 0.390 0.389 0.433649 0.390 0 1 0 0;
TiffFileName 195J64_195J64-@14_3039M4DM.001_00009.jpg;
DefectList
 108 2539.811 3528.660 -10 17 0.780 0.779 0.989579 0.780 80 1 1 1 1 106;
TiffFileName 195J64_195J64-@14_3039M4DM.001_00010.jpg;
DefectList
 109 3185.458 3365.837 -9 17 0.390 0.389 0.401438 0.390 80 1 1 1 1 106
 110 4183.046 2723.247 -10 17 0.780 1.169 1.048631 1.169 0 1 0 0
 111 785.746 2963.484 11 17 0.780 0.389 0.296456 0.780 0 1 0 0
 112 1515.828 3117.532 11 17 0.780 1.169 1.249649 1.169 0 1 0 0;
TiffFileName 195J64_195J64-@14_3039M4DM.001_00011.jpg;
DefectList
 113 4322.699 1957.619 10 17 0.390 0.389 0.487333 0.390 80 1 1 1 1 106
 114 4644.451 1971.074 11 17 1.170 0.779 0.994947 1.170 0 1 0 0
 115 4428.000 2201.366 11 17 0.390 0.389 0.223088 0.390 0 1 0 0
 116 4402.845 1825.995 11 17 0.780 0.779 1.049824 0.780 0 1 0 0
 117 4384.320 1940.849 11 17 0.390 0.389 0.327474 0.390 0 1 0 0
 118 4320.165 2249.725 11 17 0.780 0.389 0.821368 0.780 0 1 0 0
 119 4239.435 1841.790 11 17 0.780 0.389 0.885193 0.780 0 1 0 0
 120 4217.790 1959.374 11 17 1.170 0.779 1.265157 1.170 0 1 0 0
 121 4193.805 1960.349 11 17 0.780 1.169 1.330175 1.169 0 1 0 0
 122 4163.190 2321.484 11 17 1.950 1.169 1.617087 1.950 0 1 0 0
 123 4437.751 1954.304 -10 17 0.390 0.779 0.633473 0.779 0 1 0 0
 124 4227.736 2112.447 -10 17 0.780 0.389 0.412175 0.780 0 1 0 0
 125 4194.975 2073.057 -10 17 0.780 0.389 0.433649 0.780 0 1 0 0
 126 247.156 1246.389 -10 17 0.780 0.389 0.616175 0.780 0 1 0 0
 127 759.227 1069.527 -10 17 0.780 0.779 0.632280 0.780 0 1 0 0
 128 954.423 1087.466 -10 17 1.170 0.779 0.784386 1.170 0 1 0 0
 129 3408.699 1086.101 -10 17 1.170 0.389 0.447965 1.170 0 1 0 0
 130 4233.551 1294.749 -10 17 0.390 0.389 0.604245 0.390 0 1 0 0
 131 2225.825 1137.386 11 17 1.170 0.779 1.323614 1.170 0 1 0 0
 132 2407.956 1230.400 11 17 1.170 1.169 1.516877 1.170 0 1 0 0
 133 2480.886 999.132 11 17 0.390 0.389 0.502842 0.390 0 1 0 0
 134 2494.731 1002.642 11 17 0.780 1.169 1.405333 1.169 0 1 0 0
 135 2503.506 1001.667 11 17 1.170 0.779 1.325403 1.170 0 1 0 0
 136 4282.300 1293.774 11 17 0.390 0.779 0.624526 0.779 0 1 0 0
 137 4347.236 1299.819 11 17 0.780 0.389 0.482561 0.780 0 1 0 0
 138 4451.790 805.052 11 17 0.390 0.389 0.569649 0.390 0 1 0 0
 139 4384.905 413.107 11 17 0.780 0.389 0.618561 0.780 0 1 0 0
 140 4271.025 805.052 11 17 0.780 0.389 0.390105 0.780 0 1 0 0
 141 4207.065 459.321 11 17 0.780 0.779 1.232350 0.780 0 1 0 0
 142 3843.584 387.952 11 17 0.780 0.779 0.360877 0.780 0 1 0 0
 143 3758.759 810.512 11 17 0.390 0.389 0.384737 0.390 0 1 0 0
 144 3388.258 447.426 11 17 0.390 0.389 0.362070 0.390 0 1 0 0
 145 4182.495 807.977 -10 17 0.780 0.779 1.061158 0.780 0 1 0 0
 146 3657.164 769.952 -10 17 0.780 0.389 0.303614 0.780 0 1 0 0
 147 3398.008 448.596 -10 17 0.390 0.389 0.651965 0.390 0 1 0 0
 148 3372.658 453.471 -10 17 0.390 0.779 0.902491 0.779 0 1 0 0
 149 1607.319 421.687 -10 17 0.780 0.389 0.354316 0.780 0 1 0 0
 150 2498.436 978.853 11 17 0.390 1.169 0.764701 1.169 0 1 0 0
 151 4212.330 3325.278 11 17 0.390 0.389 0.422912 0.390 0 1 0 0
 152 2718.041 3398.410 12 16 0.780 0.779 0.330456 0.780 0 1 0 0
 153 1619.408 3365.455 12 16 0.780 0.389 0.474807 0.780 0 1 0 0
 154 1488.173 3398.605 12 16 0.390 0.389 0.409789 0.390 0 1 0 0
 155 2985.778 3494.934 -11 16 0.390 0.389 0.243965 0.390 0 1 0 0
 156 2412.671 3515.213 -11 16 0.780 0.389 0.440807 0.780 0 1 0 0
 157 2205.386 3526.133 -11 16 0.390 0.389 0.304210 0.390 0 1 0 0
 158 1825.525 3366.235 -11 16 1.170 1.169 1.341508 1.170 0 1 0 0
 159 1884.184 3137.816 12 16 0.390 0.389 0.272000 0.390 0 1 0 0
 160 4294.975 2789.745 12 16 0.780 0.779 1.063544 0.780 0 1 0 0
 161 4374.960 1824.248 12 16 0.390 0.389 0.284526 0.390 0 1 0 0
 162 4290.720 2413.726 12 16 0.390 0.779 0.467052 0.779 0 1 0 0
 163 4250.160 2149.894 12 16 0.390 0.389 0.266035 0.390 0 1 0 0
 164 4216.620 1949.632 12 16 1.170 0.779 1.345087 1.170 0 1 0 0
 165 4213.110 2162.764 12 16 0.390 0.389 0.295860 0.390 0 1 0 0
 166 4187.953 1950.022 12 16 2.340 1.559 3.259823 2.340 0 1 0 0
 167 4167.283 2054.929 12 16 0.780 2.339 1.601578 2.339 0 1 0 0
 168 4458.226 2094.320 -11 16 0.780 0.779 0.768280 0.780 0 1 0 0
 169 4391.146 1825.028 -11 16 0.780 0.389 0.653754 0.780 0 1 0 0
 170 4251.916 1956.457 -11 16 0.780 0.389 0.373403 0.780 0 1 0 0
 171 4195.951 2057.465 -11 16 1.170 0.389 0.616175 1.170 0 1 0 0;
TiffFileName 195J64_195J64-@14_3039M4DM.001_00012.jpg;
DefectList
 172 236.431 1099.755 -11 16 0.390 0.389 0.602456 0.390 80 1 1 1 1 106
 173 2410.687 1228.453 -11 16 0.390 0.389 0.249930 0.390 0 1 0 0
 174 2414.197 1193.744 -11 16 1.950 1.949 1.915929 1.950 0 1 0 0
 175 2414.002 1199.594 -11 16 0.780 0.389 0.378772 0.780 0 1 0 0
 176 2233.820 1134.854 12 16 0.780 0.389 0.449158 0.780 0 1 0 0
 177 2331.515 1159.619 12 16 1.170 0.779 0.777228 1.170 0 1 0 0
 178 2414.391 1317.177 12 16 2.340 2.339 5.163226 2.340 0 1 0 0
 179 4171.345 1165.079 12 16 0.780 0.779 0.988982 0.780 0 1 0 0
 180 4250.710 1297.482 12 16 0.390 0.389 0.417544 0.390 0 1 0 0
 181 4267.870 1484.680 12 16 1.170 0.389 0.742631 1.170 0 1 0 0
 182 4405.931 1010.056 12 16 0.390 0.389 0.490316 0.390 0 1 0 0
 183 4445.906 1299.822 12 16 0.780 0.389 0.418737 0.780 0 1 0 0
 184 4382.370 462.644 12 16 0.390 0.389 0.549965 0.390 0 1 0 0
 185 4165.724 804.670 12 16 0.780 1.949 1.489438 1.949 0 1 0 0
 186 3898.574 316.396 12 16 13.260 8.969 16.579468 13.260 0 1 0 0
 187 3897.404 302.746 12 16 1.560 0.389 1.447087 1.560 0 1 0 0
 188 3889.604 303.331 12 16 2.340 0.779 1.242491 2.340 0 1 0 0
 189 3889.604 306.646 12 16 0.780 0.389 0.935298 0.780 0 1 0 0
 190 3853.724 388.350 12 16 0.780 0.779 0.533859 0.780 0 1 0 0
 191 3779.820 843.279 -11 16 1.170 0.389 0.394281 1.170 0 1 0 0
 192 2348.906 766.645 -11 16 0.390 0.779 0.762912 0.779 0 1 0 0
 193 1631.499 433.784 -11 16 0.780 0.389 0.282737 0.780 0 1 0 0
 194 933.007 501.059 -11 16 0.780 0.779 0.748000 0.780 0 1 0 0
 195 4657.321 3581.912 13 15 0.390 0.389 0.349544 0.390 0 1 0 0
 196 4366.185 3455.164 13 15 0.780 0.389 0.379368 0.780 0 1 0 0
 197 4061.009 3462.964 13 15 0.390 0.389 0.260667 0.390 0 1 0 0
 198 3899.744 3457.894 13 15 0.780 0.389 0.404421 0.780 0 1 0 0
 199 3321.957 3356.105 13 15 0.390 0.389 0.444386 0.390 0 1 0 0
 200 3207.687 3399.005 13 15 0.390 0.389 0.272000 0.390 0 1 0 0
 201 2990.066 3505.083 13 15 3.510 1.949 3.615929 3.510 0 1 0 0
 202 2930.591 3847.499 13 15 0.780 0.389 0.623930 0.780 0 1 0 0
 203 2526.940 3534.723 13 15 0.780 0.389 0.609614 0.780 0 1 0 0
 204 2517.775 3491.434 13 15 0.390 0.389 0.283333 0.390 0 1 0 0
 205 2493.205 3489.484 13 15 0.390 0.389 0.271403 0.390 0 1 0 0
 206 2266.419 3370.145 13 15 0.780 0.389 0.338210 0.780 0 1 0 0
 207 2200.704 3556.368 13 15 0.390 0.779 0.375789 0.779 0 1 0 0
 208 1956.564 3329.001 13 15 1.170 0.779 1.516877 1.170 0 1 0 0
 209 1158.232 3505.083 13 15 0.390 0.389 0.575614 0.390 0 1 0 0
 210 173.480 3872.069 -11 15 0.390 0.389 0.456316 0.390 0 1 0 0
 211 4656.541 1957.637 13 15 0.390 0.389 0.286316 0.390 0 1 0 0
 212 4371.840 1842.978 13 15 0.390 0.389 0.450947 0.390 0 1 0 0
 213 4312.560 2167.064 13 15 1.170 0.389 0.353123 1.170 0 1 0 0
 214 4291.500 2157.704 13 15 0.390 0.389 0.418737 0.390 0 1 0 0
 215 4258.935 1951.202 13 15 1.560 1.559 2.149754 1.560 0 1 0 0
 216 4191.464 2064.690 13 15 0.780 0.779 0.889368 0.780 0 1 0 0
 217 4164.359 2325.012 13 15 1.170 0.389 0.932912 1.170 0 1 0 0
 218 4164.163 2072.490 13 15 1.560 1.559 1.680315 1.560 0 1 0 0
 219 4163.774 2054.355 13 15 2.340 1.169 1.899227 2.340 0 1 0 0
 220 2414.585 1315.042 13 15 2.730 6.629 8.550699 6.629 0 1 0 0;
TiffFileName 195J64_195J64-@14_3039M4DM.001_00013.jpg;
DefectList
 221 2414.975 1297.492 13 15 1.950 0.389 1.285438 1.950 80 1 1 1 1 106
 222 4233.355 1493.270 13 15 0.780 1.169 1.210280 1.169 0 1 0 0
 223 4308.625 1306.852 13 15 0.780 1.169 0.640035 1.169 0 1 0 0
 224 4408.465 1151.829 13 15 0.780 0.779 0.848807 0.780 0 1 0 0
 225 4172.158 460.815 13 15 1.170 1.169 1.363578 1.170 0 1 0 0
 226 4165.334 807.326 13 15 0.780 2.339 1.607543 2.339 0 1 0 0
 227 3397.812 449.895 13 15 1.560 1.169 1.674947 1.560 0 1 0 0;
TiffFileName 195J64_195J64-@14_3039M4DM.001_00014.jpg;
DefectList
 228 3631.228 3318.081 12 15 0.390 0.779 0.686561 0.779 80 1 1 1 1 106
 229 556.265 3320.031 13 15 0.780 0.779 0.800491 0.780 0 1 0 0
 230 4363.065 3516.859 14 14 0.780 0.389 0.443789 0.780 0 1 0 0
 231 4339.470 3442.760 14 14 0.390 0.389 0.272596 0.390 0 1 0 0
 232 3896.233 3470.840 14 14 0.780 0.389 0.317930 0.780 0 1 0 0
 233 3336.387 3445.100 14 14 0.390 0.389 0.210561 0.390 0 1 0 0
 234 3307.722 3339.411 14 14 0.780 0.389 0.478386 0.780 0 1 0 0
 235 2521.870 3507.499 14 14 0.780 0.389 0.400245 0.780 0 1 0 0
 236 2024.619 3377.241 14 14 0.780 1.169 1.132736 1.169 0 1 0 0
 237 2029.104 3465.965 -13 14 0.390 0.779 0.578596 0.779 0 1 0 0
 238 1873.104 3455.630 -13 14 0.390 0.389 0.305403 0.390 0 1 0 0
 239 730.986 3671.297 -13 14 0.780 0.389 0.790947 0.780 0 1 0 0
 240 881.492 2915.578 -13 14 0.390 0.389 0.338210 0.390 0 1 0 0;
TiffFileName 195J64_195J64-@14_3039M4DM.001_00015.jpg;
DefectList
 241 576.510 2692.111 3 14 1.950 1.949 1.101122 1.950 77 1 1 1 1 106
 242 211.275 3179.215 14 14 0.780 0.389 0.681789 0.780 0 1 0 0
 243 4256.365 2853.569 14 14 0.780 1.169 0.986596 1.169 0 1 0 0
 244 4205.309 1952.075 14 14 0.390 0.389 0.421719 0.390 0 1 0 0
 245 4158.118 2321.205 14 14 1.170 0.779 1.124982 1.170 0 1 0 0
 246 530.136 1932.185 -13 14 0.780 0.389 0.482561 0.780 0 1 0 0
 247 2407.955 1323.619 14 14 1.170 1.169 1.323614 1.170 0 1 0 0
 248 2408.345 1299.829 14 14 0.390 0.389 0.384140 0.390 0 1 0 0
 249 3856.648 368.637 14 14 0.390 0.389 0.203403 0.390 0 1 0 0
 250 2028.519 795.292 14 14 0.780 0.389 0.808842 0.780 0 1 0 0
 251 1797.443 840.531 14 14 0.390 0.389 0.389509 0.390 0 1 0 0
 252 1666.988 396.522 14 14 0.780 0.779 0.807052 0.780 0 1 0 0;
TiffFileName 195J64_195J64-@14_3039M4DM.001_00016.jpg;
DefectList
 253 1159.206 2889.868 1 13 0.780 0.779 0.275579 0.780 40 1 1 1 1 106
 254 4186.750 466.668 14 13 1.170 0.389 0.329860 1.170 0 1 0 0
 255 2333.855 3327.842 15 12 0.390 0.389 0.205789 0.390 0 1 0 0
 256 2961.951 3477.405 15 12 0.780 0.779 0.965122 0.780 0 1 0 0
 257 3537.203 3541.755 15 12 0.780 0.779 0.879228 0.780 0 1 0 0
 258 4181.875 1964.030 15 12 0.780 0.389 0.507017 0.780 0 1 0 0
 259 4165.529 1291.074 15 12 1.170 1.169 0.764105 1.170 0 1 0 0;
TiffFileName 195J64_195J64-@14_3039M4DM.001_00017.jpg;
DefectList
 260 2414.230 1305.113 15 12 0.780 0.389 0.366842 0.780 80 1 1 1 1 106
 261 2410.525 1228.674 15 12 0.390 0.389 0.243368 0.390 0 1 0 0
 262 2409.745 1313.693 15 12 0.390 0.389 0.739649 0.390 0 1 0 0
 263 2255.304 1128.056 15 12 0.390 0.389 0.594105 0.390 0 1 0 0
 264 1696.238 1253.634 15 12 0.780 0.389 0.322702 0.780 0 1 0 0
 265 769.562 901.431 -14 12 1.170 0.779 0.726526 1.170 80 1 0 0
 266 3629.243 776.633 15 12 0.780 0.779 0.491509 0.780 0 1 0 0
 267 2520.665 3487.924 16 11 0.390 0.779 0.406807 0.779 0 1 0 0
 268 2979.891 3505.668 16 11 0.780 0.389 0.392491 0.780 0 1 0 0
 269 3177.232 3848.084 16 11 0.780 0.389 0.293474 0.780 0 1 0 0
 270 3194.587 3364.490 16 11 0.390 0.389 0.685368 0.390 0 1 0 0
 271 3420.008 3384.380 16 11 0.390 0.389 0.260070 0.390 0 1 0 0
 272 3550.463 3534.918 16 11 0.780 0.389 0.384140 0.780 0 1 0 0
 273 3617.738 3418.700 16 11 0.390 0.389 0.331649 0.390 0 1 0 0
 274 3735.518 3354.545 16 11 1.170 0.779 1.126175 1.170 0 1 0 0
 275 4124.934 3342.065 16 11 2.340 1.559 3.438174 2.340 0 1 0 0
 276 4151.649 3500.599 16 11 1.950 1.949 2.953227 1.950 0 1 0 0
 277 4166.859 3391.205 16 11 1.170 0.779 1.429789 1.170 0 1 0 0
 278 4177.974 3498.454 16 11 0.780 0.779 1.252631 0.780 0 1 0 0
 279 4205.275 3347.330 16 11 1.560 1.169 2.074596 1.560 0 1 0 0
 280 4213.855 3398.810 16 11 0.780 0.389 1.003894 0.780 0 1 0 0
 281 4239.595 3393.935 16 11 0.780 1.559 1.677333 1.559 0 1 0 0
 282 4244.665 3389.255 16 11 3.120 3.119 3.717929 3.120 0 1 0 0
 283 4306.870 3437.614 16 11 1.170 0.779 1.596210 1.170 0 1 0 0
 284 4316.815 3437.224 16 11 4.680 1.559 4.147402 4.680 0 1 0 0
 285 4323.055 3437.614 16 11 1.560 1.559 2.375824 1.560 0 1 0 0
 286 4330.660 3441.124 16 11 1.170 1.559 2.266666 1.559 0 1 0 0
 287 4334.560 3441.514 16 11 1.170 1.559 2.566104 1.559 0 1 0 0
 288 4361.275 3517.953 16 11 1.560 1.559 2.190315 1.560 0 1 0 0
 289 4361.470 3511.128 16 11 1.170 1.169 1.918315 1.170 0 1 0 0
 290 4361.470 3497.479 16 11 1.170 1.169 1.997052 1.170 0 1 0 0
 291 4361.470 3482.659 16 11 1.170 4.289 4.051367 4.289 0 1 0 0
 292 4361.470 3474.079 16 11 1.170 1.949 2.197473 1.949 0 1 0 0
 293 4628.816 3582.108 16 11 1.560 1.169 2.274420 1.560 0 1 0 0
 294 4629.011 3577.233 16 11 1.950 4.679 4.361542 4.679 0 1 0 0
 295 4632.521 3571.188 16 11 8.970 1.949 9.556979 8.970 0 1 0 0
 296 4629.011 3361.760 16 11 1.170 1.169 1.937403 1.170 0 1 0 0
 297 4634.471 3578.598 16 11 5.070 8.969 16.950486 8.969 0 1 0 0
 298 4632.911 3368.780 16 11 1.170 1.169 1.998841 1.170 0 1 0 0
 299 4632.911 3363.320 16 11 1.170 4.289 4.452209 4.289 0 1 0 0
 300 4636.031 3368.975 16 11 1.170 0.779 1.684491 1.170 0 1 0 0
 301 4636.031 3365.075 16 11 1.170 1.559 2.138420 1.559 0 1 0 0
 302 4636.031 3361.760 16 11 1.170 1.169 1.929648 1.170 0 1 0 0
 303 4639.931 3578.598 16 11 1.950 8.969 9.435892 8.969 0 1 0 0
 304 4639.931 3571.188 16 11 1.950 1.949 3.131578 1.950 0 1 0 0
 305 4640.126 3368.780 16 11 1.560 1.949 2.808280 1.949 0 1 0 0
 306 4640.126 3363.515 16 11 1.560 4.679 5.153682 4.679 0 1 0 0
 307 4639.931 3358.055 16 11 1.170 1.559 2.297683 1.559 0 1 0 0
 308 4643.831 3576.648 16 11 1.950 12.869 12.472627 12.869 0 1 0 0
 309 4643.831 3365.075 16 11 1.950 8.579 7.925576 8.579 0 1 0 0
 310 4651.241 3576.843 16 11 8.970 12.479 32.101954 12.479 0 1 0 0
 311 4647.731 3368.975 16 11 1.170 1.559 2.298876 1.559 0 1 0 0
 312 4649.291 3363.515 16 11 4.290 4.679 9.045786 4.679 0 1 0 0
 313 4651.241 3357.860 16 11 1.170 1.169 2.111578 1.170 0 1 0 0
 314 4654.751 3368.975 16 11 1.170 1.559 2.101438 1.559 0 1 0 0
 315 4654.946 3363.515 16 11 1.560 4.679 5.097016 4.679 0 1 0 0
 316 4662.356 3576.453 16 11 9.360 12.479 34.029812 12.479 0 1 0 0
 317 4658.846 3365.465 16 11 1.560 2.339 3.268174 2.339 0 1 0 0
 318 4664.306 3363.320 16 11 4.680 5.069 9.802734 5.069 0 1 0 0
 319 4662.941 3358.250 16 11 1.170 1.169 1.896841 1.170 0 1 0 0
 320 4666.061 3368.780 16 11 1.170 1.169 1.785298 1.170 0 1 0 0
 321 4666.061 3358.055 16 11 1.170 0.779 1.696420 1.170 0 1 0 0
 322 4671.326 3582.303 16 11 4.680 1.559 5.073156 4.680 0 1 0 0
 323 4671.521 3576.648 16 11 5.070 5.069 11.531365 5.070 0 1 0 0
 324 4669.961 3571.188 16 11 1.170 1.169 2.012561 1.170 0 1 0 0
 325 4671.521 3368.975 16 11 4.290 1.559 4.667542 4.290 0 1 0 0
 326 4671.716 3363.515 16 11 4.680 4.679 9.154944 4.680 0 1 0 0
 327 4673.081 3571.383 16 11 1.170 1.559 2.443824 1.559 0 1 0 0
 328 4673.081 3357.860 16 11 1.170 1.169 2.050736 1.170 0 1 0 0
 329 4676.981 3582.108 16 11 1.950 1.949 2.954420 1.950 0 1 0 0
 330 4676.981 3576.648 16 11 1.950 5.069 6.306700 5.069 0 1 0 0
 331 4676.786 3571.578 16 11 0.780 1.169 1.584280 1.169 0 1 0 0
 332 4677.176 3363.515 16 11 1.560 4.679 4.636525 4.679 0 1 0 0
 333 4676.981 3357.860 16 11 1.170 1.169 1.785894 1.170 0 1 0 0
 334 4681.856 3581.523 16 11 3.120 3.119 6.791050 3.120 0 1 0 0
 335 4682.051 3576.648 16 11 2.730 2.729 6.523822 2.730 0 1 0 0
 336 4682.051 3359.030 16 11 2.730 2.729 5.673823 2.730 0 1 0 0
 337 4687.121 3635.732 16 11 7.410 11.699 36.702688 11.699 0 1 0 0
 338 4685.171 3644.897 16 11 2.730 1.949 4.384806 2.730 0 1 0 0
 339 4689.266 3581.718 16 11 7.020 2.729 12.985013 7.020 0 1 0 0
 340 4689.461 3576.258 16 11 7.410 2.729 13.251048 7.410 0 1 0 0
 341 4689.266 3363.905 16 11 7.020 3.119 12.832311 7.020 0 1 0 0
 342 4689.851 3644.702 16 11 2.730 2.339 4.841718 2.730 0 1 0 0
 343 4691.606 3358.640 16 11 2.340 2.729 6.142665 2.729 0 1 0 0
 344 4698.821 3576.648 16 11 7.410 2.729 13.334557 7.410 0 1 0 0
 345 4700.186 3633.977 16 11 9.360 16.769 41.676828 16.769 0 1 0 0
 346 4699.016 3581.328 16 11 7.020 2.729 12.635469 7.020 0 1 0 0
 347 4696.676 3364.100 16 11 2.340 2.729 5.160244 2.729 0 1 0 0
 348 4700.966 3363.905 16 11 2.340 2.339 3.992911 2.340 0 1 0 0
 349 4708.376 3581.523 16 11 7.020 2.339 12.649785 7.020 0 1 0 0
 350 4708.571 3576.258 16 11 7.410 2.729 13.379890 7.410 0 1 0 0
 351 4706.036 3363.905 16 11 2.340 2.339 5.423296 2.340 0 1 0 0
 352 4706.426 3357.860 16 11 1.560 1.169 2.275017 1.560 0 1 0 0
 353 4728.071 3630.077 16 11 42.511 9.749 100.389440 42.511 0 1 0 0
 354 4708.766 3642.557 16 11 3.120 4.289 9.524172 4.289 0 1 0 0
 355 4710.521 3364.100 16 11 2.730 2.729 5.698279 2.730 0 1 0 0
 356 4716.371 3641.192 16 11 7.410 8.579 12.950417 8.579 0 1 0 0
 357 4715.786 3581.523 16 11 2.340 2.339 5.731682 2.340 0 1 0 0
 358 4715.786 3576.453 16 11 2.340 2.339 5.873051 2.340 0 1 0 0
 359 4715.981 3363.710 16 11 1.950 1.949 3.311122 1.950 0 1 0 0
 360 4724.951 3640.412 16 11 4.290 7.019 10.913996 7.019 0 1 0 0
 361 4724.951 3359.615 16 11 2.730 1.559 3.366595 2.730 0 1 0 0
 362 4725.146 3581.523 16 11 2.340 2.339 5.610595 2.340 0 1 0 0
 363 4725.341 3576.843 16 11 2.730 3.119 6.517261 3.119 0 1 0 0
 364 4725.146 3363.905 16 11 2.340 2.339 3.775192 2.340 0 1 0 0
 365 4732.361 3576.453 16 11 7.410 3.119 13.227785 7.410 0 1 0 0
 366 4732.556 3581.718 16 11 7.020 2.729 12.854382 7.020 0 1 0 0
 367 4730.216 3364.100 16 11 2.340 2.729 5.955963 2.729 0 1 0 0
 368 4730.216 3358.445 16 11 2.340 3.119 5.969682 3.119 0 1 0 0
 369 4730.216 3644.702 16 11 1.560 1.559 2.631122 1.560 0 1 0 0
 370 4730.606 3638.072 16 11 2.340 1.559 1.934420 2.340 0 1 0 0
 371 4734.896 3363.710 16 11 2.340 2.729 5.122665 2.729 0 1 0 0
 372 4734.896 3359.030 16 11 2.340 2.729 4.816069 2.729 0 1 0 0
 373 4738.796 3641.192 16 11 5.460 8.579 13.396592 8.579 0 1 0 0
 374 4739.966 3579.183 16 11 3.120 7.799 14.384978 7.799 0 1 0 0
 375 4740.161 3361.370 16 11 2.730 7.409 11.624417 7.409 0 1 0 0
 376 4745.816 3578.988 16 11 3.120 7.409 13.813539 7.409 0 1 0 0
 377 4745.816 3363.710 16 11 2.340 2.729 5.599261 2.729 0 1 0 0
 378 4750.691 3358.835 16 11 12.090 3.119 20.234168 12.090 0 1 0 0
 379 4747.181 3639.827 16 11 4.290 5.069 10.289470 5.069 0 1 0 0
 380 4753.031 3581.523 16 11 7.410 3.119 13.348873 7.410 0 1 0 0
 381 4753.226 3576.648 16 11 7.020 2.729 12.974276 7.020 0 1 0 0
 382 4750.886 3363.905 16 11 2.340 2.339 5.162033 2.340 0 1 0 0
 383 4761.611 3630.077 16 11 20.670 9.749 63.123664 20.670 0 1 0 0
 384 4752.251 3637.682 16 11 1.170 0.779 1.473333 1.170 0 1 0 0
 385 4755.176 3363.905 16 11 2.340 2.339 5.666068 2.340 0 1 0 0
 386 4759.076 3641.387 16 11 8.580 8.969 16.049784 8.969 0 1 0 0
 387 4763.171 3578.988 16 11 8.189 8.189 30.010060 8.189 0 1 0 0
 388 4760.636 3358.640 16 11 3.120 3.509 7.909471 3.509 0 1 0 0
 389 4760.831 3363.905 16 11 2.730 3.119 6.436138 3.119 0 1 0 0
 390 4765.901 3363.905 16 11 2.730 3.119 6.672945 3.119 0 1 0 0
 391 4770.581 3358.835 16 11 12.090 3.119 19.709256 12.090 0 1 0 0
 392 4770.581 3640.607 16 11 2.730 6.629 8.592453 6.629 0 1 0 0
 393 4773.116 3581.328 16 11 7.020 2.729 12.666487 7.020 0 1 0 0
 394 4773.506 3576.648 16 11 7.800 2.729 13.695434 7.800 0 1 0 0
 395 4773.116 3363.710 16 11 7.020 2.729 12.515575 7.020 0 1 0 0
 396 4775.456 3638.072 16 11 3.120 2.339 5.145332 3.120 0 1 0 0
 397 4778.771 3630.272 16 11 8.970 9.359 24.232448 9.359 0 1 0 0
 398 4780.721 3576.258 16 11 2.730 2.729 4.878104 2.730 0 1 0 0
 399 4780.526 3363.905 16 11 2.340 2.339 3.468595 2.340 0 1 0 0
 400 4779.941 3359.420 16 11 1.170 0.389 1.255017 1.170 0 1 0 0
 401 4781.111 3582.108 16 11 1.170 1.169 2.054315 1.170 0 1 0 0
 402 4782.281 3640.217 16 11 1.170 5.849 5.447156 5.849 0 1 0 0
 403 4807.631 3632.222 16 11 3.510 3.899 7.045156 3.899 0 1 0 0
 404 4807.241 3642.167 16 11 1.950 2.729 3.874209 2.729 0 1 0 0
 405 4808.996 3576.063 16 11 0.780 1.559 1.835999 1.559 0 1 0 0
 406 4808.996 3364.100 16 11 0.780 1.169 1.565192 1.169 0 1 0 0
 407 4808.996 3360.005 16 11 0.780 1.559 2.011964 1.559 0 1 0 0
 408 4809.191 3580.158 16 11 0.390 1.169 1.354035 1.169 0 1 0 0
 409 4792.260 3196.382 16 11 0.390 0.779 1.011052 0.779 0 1 0 0
 410 4784.850 3204.962 16 11 1.170 0.779 1.694631 1.170 0 1 0 0
 411 4761.450 3296.611 16 11 0.390 0.779 1.000315 0.779 0 1 0 0
 412 4686.180 3301.291 16 11 1.950 1.559 2.966350 1.950 0 1 0 0
 413 4545.975 3137.493 16 11 1.560 1.559 2.317368 1.560 0 1 0 0
 414 4533.105 3214.907 16 11 1.560 1.949 3.039122 1.949 0 1 0 0
 415 4527.450 3130.668 16 11 1.170 1.169 1.911754 1.170 0 1 0 0
 416 4358.774 3262.096 16 11 3.900 3.509 11.159154 3.900 0 1 0 0
 417 4358.579 3216.272 16 11 3.510 3.899 11.747891 3.899 0 1 0 0
 418 4348.049 3256.831 16 11 1.170 8.579 9.536102 8.579 0 1 0 0
 419 4347.074 3244.937 16 11 3.120 8.969 15.285083 8.969 0 1 0 0
 420 4347.074 3231.482 16 11 3.120 9.359 13.269539 9.359 0 1 0 0
 421 4347.659 3219.587 16 11 1.950 8.969 12.274592 8.969 0 1 0 0
 422 4343.564 3223.097 16 11 1.560 1.949 3.150069 1.949 0 1 0 0
 423 4329.719 3216.662 16 11 1.170 3.119 3.850946 3.119 0 1 0 0
 424 4325.624 3296.416 16 11 0.780 1.949 2.133052 1.949 0 1 0 0
 425 4324.064 2620.554 16 11 0.780 0.389 0.856561 0.780 0 1 0 0
 426 4313.729 3209.252 16 11 2.730 2.339 3.110104 2.730 0 1 0 0
 427 4299.884 3208.277 16 11 1.560 1.169 2.386561 1.560 0 1 0 0
 428 4279.214 3302.266 16 11 0.780 1.949 2.171227 1.949 0 1 0 0
 429 3741.988 3140.808 16 11 0.390 0.389 0.349544 0.390 0 1 0 0
 430 164.120 2842.072 -15 11 1.170 1.169 0.845228 1.170 0 1 0 0
 431 4761.255 3314.746 16 11 0.780 1.169 1.511508 1.169 0 1 0 0
 432 4205.080 3324.906 16 11 1.170 0.779 1.421438 1.170 0 1 0 0
 433 3722.843 3321.981 16 11 0.780 0.389 0.375193 0.780 0 1 0 0
 434 4794.371 2486.417 7 11 1.950 2.339 2.096666 2.339 0 1 0 0
 435 4794.956 2486.222 3 11 0.780 1.169 0.796912 1.169 0 1 0 0
 436 4794.762 2486.417 -1 11 1.170 1.559 1.226982 1.559 0 1 0 0
 437 4169.589 2055.083 16 11 8.189 3.119 6.813717 8.189 0 1 0 0
 438 4183.239 2326.129 16 11 1.950 1.559 2.486771 1.950 0 1 0 0
 439 4187.724 2069.902 16 11 0.780 0.779 1.098140 0.780 0 1 0 0
 440 4190.064 1950.759 16 11 1.560 2.729 3.896876 2.729 0 1 0 0
 441 4208.980 2146.341 16 11 1.170 1.559 1.600982 1.559 0 1 0 0
 442 4209.175 2410.758 16 11 0.780 0.779 1.376105 0.780 0 1 0 0
 443 4240.180 2177.931 16 11 1.170 2.339 2.439052 2.339 0 1 0 0
 444 4244.470 1958.364 16 11 1.170 1.559 1.912350 1.559 0 1 0 0
 445 4265.140 1947.639 16 11 1.170 1.169 1.522842 1.170 0 1 0 0
 446 4289.320 2169.546 16 11 1.170 1.169 1.205508 1.170 0 1 0 0
 447 4301.605 2253.785 16 11 0.780 0.389 0.647789 0.780 0 1 0 0
 448 4316.620 2172.471 16 11 1.170 0.779 1.558631 1.170 0 1 0 0
 449 4428.745 2196.261 16 11 1.560 1.559 1.923087 1.560 0 1 0 0
 450 4565.050 2016.863 16 11 0.390 0.779 0.590526 0.779 0 1 0 0
 451 4573.825 2015.888 16 11 0.780 0.389 1.030140 0.780 0 1 0 0
 452 4736.846 1995.998 16 11 1.560 1.169 1.394596 1.560 0 1 0 0
 453 4804.706 2012.573 16 11 0.780 0.779 1.078456 0.780 0 1 0 0
 454 2485.600 990.376 16 11 0.780 1.169 1.002701 1.169 0 1 0 0
 455 2409.549 1208.578 16 11 2.340 1.559 2.425333 2.340 0 1 0 0
 456 2408.964 1303.737 16 11 1.950 2.339 3.432806 2.339 0 1 0 0
 457 2408.574 1320.312 16 11 0.390 0.389 0.366245 0.390 0 1 0 0
 458 1134.442 1106.985 -15 11 1.170 0.389 0.567859 1.170 0 1 0 0
 459 190.605 737.040 -15 11 2.340 0.389 1.012842 2.340 0 1 0 0
 460 242.086 558.228 -15 11 0.780 0.779 0.627509 0.780 0 1 0 0
 461 242.281 553.938 -15 11 0.390 0.779 0.629298 0.779 0 1 0 0
 462 251.836 554.523 -15 11 0.780 1.169 0.700280 1.169 80 1 0 0
 463 2765.977 377.855 -15 11 1.170 1.169 0.642421 1.170 0 1 0 0
 464 3398.557 899.278 16 11 1.170 1.949 2.520771 1.949 0 1 0 0
 465 3411.038 453.709 16 11 0.390 0.779 0.455719 0.779 0 1 0 0
 466 3588.098 862.034 16 11 0.390 0.779 1.018807 0.779 0 1 0 0
 467 3845.109 368.495 16 11 1.170 0.389 0.392491 1.170 0 1 0 0
 468 4740.390 3577.857 16 10 1.170 0.779 1.330771 1.170 0 1 0 0
 469 4320.749 3437.069 16 10 0.390 0.779 0.470035 0.779 0 1 0 0
 470 3380.457 3556.213 16 10 1.170 0.389 0.459298 1.170 0 1 0 0
 471 173.870 3875.424 -15 10 1.170 0.779 1.027158 1.170 0 1 0 0
 472 4174.658 2720.548 16 10 1.950 1.949 1.555052 1.950 0 1 0 0
 473 4653.030 1980.640 16 10 1.170 1.169 1.411894 1.170 0 1 0 0
 474 4436.580 1820.937 16 10 0.390 0.779 0.545193 0.779 0 1 0 0
 475 4435.020 2161.793 16 10 0.390 0.779 0.434245 0.779 0 1 0 0
 476 4397.384 1844.142 16 10 0.780 0.389 0.435438 0.780 0 1 0 0
 477 4256.009 2167.643 16 10 1.170 1.559 1.914736 1.559 0 1 0 0
 478 4193.024 1949.635 16 10 0.780 0.779 0.972280 0.780 0 1 0 0
 479 4178.984 2056.104 16 10 2.340 2.339 3.205543 2.340 0 1 0 0
 480 4164.163 2337.291 16 10 0.780 0.779 0.539824 0.780 0 1 0 0
 481 4163.969 2072.679 16 10 1.170 1.169 0.445579 1.170 0 1 0 0
 482 4162.408 2063.514 16 10 2.730 2.339 1.015228 2.730 0 1 0 0
 483 234.676 1079.846 -15 10 0.780 1.169 1.153614 1.169 0 1 0 0
 484 4234.330 1155.895 16 10 0.390 1.169 0.616175 1.169 0 1 0 0
 485 4426.405 1312.088 16 10 0.780 0.779 0.994947 0.780 0 1 0 0
 486 4641.135 3575.524 17 9 1.560 1.559 2.152140 1.560 0 1 0 0
 487 3764.608 3847.156 17 9 0.390 0.389 0.448561 0.390 0 1 0 0
 488 2503.345 3510.590 17 9 0.390 0.389 0.316140 0.390 0 1 0 0
 489 1657.237 3338.797 17 9 0.780 0.779 0.609614 0.780 0 1 0 0
 490 1043.377 3847.351 -16 9 0.780 0.779 0.669859 0.780 0 1 0 0
 491 4438.334 2169.404 17 9 0.780 0.389 0.453333 0.780 80 1 0 0
 492 4270.829 2176.424 17 9 0.390 0.389 0.399052 0.390 0 1 0 0
 493 4237.094 2380.392 17 9 1.560 1.169 1.771578 1.560 0 1 0 0
 494 4177.229 2060.985 17 9 1.170 1.169 1.680912 1.170 0 1 0 0
 495 2408.150 1323.404 17 9 3.120 1.559 2.502280 3.120 0 1 0 0
 496 2414.585 1323.989 17 9 1.170 0.389 0.347158 1.170 0 1 0 0
 497 2414.975 1313.850 17 9 0.390 1.169 0.402035 1.169 0 1 0 0
 498 3296.377 1035.002 17 9 1.170 1.169 0.650175 1.170 0 1 0 0
 499 3807.703 387.856 17 9 0.780 0.389 0.273193 0.780 0 1 0 0
 500 3795.418 559.844 17 9 0.390 0.389 0.268421 0.390 0 1 0 0
 501 3398.788 893.680 -1 9 1.170 1.169 0.822561 1.170 0 1 0 0
 502 801.967 751.136 -16 9 0.780 0.779 0.499859 0.780 80 1 0 0
 503 3306.747 3318.712 17 9 0.390 0.389 0.582175 0.390 0 1 0 0
 504 4183.044 2321.788 17 8 0.780 0.389 0.298842 0.780 80 1 0 0
 505 4332.059 2150.209 18 6 1.950 1.169 2.139017 1.950 0 1 0 0
 506 2502.564 2477.805 18 6 8.970 12.869 50.651036 12.869 0 1 0 0
 507 4222.239 1937.575 18 5 1.170 0.389 0.337614 1.170 0 1 0 0
 508 586.296 3541.940 -18 1 1.560 0.779 1.352245 1.560 0 1 0 0
 509 212.675 3342.653 -18 1 0.780 0.779 0.998526 0.780 0 1 0 0
 510 4234.170 2110.488 19 1 0.390 0.389 0.465859 0.390 80 1 0 0
 511 962.028 1102.578 -18 1 0.780 0.389 0.753368 0.780 0 1 0 0
 512 2500.777 997.280 -18 1 0.390 0.389 0.392491 0.390 0 1 0 0
 513 1548.819 397.595 -18 1 0.780 0.389 0.424702 0.780 0 1 0 0
 514 614.961 589.278 -18 1 1.170 0.779 0.946631 1.170 0 1 0 0
 515 259.671 554.373 -18 1 1.170 1.169 1.594421 1.170 0 1 0 0
 516 256.161 553.983 -18 1 1.170 1.169 1.521052 1.170 0 1 0 0
 517 243.095 554.178 -18 1 0.780 0.779 1.205508 0.780 0 1 0 0
 518 547.296 3318.668 -18 1 1.560 6.629 4.167683 6.629 0 1 0 0
 519 1739.105 3373.279 -18 0 0.390 0.779 0.656140 0.779 0 1 0 0
 520 4443.956 2430.226 19 0 0.780 0.389 0.675228 0.780 0 1 0 0
 521 4178.205 1034.565 19 0 0.780 0.779 0.362667 0.780 0 1 0 0
 522 2411.501 1228.197 -18 0 0.780 0.389 0.369228 0.780 80 1 0 0
 523 245.011 553.870 -18 0 0.390 0.779 0.961544 0.779 0 1 0 0
 524 248.326 553.870 -18 0 0.780 0.779 1.229368 0.780 0 1 0 0
 525 616.292 577.270 -18 0 0.390 0.779 0.691930 0.779 0 1 0 0
 526 2353.161 792.742 -18 0 0.780 0.389 0.673438 0.780 0 1 0 0
 527 546.482 3315.755 -18 0 2.730 0.389 1.636175 2.730 0 1 0 0
 528 4183.081 1944.987 -18 -1 1.170 0.389 0.452737 1.170 0 1 0 0
 529 2407.957 1199.544 -18 -1 1.170 0.389 0.477789 1.170 0 1 0 0
 530 2412.637 1194.084 -18 -1 0.390 0.389 0.363263 0.390 0 1 0 0
 531 4181.130 465.965 19 -1 0.390 0.389 0.247544 0.390 0 1 0 0
 532 3770.848 721.022 19 -1 1.170 0.389 0.235017 1.170 0 1 0 0
 533 3789.960 386.016 -18 -1 1.170 1.169 1.076666 1.170 0 1 0 0
 534 3618.944 495.995 -18 -1 0.780 0.389 0.703263 0.780 0 1 0 0
 535 3397.229 449.780 -18 -1 1.170 0.779 1.199543 1.170 0 1 0 0
 536 246.215 553.909 -18 -1 0.780 0.779 1.067122 0.780 0 1 0 0
 537 2500.972 976.076 -18 -1 0.780 1.169 1.220421 1.169 0 1 0 0
 538 4214.441 1958.771 -18 -2 1.170 0.779 1.104105 1.170 0 1 0 0
 539 4260.690 1305.715 19 -2 1.170 0.779 1.067719 1.170 80 1 0 0
 540 417.620 1463.468 -5 -2 0.390 0.389 0.395474 0.390 0 1 0 0
 541 2415.596 1299.475 -18 -2 1.170 0.779 1.188807 1.170 80 1 0 0
 542 612.977 575.103 -18 -2 0.780 1.169 0.580386 1.169 0 1 0 0
 543 801.152 751.965 -18 -2 0.390 0.779 0.670456 0.779 0 1 0 0
 544 4355.655 1950.617 19 -3 0.780 0.779 0.966912 0.780 80 1 0 0
 545 4430.536 2154.780 -18 -3 1.560 1.169 0.918000 1.560 0 1 0 0;
TiffFileName 195J64_195J64-@14_3039M4DM.001_00018.jpg;
DefectList
 546 2415.367 1322.563 -18 -3 1.170 0.779 1.160175 1.170 100 1 1 1 1 106
 547 2414.977 1304.818 -18 -3 0.390 0.389 0.220702 0.390 100 1 0 0
 548 3420.399 1086.226 -18 -3 0.390 0.779 0.632280 0.779 80 1 0 0
 549 3947.519 423.946 -13 -3 11.310 5.069 15.455083 11.310 0 1 0 0
 550 3946.349 430.771 -13 -3 2.730 3.899 5.385121 3.899 0 1 0 0
 551 3646.829 769.287 -18 -3 1.170 1.559 0.715789 1.559 0 1 0 0
 552 2697.177 389.627 -18 -3 0.390 1.169 0.539824 1.169 100 1 0 0
 553 1803.294 744.132 -18 -3 0.390 0.389 0.500456 0.390 100 1 0 0
 554 939.832 495.120 -18 -3 0.390 0.779 0.926947 0.779 100 1 0 0
 555 261.036 554.010 -18 -3 4.680 1.559 4.598349 4.680 100 1 0 0
 556 260.841 561.419 -18 -3 4.290 1.559 3.858104 4.290 100 1 0 0
 557 260.841 557.714 -18 -3 4.290 1.949 4.369893 4.290 100 1 0 0
 558 260.841 550.305 -18 -3 4.290 1.949 3.778174 4.290 100 1 0 0
 559 254.405 561.614 -18 -3 4.680 1.949 4.434314 4.680 100 1 0 0
 560 254.405 557.714 -18 -3 4.680 1.949 4.263718 4.680 100 1 0 0
 561 255.966 554.010 -18 -3 1.560 1.559 2.140210 1.560 100 1 0 0
 562 255.966 550.305 -18 -3 1.560 1.949 1.868806 1.949 100 1 0 0
 563 252.650 554.010 -18 -3 1.170 1.559 2.053122 1.559 100 1 0 0
 564 252.650 550.305 -18 -3 1.170 1.949 1.935613 1.949 100 1 0 0
 565 247.775 561.614 -18 -3 4.680 1.949 4.565542 4.680 100 1 0 0
 566 247.775 557.714 -18 -3 4.680 1.949 4.298314 4.680 100 1 0 0
 567 247.775 554.010 -18 -3 4.680 1.559 4.246420 4.680 100 1 0 0
 568 247.775 550.305 -18 -3 4.680 1.949 3.849753 4.680 100 1 0 0
 569 241.145 561.419 -18 -3 4.680 1.559 3.918350 4.680 100 1 0 0
 570 241.145 557.714 -18 -3 4.680 1.949 4.554209 4.680 100 1 0 0
 571 241.145 554.010 -18 -3 4.680 1.559 4.502911 4.680 100 1 0 0
 572 241.145 550.305 -18 -3 4.680 1.949 3.705402 4.680 100 1 0 0
 573 2409.711 1296.029 -17 -5 0.780 0.779 0.619158 0.780 80 1 0 0
 574 3568.404 4100.837 -9 -6 0.780 0.779 0.612000 0.780 0 1 0 0
 575 810.937 2951.448 -11 -6 0.780 0.779 0.481368 0.780 80 1 0 0
 576 1696.434 1411.975 -17 -6 0.390 0.389 0.212947 0.390 80 1 0 0
 577 2414.001 1218.501 -17 -7 0.780 0.389 0.394281 0.780 80 1 0 0
 578 494.221 1528.937 4 -7 1.170 3.509 1.352245 3.509 0 1 0 0
 579 4236.669 2206.358 18 -8 0.390 0.389 0.193263 0.390 0 1 0 0
 580 4170.599 1491.173 18 -8 0.390 0.389 0.548175 0.390 0 1 0 0
 581 3628.073 775.580 18 -8 0.780 0.389 0.365649 0.780 80 1 0 0
 582 3651.863 768.560 18 -8 0.780 0.389 0.391895 0.780 0 1 0 0
 583 2412.636 1199.577 -16 -9 1.950 1.169 0.577403 1.950 0 1 0 0
 584 4170.761 2067.346 -16 -10 0.390 0.389 0.351930 0.390 0 1 0 0
 585 4200.596 1955.222 -16 -10 1.560 0.779 0.506421 1.560 0 1 0 0
 586 4794.176 2485.226 3 -10 2.340 1.559 1.994070 2.340 80 1 0 0
 587 4155.779 2072.255 17 -11 0.390 0.389 0.234421 0.390 100 1 0 0
 588 783.407 1068.203 -15 -11 0.780 0.779 0.582175 0.780 0 1 0 0
 589 1682.944 1101.742 -15 -11 0.390 0.779 0.260070 0.779 0 1 0 0
 590 2407.176 1324.235 -15 -11 0.390 0.389 0.273789 0.390 0 1 0 0
 591 2407.371 1209.966 -15 -11 0.780 1.169 1.195368 1.169 0 1 0 0
 592 2412.051 1323.455 -15 -11 0.780 0.389 0.359684 0.780 80 1 0 0
 593 2412.636 1305.125 -15 -11 1.170 0.389 0.431860 1.170 0 1 0 0
 594 2487.906 1011.068 -15 -11 0.390 0.389 0.238596 0.390 0 1 0 0
 595 3264.398 1360.699 -15 -11 0.390 0.779 0.266035 0.779 0 1 0 0
 596 2408.735 1310.195 17 -11 0.390 0.389 0.415158 0.390 0 1 0 0
 597 4194.939 994.884 17 -11 1.170 1.559 2.108596 1.559 100 1 0 0
 598 4216.584 1024.521 17 -11 1.560 1.559 1.943368 1.560 100 1 0 0
 599 4232.574 995.664 17 -11 1.560 1.559 2.249964 1.560 100 1 0 0
 600 4235.889 999.759 17 -11 1.170 1.169 1.855087 1.170 100 1 0 0
 601 4251.295 1003.268 17 -11 0.780 0.389 1.036701 0.780 100 1 0 0
 602 4282.885 1293.035 17 -11 1.560 1.169 2.622175 1.560 100 1 0 0
 603 4356.044 415.809 17 -11 0.780 1.169 1.446491 1.169 100 1 0 0
 604 4323.869 418.149 17 -11 1.170 1.949 2.550596 1.949 100 1 0 0
 605 4319.579 412.689 17 -11 1.950 2.729 4.507683 2.729 100 1 0 0
 606 4319.189 417.954 17 -11 1.170 1.559 2.382385 1.559 100 1 0 0
 607 4315.094 417.369 17 -11 2.340 1.169 2.881648 2.340 100 1 0 0
 608 4315.289 412.884 17 -11 1.950 2.339 3.473367 2.339 100 1 0 0
 609 4307.684 417.759 17 -11 7.020 2.729 11.242663 7.020 100 1 0 0
 610 4310.024 413.079 17 -11 2.340 1.949 4.864384 2.340 100 1 0 0
 611 4305.539 412.689 17 -11 2.730 2.729 5.821156 2.730 100 1 0 0
 612 4302.419 432.579 17 -11 2.730 1.169 3.452490 2.730 100 1 0 0
 613 4302.224 427.509 17 -11 3.120 2.729 6.357401 3.120 100 1 0 0
 614 4300.469 417.759 17 -11 2.730 2.729 5.228244 2.730 100 1 0 0
 615 4298.129 412.884 17 -11 6.630 2.339 6.378279 6.630 100 1 0 0
 616 4296.569 427.899 17 -11 2.730 2.729 5.874840 2.730 100 1 0 0
 617 4295.984 417.759 17 -11 2.340 2.729 4.737332 2.729 100 1 0 0
 618 4291.109 413.079 17 -11 2.730 2.729 5.295647 2.730 100 1 0 0
 619 4290.914 417.759 17 -11 2.340 2.729 5.262244 2.729 100 1 0 0
 620 4284.869 417.759 17 -11 1.950 2.729 4.700349 2.729 100 1 0 0
 621 4284.869 412.884 17 -11 1.950 2.339 4.676490 2.339 100 1 0 0
 622 4280.774 810.874 17 -11 1.560 1.169 2.389543 1.560 100 1 0 0
 623 4280.189 417.759 17 -11 2.730 2.729 5.475788 2.730 100 1 0 0
 624 4278.239 452.274 17 -11 2.730 2.339 4.589402 2.730 100 1 0 0
 625 4272.974 455.199 17 -11 1.560 1.169 2.393122 1.560 100 1 0 0
 626 4272.779 414.054 17 -11 1.950 1.559 2.986631 1.950 100 1 0 0
 627 4272.584 459.294 17 -11 1.560 2.339 2.908490 2.339 100 1 0 0
 628 4272.584 429.459 17 -11 1.560 1.949 2.909683 1.949 100 1 0 0
 629 4272.779 425.754 17 -11 1.170 1.559 2.434876 1.559 100 1 0 0
 630 4272.584 421.464 17 -11 1.560 1.559 2.425929 1.560 100 1 0 0
 631 4272.779 417.759 17 -11 1.170 1.169 1.905192 1.170 100 1 0 0
 632 4272.584 472.748 17 -11 0.780 1.169 1.644526 1.169 100 1 0 0
 633 4268.879 463.389 17 -11 1.950 1.949 3.108911 1.950 100 1 0 0
 634 4255.034 423.804 17 -11 29.641 14.039 85.483128 29.641 100 1 0 0
 635 4266.929 477.038 17 -11 5.070 1.949 6.117015 5.070 100 1 0 0
 636 4266.734 472.358 17 -11 5.460 1.949 6.665787 5.460 100 1 0 0
 637 4266.929 467.094 17 -11 5.070 1.559 5.540805 5.070 100 1 0 0
 638 4266.734 459.099 17 -11 5.460 1.949 5.786559 5.460 100 1 0 0
 639 4266.929 453.444 17 -11 5.070 5.459 10.594874 5.459 100 1 0 0
 640 4268.684 413.664 17 -11 1.560 1.559 2.926981 1.560 100 1 0 0
 641 4265.174 462.999 17 -11 1.560 1.169 2.419368 1.560 100 1 0 0
 642 4258.934 477.038 17 -11 5.460 1.949 6.263156 5.460 100 1 0 0
 643 4260.689 467.094 17 -11 1.950 1.559 3.151262 1.950 100 1 0 0
 644 4260.884 459.294 17 -11 1.560 1.559 2.654385 1.560 100 1 0 0
 645 4258.934 453.444 17 -11 5.460 5.459 9.960804 5.460 100 1 0 0
 646 4260.689 433.749 17 -11 1.950 1.169 2.836315 1.950 100 1 0 0
 647 4260.884 413.859 17 -11 1.560 1.169 2.390736 1.560 100 1 0 0
 648 4260.494 472.358 17 -11 1.560 1.949 2.752210 1.949 100 1 0 0
 649 4260.689 463.194 17 -11 1.170 1.559 2.177789 1.559 100 1 0 0
 650 4257.179 463.194 17 -11 1.950 2.339 3.555087 2.339 100 1 0 0
 651 4256.984 472.553 17 -11 1.560 1.559 2.820806 1.560 100 1 0 0
 652 4256.789 467.289 17 -11 1.950 1.169 2.718806 1.950 100 1 0 0
 653 4257.179 459.294 17 -11 1.170 1.559 2.288736 1.559 100 1 0 0
 654 4257.179 433.749 17 -11 1.170 1.169 2.220140 1.170 100 1 0 0
 655 4257.179 413.859 17 -11 1.170 1.169 2.222526 1.170 100 1 0 0
 656 4251.134 477.038 17 -11 5.460 1.949 6.201717 5.460 100 1 0 0
 657 4251.134 453.249 17 -11 5.460 5.069 11.044031 5.460 100 1 0 0
 658 4252.694 472.358 17 -11 1.560 1.949 2.810666 1.949 100 1 0 0
 659 4252.889 433.749 17 -11 1.170 1.169 2.140806 1.170 100 1 0 0
 660 4249.184 472.358 17 -11 1.560 1.949 3.159016 1.949 100 1 0 0
 661 4249.184 459.294 17 -11 1.560 1.559 2.890596 1.560 100 1 0 0
 662 4249.184 433.749 17 -11 1.560 1.169 2.577438 1.560 100 1 0 0
 663 4243.139 472.553 17 -11 5.850 2.339 6.801191 5.850 100 1 0 0
 664 4243.139 477.038 17 -11 5.070 1.949 7.034419 5.070 100 1 0 0
 665 4245.089 459.294 17 -11 1.170 0.779 1.716105 1.170 100 1 0 0
 666 4245.089 455.199 17 -11 1.170 1.169 2.109789 1.170 100 1 0 0
 667 4245.089 433.749 17 -11 1.170 1.169 2.257719 1.170 100 1 0 0
 668 4241.579 433.554 17 -11 1.950 1.559 3.014666 1.950 100 1 0 0
 669 4241.384 459.294 17 -11 1.560 1.559 2.831543 1.560 100 1 0 0
 670 4241.189 455.199 17 -11 1.170 1.169 2.195683 1.170 100 1 0 0
 671 4241.189 451.494 17 -11 1.170 1.559 2.368666 1.559 100 1 0 0
 672 4235.339 476.843 17 -11 5.850 2.339 7.769296 5.850 100 1 0 0
 673 4233.194 472.553 17 -11 10.140 2.339 13.036908 10.140 100 1 0 0
 674 4235.339 425.754 17 -11 5.850 10.139 21.922834 10.139 100 1 0 0
 675 4235.339 459.099 17 -11 5.070 1.949 6.142665 5.070 100 1 0 0
 676 4235.144 453.444 17 -11 5.460 5.459 11.383435 5.460 100 1 0 0
 677 4237.094 433.749 17 -11 1.560 1.169 2.628139 1.560 100 1 0 0
 678 4233.584 433.749 17 -11 1.560 1.169 2.612631 1.560 100 1 0 0
 679 4233.389 447.204 17 -11 1.170 0.779 1.704175 1.170 100 1 0 0
 680 4229.294 476.843 17 -11 2.340 2.339 4.084771 2.340 100 1 0 0
 681 4229.489 459.099 17 -11 1.950 1.949 2.878666 1.950 100 1 0 0
 682 4219.544 425.754 17 -11 21.840 10.139 81.832600 21.840 100 1 0 0
 683 4229.294 455.004 17 -11 1.560 1.559 2.624561 1.560 100 1 0 0
 684 4229.294 451.494 17 -11 1.560 1.559 2.708069 1.560 100 1 0 0
 685 4229.294 433.749 17 -11 1.560 1.169 2.272631 1.560 100 1 0 0
 686 4225.784 433.944 17 -11 1.560 1.559 2.907894 1.560 100 1 0 0
 687 4224.224 457.929 17 -11 2.340 5.849 8.589471 5.849 100 1 0 0
 688 4224.224 451.494 17 -11 2.340 2.339 3.898665 2.340 100 1 0 0
 689 4221.689 433.749 17 -11 1.950 1.949 3.026595 1.950 100 1 0 0
 690 4219.739 450.714 17 -11 1.950 3.119 4.655016 3.119 100 1 0 0
 691 4217.009 457.929 17 -11 6.630 6.629 20.710764 6.630 100 1 0 0
 692 4217.789 433.749 17 -11 1.950 1.949 3.490069 1.950 100 1 0 0
 693 4215.449 447.984 17 -11 2.730 2.339 4.779683 2.730 100 1 0 0
 694 4211.549 433.944 17 -11 5.070 1.559 5.263437 5.070 100 1 0 0
 695 4207.649 458.124 17 -11 6.630 6.239 20.429818 6.630 100 1 0 0
 696 4205.699 806.584 17 -11 1.950 2.729 5.165612 2.729 100 1 0 0
 697 4205.894 447.204 17 -11 1.560 1.559 2.576245 1.560 100 1 0 0
 698 4203.749 433.554 17 -11 5.850 1.559 6.229156 5.850 100 1 0 0
 699 4201.604 425.754 17 -11 10.140 10.139 38.247600 10.140 100 1 0 0
 700 4202.579 559.912 17 -11 1.950 1.559 2.953227 1.950 100 1 0 0
 701 4198.289 458.124 17 -11 7.410 6.239 26.143604 7.410 100 1 0 0
 702 4200.239 450.714 17 -11 1.950 3.119 3.605192 3.119 100 1 0 0
 703 4198.094 433.554 17 -11 1.560 1.559 2.170034 1.560 100 1 0 0
 704 4196.144 449.349 17 -11 2.340 6.629 9.776488 6.629 100 1 0 0
 705 4191.464 431.409 17 -11 3.120 5.849 12.027645 5.849 100 1 0 0
 706 4191.464 423.219 17 -11 3.120 6.629 15.034556 6.629 100 1 0 0
 707 4190.879 450.519 17 -11 2.730 4.289 7.264068 4.289 100 1 0 0
 708 4190.489 458.124 17 -11 2.730 6.239 12.288312 6.239 100 1 0 0
 709 4190.489 806.974 17 -11 1.170 2.729 3.550315 2.729 100 1 0 0
 710 4181.519 427.119 17 -11 12.870 14.429 83.657864 14.429 100 1 0 0
 711 4185.029 457.929 17 -11 2.730 6.629 11.105470 6.629 100 1 0 0
 712 4185.029 449.349 17 -11 1.950 5.849 7.092875 5.849 100 1 0 0
 713 4178.203 457.929 17 -11 6.240 6.629 23.513080 6.629 100 1 0 0
 714 4178.399 449.349 17 -11 5.850 5.849 13.059575 5.850 100 1 0 0
 715 4171.964 450.324 17 -11 2.340 3.899 7.237226 3.899 100 1 0 0
 716 4169.429 458.124 17 -11 6.630 6.239 27.414728 6.630 100 1 0 0
 717 4170.014 427.119 17 -11 3.120 14.429 25.401570 14.429 100 1 0 0
 718 4167.283 447.984 17 -11 2.340 3.119 7.391120 3.119 100 1 0 0
 719 4165.334 431.019 17 -11 2.340 4.289 7.326699 4.289 100 1 0 0
 720 4165.139 423.414 17 -11 2.730 7.019 11.712698 7.019 100 1 0 0
 721 4163.578 461.049 17 -11 1.170 0.389 0.539824 1.170 100 1 0 0
 722 4163.384 456.174 17 -11 1.560 2.339 3.848560 2.339 100 1 0 0
 723 4163.189 451.494 17 -11 1.170 1.559 2.299473 1.559 100 1 0 0
 724 3869.128 333.910 17 -11 7.410 2.729 8.278102 7.410 100 1 0 0
 725 3870.883 389.095 17 -11 3.120 3.119 3.370771 3.120 100 1 0 0
 726 3870.103 370.180 17 -11 4.680 1.949 7.752594 4.680 100 1 0 0
 727 3871.663 350.095 17 -11 1.560 3.899 2.465894 3.899 100 1 0 0
 728 3861.133 361.600 17 -11 3.900 3.509 6.563787 3.900 100 1 0 0
 729 3858.793 328.645 17 -11 8.580 13.259 25.097360 13.259 100 1 0 0
 730 3861.523 315.190 17 -11 3.120 1.169 2.857192 3.120 100 1 0 0
 731 3858.403 347.755 17 -11 7.800 10.919 20.613536 10.919 100 1 0 0
 732 3857.038 369.010 17 -11 4.290 5.849 7.567085 5.849 100 1 0 0
 733 3856.453 338.785 17 -11 2.340 1.559 3.504981 2.340 100 1 0 0
 734 3855.868 389.290 17 -11 1.950 3.509 5.337998 3.509 100 1 0 0
 735 3851.383 386.365 17 -11 1.560 4.679 4.666349 4.679 100 1 0 0
 736 3850.603 367.645 17 -11 3.120 14.039 10.647365 14.039 100 1 0 0
 737 3848.263 350.290 17 -11 7.800 15.989 27.378938 15.989 100 1 0 0
 738 3848.263 331.570 17 -11 7.800 15.989 36.961568 15.989 100 1 0 0
 739 3851.383 402.939 17 -11 0.780 1.169 1.585473 1.169 100 1 0 0
 740 3851.188 318.310 17 -11 1.170 5.849 6.722454 5.849 100 1 0 0
 741 3839.293 324.160 17 -11 4.680 1.169 4.318595 4.680 100 1 0 0
 742 3835.003 349.900 17 -11 0.780 3.509 2.184947 3.509 100 1 0 0
 743 3811.213 562.057 17 -11 5.460 1.169 4.770735 5.460 100 1 0 0
 744 3806.923 557.767 17 -11 3.120 1.169 2.724771 3.120 100 1 0 0
 745 3806.923 366.085 17 -11 1.560 1.559 2.469473 1.560 100 1 0 0
 746 3800.488 326.305 17 -11 2.730 4.679 5.836665 4.679 100 1 0 0
 747 3800.293 314.995 17 -11 2.340 1.559 3.271157 2.340 100 1 0 0
 748 3799.708 338.785 17 -11 1.170 1.559 2.206420 1.559 100 1 0 0
 749 3799.903 333.325 17 -11 0.780 0.779 1.280666 0.780 100 1 0 0
 750 3793.468 561.667 17 -11 11.310 1.169 9.713260 11.310 100 1 0 0
 751 3794.638 343.855 17 -11 4.290 3.899 7.462103 4.290 100 1 0 0
 752 3792.688 329.230 17 -11 8.189 11.309 29.596094 11.309 100 1 0 0
 753 3792.493 350.875 17 -11 7.800 5.459 11.732382 7.800 100 1 0 0
 754 3795.808 338.980 17 -11 1.170 1.169 1.994070 1.170 100 1 0 0
 755 3795.808 319.285 17 -11 1.170 3.899 4.535718 3.899 100 1 0 0
 756 3795.028 825.694 17 -11 1.950 1.949 3.089227 1.950 100 1 0 0
 757 3794.833 576.097 17 -11 1.560 1.169 2.072806 1.560 100 1 0 0
 758 3791.518 397.089 17 -11 5.070 1.169 5.458489 5.070 100 1 0 0
 759 3793.273 357.310 17 -11 0.780 0.389 1.006280 0.780 100 1 0 0
 760 3790.348 587.017 17 -11 5.850 1.169 5.033191 5.850 100 1 0 0
 761 3788.593 576.487 17 -11 1.560 1.169 2.394911 1.560 100 1 0 0
 762 3774.943 821.014 17 -11 2.340 1.949 3.197788 2.340 100 1 0 0
 763 3760.123 741.065 17 -11 2.340 2.729 4.190946 2.729 100 1 0 0
 764 3760.318 721.370 17 -11 1.950 3.119 4.001858 3.119 100 1 0 0
 765 3757.783 829.594 17 -11 1.560 1.169 2.153333 1.560 100 1 0 0
 766 3751.348 732.680 17 -11 1.170 0.779 1.349859 1.170 100 1 0 0
 767 3617.187 479.183 17 -11 1.950 3.119 2.257122 3.119 100 1 0 0
 768 3617.772 462.609 17 -11 0.780 1.169 1.710736 1.169 100 1 0 0
 769 3616.602 442.329 17 -11 1.560 1.169 1.535368 1.560 100 1 0 0
 770 3616.602 486.398 17 -11 0.780 0.389 0.576807 0.780 100 1 0 0
 771 3612.507 455.784 17 -11 2.730 3.119 5.564068 3.119 100 1 0 0
 772 3612.702 447.984 17 -11 0.780 2.339 2.554771 2.339 100 1 0 0
 773 3611.142 480.158 17 -11 1.560 1.949 2.521964 1.949 100 1 0 0
 774 3408.732 450.714 17 -11 4.680 7.019 16.880696 7.019 100 1 0 0
 775 3401.517 450.909 17 -11 5.070 8.189 22.818764 8.189 100 1 0 0
 776 3401.322 458.319 17 -11 4.680 2.729 7.388138 4.680 100 1 0 0
 777 3401.517 443.304 17 -11 4.290 1.559 4.326946 4.290 100 1 0 0
 778 3398.592 882.633 17 -11 2.340 2.729 5.978630 2.729 100 1 0 0
 779 3395.277 458.709 17 -11 3.510 2.729 7.156699 3.510 100 1 0 0
 780 3394.497 450.714 17 -11 5.070 7.799 23.681886 7.799 100 1 0 0
 781 3395.277 443.304 17 -11 2.730 3.119 5.995331 3.119 100 1 0 0
 782 3387.087 450.909 17 -11 5.070 8.189 23.428974 8.189 100 1 0 0
 783 3387.087 458.514 17 -11 4.290 2.339 7.438243 4.290 100 1 0 0
 784 3380.067 451.104 17 -11 5.070 7.799 22.369606 7.799 100 1 0 0
 785 3380.847 458.319 17 -11 2.730 2.729 6.119998 2.730 100 1 0 0
 786 3380.067 442.914 17 -11 4.290 2.339 6.050805 4.290 100 1 0 0
 787 3372.657 450.324 17 -11 5.070 7.799 21.973536 7.799 100 1 0 0
 788 3372.657 458.124 17 -11 4.290 2.339 5.214525 4.290 100 1 0 0
 789 3365.637 450.909 17 -11 5.070 7.409 21.607292 7.409 100 1 0 0
 790 3366.807 443.109 17 -11 1.950 2.729 4.313227 2.729 100 1 0 0
 791 3358.227 450.714 17 -11 5.070 7.799 20.873010 7.799 100 1 0 0
 792 3359.397 457.734 17 -11 1.950 0.779 2.124105 1.950 100 1 0 0
 793 3351.207 450.909 17 -11 5.070 7.409 18.702380 7.409 100 1 0 0
 794 3352.767 458.319 17 -11 1.170 1.949 2.278596 1.949 100 1 0 0
 795 3344.577 457.929 17 -11 2.730 1.169 3.194209 2.730 100 1 0 0
 796 3343.797 453.054 17 -11 4.290 2.339 8.142103 4.290 100 1 0 0
 797 3344.577 448.179 17 -11 2.730 1.949 3.054631 2.730 100 1 0 0
 798 3344.382 443.694 17 -11 1.560 0.779 1.649894 1.560 100 1 0 0
 799 4177.781 2055.307 -15 -12 1.950 2.339 1.517473 2.339 0 1 0 0
 800 4182.071 1961.318 -15 -12 0.390 0.779 0.548772 0.779 0 1 0 0
 801 4259.876 1951.373 -15 -12 0.780 0.389 0.391298 0.780 0 1 0 0
 802 4258.900 1947.083 16 -12 0.390 0.389 0.270807 0.390 0 1 0 0
 803 2408.184 1207.976 16 -12 0.390 0.389 0.498666 0.390 0 1 0 0
 804 3266.188 1356.954 -15 -12 1.170 7.409 1.661824 7.409 0 1 0 0
 805 2493.206 1008.883 -15 -12 1.950 1.559 2.197473 1.950 0 1 0 0
 806 2485.211 993.478 -15 -12 1.560 1.169 1.402350 1.560 0 1 0 0
 807 2414.816 1307.035 -15 -12 3.510 3.509 4.747472 3.510 0 1 0 0
 808 2415.206 1293.580 -15 -12 1.170 1.559 2.366876 1.559 0 1 0 0
 809 2259.985 1147.916 -15 -12 0.390 0.389 0.375193 0.390 0 1 0 0
 810 1237.988 1109.697 -15 -12 0.780 0.389 0.410386 0.780 0 1 0 0
 811 244.426 557.059 -15 -12 0.780 0.779 1.226982 0.780 0 1 0 0
 812 247.546 553.354 -15 -12 0.780 1.169 1.466175 1.169 0 1 0 0
 813 247.936 550.039 -15 -12 0.780 0.779 0.839859 0.780 0 1 0 0
 814 250.666 557.059 -15 -12 0.780 0.779 1.290210 0.780 0 1 0 0
 815 250.666 553.549 -15 -12 0.780 1.559 1.486456 1.559 0 1 0 0
 816 254.176 553.354 -15 -12 0.780 1.169 1.451263 1.169 0 1 0 0
 817 257.296 557.059 -15 -12 0.780 0.779 1.297368 0.780 0 1 0 0
 818 3401.484 457.610 -15 -12 0.780 0.779 0.960351 0.780 80 1 0 0
 819 3797.528 833.955 16 -12 1.170 0.779 0.988982 1.170 0 1 0 0
 820 267.665 3336.548 -15 -13 0.780 0.389 0.353123 0.780 0 1 0 0
 821 209.911 3164.667 -15 -13 1.170 1.169 1.194772 1.170 0 1 0 0
 822 4187.724 2720.073 16 -13 0.780 0.389 0.383544 0.780 100 1 0 0
 823 4415.520 1842.579 16 -13 1.170 0.779 0.904280 1.170 100 1 0 0
 824 4275.509 1942.418 16 -13 0.390 0.779 0.725333 0.779 100 1 0 0
 825 4257.764 1949.243 16 -13 0.780 1.169 1.179263 1.169 100 1 0 0
 826 4229.489 2108.556 16 -13 0.390 0.779 0.971684 0.779 100 1 0 0
 827 4212.719 2172.710 16 -13 1.170 0.389 0.617368 1.170 100 1 0 0
 828 4204.529 2052.982 16 -13 0.390 0.389 0.570245 0.390 100 1 0 0
 829 4196.144 1949.828 16 -13 2.340 3.119 5.197226 3.119 100 1 0 0
 830 4186.589 1949.438 16 -13 1.950 2.339 4.175437 2.339 100 1 0 0
 831 4183.469 2064.682 16 -13 1.950 2.729 4.075227 2.729 100 1 0 0
 832 4167.674 2319.738 16 -13 1.560 1.169 3.755508 1.560 100 1 0 0
 833 4162.799 2060.391 16 -13 1.170 1.169 1.428000 1.170 100 1 0 0
 834 4162.799 2054.347 16 -13 1.170 1.559 1.936806 1.559 100 1 0 0
 835 4441.456 2150.480 -15 -13 0.780 0.389 0.660912 0.780 0 1 0 0
 836 4215.840 1948.658 -15 -13 0.390 0.779 0.753368 0.779 80 1 0 0
 837 4211.160 2114.016 -15 -13 0.390 0.779 0.461684 0.779 0 1 0 0
 838 4209.795 1954.898 -15 -13 0.780 0.779 0.425895 0.780 0 1 0 0
 839 4185.029 2063.902 -15 -13 0.390 0.389 0.419930 0.390 0 1 0 0
 840 4178.790 2318.763 -15 -13 0.390 0.779 0.734877 0.779 0 1 0 0
 841 489.736 1128.730 -15 -13 0.780 0.779 1.005684 0.780 100 1 0 0
 842 668.552 1117.225 -15 -13 1.170 0.389 0.588140 1.170 100 1 0 0
 843 736.997 1066.526 -15 -13 0.780 0.389 0.354912 0.780 100 1 0 0
 844 780.677 1067.891 -15 -13 0.780 3.119 2.414596 3.119 100 1 0 0
 845 877.397 1092.851 -15 -13 0.780 0.779 1.271122 0.780 100 1 0 0
 846 1133.043 1119.370 -15 -13 1.170 0.779 0.736666 1.170 100 1 0 0
 847 1176.723 1243.584 -15 -13 0.390 0.389 0.314947 0.390 100 1 0 0
 848 1227.423 1238.514 -15 -13 0.390 0.389 0.300035 0.390 100 1 0 0
 849 1238.148 1106.500 -15 -13 0.780 0.779 0.411579 0.780 100 1 0 0
 850 2240.256 1138.090 -15 -13 0.390 0.779 0.650772 0.779 0 1 0 0
 851 2483.226 1008.222 -15 -13 0.390 0.779 0.774245 0.779 0 1 0 0
 852 2497.071 1020.506 -15 -13 0.780 1.169 1.364175 1.169 0 1 0 0
 853 2412.245 1303.643 16 -13 2.730 0.389 0.774245 2.730 80 1 0 0
 854 4162.374 1003.542 16 -13 0.780 1.559 1.748315 1.559 100 1 0 0
 855 4170.759 996.522 16 -13 1.170 3.119 3.991718 3.119 100 1 0 0
 856 4175.243 1159.735 16 -13 1.560 1.949 3.206139 1.949 100 1 0 0
 857 4175.439 994.962 16 -13 1.950 1.559 3.519297 1.950 100 1 0 0
 858 4184.799 994.572 16 -13 1.950 1.559 2.777859 1.950 100 1 0 0
 859 4185.189 1301.888 16 -13 1.170 1.559 2.150947 1.559 100 1 0 0
 860 4188.894 1159.735 16 -13 0.780 1.169 1.518070 1.169 100 1 0 0
 861 4189.089 998.667 16 -13 1.170 1.169 1.696420 1.170 100 1 0 0
 862 4189.868 1288.628 16 -13 1.170 0.779 1.457228 1.170 100 1 0 0
 863 4195.135 998.472 16 -13 0.780 0.779 1.305719 0.780 100 1 0 0
 864 4198.060 1299.938 16 -13 1.170 1.559 2.142596 1.559 100 1 0 0
 865 4199.815 1162.270 16 -13 0.780 0.779 1.325403 0.780 100 1 0 0
 866 4200.205 1024.016 16 -13 1.560 1.169 2.125894 1.560 100 1 0 0
 867 4200.400 1016.022 16 -13 1.170 0.779 1.488842 1.170 100 1 0 0
 868 4203.520 1162.855 16 -13 1.170 1.949 2.150350 1.949 100 1 0 0
 869 4204.300 994.962 16 -13 1.950 1.559 3.167367 1.950 100 1 0 0
 870 4213.075 998.277 16 -13 0.780 1.169 1.563403 1.169 100 1 0 0
 871 4216.000 1158.175 16 -13 1.170 1.169 1.981543 1.170 100 1 0 0
 872 4216.195 1027.915 16 -13 0.780 1.169 1.539543 1.169 100 1 0 0
 873 4219.900 996.132 16 -13 1.170 1.559 2.040596 1.559 100 1 0 0
 874 4224.190 1495.131 16 -13 1.170 1.169 1.903403 1.170 100 1 0 0
 875 4227.505 1300.913 16 -13 0.780 1.169 1.590842 1.169 100 1 0 0
 876 4227.505 1020.116 16 -13 0.780 0.389 1.011649 0.780 100 1 0 0
 877 4231.990 1162.465 16 -13 1.170 1.169 1.935017 1.170 100 1 0 0
 878 4235.110 1003.347 16 -13 0.390 0.389 0.754561 0.390 100 1 0 0
 879 4247.785 999.252 16 -13 0.780 0.779 1.265157 0.780 100 1 0 0
 880 4248.370 1028.111 16 -13 1.170 0.779 1.411894 1.170 100 1 0 0
 881 4255.585 992.037 16 -13 0.780 0.389 1.002701 0.780 100 1 0 0
 882 4258.705 1162.660 16 -13 0.780 0.779 1.330175 0.780 100 1 0 0
 883 4259.290 1305.008 16 -13 1.170 0.779 1.688666 1.170 100 1 0 0
 884 4263.580 1498.641 16 -13 1.170 1.169 2.152736 1.170 100 1 0 0
 885 4263.775 995.742 16 -13 0.780 0.779 1.330175 0.780 100 1 0 0
 886 4278.595 1495.911 16 -13 0.780 1.169 0.963930 1.169 100 1 0 0
 887 4428.550 1309.493 16 -13 0.390 1.169 1.241894 1.169 100 1 0 0
 888 4587.281 984.237 16 -13 1.170 0.389 0.612000 1.170 100 1 0 0
 889 4590.986 1020.896 16 -13 1.560 1.169 1.886105 1.560 100 1 0 0
 890 4605.026 1021.871 16 -13 1.560 2.339 3.834841 2.339 100 1 0 0
 891 4704.086 983.262 16 -13 2.340 3.119 4.649648 3.119 100 1 0 0
 892 4725.146 1018.362 16 -13 7.020 7.019 22.855150 7.020 100 1 0 0
 893 4725.146 1006.077 16 -13 7.020 12.089 27.241150 12.089 100 1 0 0
 894 291.340 1754.751 -15 -13 3.510 1.559 2.087719 3.510 100 1 0 0
 895 4725.765 247.597 16 -13 0.780 1.559 0.936491 1.559 100 1 0 0
 896 4630.215 243.307 16 -13 0.780 1.559 0.942456 1.559 100 1 0 0
 897 4446.720 469.310 16 -13 0.390 0.389 0.512386 0.390 100 1 0 0
 898 4392.899 687.122 16 -13 0.390 0.779 0.480772 0.779 100 1 0 0
 899 4392.899 422.120 16 -13 0.390 0.389 0.410386 0.390 100 1 0 0
 900 4387.829 422.120 16 -13 0.390 0.389 0.430667 0.390 100 1 0 0
 901 4373.204 422.120 16 -13 0.780 0.389 0.583368 0.780 100 1 0 0
 902 4295.594 461.705 16 -13 1.560 1.559 2.880455 1.560 100 1 0 0
 903 4281.164 806.656 16 -13 0.780 1.169 1.645719 1.169 100 1 0 0
 904 4272.779 799.051 16 -13 1.170 0.779 1.534175 1.170 100 1 0 0
 905 4272.974 418.025 16 -13 0.780 0.779 1.342105 0.780 100 1 0 0
 906 4269.074 798.856 16 -13 0.780 0.389 0.980631 0.780 100 1 0 0
 907 4268.489 459.170 16 -13 1.170 1.169 1.926070 1.170 100 1 0 0
 908 4268.294 807.241 16 -13 0.780 0.779 1.290807 0.780 100 1 0 0
 909 4268.294 418.025 16 -13 0.780 0.779 1.253228 0.780 100 1 0 0
 910 4264.979 810.556 16 -13 1.170 1.169 1.927263 1.170 100 1 0 0
 911 4264.979 429.140 16 -13 1.170 0.389 1.314070 1.170 100 1 0 0
 912 4264.589 462.875 16 -13 1.170 0.779 1.488245 1.170 100 1 0 0
 913 4260.689 802.366 16 -13 1.170 1.169 1.587859 1.170 100 1 0 0
 914 4260.689 472.625 16 -13 1.170 0.779 1.617087 1.170 100 1 0 0
 915 4260.494 466.970 16 -13 0.780 1.169 1.538350 1.169 100 1 0 0
 916 4260.689 414.515 16 -13 0.390 0.779 0.801684 0.779 100 1 0 0
 917 4252.694 476.720 16 -13 1.560 1.169 2.370455 1.560 100 1 0 0
 918 4249.379 476.915 16 -13 1.170 0.779 1.648701 1.170 100 1 0 0
 919 4249.184 421.535 16 -13 1.560 1.559 2.759367 1.560 100 1 0 0
 920 4244.699 476.525 16 -13 1.170 1.559 2.347192 1.559 100 1 0 0
 921 4241.579 472.625 16 -13 1.950 1.559 2.794560 1.950 100 1 0 0
 922 4241.189 425.435 16 -13 1.170 0.779 1.595017 1.170 100 1 0 0
 923 4236.899 799.051 16 -13 1.170 0.779 1.532982 1.170 100 1 0 0
 924 4236.899 476.720 16 -13 1.170 1.169 2.144385 1.170 100 1 0 0
 925 4234.754 472.430 16 -13 5.460 1.949 5.660103 5.460 100 1 0 0
 926 4237.094 425.630 16 -13 0.780 1.169 1.526421 1.169 100 1 0 0
 927 4236.704 807.241 16 -13 0.780 0.779 1.311684 0.780 100 1 0 0
 928 4233.389 807.046 16 -13 1.170 1.169 2.025684 1.170 100 1 0 0
 929 4233.389 459.365 16 -13 1.170 0.779 1.748912 1.170 100 1 0 0
 930 4229.294 803.146 16 -13 0.780 0.389 1.027754 0.780 100 1 0 0
 931 4229.099 472.430 16 -13 1.170 1.169 2.033438 1.170 100 1 0 0
 932 4229.489 455.660 16 -13 0.390 0.389 0.731894 0.390 100 1 0 0
 933 4225.784 421.535 16 -13 0.780 1.559 1.730420 1.559 100 1 0 0
 934 4222.079 806.851 16 -13 1.170 0.779 0.604842 1.170 100 1 0 0
 935 4221.104 425.825 16 -13 0.780 0.779 1.166140 0.780 100 1 0 0
 936 4217.594 421.730 16 -13 0.780 1.169 1.687473 1.169 100 1 0 0
 937 4213.109 425.825 16 -13 1.170 0.779 1.597999 1.170 100 1 0 0
 938 4209.599 459.560 16 -13 1.950 1.949 3.437578 1.950 100 1 0 0
 939 4209.794 421.535 16 -13 1.560 1.559 2.967543 1.560 100 1 0 0
 940 4205.309 425.630 16 -13 1.170 1.169 2.003613 1.170 100 1 0 0
 941 4205.309 421.730 16 -13 1.170 1.169 2.124105 1.170 100 1 0 0
 942 4201.604 421.535 16 -13 2.340 1.559 3.305753 2.340 100 1 0 0
 943 4201.214 459.950 16 -13 1.560 1.169 1.951122 1.560 100 1 0 0
 944 4197.704 425.630 16 -13 0.780 1.169 1.694631 1.169 100 1 0 0
 945 4186.783 420.755 16 -13 2.340 1.559 2.617403 2.340 100 1 0 0
 946 4185.614 807.631 16 -13 0.780 0.779 1.268140 0.780 100 1 0 0
 947 4181.519 424.655 16 -13 1.950 1.559 2.662139 1.950 100 1 0 0
 948 4178.594 459.170 16 -13 3.900 2.729 4.178420 3.900 100 1 0 0
 949 4177.814 428.555 16 -13 0.780 0.779 0.690140 0.780 100 1 0 0
 950 4176.644 420.755 16 -13 1.560 0.779 2.077578 1.560 100 1 0 0
 951 4170.794 432.845 16 -13 0.780 0.779 1.267543 0.780 100 1 0 0
 952 4169.819 420.950 16 -13 1.950 1.169 2.836315 1.950 100 1 0 0
 953 4164.554 422.705 16 -13 0.780 0.779 1.289017 0.780 100 1 0 0
 954 3852.358 330.471 16 -13 0.390 0.389 0.303614 0.390 100 1 0 0
 955 3851.578 350.361 16 -13 1.170 0.389 0.553544 1.170 100 1 0 0
 956 3851.188 386.631 16 -13 1.170 0.389 0.520737 1.170 100 1 0 0
 957 3807.508 335.736 16 -13 0.390 0.779 0.444982 0.779 100 1 0 0
 958 3795.028 558.619 16 -13 0.390 0.389 0.416351 0.390 100 1 0 0
 959 3404.053 449.420 -15 -13 0.780 0.389 0.919193 0.780 0 1 0 0
 960 695.301 429.140 -15 -13 0.390 1.169 0.666877 1.169 100 1 0 0
 961 615.741 577.143 -15 -13 4.290 7.019 6.224384 7.019 100 1 0 0
 962 614.571 588.063 -15 -13 1.950 2.339 3.243718 2.339 100 1 0 0
 963 361.460 662.747 -15 -13 2.730 5.849 9.660769 5.849 100 1 0 0
 964 361.460 653.582 -15 -13 2.730 7.019 11.471715 7.019 100 1 0 0
 965 260.644 560.959 -15 -13 4.680 1.949 5.265226 4.680 100 1 0 0
 966 260.644 557.059 -15 -13 4.680 1.949 4.401507 4.680 100 1 0 0
 967 260.644 551.404 -15 -13 4.680 5.459 9.944698 5.459 100 1 0 0
 968 254.015 560.959 -15 -13 4.680 1.949 5.219893 4.680 100 1 0 0
 969 254.015 549.649 -15 -13 4.680 1.949 4.275051 4.680 100 1 0 0
 970 247.385 560.959 -15 -13 4.680 1.949 5.076735 4.680 100 1 0 0
 971 247.385 549.649 -15 -13 4.680 1.949 4.258946 4.680 100 1 0 0
 972 240.755 560.959 -15 -13 4.680 1.949 5.170981 4.680 100 1 0 0
 973 240.755 557.059 -15 -13 4.680 1.949 5.111928 4.680 100 1 0 0
 974 240.755 551.404 -15 -13 4.680 5.459 9.956628 5.459 100 1 0 0
 975 4595.471 979.947 16 -13 0.390 0.389 0.456912 0.390 100 1 0 0
 976 3325.433 3338.265 -14 -14 0.780 0.779 0.432456 0.780 0 1 0 0
 977 860.627 1858.141 -14 -14 0.780 0.779 0.711017 0.780 0 1 0 0
 978 4189.481 1948.815 -14 -14 0.390 0.389 0.684175 0.390 0 1 0 0
 979 4443.175 2191.977 15 -14 0.780 0.779 0.558912 0.780 0 1 0 0
 980 4222.079 1158.361 15 -14 0.390 0.389 0.541614 0.390 0 1 0 0
 981 4221.495 1491.222 -14 -14 0.780 0.779 0.970491 0.780 0 1 0 0
 982 3442.858 1172.986 -14 -14 0.390 0.779 0.350140 0.779 0 1 0 0
 983 2409.745 1324.499 -14 -14 2.730 5.069 6.870384 5.069 0 1 0 0
 984 2409.550 1208.670 -14 -14 2.340 3.509 5.417928 3.509 80 1 0 0
 985 3354.488 449.522 -14 -14 0.390 0.389 0.280351 0.390 0 1 0 0
 986 4443.990 2017.321 1 -15 1.950 1.559 1.411894 1.950 0 1 0 0
 987 4216.425 1949.072 -13 -15 0.780 0.779 0.928737 0.780 0 1 0 0
 988 4176.840 2056.126 -13 -15 0.390 0.389 0.218316 0.390 0 1 0 0
 989 2377.341 1529.600 -13 -15 0.780 0.389 0.354316 0.780 0 1 0 0
 990 2412.441 1195.569 -13 -15 1.560 1.559 2.039999 1.560 0 1 0 0
 991 3441.263 1138.824 14 -15 0.780 0.389 0.212351 0.780 80 1 0 0
 992 1769.949 838.659 -13 -15 0.780 0.389 0.750386 0.780 0 1 0 0
 993 823.577 3503.258 -13 -16 0.780 0.779 0.747403 0.780 0 1 0 0
 994 2983.012 3504.233 -13 -16 0.780 1.169 0.824351 1.169 0 1 0 0
 995 3195.953 3363.444 -13 -16 0.780 0.389 0.700877 0.780 0 1 0 0
 996 2500.775 3487.268 14 -16 0.390 0.779 0.340596 0.779 0 1 0 0
 997 794.327 1806.171 -13 -16 0.780 0.779 0.712210 0.780 100 1 0 0
 998 1109.838 1873.836 -13 -16 0.780 0.389 0.474807 0.780 100 1 0 0
 999 4280.546 1947.155 -13 -16 0.780 0.389 0.343579 0.780 0 1 0 0
 1000 4179.145 1948.520 14 -16 0.780 0.779 1.229368 0.780 0 1 0 0
 1001 3409.512 1109.636 14 -16 0.780 1.169 1.046245 1.169 0 1 0 0
 1002 1174.222 1309.703 -13 -16 0.390 0.389 0.431263 0.390 100 1 0 0
 1003 1079.452 1163.455 -13 -16 0.390 0.389 0.403228 0.390 100 1 0 0
 1004 1052.542 1158.580 -13 -16 0.390 0.779 0.659123 0.779 100 1 0 0
 1005 895.176 1118.996 -13 -16 0.780 0.389 0.389509 0.780 100 1 0 0
 1006 609.501 1524.396 -13 -16 1.170 0.779 1.093368 1.170 100 1 0 0
 1007 239.160 558.425 -13 -16 4.290 5.459 9.469295 5.459 100 1 0 0
 1008 239.160 552.770 -13 -16 4.290 1.949 5.053472 4.290 100 1 0 0
 1009 239.160 549.065 -13 -16 4.290 1.559 4.323367 4.290 100 1 0 0
 1010 245.595 560.375 -13 -16 4.680 1.559 4.877507 4.680 100 1 0 0
 1011 244.035 556.670 -13 -16 1.560 1.949 2.112771 1.949 100 1 0 0
 1012 244.035 551.015 -13 -16 1.560 5.459 4.199297 5.459 100 1 0 0
 1013 247.350 556.670 -13 -16 1.170 1.949 2.091298 1.949 100 1 0 0
 1014 247.350 552.770 -13 -16 1.170 1.949 2.136034 1.949 100 1 0 0
 1015 247.350 549.065 -13 -16 1.170 1.559 2.011964 1.559 100 1 0 0
 1016 252.225 560.375 -13 -16 4.680 1.559 4.903753 4.680 100 1 0 0
 1017 250.665 556.670 -13 -16 1.560 1.949 2.164069 1.949 100 1 0 0
 1018 250.665 552.770 -13 -16 1.560 1.949 2.135438 1.949 100 1 0 0
 1019 250.665 549.065 -13 -16 1.560 1.559 2.061473 1.560 100 1 0 0
 1020 253.980 556.670 -13 -16 1.170 1.949 2.001824 1.949 100 1 0 0
 1021 253.980 552.770 -13 -16 1.170 1.949 2.053719 1.949 100 1 0 0
 1022 253.980 549.065 -13 -16 1.170 1.559 2.013754 1.559 100 1 0 0
 1023 258.855 558.425 -13 -16 4.680 5.459 9.539085 5.459 100 1 0 0
 1024 258.855 552.770 -13 -16 4.680 1.949 5.168595 4.680 100 1 0 0
 1025 258.855 549.065 -13 -16 4.680 1.559 4.390770 4.680 100 1 0 0
 1026 613.756 579.095 -13 -16 2.340 1.559 3.375543 2.340 100 1 0 0
 1027 933.167 497.976 -13 -16 0.780 0.779 1.078456 0.780 100 1 0 0
 1028 1545.274 558.230 -13 -16 0.390 0.389 0.317333 0.390 100 1 0 0
 1029 3344.348 447.472 14 -16 0.390 0.389 0.627509 0.390 80 1 0 0
 1030 3787.974 589.820 14 -16 0.780 1.169 0.924561 1.169 0 1 0 0
 1031 2989.677 3500.972 -12 -17 1.170 0.779 1.097543 1.170 0 1 0 0
 1032 1982.109 3382.608 -12 -17 0.780 0.389 0.621544 0.780 0 1 0 0
 1033 4190.880 1950.436 -12 -17 1.170 1.169 1.762034 1.170 0 1 0 0
 1034 4188.734 2052.615 -12 -17 0.780 0.389 0.478386 0.780 0 1 0 0
 1035 4186.005 1956.286 -12 -17 0.780 0.389 0.431263 0.780 0 1 0 0
 1036 1214.358 1106.319 -12 -17 0.780 0.389 0.422912 0.780 0 1 0 0
 1037 2409.126 1196.408 -12 -17 0.390 0.389 0.245754 0.390 0 1 0 0
 1038 2494.536 1015.060 -12 -17 0.390 0.389 0.204596 0.390 0 1 0 0
 1039 3429.758 1107.879 -12 -17 1.170 1.169 1.195368 1.170 0 1 0 0
 1040 3440.288 1175.933 13 -17 1.170 0.779 0.533263 1.170 0 1 0 0
 1041 3839.294 384.561 -12 -17 0.780 0.389 0.828526 0.780 0 1 0 0
 1042 2072.199 791.521 -12 -17 0.780 0.779 0.510000 0.780 0 1 0 0
 1043 1683.173 417.321 -12 -17 0.390 0.389 0.536245 0.390 0 1 0 0
 1044 931.836 492.785 -12 -17 0.780 0.779 0.886386 0.780 0 1 0 0
 1045 439.460 480.500 -12 -17 0.390 0.389 0.313158 0.390 0 1 0 0
 1046 4200.011 3397.286 -11 -18 1.170 0.779 0.794526 1.170 80 1 0 0
 1047 4170.176 1956.199 -11 -18 0.780 0.389 0.599473 0.780 100 1 0 0
 1048 4175.636 2054.282 -11 -18 1.560 3.119 1.179263 3.119 100 1 0 0
 1049 4188.310 2057.597 -11 -18 1.170 0.389 0.546386 1.170 100 1 0 0
 1050 4211.126 2158.021 -11 -18 1.560 0.779 1.435157 1.560 100 1 0 0
 1051 4220.681 1954.249 -11 -18 0.390 1.169 1.053403 1.169 100 1 0 0
 1052 4227.311 1950.349 -11 -18 1.170 1.169 1.099929 1.170 100 1 0 0
 1053 4241.351 2169.331 -11 -18 0.390 0.779 0.447965 0.779 100 1 0 0
 1054 4250.906 1948.399 -11 -18 0.780 0.389 0.384140 0.780 100 1 0 0
 1055 4268.261 1958.539 -11 -18 0.390 0.389 0.320316 0.390 100 1 0 0
 1056 4277.231 2155.876 -11 -18 0.390 0.389 0.238596 0.390 100 1 0 0
 1057 4293.611 1957.369 -11 -18 0.390 0.389 0.351333 0.390 100 1 0 0
 1058 4738.798 1965.168 -11 -18 0.780 1.169 1.021789 1.169 100 1 0 0
 1059 4276.290 994.137 12 -18 0.390 0.389 0.406210 0.390 0 1 0 0
 1060 4197.705 1287.608 12 -18 0.780 0.779 0.499859 0.780 0 1 0 0
 1061 3431.158 1084.421 12 -18 1.170 0.779 0.659123 1.170 0 1 0 0
 1062 2485.210 999.597 12 -18 0.780 0.389 0.347754 0.780 0 1 0 0
 1063 2410.135 1297.943 12 -18 0.390 0.389 0.314947 0.390 0 1 0 0
 1064 4276.486 1499.571 -11 -18 0.780 1.169 1.191789 1.169 100 1 0 0
 1065 4230.661 1295.603 -11 -18 0.390 0.389 0.308386 0.390 100 1 0 0
 1066 4220.911 1155.595 -11 -18 0.390 0.389 0.320316 0.390 100 1 0 0
 1067 2223.131 1122.055 -11 -18 1.560 1.169 1.867613 1.560 100 1 0 0
 1068 1260.998 1100.996 -11 -18 0.780 0.389 0.609614 0.780 100 1 0 0
 1069 1179.683 1488.066 -11 -18 0.390 0.779 0.440210 0.779 100 1 0 0
 1070 766.672 1066.286 -11 -18 1.170 0.389 0.656140 1.170 100 1 0 0
 1071 239.161 556.462 -11 -18 4.290 1.949 3.966665 4.290 100 1 0 0
 1072 237.796 559.972 -11 -18 0.780 1.169 1.021193 1.169 100 1 0 0
 1073 239.356 552.562 -11 -18 3.900 1.949 3.745964 3.900 100 1 0 0
 1074 237.601 548.857 -11 -18 0.390 0.779 0.754561 0.779 100 1 0 0
 1075 240.721 559.972 -11 -18 1.170 1.169 1.567578 1.170 100 1 0 0
 1076 240.916 548.857 -11 -18 0.780 0.779 1.153614 0.780 100 1 0 0
 1077 245.596 560.167 -11 -18 4.680 1.559 3.985157 4.680 100 1 0 0
 1078 244.231 556.462 -11 -18 1.170 1.949 1.863438 1.949 100 1 0 0
 1079 244.036 552.562 -11 -18 0.780 1.949 1.541929 1.949 100 1 0 0
 1080 244.036 549.052 -11 -18 0.780 1.169 1.448877 1.169 100 1 0 0
 1081 247.351 556.267 -11 -18 1.170 1.559 1.726842 1.559 100 1 0 0
 1082 247.351 552.562 -11 -18 1.170 1.949 1.867613 1.949 100 1 0 0
 1083 247.351 549.052 -11 -18 1.170 1.169 1.567578 1.170 100 1 0 0
 1084 250.666 559.972 -11 -18 1.560 1.169 1.914140 1.560 100 1 0 0
 1085 250.666 556.267 -11 -18 1.560 1.559 1.922491 1.560 100 1 0 0
 1086 250.666 552.562 -11 -18 1.560 1.949 1.964245 1.949 100 1 0 0
 1087 253.786 559.972 -11 -18 0.780 1.169 1.098140 1.169 100 1 0 0
 1088 253.981 556.462 -11 -18 1.170 1.949 1.904596 1.949 100 1 0 0
 1089 253.981 552.562 -11 -18 1.170 1.949 1.926070 1.949 100 1 0 0
 1090 253.981 548.857 -11 -18 1.170 1.559 1.853298 1.559 100 1 0 0
 1091 258.661 559.972 -11 -18 4.290 1.169 2.582806 4.290 100 1 0 0
 1092 257.296 556.072 -11 -18 1.560 1.169 1.708947 1.560 100 1 0 0
 1093 258.661 552.562 -11 -18 4.290 1.949 4.101472 4.290 100 1 0 0
 1094 257.296 548.857 -11 -18 0.780 0.779 0.926947 0.780 100 1 0 0
 1095 260.416 556.462 -11 -18 0.780 1.169 1.482280 1.169 100 1 0 0
 1096 260.611 549.052 -11 -18 0.390 0.389 0.517158 0.390 100 1 0 0
 1097 612.587 579.861 -11 -18 1.560 1.169 1.457824 1.560 100 1 0 0
 1098 931.998 487.043 -11 -18 2.340 2.729 4.340665 2.729 100 1 0 0
 1099 1531.819 730.595 -11 -18 1.560 1.559 0.940070 1.560 100 1 0 0
 1100 1870.340 379.989 -11 -18 0.780 0.779 0.665684 0.780 100 1 0 0
 1101 4174.855 420.938 12 -18 0.780 0.779 0.974666 0.780 0 1 0 0
 1102 4208.200 421.328 12 -18 1.170 0.779 1.428596 1.170 0 1 0 0
 1103 4264.360 471.638 12 -18 1.170 0.779 1.217438 1.170 0 1 0 0
 1104 4432.061 467.153 12 -18 0.390 0.389 0.549965 0.390 0 1 0 0
 1105 3514.229 3402.939 -10 -19 0.390 0.389 0.295860 0.390 0 1 0 0
 1106 2493.596 3496.927 -10 -19 0.390 0.389 0.212947 0.390 0 1 0 0
 1107 2409.551 3510.967 -10 -19 0.780 0.389 0.228456 0.780 0 1 0 0
 1108 1786.719 3347.364 -10 -19 0.780 0.779 0.712807 0.780 80 1 0 0
 1109 4380.225 1801.828 11 -19 0.780 1.559 1.350456 1.559 100 1 0 0
 1110 4233.000 1947.881 11 -19 0.390 0.389 0.313158 0.390 100 1 0 0
 1111 4433.461 2192.408 -10 -19 0.390 0.389 0.351333 0.390 100 1 0 0
 1112 4426.246 2200.208 -10 -19 1.560 0.389 0.368631 1.560 100 1 0 0
 1113 4393.291 1822.693 -10 -19 0.390 0.389 0.242175 0.390 100 1 0 0
 1114 4285.456 1946.126 -10 -19 2.340 1.559 2.737894 2.340 100 1 0 0
 1115 4266.736 2166.473 -10 -19 0.780 0.779 0.446772 0.780 100 1 0 0
 1116 4211.161 2158.284 -10 -19 0.390 0.779 0.319123 0.779 100 1 0 0
 1117 4190.295 1952.561 -10 -19 0.780 0.389 0.771263 0.780 100 1 0 0
 1118 4177.230 2054.935 -10 -19 1.170 1.559 1.605754 1.559 100 1 0 0
 1119 818.312 1143.563 -10 -19 0.390 0.389 0.226070 0.390 100 1 0 0
 1120 827.087 1090.914 -10 -19 0.780 0.389 0.388316 0.780 100 1 0 0
 1121 1131.483 1112.559 -10 -19 1.170 0.779 0.614982 1.170 100 1 0 0
 1122 1205.973 1245.547 -10 -19 0.390 0.779 0.396667 0.779 100 1 0 0
 1123 1261.159 1246.717 -10 -19 0.780 0.779 0.474210 0.780 100 1 0 0
 1124 2202.816 1134.983 -10 -19 1.170 0.389 0.445579 1.170 100 1 0 0
 1125 2241.621 1121.529 -10 -19 0.780 0.779 0.746210 0.780 100 1 0 0
 1126 2272.236 1135.178 -10 -19 1.170 0.779 1.041473 1.170 100 1 0 0
 1127 4191.431 1301.316 -10 -19 0.390 0.779 0.553544 0.779 100 1 0 0
 1128 4381.556 1308.336 -10 -19 0.780 0.779 0.721754 0.780 100 1 0 0
 1129 3407.528 1084.674 11 -19 1.170 1.169 1.697017 1.170 100 1 0 0
 1130 4244.470 1287.666 11 -19 1.170 0.779 1.010456 1.170 100 1 0 0
 1131 4244.275 1153.313 11 -19 0.780 1.169 1.139894 1.169 100 1 0 0
 1132 4270.795 1023.445 11 -19 0.780 1.169 1.382666 1.169 100 1 0 0
 1133 4356.401 1309.311 11 -19 0.390 0.389 0.638245 0.390 100 1 0 0
 1134 4428.941 1502.359 11 -19 0.390 0.389 0.556526 0.390 100 1 0 0
 1135 4720.696 467.485 11 -19 0.780 0.779 0.782000 0.780 100 1 0 0
 1136 4448.865 457.930 11 -19 0.780 0.389 0.519544 0.780 100 1 0 0
 1137 4445.940 416.396 11 -19 1.170 0.779 1.395789 1.170 100 1 0 0
 1138 4386.075 411.716 11 -19 0.780 0.779 1.280070 0.780 100 1 0 0
 1139 4371.450 419.906 11 -19 0.390 0.779 1.021789 0.779 100 1 0 0
 1140 4303.980 426.926 11 -19 1.170 1.559 2.092491 1.559 100 1 0 0
 1141 4272.975 454.420 11 -19 1.560 1.169 2.411017 1.560 100 1 0 0
 1142 4269.075 416.786 11 -19 0.780 0.779 1.323017 0.780 100 1 0 0
 1143 4265.175 475.675 11 -19 1.560 1.559 2.417578 1.560 100 1 0 0
 1144 4260.105 809.316 11 -19 0.780 1.169 1.102912 1.169 100 1 0 0
 1145 4257.375 798.201 11 -19 0.780 0.779 1.309894 0.780 100 1 0 0
 1146 4230.270 471.190 11 -19 1.170 1.169 1.355824 1.170 100 1 0 0
 1147 4209.990 420.881 11 -19 1.950 1.169 2.718210 1.950 100 1 0 0
 1148 4206.480 451.690 11 -19 0.390 0.389 0.549965 0.390 100 1 0 0
 1149 4201.800 432.776 11 -19 0.390 0.779 0.980631 0.779 100 1 0 0
 1150 4200.240 459.295 11 -19 1.950 1.559 2.875087 1.950 100 1 0 0
 1151 3852.359 402.161 11 -19 0.390 1.169 0.768877 1.169 100 1 0 0
 1152 3845.339 348.342 11 -19 0.390 0.389 0.557123 0.390 100 1 0 0
 1153 3799.709 319.677 11 -19 0.390 0.779 1.022982 0.779 100 1 0 0
 1154 3367.783 448.181 11 -19 1.560 1.169 2.171227 1.560 100 1 0 0
 1155 2294.111 390.266 -10 -19 0.780 0.779 0.873859 0.780 100 1 0 0
 1156 1934.920 358.287 -10 -19 0.780 0.779 0.884000 0.780 100 1 0 0
 1157 1749.864 742.237 -10 -19 0.390 0.389 0.510596 0.390 100 1 0 0
 1158 1678.104 428.291 -10 -19 1.170 0.389 0.619754 1.170 100 1 0 0
 1159 1557.984 531.250 -10 -19 0.390 0.389 0.290491 0.390 100 1 0 0
 1160 1553.304 704.407 -10 -19 0.390 0.389 0.397263 0.390 100 1 0 0
 1161 1529.319 726.052 -10 -19 0.780 0.779 0.481965 0.780 100 1 0 0
 1162 1027.582 891.995 -10 -19 1.950 1.169 1.572947 1.950 100 1 0 0
 1163 262.010 560.109 -10 -19 1.170 1.169 1.337333 1.170 100 1 0 0
 1164 252.065 552.699 -10 -19 0.780 1.169 1.138701 1.169 100 1 0 0
 1165 245.630 548.994 -10 -19 0.390 0.779 0.754561 0.779 100 1 0 0
 1166 4180.121 1947.466 -8 -20 0.390 0.389 0.272000 0.390 100 1 0 0
 1167 4193.770 2058.225 -8 -20 1.170 0.389 0.905473 1.170 100 1 0 0
 1168 4234.916 1958.191 -8 -20 0.780 0.779 0.415754 0.780 100 1 0 0
 1169 4238.231 2150.264 -8 -20 0.390 0.389 0.318526 0.390 100 1 0 0
 1170 4298.876 2171.323 -8 -20 0.780 0.389 0.461684 0.780 100 1 0 0
 1171 4446.881 1823.838 -8 -20 0.390 0.389 0.555930 0.390 100 1 0 0
 1172 4214.864 1490.849 9 -20 0.780 0.779 0.766491 0.780 0 1 0 0
 1173 2407.794 1322.176 9 -20 0.390 0.389 0.228456 0.390 0 1 0 0
 1174 4209.600 993.410 -8 -20 1.170 0.389 0.517754 1.170 100 1 0 0
 1175 1173.832 1100.464 -8 -20 0.390 0.779 0.632280 0.779 0 1 0 0
 1176 2869.522 541.099 -8 -20 0.780 0.389 0.736666 0.780 100 1 0 0
 1177 2970.923 536.809 -8 -20 0.780 0.389 0.410982 0.780 100 1 0 0
 1178 3398.559 448.671 -8 -20 1.170 1.169 1.323614 1.170 100 1 0 0
 1179 2957.111 3479.223 8 -21 0.780 0.389 0.365053 0.780 0 1 0 0
 1180 2520.505 3481.173 8 -21 1.170 0.389 0.560702 1.170 0 1 0 0
 1181 2519.725 3492.678 8 -21 0.390 0.779 0.582175 0.779 0 1 0 0
 1182 3650.729 3367.099 -7 -21 1.170 1.559 1.457824 1.559 0 1 0 0
 1183 2990.847 3502.428 -7 -21 0.390 0.779 0.304807 0.779 0 1 0 0
 1184 2130.700 3464.208 -7 -21 0.780 0.779 0.816000 0.780 0 1 0 0
 1185 4206.869 2148.419 6 -21 0.390 0.779 0.416947 0.779 80 1 0 0
 1186 4283.310 1956.931 -7 -21 0.390 0.779 0.575614 0.779 0 1 0 0
 1187 776.972 1091.110 -7 -21 0.390 0.389 0.242772 0.390 0 1 0 0
 1188 780.287 1066.930 -7 -21 0.780 1.169 1.126772 1.169 0 1 0 0
 1189 2500.971 1011.161 -7 -21 0.780 0.389 0.337614 0.780 0 1 0 0
 1190 4221.461 1498.070 -7 -21 0.390 0.779 0.600070 0.779 0 1 0 0
 1191 4250.321 1161.504 -7 -21 0.390 0.779 0.291684 0.779 0 1 0 0
 1192 4695.897 983.861 -7 -21 0.780 0.389 0.569052 0.780 0 1 0 0
 1193 4728.462 1506.065 -7 -21 0.390 0.389 0.416351 0.390 0 1 0 0
 1194 947.791 1119.580 8 -21 0.390 0.389 0.272000 0.390 0 1 0 0
 1195 4215.220 993.611 8 -21 0.390 0.389 0.359088 0.390 0 1 0 0
 1196 258.660 1087.795 7 -21 0.390 0.779 0.547579 0.779 0 1 0 0
 1197 1948.569 626.916 5 -21 0.780 0.779 0.569052 0.780 0 1 0 0
 1198 1681.223 469.553 7 -21 0.390 0.389 0.470631 0.390 0 1 0 0
 1199 4335.179 591.427 8 -21 0.390 0.779 0.357895 0.779 0 1 0 0
 1200 4241.579 459.413 8 -21 0.390 0.389 0.409789 0.390 0 1 0 0
 1201 1932.773 843.364 8 -21 0.390 0.779 0.378175 0.779 0 1 0 0
 1202 3802.049 558.082 -7 -21 0.390 0.389 0.297053 0.390 0 1 0 0
 1203 3761.489 769.850 -7 -21 0.390 0.389 0.321509 0.390 0 1 0 0
 1204 1248.288 3495.321 -5 -22 1.560 1.169 1.108877 1.560 0 1 0 0
 1205 2992.762 3492.981 -5 -22 0.780 0.389 0.335824 0.780 80 1 0 0
 1206 3752.484 3333.863 -5 -22 0.780 0.389 0.275579 0.780 0 1 0 0
 1207 4650.267 3577.220 -5 -22 0.780 0.389 0.506421 0.780 0 1 0 0
 1208 1743.784 3359.993 5 -22 0.390 0.389 0.469438 0.390 0 1 0 0
 1209 2503.896 3480.501 5 -22 0.390 0.389 0.200421 0.390 0 1 0 0
 1210 1415.403 3395.872 6 -22 0.390 0.389 0.462877 0.390 0 1 0 0
 1211 2201.840 3493.956 6 -22 0.780 0.779 0.731894 0.780 0 1 0 0
 1212 2309.675 3845.927 6 -22 1.170 1.169 0.711017 1.170 0 1 0 0;
TiffFileName 195J64_195J64-@14_3039M4DM.001_00019.jpg;
DefectList
 1213 4631.936 3577.220 6 -22 0.780 0.389 0.629895 0.780 100 1 1 1 1 106
 1214 4414.935 2774.520 6 -22 0.780 0.389 0.631088 0.780 100 1 0 0
 1215 4232.219 2587.712 6 -22 0.390 0.389 0.248737 0.390 100 1 0 0
 1216 923.027 1802.671 0 -22 0.780 0.389 0.486737 0.780 0 1 0 0
 1217 4186.751 1959.839 -3 -22 0.390 0.389 0.278561 0.390 0 1 0 0
 1218 4177.194 2052.463 -5 -22 0.780 0.779 0.459895 0.780 100 1 0 0
 1219 4198.060 1950.869 -5 -22 0.390 0.389 0.283333 0.390 100 1 0 0
 1220 4209.760 1955.939 -5 -22 0.390 0.389 0.202210 0.390 100 1 0 0
 1221 4625.501 2038.618 -5 -22 0.390 0.389 0.215333 0.390 100 1 0 0
 1222 1646.478 1820.026 6 -22 0.780 0.779 0.710421 0.780 0 1 0 0
 1223 4251.490 2156.007 6 -22 0.390 0.389 0.271403 0.390 100 1 0 0
 1224 4267.870 1946.189 6 -22 0.390 0.389 0.419333 0.390 100 1 0 0
 1225 4339.630 1957.889 6 -22 0.390 0.389 0.719965 0.390 100 1 0 0
 1226 4441.810 1831.531 6 -22 0.390 0.389 0.318526 0.390 100 1 0 0
 1227 1082.342 2064.748 5 -22 0.390 0.389 0.507017 0.390 0 1 0 0
 1228 4216.000 2151.717 4 -22 0.390 0.389 0.224281 0.390 0 1 0 0
 1229 4416.460 1953.404 3 -22 0.390 0.779 0.458105 0.779 0 1 0 0
 1230 4351.330 1816.906 2 -22 1.170 0.779 0.680596 1.170 0 1 0 0
 1231 4425.625 1807.936 2 -22 0.780 0.779 0.671649 0.780 80 1 0 0
 1232 3406.587 1085.239 2 -22 1.170 1.169 0.923965 1.170 0 1 0 0
 1233 4209.795 1155.439 4 -22 0.780 0.389 0.319719 0.780 0 1 0 0
 1234 4201.800 1149.979 4 -22 0.390 0.389 0.521930 0.390 0 1 0 0
 1235 4381.590 1020.110 6 -22 0.390 0.389 0.317930 0.390 100 1 0 0
 1236 4277.265 1295.642 6 -22 0.780 0.779 0.796912 0.780 100 1 0 0
 1237 4216.619 997.101 6 -22 0.390 0.389 0.527895 0.390 100 1 0 0
 1238 4164.749 1493.759 6 -22 1.170 0.779 0.929930 1.170 100 1 0 0
 1239 2492.425 1016.210 6 -22 0.390 0.389 0.285719 0.390 0 1 0 0
 1240 4260.496 1170.063 -3 -22 0.780 0.779 0.718175 0.780 80 1 0 0
 1241 2489.501 1007.240 -1 -22 0.780 0.389 0.245158 0.780 80 1 0 0
 1242 4225.395 1296.422 0 -22 0.780 0.779 0.881614 0.780 0 1 0 0
 1243 4217.985 1149.784 0 -22 0.780 0.779 0.843438 0.780 80 1 0 0
 1244 4201.410 1289.402 0 -22 0.390 0.779 0.696105 0.779 0 1 0 0
 1245 4202.190 1489.080 -5 -22 0.390 0.779 0.362667 0.779 100 1 0 0
 1246 4197.705 1157.974 -5 -22 0.780 0.779 0.915017 0.780 100 1 0 0
 1247 3421.603 1104.739 -5 -22 0.780 1.169 1.019403 1.169 100 1 0 0
 1248 2265.640 1121.509 -5 -22 0.780 0.389 0.451544 0.780 100 1 0 0
 1249 1270.552 1260.737 -5 -22 1.170 1.169 0.899508 1.170 100 1 0 0
 1250 1241.887 1250.792 -5 -22 0.780 0.779 0.540421 0.780 100 1 0 0
 1251 1131.517 1119.559 -5 -22 0.780 0.389 0.371614 0.780 100 1 0 0
 1252 1052.152 1098.304 -5 -22 0.390 0.779 0.567263 0.779 100 1 0 0
 1253 877.236 1066.325 -5 -22 0.780 0.779 0.405614 0.780 100 1 0 0
 1254 856.176 1581.898 -5 -22 0.780 0.779 0.758140 0.780 100 1 0 0
 1255 439.070 1467.045 -5 -22 0.390 0.389 0.446772 0.390 100 1 0 0
 1256 3103.718 612.930 0 -22 1.170 0.389 0.537438 1.170 0 1 0 0
 1257 2693.827 393.753 -2 -22 1.170 1.169 0.869087 1.170 0 1 0 0
 1258 3810.400 589.530 -2 -22 0.390 0.389 0.309579 0.390 0 1 0 0
 1259 537.511 817.287 -5 -22 0.390 0.389 0.388912 0.390 100 1 0 0
 1260 689.806 338.568 -5 -22 0.780 0.779 0.511193 0.780 100 1 0 0
 1261 698.191 427.097 -5 -22 0.390 0.779 0.384737 0.779 100 1 0 0
 1262 731.732 358.653 -5 -22 0.390 1.169 0.446175 1.169 100 1 0 0
 1263 749.672 655.439 -5 -22 0.390 0.389 0.478982 0.390 100 1 0 0
 1264 916.007 889.437 -5 -22 0.780 1.169 1.217438 1.169 100 1 0 0
 1265 930.047 475.652 -5 -22 1.560 1.169 1.918315 1.560 100 1 0 0
 1266 933.167 493.591 -5 -22 0.780 0.389 0.461088 0.780 100 1 0 0
 1267 1504.323 641.010 -5 -22 0.390 0.389 0.395474 0.390 100 1 0 0
 1268 1565.164 419.882 -5 -22 0.390 0.389 0.303017 0.390 100 1 0 0
 1269 1623.274 419.882 -5 -22 0.390 0.389 0.294070 0.390 100 1 0 0
 1270 2286.860 448.742 -5 -22 0.780 0.389 0.427684 0.780 100 1 0 0
 1271 2698.507 345.783 -5 -22 0.390 0.389 0.291684 0.390 100 1 0 0
 1272 3397.973 451.277 -5 -22 1.560 0.779 0.628105 1.560 100 1 0 0
 1273 3410.258 457.712 -5 -22 0.390 0.389 0.263649 0.390 100 1 0 0
 1274 3787.974 368.013 -5 -22 0.780 0.389 0.291088 0.780 100 1 0 0
 1275 250.470 556.576 6 -22 1.170 1.559 0.968105 1.559 0 1 0 0
 1276 2586.381 794.278 6 -22 0.780 0.389 0.527298 0.780 80 1 0 0
 1277 3789.729 333.498 6 -22 4.290 1.559 4.938349 4.290 100 1 0 0
 1278 3804.549 401.943 6 -22 1.170 1.169 1.712526 1.170 100 1 0 0
 1279 3838.089 325.113 6 -22 1.170 1.169 2.073403 1.170 100 1 0 0
 1280 3856.614 378.153 6 -22 0.780 0.389 0.991368 0.780 100 1 0 0
 1281 3865.194 332.523 6 -22 0.780 0.389 0.764105 0.780 100 1 0 0
 1282 3868.314 384.198 6 -22 2.340 1.559 2.267262 2.340 100 1 0 0
 1283 3869.679 328.428 6 -22 1.950 2.339 4.093718 2.339 100 1 0 0
 1284 3870.069 346.173 6 -22 1.170 0.389 1.226982 1.170 100 1 0 0
 1285 4217.950 450.887 6 -22 1.170 0.779 1.677929 1.170 100 1 0 0
 1286 4240.570 795.448 6 -22 0.390 0.389 0.434842 0.390 100 1 0 0
 1287 4317.010 427.487 6 -22 1.170 1.559 2.434280 1.559 100 1 0 0
 1288 4386.625 412.862 6 -22 0.780 1.169 1.556245 1.169 100 1 0 0
 1289 4407.295 411.692 6 -22 0.780 0.389 0.989579 0.780 100 1 0 0
 1290 4423.285 411.692 6 -22 0.780 0.389 0.987193 0.780 100 1 0 0
 1291 4427.770 411.692 6 -22 1.950 1.169 2.820806 1.950 100 1 0 0
 1292 4433.035 411.887 6 -22 1.560 0.779 2.025684 1.560 100 1 0 0
 1293 4439.080 411.497 6 -22 0.390 0.779 0.979438 0.779 100 1 0 0
 1294 4445.515 416.957 6 -22 0.780 0.779 1.203719 0.780 100 1 0 0
 1295 4449.026 421.247 6 -22 0.780 0.779 1.030140 0.780 100 1 0 0
 1296 938.237 903.866 5 -22 0.780 0.389 0.581579 0.780 0 1 0 0
 1297 2996.272 341.103 4 -22 0.780 1.169 0.570842 1.169 0 1 0 0
 1298 3748.194 709.844 4 -22 1.560 1.559 1.323614 1.560 0 1 0 0
 1299 3796.749 562.426 4 -22 0.390 0.779 1.148842 0.779 0 1 0 0
 1300 818.896 383.223 3 -22 0.780 0.389 0.577403 0.780 0 1 0 0
 1301 1768.548 772.243 3 -22 0.780 0.779 0.789158 0.780 0 1 0 0
 1302 1985.194 359.043 3 -22 0.390 0.389 0.433052 0.390 0 1 0 0
 1303 1674.168 416.957 2 -22 0.780 0.779 0.677017 0.780 0 1 0 0
 1304 2500.420 977.211 -5 -22 0.780 0.389 0.467649 0.780 100 1 0 0;
SummarySpec 5
  TESTNO    NDEFECT    DEFDENSITY    NDIE    NDEFDIE  ;
SummaryList 
  1    1304    5.6287131310e+00    1287    106  ;
EndOfFile;
