FileVersion 1 2;
FileTimestamp 06-06-19 18:02:00;
InspectionStationID "NONE" "2360" "IPS204";
SampleType WAFER;
ResultTimestamp 06-06-19 10:56:41;
LotID "195L45";
SampleSize 1 200;
DeviceID "SW73";
SetupID "SW73_RD_LDDP2" 04-02-15 09:01:32;
StepID "RD_LDDP2";
SampleOrientationMarkType NOTCH;
OrientationMarkLocation DOWN;
DiePitch 2.9190580000e+03 3.0209790000e+03;
DieOrigin 0.0000000000e+00 0.0000000000e+00;
WaferID "@07";
Slot 7;
SampleCenterLocation 2.9603470000e+03 1.4797880000e+03;
ClassLookup 74
  0 "Uncategorized"
  1 "Small PT"
  2 "Medium PT"
  3 "Large PT"
  4 "Polymer"
  5 "Flake PT"
  6 "Scratch"
  9 "Other Defect"
  10 "Other Residue"
  11 "Wet Residue"
  13 "W Residue"
  14 "PR Residue"
  15 "Liquid Mark"
  16 "Thread Defect"
  20 "Pits"
  22 "Pattern Deformed"
  23 "Defocus"
  24 "PR BUBBLE"
  25 "Crown Defect"
  27 "Bead Defect"
  30 "CMP Scratch"
  31 "Minor CMP Scratch"
  35 "Rip Out"
  40 "Protrusion"
  42 "Top Blocked"
  43 "Bottom Blocked"
  44 "Line broken"
  45 "Metal Corrosion"
  46 "Galvanic Corrosion"
  51 "PR Popping"
  52 "Salicide Bad"
  53 "STI Dimple"
  59 "W Void"
  60 "AA Dep PT"
  61 "GC Dep PT"
  62 "CVD Dep PT"
  63 "Metal Dep PT"
  73 "Cone Defect"
  74 "Metal Depression"
  77 "Underlayer"
  78 "NUISANCE/FALSE"
  79 "Metal Grain"
  80 "Don't Care/Minor"
  95 "Missing AI"
  99 "test2"
  100 "Cluster"
  101 "CU CMP Scratch"
  102 "CU Void"
  103 "2_PO Missing"
  104 "CU Pattern Open"
  105 "CU Remain"
  106 "Circle CU Remain"
  107 "CU CVD PT"
  108 "CU Eclips"
  109 "CU CMP Residue"
  110 "Minor CU CMP Scratch"
  111 "CMP PT"
  112 "CU SEAM PT"
  113 "CU Ox"
  114 "CU Pattern Open(Minor)"
  116 "1_PO Missing"
  117 "PAD Abnormality"
  150 "Guard Ring Circle Defect"
  151 "EBR Circle Defect"
  152 "PAD Hillock"
  153 "PAD Residue"
  154 "PAD Hole"
  155 "Color PR Residue"
  201 "Bin 1"
  202 "Bin 2"
  203 "Bin 3"
  204 "Bin 4"
  205 "Bin 5"
  206 "Bin 6"  ;
OrientationInstructions "";
InspectionTest 2;
SampleTestPlan 3234
  -32 0 
  -30 -3 
  -30 10 
  -29 -4 
  -29 3 
  -29 12 
  -28 -15 
  -28 -4 
  -27 -15 
  -27 -13 
  -27 -7 
  -27 -3 
  -27 4 
  -27 9 
  -26 -10 
  -26 -5 
  -26 -4 
  -26 3 
  -26 4 
  -26 12 
  -25 -11 
  -25 -8 
  -25 -1 
  -25 6 
  -25 7 
  -25 10 
  -24 -3 
  -24 13 
  -24 17 
  -24 20 
  -23 -14 
  -23 -12 
  -23 -4 
  -23 -1 
  -23 4 
  -23 10 
  -22 -20 
  -22 -6 
  -22 -1 
  -22 6 
  -22 13 
  -21 -22 
  -21 -21 
  -21 -17 
  -21 -8 
  -21 -7 
  -21 -3 
  -21 -1 
  -21 5 
  -21 13 
  -21 21 
  -20 -15 
  -20 -13 
  -20 -8 
  -20 -5 
  -20 -4 
  -20 1 
  -20 10 
  -20 15 
  -20 18 
  -20 23 
  -19 -17 
  -19 -14 
  -19 -10 
  -19 -9 
  -19 -6 
  -19 3 
  -19 5 
  -19 18 
  -18 -21 
  -18 -3 
  -18 -2 
  -18 1 
  -18 2 
  -18 10 
  -18 23 
  -17 -11 
  -17 1 
  -17 8 
  -17 16 
  -17 23 
  -17 25 
  -16 -13 
  -16 -12 
  -16 -1 
  -16 9 
  -16 22 
  -15 -24 
  -15 -22 
  -15 -12 
  -15 -7 
  -15 -3 
  -15 5 
  -15 10 
  -15 13 
  -14 -18 
  -14 -10 
  -14 -6 
  -14 4 
  -14 8 
  -14 10 
  -14 19 
  -14 21 
  -13 -15 
  -13 -11 
  -12 -17 
  -12 -8 
  -12 6 
  -12 9 
  -12 18 
  -12 25 
  -11 -3 
  -11 12 
  -11 24 
  -10 -23 
  -10 -21 
  -10 -14 
  -10 -3 
  -10 0 
  -10 1 
  -10 3 
  -10 22 
  -10 24 
  -9 -20 
  -9 -18 
  -9 -14 
  -9 -2 
  -9 -1 
  -9 4 
  -9 10 
  -9 17 
  -9 20 
  -8 -28 
  -8 -21 
  -8 -20 
  -8 -10 
  -8 -1 
  -8 15 
  -8 24 
  -8 25 
  -8 26 
  -7 -30 
  -7 -27 
  -7 -21 
  -7 -19 
  -7 -10 
  -7 -1 
  -7 4 
  -7 10 
  -7 13 
  -7 15 
  -7 27 
  -7 29 
  -6 -21 
  -6 -13 
  -6 -10 
  -6 -9 
  -6 -3 
  -6 26 
  -6 27 
  -6 28 
  -5 -9 
  -5 -6 
  -5 20 
  -5 26 
  -4 -15 
  -4 -13 
  -4 -9 
  -4 -6 
  -4 -2 
  -4 11 
  -4 14 
  -4 21 
  -3 -27 
  -3 -23 
  -3 -21 
  -3 -19 
  -3 -16 
  -3 -14 
  -3 -13 
  -3 -9 
  -3 3 
  -3 9 
  -3 17 
  -3 31 
  -2 -20 
  -2 -18 
  -2 -6 
  -2 1 
  -2 6 
  -2 9 
  -2 14 
  -2 18 
  -2 24 
  -2 25 
  -1 -29 
  -1 -27 
  -1 -13 
  -1 0 
  -1 2 
  -1 3 
  -1 17 
  -1 26 
  0 -15 
  0 -12 
  0 -1 
  0 4 
  0 5 
  0 13 
  0 14 
  0 25 
  1 -21 
  1 -18 
  1 5 
  1 6 
  1 14 
  1 30 
  2 -21 
  2 -18 
  2 -16 
  2 -13 
  2 3 
  2 26 
  3 -29 
  3 -28 
  3 -20 
  3 -19 
  3 -8 
  3 -5 
  3 -4 
  3 -3 
  3 8 
  3 17 
  3 20 
  4 -24 
  4 -22 
  4 -15 
  4 -14 
  4 -4 
  4 1 
  4 8 
  4 18 
  4 19 
  4 20 
  4 21 
  4 22 
  4 23 
  4 30 
  5 -16 
  5 -15 
  5 -9 
  5 -6 
  5 5 
  5 17 
  5 18 
  5 26 
  5 27 
  6 -31 
  6 -29 
  6 -7 
  6 -2 
  6 21 
  7 -27 
  7 -17 
  7 -10 
  7 0 
  7 3 
  7 6 
  7 21 
  8 -30 
  8 -27 
  8 -17 
  8 -16 
  8 -13 
  8 -9 
  8 -7 
  8 0 
  8 7 
  8 17 
  8 28 
  8 30 
  9 -24 
  9 -6 
  9 0 
  9 2 
  9 8 
  9 19 
  9 21 
  10 -23 
  10 -22 
  10 -16 
  10 -14 
  10 4 
  10 13 
  10 27 
  10 29 
  11 -29 
  11 -27 
  11 -24 
  11 -16 
  11 -15 
  11 -9 
  11 -7 
  11 2 
  11 7 
  12 -29 
  12 -25 
  12 -24 
  12 -20 
  12 -18 
  12 -12 
  12 -6 
  12 -5 
  12 5 
  12 13 
  12 25 
  13 -24 
  13 -16 
  13 -8 
  13 6 
  13 16 
  13 20 
  13 23 
  13 29 
  14 -17 
  14 -14 
  14 -12 
  14 -9 
  14 -3 
  14 2 
  14 8 
  14 13 
  14 18 
  15 -25 
  15 -23 
  15 -19 
  15 -16 
  15 -5 
  15 0 
  15 5 
  15 6 
  15 11 
  15 14 
  15 27 
  15 28 
  16 -19 
  16 -17 
  16 -14 
  16 -5 
  16 3 
  16 12 
  16 15 
  16 19 
  16 27 
  17 -27 
  17 -23 
  17 -19 
  17 -14 
  17 -4 
  18 -24 
  18 -20 
  18 -18 
  18 -6 
  18 0 
  18 3 
  18 14 
  18 22 
  18 26 
  19 -23 
  19 -18 
  19 -17 
  19 -7 
  19 4 
  20 6 
  20 8 
  20 16 
  21 -11 
  21 1 
  21 22 
  22 -16 
  22 -9 
  22 -6 
  22 -2 
  22 0 
  23 -12 
  23 -3 
  23 10 
  24 -18 
  24 -16 
  24 0 
  24 5 
  25 -16 
  25 -11 
  25 -10 
  25 3 
  25 15 
  25 17 
  26 -11 
  26 -9 
  26 -8 
  26 -2 
  26 5 
  26 19 
  27 -13 
  27 9 
  27 16 
  28 -15 
  28 -10 
  28 15 
  29 -15 
  29 -10 
  29 -3 
  29 6 
  30 -11 
  30 -2 
  30 8 
  31 1 
  31 5 
  32 8 
  -31 -8 
  -31 -3 
  -31 -1 
  -30 -7 
  -30 -6 
  -30 8 
  -30 9 
  -29 -6 
  -29 1 
  -29 13 
  -28 -5 
  -28 12 
  -28 14 
  -27 -16 
  -27 -9 
  -26 -17 
  -26 0 
  -26 18 
  -25 -16 
  -25 -12 
  -25 -5 
  -25 0 
  -25 5 
  -25 18 
  -24 -12 
  -24 5 
  -24 15 
  -23 -21 
  -23 -15 
  -23 -7 
  -23 -6 
  -23 12 
  -23 18 
  -22 -5 
  -22 4 
  -22 15 
  -22 17 
  -21 14 
  -21 18 
  -21 19 
  -21 23 
  -20 -24 
  -20 -3 
  -20 6 
  -20 13 
  -20 20 
  -19 -23 
  -19 -22 
  -19 10 
  -19 12 
  -19 19 
  -19 22 
  -19 23 
  -18 -17 
  -18 -15 
  -18 11 
  -18 18 
  -17 -21 
  -17 -17 
  -17 -14 
  -17 2 
  -17 6 
  -17 10 
  -17 11 
  -17 19 
  -17 20 
  -17 21 
  -17 22 
  -16 -23 
  -16 -17 
  -16 -16 
  -16 -14 
  -16 -4 
  -16 5 
  -16 6 
  -16 8 
  -16 15 
  -15 -27 
  -15 -19 
  -15 -14 
  -15 -11 
  -15 -8 
  -15 0 
  -15 23 
  -15 27 
  -14 -27 
  -14 -21 
  -14 -15 
  -14 -13 
  -14 -8 
  -14 5 
  -14 12 
  -14 20 
  -14 22 
  -14 25 
  -14 26 
  -13 -23 
  -13 -8 
  -13 -5 
  -13 0 
  -13 1 
  -13 10 
  -13 13 
  -13 14 
  -13 21 
  -13 24 
  -12 -28 
  -12 -20 
  -12 14 
  -12 22 
  -12 27 
  -11 -28 
  -11 -22 
  -11 -17 
  -11 -15 
  -11 -14 
  -11 -11 
  -11 -4 
  -11 1 
  -11 20 
  -11 21 
  -11 28 
  -10 -10 
  -10 -5 
  -10 13 
  -10 18 
  -9 -22 
  -9 -17 
  -9 1 
  -9 21 
  -9 29 
  -8 -16 
  -8 8 
  -8 10 
  -8 29 
  -7 -25 
  -7 -17 
  -7 -15 
  -7 -13 
  -7 5 
  -7 12 
  -7 22 
  -7 23 
  -7 30 
  -6 -30 
  -6 -12 
  -6 -6 
  -6 -4 
  -6 5 
  -6 6 
  -6 18 
  -6 23 
  -6 29 
  -5 -31 
  -5 -5 
  -5 -1 
  -5 5 
  -5 18 
  -5 19 
  -5 27 
  -4 -31 
  -4 -27 
  -4 -26 
  -4 9 
  -4 23 
  -4 25 
  -4 27 
  -3 -3 
  -3 7 
  -3 19 
  -3 21 
  -2 -30 
  -2 -26 
  -2 -23 
  -2 -22 
  -2 -15 
  -2 -3 
  -2 12 
  -2 16 
  -2 26 
  -1 -19 
  -1 -7 
  -1 5 
  -1 8 
  -1 24 
  -1 31 
  0 -29 
  0 -28 
  0 -27 
  0 -23 
  0 1 
  0 7 
  0 15 
  0 18 
  0 19 
  0 20 
  1 -27 
  1 -20 
  1 -15 
  1 -14 
  1 -11 
  1 -5 
  1 -1 
  1 3 
  2 -28 
  2 -27 
  2 -17 
  2 -10 
  2 -7 
  2 0 
  2 14 
  2 20 
  2 27 
  3 -1 
  3 4 
  3 13 
  3 18 
  3 22 
  4 -20 
  4 -7 
  4 15 
  5 -24 
  5 -21 
  5 -18 
  5 13 
  5 15 
  6 -18 
  6 -9 
  6 1 
  6 6 
  6 7 
  6 8 
  6 12 
  6 14 
  6 19 
  6 24 
  6 30 
  7 14 
  7 19 
  7 25 
  7 28 
  8 -25 
  8 -24 
  8 -21 
  8 -18 
  8 -12 
  8 -5 
  8 -4 
  8 -1 
  8 6 
  8 11 
  8 14 
  8 20 
  8 26 
  8 29 
  9 -29 
  9 -7 
  9 -5 
  9 -3 
  9 -2 
  9 9 
  9 14 
  9 20 
  10 -28 
  10 -17 
  10 -7 
  10 -4 
  10 5 
  10 9 
  10 22 
  11 -25 
  11 -21 
  11 -20 
  11 -4 
  11 -2 
  11 -1 
  11 1 
  11 11 
  11 13 
  11 17 
  11 19 
  11 24 
  12 -27 
  12 -26 
  12 -21 
  12 -13 
  12 -1 
  12 6 
  12 9 
  12 10 
  12 14 
  12 23 
  13 -28 
  13 -25 
  13 -5 
  13 0 
  13 8 
  13 9 
  13 17 
  13 21 
  13 28 
  14 -21 
  14 -20 
  14 3 
  14 5 
  14 10 
  14 11 
  14 15 
  15 -14 
  15 -13 
  15 -11 
  15 -2 
  16 -16 
  16 -8 
  16 0 
  16 8 
  17 -26 
  17 5 
  17 7 
  17 11 
  17 13 
  18 -26 
  18 -19 
  18 -14 
  18 7 
  18 20 
  19 -10 
  19 -8 
  19 -6 
  19 2 
  20 -20 
  20 -19 
  20 -9 
  20 -1 
  20 11 
  20 18 
  21 -19 
  21 -8 
  21 -3 
  21 8 
  21 17 
  22 -23 
  22 -18 
  22 -17 
  22 -3 
  22 1 
  22 4 
  22 10 
  23 -13 
  23 -5 
  23 20 
  23 22 
  24 -14 
  24 15 
  26 -12 
  26 -10 
  26 3 
  26 4 
  26 10 
  26 13 
  26 15 
  27 -14 
  27 -5 
  27 -4 
  27 -2 
  27 3 
  27 6 
  28 7 
  28 16 
  29 5 
  29 9 
  29 12 
  30 -13 
  30 1 
  30 9 
  31 2 
  31 10 
  32 -7 
  32 -6 
  32 -2 
  33 1 
  -31 -2 
  -31 1 
  -31 3 
  -30 -9 
  -29 -13 
  -29 -3 
  -29 4 
  -28 0 
  -28 7 
  -27 -14 
  -27 -6 
  -27 3 
  -27 14 
  -26 -12 
  -26 -1 
  -26 11 
  -25 -17 
  -25 -15 
  -25 -10 
  -25 -4 
  -25 3 
  -25 8 
  -25 14 
  -24 -13 
  -24 -11 
  -24 -9 
  -24 -4 
  -24 0 
  -24 3 
  -24 4 
  -24 10 
  -24 18 
  -23 -20 
  -23 -17 
  -23 -3 
  -23 8 
  -22 -19 
  -22 -17 
  -22 -10 
  -22 1 
  -22 10 
  -21 -11 
  -21 11 
  -21 15 
  -21 16 
  -21 20 
  -20 -23 
  -20 -16 
  -20 -2 
  -20 7 
  -20 8 
  -20 17 
  -19 -25 
  -19 -20 
  -19 17 
  -19 24 
  -18 -12 
  -18 3 
  -18 9 
  -18 14 
  -18 15 
  -17 -10 
  -17 0 
  -17 7 
  -17 9 
  -16 -27 
  -16 10 
  -16 21 
  -15 -26 
  -15 -25 
  -15 1 
  -15 2 
  -15 19 
  -15 26 
  -14 -22 
  -14 -7 
  -14 0 
  -14 7 
  -14 24 
  -13 -25 
  -13 -19 
  -13 -10 
  -13 6 
  -13 7 
  -13 16 
  -13 17 
  -13 19 
  -12 -22 
  -12 -12 
  -12 -3 
  -12 -1 
  -12 0 
  -12 13 
  -12 26 
  -11 -18 
  -11 7 
  -11 14 
  -10 -28 
  -10 -16 
  -10 -12 
  -10 4 
  -10 23 
  -10 26 
  -9 -19 
  -9 -4 
  -9 2 
  -9 9 
  -9 22 
  -8 -30 
  -8 -23 
  -8 -17 
  -8 -14 
  -8 -9 
  -8 18 
  -7 -2 
  -7 7 
  -7 17 
  -7 26 
  -7 28 
  -6 -27 
  -6 -24 
  -6 -20 
  -6 -16 
  -6 -14 
  -6 -2 
  -6 0 
  -6 8 
  -6 14 
  -5 -27 
  -5 -25 
  -5 -23 
  -5 -17 
  -5 -2 
  -5 6 
  -5 22 
  -5 23 
  -5 24 
  -5 25 
  -5 28 
  -5 29 
  -4 -24 
  -4 -18 
  -4 -17 
  -4 -14 
  -4 0 
  -4 2 
  -4 18 
  -3 -22 
  -3 -10 
  -3 6 
  -3 8 
  -3 13 
  -3 15 
  -3 20 
  -3 25 
  -3 30 
  -2 -27 
  -2 5 
  -2 15 
  -2 19 
  -2 21 
  -2 27 
  -1 -28 
  -1 -8 
  -1 -3 
  -1 18 
  -1 19 
  -1 22 
  -1 30 
  0 -31 
  0 -26 
  0 -24 
  0 -20 
  0 -8 
  0 -3 
  0 0 
  0 6 
  2 -22 
  2 -14 
  2 -12 
  2 -1 
  2 5 
  2 7 
  2 8 
  2 22 
  2 29 
  3 -18 
  3 -10 
  3 -2 
  3 0 
  3 1 
  3 2 
  3 11 
  3 21 
  3 29 
  4 -23 
  4 -8 
  4 -2 
  4 0 
  4 10 
  4 17 
  4 28 
  5 -23 
  5 -20 
  5 -11 
  5 -8 
  5 1 
  5 2 
  5 6 
  5 28 
  5 29 
  6 -27 
  6 -20 
  6 -12 
  6 -10 
  6 0 
  6 4 
  6 18 
  6 22 
  7 -13 
  7 -11 
  7 -5 
  7 -3 
  7 16 
  7 18 
  7 27 
  7 30 
  8 -23 
  8 3 
  8 12 
  8 15 
  8 25 
  9 -27 
  9 -25 
  9 -21 
  9 -14 
  9 -11 
  9 -10 
  9 -9 
  9 -8 
  9 -1 
  9 23 
  9 24 
  9 30 
  10 -12 
  10 -2 
  10 19 
  11 -19 
  11 -13 
  11 -3 
  11 0 
  11 6 
  11 8 
  11 12 
  11 20 
  11 25 
  12 -22 
  12 -19 
  12 -17 
  12 -9 
  12 -4 
  12 0 
  12 4 
  12 7 
  12 19 
  13 -9 
  13 5 
  13 25 
  14 -18 
  14 12 
  14 16 
  14 20 
  15 -18 
  15 -10 
  15 -9 
  15 -7 
  15 -4 
  15 1 
  15 2 
  15 10 
  15 20 
  16 -24 
  16 10 
  17 -24 
  17 -22 
  17 -13 
  17 -8 
  17 1 
  17 3 
  17 6 
  17 15 
  17 24 
  17 26 
  17 27 
  18 -5 
  18 -4 
  18 2 
  18 5 
  18 6 
  19 -19 
  19 -11 
  19 -5 
  19 -4 
  19 14 
  19 15 
  19 23 
  20 -23 
  20 -13 
  20 -8 
  20 -2 
  20 4 
  20 5 
  20 7 
  20 14 
  20 17 
  21 -18 
  21 -16 
  21 -15 
  21 -14 
  21 -7 
  21 -4 
  21 3 
  21 7 
  21 11 
  21 12 
  21 19 
  21 20 
  21 24 
  22 -13 
  22 -12 
  22 -11 
  22 -8 
  22 -5 
  22 12 
  22 21 
  23 -10 
  23 -8 
  23 -2 
  23 2 
  23 6 
  24 -12 
  24 -11 
  24 -2 
  24 2 
  24 4 
  24 12 
  24 13 
  25 -17 
  25 -5 
  25 -2 
  25 4 
  25 6 
  25 7 
  25 10 
  25 11 
  25 14 
  25 16 
  25 18 
  26 -5 
  26 8 
  27 -17 
  28 -12 
  28 1 
  28 3 
  28 12 
  29 -13 
  29 1 
  29 13 
  30 -6 
  30 4 
  30 12 
  31 -1 
  31 0 
  31 7 
  32 -5 
  32 1 
  32 3 
  32 4 
  32 6 
  33 -2 
  -32 1 
  -32 2 
  -30 -11 
  -30 -10 
  -30 -2 
  -30 3 
  -30 7 
  -30 11 
  -29 -8 
  -29 2 
  -29 6 
  -28 -8 
  -28 -7 
  -28 -2 
  -28 -1 
  -28 2 
  -28 6 
  -27 11 
  -27 12 
  -26 -8 
  -26 5 
  -26 6 
  -26 7 
  -26 13 
  -26 16 
  -25 -14 
  -25 -13 
  -25 9 
  -25 17 
  -24 -20 
  -24 -7 
  -24 -1 
  -24 7 
  -24 11 
  -23 -13 
  -23 3 
  -23 11 
  -23 17 
  -22 -12 
  -22 -7 
  -22 -4 
  -22 -2 
  -22 8 
  -22 20 
  -22 21 
  -21 -20 
  -21 -19 
  -21 -14 
  -21 -10 
  -21 -6 
  -21 3 
  -21 4 
  -21 7 
  -21 8 
  -21 9 
  -20 -11 
  -20 -6 
  -20 -1 
  -20 2 
  -20 4 
  -20 12 
  -20 14 
  -20 22 
  -19 -16 
  -19 -7 
  -19 -2 
  -19 -1 
  -19 4 
  -18 -22 
  -18 -14 
  -18 -9 
  -18 -6 
  -18 5 
  -18 7 
  -18 24 
  -18 25 
  -17 -24 
  -17 -23 
  -17 -7 
  -17 -4 
  -17 4 
  -17 5 
  -17 13 
  -17 14 
  -17 26 
  -16 -25 
  -16 -11 
  -16 -9 
  -16 -8 
  -16 -5 
  -16 0 
  -16 12 
  -16 13 
  -15 -23 
  -15 -18 
  -15 -2 
  -15 4 
  -15 17 
  -15 18 
  -15 24 
  -14 -26 
  -14 -23 
  -14 -3 
  -14 18 
  -14 23 
  -14 28 
  -13 -26 
  -13 -17 
  -13 15 
  -13 25 
  -13 26 
  -12 -26 
  -12 -25 
  -12 10 
  -12 12 
  -12 15 
  -12 16 
  -12 28 
  -11 -25 
  -11 -21 
  -11 -19 
  -11 -7 
  -11 11 
  -11 13 
  -11 16 
  -10 -27 
  -10 -24 
  -10 -22 
  -10 -9 
  -10 -8 
  -10 5 
  -10 10 
  -10 28 
  -10 29 
  -9 -30 
  -9 -24 
  -9 -12 
  -9 -9 
  -9 -8 
  -9 -5 
  -9 -3 
  -9 12 
  -9 13 
  -9 18 
  -9 19 
  -9 27 
  -9 28 
  -8 -25 
  -8 -22 
  -8 -18 
  -8 -8 
  -8 5 
  -8 12 
  -7 -26 
  -7 -23 
  -7 -20 
  -7 -16 
  -7 -6 
  -7 0 
  -7 11 
  -7 19 
  -7 21 
  -6 -17 
  -6 2 
  -6 19 
  -5 -30 
  -5 -19 
  -5 -15 
  -5 -14 
  -5 4 
  -5 7 
  -5 9 
  -5 12 
  -5 14 
  -5 17 
  -4 -28 
  -4 -20 
  -4 -10 
  -4 -1 
  -4 4 
  -4 5 
  -4 6 
  -4 8 
  -4 12 
  -4 19 
  -4 28 
  -4 31 
  -3 -30 
  -3 -26 
  -3 -6 
  -3 1 
  -3 2 
  -3 12 
  -3 18 
  -3 28 
  -2 -5 
  -2 -4 
  -2 3 
  -1 -26 
  -1 -21 
  -1 -17 
  -1 -5 
  -1 1 
  -1 4 
  -1 10 
  -1 14 
  -1 15 
  -1 16 
  -1 21 
  -1 27 
  -1 28 
  0 -22 
  0 -21 
  0 -14 
  0 -4 
  0 -2 
  0 3 
  0 29 
  0 31 
  1 -28 
  1 -12 
  1 -10 
  1 -3 
  1 -2 
  1 0 
  1 1 
  1 10 
  1 16 
  1 26 
  2 -31 
  2 -26 
  2 -6 
  2 2 
  2 6 
  2 11 
  2 15 
  2 21 
  3 -31 
  3 -30 
  3 -25 
  3 -23 
  3 -11 
  3 12 
  3 14 
  3 15 
  4 -9 
  4 -6 
  4 -1 
  4 11 
  4 25 
  5 -31 
  5 3 
  5 12 
  5 24 
  5 30 
  6 -26 
  6 -25 
  6 -16 
  6 -15 
  6 -11 
  6 -8 
  6 -6 
  6 -4 
  6 -3 
  6 11 
  6 13 
  6 27 
  7 -26 
  7 -25 
  7 -24 
  7 -23 
  7 -22 
  7 -4 
  7 5 
  7 7 
  7 9 
  7 13 
  7 26 
  8 -28 
  8 -11 
  8 -10 
  8 -2 
  8 1 
  8 5 
  9 -23 
  9 1 
  9 4 
  9 5 
  9 7 
  9 12 
  9 15 
  9 25 
  9 26 
  10 -15 
  10 -1 
  10 10 
  10 12 
  10 16 
  11 -17 
  11 -6 
  11 9 
  11 15 
  11 27 
  12 -11 
  12 -8 
  12 -7 
  12 21 
  12 27 
  13 -23 
  13 -13 
  13 -7 
  13 4 
  13 13 
  13 22 
  14 -27 
  14 -25 
  14 -23 
  14 -19 
  14 -16 
  14 -6 
  14 1 
  14 6 
  14 9 
  14 26 
  14 28 
  15 -26 
  15 -8 
  15 -6 
  15 3 
  15 9 
  15 21 
  15 23 
  15 25 
  16 -6 
  16 -1 
  16 4 
  16 13 
  16 16 
  16 22 
  16 24 
  17 -17 
  17 2 
  17 8 
  17 12 
  17 16 
  17 17 
  17 18 
  18 -1 
  18 1 
  18 4 
  18 9 
  18 13 
  18 23 
  18 25 
  19 -20 
  19 10 
  19 25 
  20 -16 
  20 -14 
  20 -4 
  20 9 
  20 10 
  20 12 
  20 13 
  20 20 
  21 -12 
  21 -10 
  21 16 
  22 -15 
  22 -1 
  22 6 
  22 16 
  23 -21 
  23 -15 
  23 -4 
  23 5 
  23 17 
  23 18 
  23 21 
  24 -17 
  24 -9 
  24 3 
  24 7 
  24 9 
  24 19 
  25 -13 
  25 8 
  25 12 
  26 -18 
  26 -15 
  26 -4 
  26 2 
  26 7 
  27 -16 
  27 -9 
  27 2 
  27 8 
  27 10 
  27 12 
  27 14 
  28 -3 
  29 -12 
  29 -9 
  29 -8 
  29 -7 
  29 -1 
  29 4 
  29 7 
  29 15 
  30 -8 
  30 -3 
  31 -11 
  31 4 
  31 9 
  32 -1 
  32 2 
  32 7 
  33 0 
  -32 -1 
  -31 -7 
  -31 4 
  -31 7 
  -30 -8 
  -30 6 
  -29 -9 
  -29 -1 
  -29 7 
  -29 10 
  -29 11 
  -28 -9 
  -28 1 
  -28 3 
  -28 5 
  -28 8 
  -28 13 
  -28 15 
  -27 -8 
  -27 -5 
  -27 7 
  -27 8 
  -27 10 
  -27 15 
  -26 -16 
  -26 -11 
  -26 -9 
  -26 -3 
  -25 -18 
  -25 -9 
  -25 -7 
  -25 4 
  -25 19 
  -24 -19 
  -24 -17 
  -24 -15 
  -24 -6 
  -24 2 
  -24 9 
  -23 -5 
  -23 5 
  -23 6 
  -23 13 
  -22 -22 
  -22 -16 
  -22 -13 
  -22 -9 
  -22 -3 
  -22 2 
  -22 9 
  -22 11 
  -22 19 
  -21 -12 
  -21 -2 
  -21 6 
  -20 -20 
  -20 -14 
  -20 11 
  -19 -24 
  -19 -21 
  -19 -18 
  -19 15 
  -19 20 
  -18 -24 
  -18 -16 
  -18 -7 
  -18 6 
  -18 17 
  -18 20 
  -18 22 
  -17 -25 
  -17 -22 
  -17 -19 
  -17 -12 
  -17 -9 
  -16 -18 
  -16 -3 
  -16 1 
  -16 14 
  -16 17 
  -16 24 
  -15 -16 
  -15 -15 
  -15 -13 
  -15 -4 
  -15 14 
  -14 -28 
  -14 -25 
  -14 -17 
  -14 -14 
  -14 -11 
  -14 -9 
  -14 1 
  -14 15 
  -14 16 
  -13 -6 
  -13 2 
  -13 3 
  -13 4 
  -13 5 
  -13 22 
  -12 -27 
  -12 -18 
  -12 -10 
  -12 1 
  -12 5 
  -12 7 
  -11 -27 
  -11 -26 
  -11 -23 
  -11 -6 
  -11 4 
  -11 5 
  -11 19 
  -10 -20 
  -10 -6 
  -10 -2 
  -10 -1 
  -10 11 
  -10 12 
  -10 15 
  -10 16 
  -9 -27 
  -9 -26 
  -9 -25 
  -9 -15 
  -9 -13 
  -9 -7 
  -9 8 
  -9 25 
  -9 30 
  -8 -27 
  -8 -13 
  -8 -12 
  -8 -7 
  -8 -3 
  -8 6 
  -8 13 
  -8 17 
  -8 21 
  -8 22 
  -8 28 
  -7 -29 
  -7 -14 
  -7 9 
  -7 16 
  -7 20 
  -7 24 
  -6 -25 
  -6 -22 
  -6 -18 
  -6 -15 
  -6 -7 
  -6 -5 
  -6 -1 
  -6 1 
  -6 10 
  -6 11 
  -6 17 
  -6 25 
  -6 30 
  -5 -26 
  -5 -20 
  -5 -13 
  -5 21 
  -5 31 
  -4 -22 
  -4 -11 
  -4 -7 
  -4 -3 
  -4 3 
  -4 7 
  -4 10 
  -4 16 
  -4 26 
  -3 -25 
  -3 -24 
  -3 -20 
  -3 -7 
  -3 -4 
  -3 -2 
  -3 4 
  -3 14 
  -3 24 
  -3 26 
  -3 29 
  -2 -28 
  -2 -17 
  -2 -16 
  -2 7 
  -2 8 
  -2 11 
  -2 20 
  -2 22 
  -1 -31 
  -1 -18 
  -1 -10 
  -1 -6 
  -1 9 
  -1 20 
  -1 25 
  0 -18 
  0 -11 
  0 2 
  0 9 
  0 12 
  0 30 
  1 -23 
  1 -19 
  1 -16 
  1 -9 
  1 -4 
  1 7 
  1 9 
  1 15 
  1 28 
  2 -29 
  2 -20 
  2 -9 
  2 -4 
  2 16 
  2 19 
  2 25 
  2 31 
  3 -24 
  3 -15 
  3 -7 
  3 6 
  3 23 
  3 24 
  3 28 
  4 -28 
  4 -3 
  4 6 
  4 7 
  4 26 
  5 -14 
  5 -13 
  5 16 
  5 22 
  5 25 
  6 -28 
  6 -19 
  6 5 
  6 10 
  6 16 
  6 20 
  6 25 
  7 -30 
  7 -9 
  7 -2 
  7 2 
  7 22 
  8 -19 
  8 23 
  9 -30 
  9 -28 
  9 -26 
  9 -19 
  9 -18 
  9 -17 
  9 -15 
  9 10 
  9 13 
  9 28 
  10 -30 
  10 -26 
  10 -25 
  10 -8 
  10 0 
  10 1 
  10 18 
  10 21 
  10 26 
  11 -26 
  11 -12 
  11 -11 
  11 3 
  11 10 
  11 14 
  11 26 
  11 28 
  11 29 
  12 -15 
  12 -3 
  12 29 
  13 -21 
  13 -15 
  13 -12 
  13 -3 
  13 -2 
  13 -1 
  13 3 
  13 26 
  14 -28 
  14 -22 
  14 -15 
  14 -13 
  14 -10 
  14 -5 
  14 -4 
  15 -24 
  15 -1 
  15 12 
  15 22 
  16 -27 
  16 -25 
  16 -21 
  16 -18 
  16 -15 
  16 -12 
  16 1 
  16 5 
  16 7 
  16 18 
  16 21 
  16 23 
  16 26 
  17 -18 
  17 -10 
  17 0 
  17 4 
  17 10 
  17 20 
  17 25 
  18 -17 
  18 -15 
  18 -9 
  18 -7 
  18 10 
  19 6 
  19 9 
  19 11 
  19 12 
  19 17 
  19 22 
  20 -22 
  20 -5 
  20 0 
  20 15 
  20 19 
  21 -20 
  21 -17 
  21 -6 
  21 4 
  21 9 
  22 -22 
  22 -19 
  22 -7 
  22 7 
  22 8 
  22 13 
  22 19 
  23 -22 
  23 -16 
  23 11 
  24 -10 
  24 16 
  24 18 
  25 -15 
  25 -14 
  25 -6 
  25 -4 
  25 1 
  26 -17 
  26 -16 
  26 -14 
  26 -13 
  26 14 
  26 16 
  27 -11 
  27 -8 
  28 -7 
  28 4 
  28 5 
  28 8 
  29 -6 
  29 0 
  29 3 
  30 5 
  30 7 
  31 -10 
  31 -6 
  31 -5 
  31 8 
  32 -4 
  32 5 
  33 -3 
  33 3 
  -32 -2 
  -31 -5 
  -31 2 
  -31 5 
  -30 -5 
  -30 -1 
  -30 2 
  -29 -11 
  -29 -7 
  -29 8 
  -28 -14 
  -28 -10 
  -28 -6 
  -28 9 
  -28 10 
  -27 -11 
  -27 -4 
  -27 16 
  -26 1 
  -26 8 
  -26 9 
  -26 10 
  -26 17 
  -24 -16 
  -24 -2 
  -24 1 
  -24 8 
  -24 16 
  -24 19 
  -23 -18 
  -23 -11 
  -23 -2 
  -23 1 
  -23 20 
  -22 -21 
  -22 -14 
  -22 7 
  -22 12 
  -21 -23 
  -21 -13 
  -21 -9 
  -21 -5 
  -21 -4 
  -21 17 
  -20 -18 
  -20 -17 
  -20 -12 
  -20 -10 
  -20 -7 
  -20 21 
  -20 24 
  -19 -15 
  -19 -11 
  -19 -8 
  -19 -5 
  -19 6 
  -19 7 
  -19 9 
  -19 21 
  -18 -25 
  -18 -19 
  -18 -8 
  -18 -5 
  -18 -1 
  -18 12 
  -18 16 
  -17 -26 
  -17 -16 
  -17 -15 
  -17 -2 
  -17 12 
  -17 15 
  -17 18 
  -16 -22 
  -16 -21 
  -16 -20 
  -16 -19 
  -16 -10 
  -16 3 
  -16 4 
  -16 7 
  -16 20 
  -16 23 
  -16 26 
  -15 -10 
  -15 -9 
  -15 -5 
  -15 6 
  -15 12 
  -15 16 
  -15 21 
  -15 22 
  -14 -19 
  -14 -1 
  -14 17 
  -14 27 
  -13 -27 
  -13 -22 
  -13 -18 
  -13 -16 
  -13 -14 
  -13 -12 
  -13 -4 
  -13 -3 
  -13 -2 
  -13 8 
  -13 18 
  -13 23 
  -12 -24 
  -12 -19 
  -12 -16 
  -12 -13 
  -12 -9 
  -12 -7 
  -12 -4 
  -12 -2 
  -12 2 
  -12 11 
  -12 19 
  -12 21 
  -12 24 
  -11 -24 
  -11 -20 
  -11 -9 
  -11 -8 
  -11 -5 
  -11 -2 
  -11 8 
  -11 9 
  -11 10 
  -11 17 
  -11 26 
  -10 -29 
  -10 -19 
  -10 17 
  -10 19 
  -9 -29 
  -9 -23 
  -9 -21 
  -9 -16 
  -9 -11 
  -9 -10 
  -9 6 
  -9 16 
  -9 23 
  -9 26 
  -8 -2 
  -8 0 
  -8 1 
  -8 2 
  -8 4 
  -8 11 
  -8 16 
  -8 20 
  -7 -18 
  -7 -12 
  -7 -8 
  -7 -3 
  -7 1 
  -7 3 
  -7 8 
  -7 14 
  -7 18 
  -6 -23 
  -6 20 
  -5 -29 
  -5 -24 
  -5 -18 
  -5 -11 
  -5 -8 
  -5 -3 
  -5 1 
  -5 3 
  -5 16 
  -4 -30 
  -4 -25 
  -4 -19 
  -4 -5 
  -4 -4 
  -4 15 
  -4 24 
  -3 -31 
  -3 -17 
  -3 -15 
  -3 -12 
  -3 10 
  -3 27 
  -2 -25 
  -2 -24 
  -2 -21 
  -2 -14 
  -2 -10 
  -2 17 
  -2 23 
  -2 31 
  -1 -24 
  -1 -23 
  -1 -16 
  -1 -15 
  -1 -14 
  -1 -11 
  -1 -9 
  -1 -4 
  -1 -2 
  -1 11 
  -1 12 
  -1 13 
  -1 23 
  0 -19 
  0 -16 
  0 -10 
  0 8 
  0 11 
  0 16 
  0 17 
  0 27 
  1 -24 
  1 -8 
  1 4 
  1 22 
  1 23 
  1 29 
  2 -19 
  2 -15 
  2 -11 
  2 -5 
  2 1 
  2 12 
  2 23 
  2 28 
  3 -21 
  3 -16 
  3 -14 
  3 -13 
  3 -6 
  3 5 
  3 19 
  4 -31 
  4 -27 
  4 -18 
  4 -17 
  4 -13 
  4 -12 
  4 -5 
  4 4 
  4 9 
  4 29 
  5 -29 
  5 -28 
  5 -12 
  5 -7 
  5 -4 
  5 -2 
  5 9 
  5 19 
  5 21 
  5 23 
  5 31 
  6 -23 
  6 -21 
  6 2 
  6 17 
  7 -20 
  7 -12 
  7 -6 
  7 -1 
  7 12 
  7 23 
  8 -6 
  8 2 
  8 9 
  8 21 
  8 24 
  9 -20 
  9 17 
  10 -19 
  10 -11 
  10 3 
  10 6 
  11 -23 
  11 -14 
  11 -8 
  11 4 
  11 18 
  11 21 
  12 -23 
  12 1 
  12 17 
  12 18 
  12 20 
  13 -27 
  13 -11 
  13 1 
  13 2 
  14 -2 
  14 -1 
  14 0 
  14 7 
  14 19 
  14 22 
  14 24 
  14 27 
  15 -28 
  15 -27 
  15 -21 
  15 8 
  15 16 
  15 17 
  16 -23 
  16 -22 
  16 -10 
  16 -9 
  16 -3 
  16 20 
  17 -9 
  17 -7 
  17 -3 
  17 9 
  17 19 
  17 22 
  18 -16 
  18 -13 
  18 -11 
  18 -8 
  18 -3 
  18 12 
  18 18 
  18 24 
  19 -13 
  19 -9 
  19 -3 
  19 1 
  19 5 
  19 13 
  19 21 
  20 -24 
  20 -15 
  20 -6 
  20 -3 
  20 1 
  20 24 
  21 -24 
  21 -9 
  21 13 
  22 5 
  22 9 
  22 23 
  23 -20 
  23 -19 
  23 -11 
  23 -7 
  23 -6 
  23 0 
  23 3 
  23 4 
  24 -20 
  24 -8 
  24 -7 
  24 -6 
  24 6 
  24 8 
  24 17 
  24 21 
  25 -18 
  25 13 
  26 -7 
  26 -6 
  26 -1 
  26 9 
  26 18 
  27 -18 
  27 -12 
  27 -10 
  27 -6 
  27 -1 
  27 0 
  27 17 
  28 -16 
  28 -13 
  28 -11 
  28 -8 
  28 -4 
  28 -2 
  28 2 
  28 9 
  28 10 
  29 -4 
  29 -2 
  29 2 
  30 -12 
  30 -10 
  30 2 
  30 3 
  31 -9 
  31 -8 
  31 -7 
  31 -3 
  31 3 
  31 6 
  32 -8 
  32 -3 
  32 0 
  -32 -3 
  -32 3 
  -31 -6 
  -31 0 
  -31 6 
  -31 8 
  -30 1 
  -30 4 
  -29 -10 
  -29 -2 
  -29 0 
  -28 -13 
  -28 -12 
  -28 -11 
  -28 4 
  -27 -12 
  -27 -10 
  -27 1 
  -27 5 
  -26 -18 
  -26 -7 
  -26 -6 
  -26 15 
  -25 -19 
  -25 -3 
  -25 -2 
  -25 1 
  -25 2 
  -25 11 
  -25 12 
  -25 13 
  -24 -18 
  -24 -10 
  -24 -5 
  -24 12 
  -23 -19 
  -23 -16 
  -23 -10 
  -23 0 
  -23 7 
  -23 9 
  -23 21 
  -22 -15 
  -22 -11 
  -22 0 
  -22 14 
  -22 16 
  -22 18 
  -21 -15 
  -21 2 
  -21 12 
  -21 22 
  -20 -22 
  -20 -19 
  -20 -9 
  -20 5 
  -20 16 
  -19 -12 
  -19 -4 
  -19 1 
  -19 8 
  -19 11 
  -19 13 
  -19 14 
  -19 16 
  -19 25 
  -18 -13 
  -18 -11 
  -18 -10 
  -18 -4 
  -18 8 
  -18 19 
  -18 21 
  -17 -20 
  -17 -18 
  -17 -13 
  -17 -8 
  -17 -6 
  -17 -3 
  -17 3 
  -17 17 
  -16 -7 
  -16 -6 
  -16 2 
  -16 18 
  -16 19 
  -16 27 
  -15 -1 
  -15 3 
  -15 7 
  -15 8 
  -15 11 
  -15 15 
  -15 25 
  -14 -24 
  -14 -16 
  -14 -2 
  -14 2 
  -14 6 
  -14 9 
  -14 11 
  -13 -24 
  -13 -9 
  -13 -1 
  -13 9 
  -13 11 
  -13 20 
  -12 -29 
  -12 -23 
  -12 -21 
  -12 -15 
  -12 -14 
  -12 -6 
  -12 -5 
  -12 3 
  -12 17 
  -12 20 
  -11 -13 
  -11 -12 
  -11 2 
  -11 18 
  -11 22 
  -11 23 
  -11 25 
  -11 27 
  -10 -17 
  -10 -15 
  -10 -13 
  -10 -11 
  -10 -7 
  -10 9 
  -10 14 
  -10 27 
  -9 -28 
  -9 3 
  -9 11 
  -9 24 
  -8 -29 
  -8 -26 
  -8 -24 
  -8 -19 
  -8 -15 
  -8 -11 
  -8 -6 
  -8 14 
  -8 27 
  -8 30 
  -7 -5 
  -7 25 
  -6 -8 
  -6 7 
  -6 15 
  -6 16 
  -6 21 
  -6 24 
  -5 -21 
  -5 11 
  -5 13 
  -5 15 
  -5 30 
  -4 -16 
  -4 1 
  -4 20 
  -4 22 
  -4 29 
  -3 -28 
  -3 -18 
  -3 -11 
  -3 -5 
  -3 0 
  -3 11 
  -3 22 
  -3 23 
  -2 -19 
  -2 -12 
  -2 -8 
  -2 -7 
  -2 -2 
  -2 0 
  -2 2 
  -2 4 
  -2 13 
  -2 29 
  -1 -30 
  -1 -22 
  -1 7 
  0 -9 
  0 -6 
  0 -5 
  0 10 
  0 23 
  0 24 
  1 -31 
  1 -30 
  1 -22 
  1 -17 
  1 -6 
  1 8 
  1 12 
  1 24 
  2 -25 
  2 -24 
  2 -23 
  2 -3 
  2 4 
  2 24 
  3 -27 
  3 -22 
  3 -12 
  3 3 
  3 7 
  3 16 
  3 25 
  3 26 
  3 27 
  4 -30 
  4 -29 
  4 -21 
  4 -19 
  4 -16 
  4 3 
  4 12 
  4 14 
  4 16 
  4 31 
  5 -27 
  5 -25 
  5 -19 
  5 -17 
  5 -10 
  5 -5 
  5 0 
  5 4 
  5 8 
  6 -22 
  6 -14 
  6 -13 
  6 -1 
  6 9 
  6 28 
  7 -21 
  7 -19 
  7 -16 
  7 -14 
  7 -8 
  7 -7 
  7 1 
  7 8 
  7 10 
  7 11 
  7 15 
  7 17 
  7 24 
  7 29 
  8 -22 
  8 -20 
  8 -14 
  8 13 
  8 16 
  8 18 
  8 22 
  9 -22 
  9 -16 
  9 -13 
  9 -12 
  9 3 
  9 11 
  9 16 
  9 18 
  10 -24 
  10 -20 
  10 -9 
  10 8 
  10 14 
  10 15 
  10 17 
  10 25 
  10 28 
  10 30 
  11 -28 
  11 -22 
  11 -10 
  11 -5 
  11 22 
  11 23 
  12 -28 
  12 -16 
  12 -14 
  12 -2 
  12 2 
  12 3 
  12 8 
  12 11 
  12 12 
  12 15 
  12 16 
  12 24 
  13 -26 
  13 -22 
  13 -20 
  13 7 
  13 14 
  13 24 
  13 27 
  14 -24 
  14 -11 
  14 -8 
  14 -7 
  14 4 
  14 14 
  14 17 
  14 25 
  15 -17 
  15 -15 
  15 -12 
  15 13 
  15 18 
  15 19 
  16 -11 
  16 -7 
  16 -2 
  16 6 
  16 9 
  17 -25 
  17 -21 
  17 -15 
  17 -5 
  17 -1 
  17 23 
  18 -25 
  18 -23 
  18 -22 
  18 -12 
  18 -10 
  18 8 
  18 11 
  18 17 
  18 19 
  19 -25 
  19 -22 
  19 -16 
  19 -15 
  19 -2 
  19 0 
  19 3 
  19 8 
  19 18 
  19 19 
  19 20 
  19 24 
  20 -17 
  20 -11 
  20 -10 
  20 -7 
  20 2 
  20 21 
  20 25 
  21 -21 
  21 -5 
  21 -2 
  21 2 
  21 6 
  21 10 
  21 14 
  21 21 
  22 -21 
  22 -20 
  22 -4 
  22 2 
  22 3 
  22 14 
  22 15 
  22 17 
  22 18 
  22 22 
  23 -18 
  23 -14 
  23 8 
  24 -19 
  24 -15 
  24 -4 
  24 1 
  24 20 
  25 -12 
  25 -9 
  25 -8 
  25 -7 
  25 -3 
  25 -1 
  25 0 
  25 9 
  25 19 
  25 20 
  26 -3 
  26 0 
  27 7 
  27 18 
  28 -14 
  28 -9 
  28 -6 
  28 -1 
  29 -5 
  29 14 
  30 -9 
  30 -7 
  30 -4 
  30 -1 
  30 0 
  30 10 
  -31 -4 
  -30 -4 
  -30 0 
  -30 5 
  -29 -12 
  -29 -5 
  -29 5 
  -29 9 
  -28 -3 
  -28 11 
  -27 -2 
  -27 -1 
  -27 0 
  -27 2 
  -27 6 
  -27 13 
  -26 -15 
  -26 -14 
  -26 -13 
  -26 -2 
  -26 2 
  -26 14 
  -25 -6 
  -25 15 
  -25 16 
  -24 -14 
  -24 -8 
  -24 6 
  -24 14 
  -23 -9 
  -23 -8 
  -23 2 
  -23 14 
  -23 15 
  -23 16 
  -23 19 
  -22 -18 
  -22 -8 
  -22 3 
  -22 5 
  -22 22 
  -21 -18 
  -21 -16 
  -21 0 
  -21 1 
  -21 10 
  -20 -21 
  -20 0 
  -20 3 
  -20 9 
  -20 19 
  -19 -19 
  -19 -13 
  -19 -3 
  -19 0 
  -19 2 
  -18 -23 
  -18 -20 
  -18 -18 
  -18 0 
  -18 4 
  -18 13 
  -17 -5 
  -17 -1 
  -17 24 
  -16 -26 
  -16 -24 
  -16 -15 
  -16 -2 
  -16 11 
  -16 16 
  -16 25 
  -15 -21 
  -15 -20 
  -15 -17 
  -15 -6 
  -15 9 
  -15 20 
  -14 -20 
  -14 -12 
  -14 -5 
  -14 -4 
  -14 3 
  -14 13 
  -14 14 
  -13 -28 
  -13 -21 
  -13 -20 
  -13 -13 
  -13 -7 
  -13 12 
  -13 27 
  -13 28 
  -12 -11 
  -12 4 
  -12 8 
  -12 23 
  -12 29 
  -11 -29 
  -11 -16 
  -11 -10 
  -11 -1 
  -11 0 
  -11 3 
  -11 6 
  -11 15 
  -11 29 
  -10 -26 
  -10 -25 
  -10 -18 
  -10 -4 
  -10 2 
  -10 6 
  -10 7 
  -10 8 
  -10 20 
  -10 21 
  -10 25 
  -9 -6 
  -9 0 
  -9 5 
  -9 7 
  -9 14 
  -9 15 
  -8 -5 
  -8 -4 
  -8 3 
  -8 7 
  -8 9 
  -8 19 
  -8 23 
  -7 -28 
  -7 -24 
  -7 -22 
  -7 -11 
  -7 -9 
  -7 -7 
  -7 -4 
  -7 2 
  -7 6 
  -6 -29 
  -6 -28 
  -6 -26 
  -6 -19 
  -6 -11 
  -6 3 
  -6 4 
  -6 9 
  -6 12 
  -6 13 
  -6 22 
  -5 -28 
  -5 -22 
  -5 -16 
  -5 -12 
  -5 -10 
  -5 -7 
  -5 -4 
  -5 0 
  -5 2 
  -5 8 
  -5 10 
  -4 -29 
  -4 -23 
  -4 -21 
  -4 -12 
  -4 -8 
  -4 13 
  -4 17 
  -4 30 
  -3 -29 
  -3 -8 
  -3 -1 
  -3 5 
  -3 16 
  -2 -31 
  -2 -29 
  -2 -13 
  -2 -11 
  -2 -9 
  -2 -1 
  -2 10 
  -2 28 
  -2 30 
  -1 -25 
  -1 -20 
  -1 -12 
  -1 -1 
  -1 6 
  -1 29 
  0 -30 
  0 -25 
  0 -17 
  0 -13 
  0 -7 
  0 21 
  0 22 
  0 26 
  0 28 
  1 -29 
  1 -26 
  1 -25 
  1 -13 
  1 -7 
  1 2 
  1 11 
  1 13 
  1 17 
  1 18 
  1 19 
  1 20 
  1 21 
  1 25 
  1 27 
  1 31 
  2 -30 
  2 -8 
  2 -2 
  2 9 
  2 10 
  2 13 
  2 17 
  2 18 
  2 30 
  3 -26 
  3 -17 
  3 -9 
  3 9 
  3 10 
  3 30 
  3 31 
  4 -26 
  4 -25 
  4 -11 
  4 -10 
  4 2 
  4 5 
  4 13 
  4 24 
  4 27 
  5 -30 
  5 -26 
  5 -22 
  5 -3 
  5 -1 
  5 7 
  5 10 
  5 11 
  5 14 
  5 20 
  6 -30 
  6 -24 
  6 -17 
  6 -5 
  6 3 
  6 15 
  6 23 
  6 26 
  6 29 
  6 31 
  7 -29 
  7 -28 
  7 -18 
  7 -15 
  7 4 
  7 20 
  8 -29 
  8 -26 
  8 -15 
  8 -8 
  8 -3 
  8 4 
  8 8 
  8 10 
  8 19 
  8 27 
  9 -4 
  9 6 
  9 22 
  9 27 
  9 29 
  10 -29 
  10 -27 
  10 -21 
  10 -18 
  10 -13 
  10 -10 
  10 -6 
  10 -5 
  10 -3 
  10 2 
  10 7 
  10 11 
  10 20 
  10 23 
  10 24 
  11 -18 
  11 5 
  11 16 
  12 -10 
  12 22 
  12 26 
  12 28 
  13 -29 
  13 -19 
  13 -18 
  13 -17 
  13 -14 
  13 -10 
  13 -6 
  13 -4 
  13 10 
  13 11 
  13 12 
  13 15 
  13 18 
  13 19 
  14 -26 
  14 21 
  14 23 
  15 -22 
  15 -20 
  15 -3 
  15 4 
  15 7 
  15 15 
  15 24 
  15 26 
  16 -26 
  16 -20 
  16 -13 
  16 -4 
  16 2 
  16 11 
  16 14 
  16 17 
  16 25 
  17 -20 
  17 -16 
  17 -12 
  17 -11 
  17 -6 
  17 -2 
  17 14 
  17 21 
  18 -21 
  18 -2 
  18 15 
  18 16 
  18 21 
  19 -24 
  19 -21 
  19 -14 
  19 -12 
  19 -1 
  19 7 
  19 16 
  20 -25 
  20 -21 
  20 -18 
  20 -12 
  20 3 
  20 22 
  20 23 
  21 -23 
  21 -22 
  21 -13 
  21 -1 
  21 0 
  21 5 
  21 15 
  21 18 
  21 23 
  22 -14 
  22 -10 
  22 11 
  22 20 
  23 -17 
  23 -9 
  23 -1 
  23 1 
  23 7 
  23 9 
  23 12 
  23 13 
  23 14 
  23 15 
  23 16 
  23 19 
  24 -21 
  24 -13 
  24 -5 
  24 -3 
  24 -1 
  24 10 
  24 11 
  24 14 
  25 -20 
  25 -19 
  25 2 
  25 5 
  26 -19 
  26 1 
  26 6 
  26 11 
  26 12 
  26 17 
  27 -15 
  27 -7 
  27 -3 
  27 1 
  27 4 
  27 5 
  27 11 
  27 13 
  27 15 
  28 -5 
  28 0 
  28 6 
  28 11 
  28 13 
  28 14 
  29 -14 
  29 -11 
  29 8 
  29 10 
  29 11 
  30 -5 
  30 6 
  30 11 
  30 13 
  31 -4 
  31 -2 
  31 11 
  33 -1 
  33 2 ;
AreaPerTest 2.2896998936e+10;
DefectRecordSpec 12 DEFECTID XREL YREL XINDEX YINDEX XSIZE YSIZE DEFECTAREA DSIZE CLASSNUMBER TEST IMAGECOUNT ;
DefectList
 1 2264.733 2883.056 5 31 0.389 6.239 2.495472 6.239 0 2 0
 2 2259.664 2872.136 5 31 1.169 3.899 2.522311 3.899 0 2 0
 3 2127.262 2689.038 5 31 1.559 1.169 1.013338 1.559 0 2 0
 4 2125.897 2683.384 5 31 2.729 3.119 1.218511 3.119 0 2 0
 5 2072.467 2669.539 5 31 0.389 1.949 0.853494 1.949 0 2 0
 6 2064.279 2693.328 5 31 0.389 0.389 0.328038 0.389 0 2 0
 7 2064.279 2689.038 5 31 0.389 0.389 0.325652 0.389 0 2 0
 8 2064.279 2684.748 5 31 0.389 0.389 0.322073 0.389 0 2 0
 9 2065.839 2669.539 5 31 1.949 2.729 2.691698 2.729 0 2 0
 10 2059.989 2693.328 5 31 0.389 0.389 0.314916 0.389 0 2 0
 11 2059.989 2689.038 5 31 0.389 0.389 0.308355 0.389 0 2 0
 12 2025.280 2654.720 5 31 1.169 1.169 1.005584 1.169 0 2 0
 13 2022.550 2695.668 5 31 0.389 1.169 0.567207 1.169 0 2 0
 14 2022.550 2690.403 5 31 0.389 0.779 0.438974 0.779 0 2 0
 15 2012.995 2654.915 5 31 1.559 1.559 1.244754 1.559 0 2 0
 16 1985.111 2693.133 5 31 0.389 0.779 0.470585 0.779 0 2 0
 17 1971.071 2692.743 5 31 1.169 7.019 2.605215 7.019 0 2 0
 18 1971.071 2684.164 5 31 1.169 7.019 2.528275 7.019 0 2 0
 19 1970.876 2678.314 5 31 0.779 1.559 0.887491 1.559 0 2 0
 20 1968.146 2695.668 5 31 0.779 1.169 0.736594 1.169 0 2 0
 21 1958.396 2652.965 5 31 0.779 0.779 0.502792 0.779 0 2 0
 22 1950.207 2693.133 5 31 0.779 0.779 0.545735 0.779 0 2 0
 23 1950.012 2688.843 5 31 0.389 0.779 0.468199 0.779 0 2 0
 24 1950.012 2684.553 5 31 0.389 0.779 0.465217 0.779 0 2 0
 25 1950.012 2680.264 5 31 0.389 0.779 0.459849 0.779 0 2 0
 26 1950.012 2675.974 5 31 0.389 0.779 0.454481 0.779 0 2 0
 27 1950.012 2671.684 5 31 0.389 0.779 0.448517 0.779 0 2 0
 28 1950.012 2667.589 5 31 0.389 0.389 0.330423 0.389 0 2 0
 29 1950.012 2663.299 5 31 0.389 0.389 0.325652 0.389 0 2 0
 30 1951.182 2657.255 5 31 2.729 3.899 2.083337 3.899 0 2 0
 31 1945.917 2693.328 5 31 0.779 0.389 0.384699 0.779 0 2 0
 32 1945.917 2689.038 5 31 0.779 0.389 0.378734 0.779 0 2 0
 33 1945.722 2684.748 5 31 0.389 0.389 0.331616 0.389 0 2 0
 34 1945.722 2680.459 5 31 0.389 0.389 0.331020 0.389 0 2 0
 35 1945.722 2676.169 5 31 0.389 0.389 0.324459 0.389 0 2 0
 36 1945.722 2671.879 5 31 0.389 0.389 0.322670 0.389 0 2 0
 37 1945.722 2667.589 5 31 0.389 0.389 0.314916 0.389 0 2 0
 38 1945.722 2663.299 5 31 0.389 0.389 0.313127 0.389 0 2 0
 39 1911.403 2654.720 5 31 1.169 1.949 1.325868 1.949 0 2 0
 40 1911.403 2650.430 5 31 1.169 1.169 1.022881 1.169 0 2 0
 41 1857.194 2692.743 5 31 1.169 7.019 2.461475 7.019 0 2 0
 42 1857.194 2684.164 5 31 1.169 7.019 2.497261 7.019 0 2 0
 43 1856.999 2675.584 5 31 0.779 7.019 2.401235 7.019 0 2 0
 44 1856.999 2667.004 5 31 0.779 7.019 2.466247 7.019 0 2 0
 45 1856.804 2660.959 5 31 0.389 1.169 0.588082 1.169 0 2 0
 46 1854.074 2695.473 5 31 1.169 1.559 0.921488 1.559 0 2 0
 47 1853.879 2687.088 5 31 0.779 1.169 0.757469 1.169 0 2 0
 48 1853.879 2678.509 5 31 0.779 1.169 0.765819 1.169 0 2 0
 49 1853.879 2669.734 5 31 0.779 0.779 0.654882 0.779 0 2 0
 50 1844.324 2657.450 5 31 0.389 1.169 0.592853 1.169 0 2 0
 51 1835.940 2693.133 5 31 0.779 0.779 0.586293 0.779 0 2 0
 52 1835.940 2688.843 5 31 0.779 0.779 0.574960 0.779 0 2 0
 53 1835.940 2684.553 5 31 0.779 0.779 0.541560 0.779 0 2 0
 54 1835.940 2680.264 5 31 0.779 0.779 0.550507 0.779 0 2 0
 55 1835.940 2675.974 5 31 0.779 0.779 0.536789 0.779 0 2 0
 56 1835.940 2671.879 5 31 0.779 0.389 0.397820 0.779 0 2 0
 57 1835.745 2667.589 5 31 0.389 0.389 0.308952 0.389 0 2 0
 58 1837.110 2660.569 5 31 3.119 5.849 3.401452 5.849 0 2 0
 59 1831.650 2693.133 5 31 0.779 0.779 0.586293 0.779 0 2 0
 60 1831.650 2688.843 5 31 0.779 0.779 0.574960 0.779 0 2 0
 61 1831.650 2684.748 5 31 0.779 0.389 0.483110 0.779 0 2 0
 62 1831.650 2680.459 5 31 0.779 0.389 0.471181 0.779 0 2 0
 63 1831.650 2676.169 5 31 0.779 0.389 0.461638 0.779 0 2 0
 64 1831.650 2671.879 5 31 0.779 0.389 0.315513 0.779 0 2 0
 65 1797.331 2654.720 5 31 0.779 1.169 0.740172 1.169 0 2 0
 66 1790.896 2645.165 5 31 4.289 0.779 1.557881 4.289 0 2 0
 67 1790.896 2661.154 5 31 5.069 0.779 1.643767 5.069 0 2 0
 68 1790.701 2653.355 5 31 4.679 0.779 1.715339 4.679 0 2 0
 69 1784.461 2654.720 5 31 0.779 0.389 0.335791 0.779 0 2 0
 70 1751.117 2596.807 5 31 1.949 3.119 2.126877 3.119 0 2 0
 71 1747.217 2596.807 5 31 1.949 3.119 2.285528 3.119 0 2 0
 72 1749.557 2635.220 5 31 13.649 16.769 25.047760 16.769 0 2 0
 73 1743.512 2596.807 5 31 1.559 3.119 2.380957 3.119 0 2 0
 74 1732.007 2603.437 5 31 4.289 2.339 3.665075 4.289 0 2 0
 75 1728.692 2596.807 5 31 10.919 3.899 16.629122 10.919 0 2 0
 76 1695.738 2526.415 5 31 6.629 3.509 1.570406 6.629 0 2 0
 77 1687.743 2521.540 5 31 2.339 0.779 1.257875 2.339 0 2 0
 78 1681.504 2514.910 5 31 1.559 0.779 0.905384 1.559 0 2 0
 79 1677.409 2689.233 5 31 2.729 6.239 7.177463 6.239 0 2 0
 80 1677.409 2681.239 5 31 2.729 5.849 6.643060 5.849 0 2 0
 81 1677.409 2673.244 5 31 2.729 5.459 5.765709 5.459 0 2 0
 82 1664.539 2518.420 5 31 2.729 0.779 1.267418 2.729 0 2 0
 83 1653.619 2514.910 5 31 4.289 0.779 1.709374 4.289 0 2 0
 84 1645.430 2521.540 5 31 2.729 0.779 1.413544 2.729 0 2 0
 85 1634.510 2514.910 5 31 2.729 0.779 1.350322 2.729 0 2 0
 86 1618.910 2521.540 5 31 2.729 0.779 1.401019 2.729 0 2 0
 87 1608.380 2518.420 5 31 2.729 0.779 1.318115 2.729 0 2 0
 88 1602.531 2521.540 5 31 2.729 0.779 1.433823 2.729 0 2 0
 89 1589.271 2521.540 5 31 2.729 0.779 1.426665 2.729 0 2 0
 90 1396.421 2694.888 5 31 3.899 1.169 1.730846 3.899 0 2 0
 91 1334.218 2564.828 5 31 1.169 0.779 0.365613 1.169 0 2 0
 92 1320.958 2564.828 5 31 1.169 0.779 0.372174 1.169 0 2 0
 93 1306.138 2564.828 5 31 1.169 0.779 0.370384 1.169 0 2 0
 94 1289.564 2561.513 5 31 2.339 0.389 1.019899 2.339 0 2 0
 95 1280.009 2564.828 5 31 2.729 0.779 0.843355 2.729 0 2 0
 96 1233.990 2561.318 5 31 1.949 0.779 1.027652 1.949 0 2 0
 97 1217.806 2561.318 5 31 2.339 0.779 1.164832 2.339 0 2 0
 98 1202.791 2561.513 5 31 1.949 0.389 0.932820 1.949 0 2 0
 99 1201.816 2564.828 5 31 2.339 0.779 1.223879 2.339 0 2 0
 100 1018.911 2550.984 5 31 1.559 3.509 2.278967 3.509 0 2 0
 101 1018.911 2544.744 5 31 1.559 3.509 2.330260 3.509 0 2 0
 102 1018.716 2536.944 5 31 1.169 3.509 2.311174 3.509 0 2 0
 103 1018.716 2530.704 5 31 1.169 3.509 2.269424 3.509 0 2 0
 104 1018.716 2524.465 5 31 1.169 3.509 2.292685 3.509 0 2 0
 105 1017.936 2518.615 5 31 2.729 4.289 2.660087 4.289 0 2 0
 106 1013.256 2548.839 5 31 1.949 11.699 7.509080 11.699 0 2 0
 107 1010.331 2556.833 5 31 0.779 0.389 0.484303 0.779 0 2 0
 108 1002.141 2525.245 5 31 0.779 1.949 0.999024 1.949 0 2 0
 109 1001.946 2519.005 5 31 0.389 1.949 0.923873 1.949 0 2 0
 110 1000.386 2548.059 5 31 6.629 10.139 8.169926 10.139 0 2 0
 111 999.801 2537.139 5 31 5.459 3.899 3.813587 5.459 0 2 0
 112 999.996 2530.899 5 31 5.069 3.119 3.359702 5.069 0 2 0
 113 998.631 2524.465 5 31 2.339 3.509 2.331453 3.509 0 2 0
 114 998.631 2518.420 5 31 2.339 3.119 2.262267 3.119 0 2 0
 115 994.341 2539.869 5 31 0.779 1.559 0.838583 1.559 0 2 0
 116 994.146 2536.554 5 31 0.389 1.169 0.653690 1.169 0 2 0
 117 994.146 2533.434 5 31 0.389 1.169 0.648322 1.169 0 2 0
 118 310.689 2627.226 5 31 3.899 1.559 2.506804 3.899 0 2 0
 119 289.630 2627.226 5 31 3.899 1.559 2.487122 3.899 0 2 0
 120 279.880 2612.406 5 31 0.779 1.559 0.787290 1.559 0 2 0
 121 279.100 2627.226 5 31 3.899 1.559 2.525293 3.899 0 2 0
 122 268.570 2627.226 5 31 3.899 1.559 2.448950 3.899 0 2 0
 123 263.696 2612.211 5 31 27.689 1.949 16.126926 27.689 0 2 0
 124 280.465 2620.401 5 31 79.947 1.949 47.477780 79.947 0 2 0
 125 242.831 2597.197 5 31 5.459 1.559 2.950549 5.459 0 2 0
 126 124.274 2659.594 5 31 2.339 4.679 1.330043 4.679 0 2 0
 127 1711.533 2481.176 5 31 0.779 1.169 0.560050 1.169 0 2 0
 128 1707.633 2481.371 5 31 0.779 2.339 0.839180 2.339 0 2 0
 129 1702.953 2474.742 5 31 0.779 2.339 0.830830 2.339 0 2 0
 130 1695.933 2468.112 5 31 0.779 2.339 0.788483 2.339 0 2 0
 131 1694.763 2483.321 5 31 1.559 6.239 1.433823 6.239 0 2 0
 132 1689.888 2478.251 5 31 0.389 2.339 0.664425 2.339 0 2 0
 133 1685.013 2487.806 5 31 0.779 0.389 0.186683 0.779 0 2 0
 134 1677.604 2454.267 5 31 0.779 1.169 0.521282 1.169 0 2 0
 135 1676.824 2504.770 5 31 1.559 0.779 0.859459 1.559 0 2 0
 136 1672.144 2485.466 5 31 3.119 1.949 0.467006 3.119 0 2 0
 137 1663.174 2504.770 5 31 2.339 0.779 1.136203 2.339 0 2 0
 138 1660.444 2495.021 5 31 2.339 0.779 1.237000 2.339 0 2 0
 139 1654.009 2468.112 5 31 1.949 0.779 0.557068 1.949 0 2 0
 140 1654.204 2441.593 5 31 0.779 0.779 0.329230 0.779 0 2 0
 141 1658.494 2478.056 5 31 17.939 15.209 11.377538 17.939 0 2 0
 142 1650.889 2461.677 5 31 1.169 0.389 0.399013 1.169 0 2 0
 143 1633.340 2474.742 5 31 2.729 0.779 1.279943 2.729 0 2 0
 144 1030.611 2357.356 5 31 0.779 0.779 0.458656 0.779 0 2 0
 145 1025.346 2355.211 5 31 1.169 1.169 0.613729 1.169 0 2 0
 146 1018.716 2505.745 5 31 1.169 3.509 2.264653 3.509 0 2 0
 147 1018.716 2493.266 5 31 1.169 3.509 2.135823 3.509 0 2 0
 148 1018.716 2485.466 5 31 1.169 3.509 2.097055 3.509 0 2 0
 149 1018.521 2479.226 5 31 0.779 3.509 2.005801 3.509 0 2 0
 150 1018.521 2472.987 5 31 0.779 3.509 1.981944 3.509 0 2 0
 151 1018.521 2466.747 5 31 0.779 3.509 1.941386 3.509 0 2 0
 152 1017.936 2499.896 5 31 2.729 4.289 2.376185 4.289 0 2 0
 153 1018.326 2460.507 5 31 1.169 3.509 2.037412 3.509 0 2 0
 154 1018.326 2454.072 5 31 1.169 3.119 1.945561 3.119 0 2 0
 155 1018.326 2447.833 5 31 1.169 3.119 2.044569 3.119 0 2 0
 156 1018.326 2441.593 5 31 1.169 3.119 2.103019 3.119 0 2 0
 157 1016.961 2377.050 5 31 3.119 34.708 13.458489 34.708 0 2 0
 158 1013.061 2500.871 5 31 1.559 3.899 2.586129 3.899 0 2 0
 159 1013.061 2494.436 5 31 1.559 4.289 2.891503 4.289 0 2 0
 160 1013.061 2486.636 5 31 1.559 4.289 2.760288 4.289 0 2 0
 161 1012.866 2480.591 5 31 1.169 3.899 2.492490 3.899 0 2 0
 162 1012.866 2474.352 5 31 1.169 3.899 2.468036 3.899 0 2 0
 163 1012.866 2467.917 5 31 1.169 4.289 2.543186 4.289 0 2 0
 164 1012.671 2461.677 5 31 1.559 4.289 2.599251 4.289 0 2 0
 165 1012.671 2455.632 5 31 1.559 3.899 2.461475 3.899 0 2 0
 166 1012.671 2449.393 5 31 1.559 3.899 2.540801 3.899 0 2 0
 167 1012.671 2442.568 5 31 1.559 5.069 2.974407 5.069 0 2 0
 168 1012.476 2391.675 5 31 1.169 5.459 2.889713 5.459 0 2 0
 169 1012.476 2385.045 5 31 1.169 3.899 2.355310 3.899 0 2 0
 170 1012.476 2379.390 5 31 1.169 2.729 1.741582 2.729 0 2 0
 171 1012.476 2373.150 5 31 1.169 2.729 1.607981 2.729 0 2 0
 172 1012.476 2366.911 5 31 1.169 2.729 1.521498 2.729 0 2 0
 173 1012.281 2360.671 5 31 0.779 2.729 1.377758 2.729 0 2 0
 174 1010.331 2431.843 5 31 0.779 3.119 1.749335 3.119 0 2 0
 175 1007.991 2423.069 5 31 2.339 1.949 1.096839 2.339 0 2 0
 176 1001.946 2506.720 5 31 0.389 1.559 0.801008 1.559 0 2 0
 177 1001.556 2455.047 5 31 0.389 1.169 0.656075 1.169 0 2 0
 178 1001.556 2448.613 5 31 0.389 1.559 0.767012 1.559 0 2 0
 179 1001.556 2442.568 5 31 0.389 1.169 0.682915 1.169 0 2 0
 180 1002.531 2428.333 5 31 0.779 2.339 1.147535 2.339 0 2 0
 181 999.606 2430.088 5 31 0.389 0.389 0.347123 0.389 0 2 0
 182 1001.361 2385.630 5 31 0.779 1.169 0.681125 1.169 0 2 0
 183 1001.166 2379.390 5 31 0.389 1.169 0.616711 1.169 0 2 0
 184 1001.166 2373.150 5 31 0.389 1.169 0.607764 1.169 0 2 0
 185 1001.166 2360.476 5 31 0.389 0.779 0.484303 0.779 0 2 0
 186 998.436 2505.745 5 31 2.729 3.509 2.628476 3.509 0 2 0
 187 999.606 2499.506 5 31 5.069 3.509 3.097272 5.069 0 2 0
 188 999.411 2493.266 5 31 5.459 3.509 3.715772 5.459 0 2 0
 189 999.411 2485.661 5 31 5.459 3.899 3.428888 5.459 0 2 0
 190 999.411 2479.226 5 31 5.459 3.509 3.100850 5.459 0 2 0
 191 999.411 2472.987 5 31 5.459 3.509 3.090114 5.459 0 2 0
 192 999.411 2466.552 5 31 5.459 3.119 3.236240 5.459 0 2 0
 193 999.411 2460.312 5 31 5.459 3.119 3.320337 5.459 0 2 0
 194 998.046 2454.072 5 31 2.729 3.119 2.289703 3.119 0 2 0
 195 998.046 2448.028 5 31 2.729 3.509 2.452529 3.509 0 2 0
 196 998.046 2441.788 5 31 2.729 3.509 2.635037 3.509 0 2 0
 197 996.876 2425.018 5 31 1.169 0.389 0.631025 1.169 0 2 0
 198 999.411 2392.845 5 31 4.679 3.119 2.814563 4.679 0 2 0
 199 998.046 2386.605 5 31 1.949 3.119 1.943176 3.119 0 2 0
 200 998.046 2380.170 5 31 1.949 2.729 1.849536 2.729 0 2 0
 201 998.046 2373.930 5 31 1.949 2.729 1.786910 2.729 0 2 0
 202 998.046 2368.081 5 31 1.949 1.949 1.301415 1.949 0 2 0
 203 998.046 2362.231 5 31 1.949 1.169 0.875562 1.949 0 2 0
 204 993.367 2393.430 5 31 0.389 1.169 0.602396 1.169 0 2 0
 205 993.367 2390.310 5 31 0.389 1.169 0.589871 1.169 0 2 0
 206 977.767 2424.434 5 31 2.729 2.339 1.924090 2.729 0 2 0
 207 968.407 2413.319 5 31 4.289 1.169 2.287913 4.289 0 2 0
 208 959.827 2413.124 5 31 4.289 0.779 2.201431 4.289 0 2 0
 209 951.248 2413.319 5 31 4.289 1.169 2.345767 4.289 0 2 0
 210 942.668 2413.319 5 31 4.289 1.169 2.463264 4.289 0 2 0
 211 933.893 2413.319 5 31 3.899 1.169 2.406007 3.899 0 2 0
 212 925.313 2413.319 5 31 3.899 1.169 2.382150 3.899 0 2 0
 213 916.733 2413.319 5 31 3.899 1.169 2.394078 3.899 0 2 0
 214 908.154 2413.319 5 31 3.899 1.169 2.308788 3.899 0 2 0
 215 899.574 2413.319 5 31 3.899 1.169 2.309981 3.899 0 2 0
 216 890.994 2413.319 5 31 3.899 1.169 2.311174 3.899 0 2 0
 217 882.414 2413.319 5 31 3.899 1.169 2.305806 3.899 0 2 0
 218 873.835 2413.319 5 31 3.899 1.169 2.314156 3.899 0 2 0
 219 865.255 2413.319 5 31 3.899 1.169 2.309385 3.899 0 2 0
 220 856.675 2413.319 5 31 3.899 1.169 2.317735 3.899 0 2 0
 221 848.095 2413.319 5 31 3.899 1.169 2.318331 3.899 0 2 0
 222 839.321 2413.319 5 31 4.289 1.169 2.388710 4.289 0 2 0
 223 828.986 2413.319 5 31 3.899 1.169 2.408393 3.899 0 2 0
 224 820.406 2413.319 5 31 3.899 1.169 2.388710 3.899 0 2 0
 225 811.826 2413.319 5 31 3.899 1.169 2.320121 3.899 0 2 0
 226 803.246 2413.319 5 31 3.899 1.169 2.394675 3.899 0 2 0
 227 794.667 2413.319 5 31 3.899 1.169 2.398850 3.899 0 2 0
 228 786.087 2413.319 5 31 3.899 1.169 2.327278 3.899 0 2 0
 229 777.507 2413.319 5 31 3.899 1.169 2.330856 3.899 0 2 0
 230 768.927 2413.319 5 31 3.899 1.169 2.335628 3.899 0 2 0
 231 760.348 2413.319 5 31 3.899 1.169 2.411375 3.899 0 2 0
 232 751.573 2413.319 5 31 4.289 1.169 2.419128 4.289 0 2 0
 233 742.993 2413.319 5 31 4.289 1.169 2.420321 4.289 0 2 0
 234 734.413 2413.319 5 31 4.289 1.169 2.436425 4.289 0 2 0
 235 725.833 2413.319 5 31 4.289 1.169 2.438811 4.289 0 2 0
 236 717.254 2413.319 5 31 4.289 1.169 2.432250 4.289 0 2 0
 237 708.674 2413.319 5 31 4.289 1.169 2.496665 4.289 0 2 0
 238 700.094 2413.319 5 31 4.289 1.169 2.486525 4.289 0 2 0
 239 689.759 2413.319 5 31 3.899 1.169 2.445371 3.899 0 2 0
 240 681.180 2413.319 5 31 3.899 1.169 2.424496 3.899 0 2 0
 241 672.600 2413.319 5 31 3.899 1.169 2.419725 3.899 0 2 0
 242 663.825 2413.319 5 31 4.289 1.169 2.421514 4.289 0 2 0
 243 655.245 2413.319 5 31 4.289 1.169 2.413164 4.289 0 2 0
 244 646.666 2413.319 5 31 4.289 1.169 2.412568 4.289 0 2 0
 245 638.086 2413.319 5 31 4.289 1.169 2.417936 4.289 0 2 0
 246 629.506 2413.319 5 31 4.289 1.169 2.434636 4.289 0 2 0
 247 620.926 2413.319 5 31 4.289 1.169 2.474597 4.289 0 2 0
 248 612.346 2413.319 5 31 4.289 1.169 2.505611 4.289 0 2 0
 249 603.767 2413.319 5 31 4.289 1.169 2.502629 4.289 0 2 0
 250 595.187 2413.319 5 31 4.289 1.169 2.493086 4.289 0 2 0
 251 586.412 2413.319 5 31 3.899 1.169 2.455511 3.899 0 2 0
 252 577.832 2413.319 5 31 3.899 1.169 2.447757 3.899 0 2 0
 253 569.253 2413.319 5 31 3.899 1.169 2.441196 3.899 0 2 0
 254 561.843 2413.319 5 31 1.559 1.169 1.225668 1.559 0 2 0
 255 557.748 2413.319 5 31 1.949 1.169 1.238789 1.949 0 2 0
 256 550.338 2413.319 5 31 4.289 1.169 2.442389 4.289 0 2 0
 257 541.758 2413.319 5 31 4.289 1.169 2.474597 4.289 0 2 0
 258 533.178 2413.319 5 31 4.289 1.169 2.559290 4.289 0 2 0
 259 524.404 2413.319 5 31 3.899 1.169 2.385728 3.899 0 2 0
 260 516.019 2413.319 5 31 4.289 1.169 2.537818 4.289 0 2 0
 261 507.439 2413.319 5 31 4.289 1.169 2.577779 4.289 0 2 0
 262 498.859 2413.319 5 31 4.289 1.169 2.467439 4.289 0 2 0
 263 490.085 2413.319 5 31 3.899 1.169 2.521715 3.899 0 2 0
 264 481.505 2413.319 5 31 3.899 1.169 2.389307 3.899 0 2 0
 265 472.925 2413.319 5 31 3.899 1.169 2.522908 3.899 0 2 0
 266 464.540 2413.319 5 31 3.509 1.169 2.339803 3.509 0 2 0
 267 455.961 2413.319 5 31 3.509 1.169 2.059480 3.509 0 2 0
 268 447.186 2413.319 5 31 3.119 1.169 1.976576 3.119 0 2 0
 269 438.606 2413.319 5 31 3.119 1.169 1.916336 3.119 0 2 0
 270 430.221 2413.124 5 31 3.509 0.779 2.024290 3.509 0 2 0
 271 421.836 2413.124 5 31 2.339 0.779 1.285908 2.339 0 2 0
 272 404.092 2413.514 5 31 1.169 0.779 0.521282 1.169 0 2 0
 273 401.362 2346.632 5 31 0.389 0.389 0.311934 0.389 0 2 0
 274 401.557 2380.170 5 31 7.019 62.007 30.331552 62.007 0 2 0
 275 394.732 2401.619 5 31 0.389 5.069 1.693867 5.069 0 2 0
 276 394.732 2392.065 5 31 0.389 7.799 2.146559 7.799 0 2 0
 277 394.732 2384.265 5 31 0.389 0.779 0.398417 0.779 0 2 0
 278 307.374 2469.672 5 31 1.949 0.779 0.931627 1.949 0 2 0
 279 304.254 2469.477 5 31 0.389 1.169 0.626850 1.169 0 2 0
 280 292.750 2461.482 5 31 2.339 0.779 0.931030 2.339 0 2 0
 281 273.445 2484.686 5 31 8.969 1.169 3.988341 8.969 0 2 0
 282 257.456 2484.491 5 31 19.109 1.559 4.578212 19.109 0 2 0
 283 253.946 2469.672 5 31 8.969 1.559 3.339423 8.969 0 2 0
 284 243.221 2461.287 5 31 0.779 1.169 0.826655 1.169 0 2 0
 285 242.831 2484.491 5 31 6.239 1.559 2.540204 6.239 0 2 0
 286 241.661 2469.672 5 31 3.899 1.559 1.682535 3.899 0 2 0
 287 280.075 2388.165 5 31 115.826 73.317 109.595584 115.826 0 2 0
 288 215.532 2410.979 5 31 0.779 27.688 9.972344 27.688 0 2 0
 289 209.877 2398.500 5 31 1.949 1.169 1.327658 1.949 0 2 0
 290 196.617 2400.059 5 31 2.729 4.289 1.251911 4.289 0 2 0
 291 169.708 2417.414 5 31 1.169 4.679 1.908583 4.679 0 2 0
 292 166.393 2379.000 5 31 7.019 27.688 12.609766 27.688 0 2 0
 293 166.588 2404.154 5 31 7.409 16.379 27.429314 16.379 0 2 0
 294 1327.978 2318.358 5 31 1.169 0.779 0.199805 1.169 0 2 0
 295 1326.418 2299.053 5 31 0.389 0.389 0.230819 0.389 0 2 0
 296 1310.038 2305.683 5 31 0.389 0.389 0.063818 0.389 0 2 0
 297 1284.689 2305.488 5 31 1.169 0.779 0.535000 1.169 0 2 0
 298 1258.170 2321.477 5 31 1.169 0.779 0.208155 1.169 0 2 0
 299 1254.660 2314.068 5 31 0.389 0.779 0.342352 0.779 0 2 0
 300 1242.765 2318.358 5 31 0.779 0.779 0.174158 0.779 0 2 0
 301 1230.480 2321.477 5 31 1.169 0.779 0.220680 1.169 0 2 0
 302 1227.165 2314.848 5 31 0.779 0.779 0.163422 0.779 0 2 0
 303 1200.061 2321.477 5 31 1.169 0.779 0.249309 1.169 0 2 0
 304 1187.581 2318.358 5 31 1.169 0.779 0.202787 1.169 0 2 0
 305 1163.597 2318.358 5 31 0.779 0.779 0.184894 0.779 0 2 0
 306 1032.950 2287.354 5 31 0.779 0.389 0.279130 0.779 0 2 0
 307 1185.242 2766.840 5 31 2128.954 240.230 73599.541248 2128.954 0 2 0
 308 1018.716 2511.985 5 31 1.169 3.509 2.268231 3.509 0 2 0
 309 1001.946 2512.960 5 31 0.389 1.559 0.819498 1.559 0 2 0
 310 998.436 2512.180 5 31 2.729 3.119 2.298053 3.119 0 2 0
 311 1029.050 2321.477 5 31 9.359 62.397 42.202936 62.397 0 2 0
 312 1013.061 2507.890 5 31 1.559 5.459 3.181965 5.459 0 2 0
 313 1323.298 2321.672 5 31 1.169 1.169 0.253484 1.169 0 2 0
 314 1286.249 2321.672 5 31 1.169 1.169 0.282112 1.169 0 2 0
 315 2741.791 2886.371 4 31 0.389 1.169 0.567803 1.169 0 2 0
 316 2741.596 2880.521 4 31 0.779 5.849 3.043593 5.849 0 2 0
 317 2741.596 2872.721 4 31 0.779 5.849 3.328687 5.849 0 2 0
 318 2741.596 2864.727 4 31 0.779 6.239 3.456324 6.239 0 2 0
 319 2741.596 2858.487 4 31 0.779 2.339 1.485116 2.339 0 2 0
 320 2736.136 2886.371 4 31 5.459 1.169 2.912974 5.459 0 2 0
 321 2736.331 2880.521 4 31 5.849 5.849 14.571431 5.849 0 2 0
 322 2736.331 2872.721 4 31 5.849 5.849 16.129908 5.849 0 2 0
 323 2736.136 2864.727 4 31 6.239 6.239 16.861134 6.239 0 2 0
 324 2736.136 2858.487 4 31 5.459 2.339 6.306673 5.459 0 2 0
 325 2728.337 2886.371 4 31 5.459 1.169 2.926692 5.459 0 2 0
 326 2728.142 2880.716 4 31 5.849 6.239 14.997880 6.239 0 2 0
 327 2728.142 2872.721 4 31 5.849 5.849 16.055354 5.849 0 2 0
 328 2728.142 2864.727 4 31 5.849 6.239 16.256352 6.239 0 2 0
 329 2727.947 2858.487 4 31 5.459 2.339 6.049610 5.459 0 2 0
 330 2720.147 2886.371 4 31 5.459 1.169 2.995878 5.459 0 2 0
 331 2720.342 2880.521 4 31 5.849 5.849 14.919748 5.849 0 2 0
 332 2720.342 2872.721 4 31 5.849 5.849 16.235477 5.849 0 2 0
 333 2720.342 2864.727 4 31 5.849 6.239 15.825728 6.239 0 2 0
 334 2720.147 2858.487 4 31 5.459 2.339 5.722169 5.459 0 2 0
 335 2712.152 2886.371 4 31 5.849 1.169 3.115761 5.849 0 2 0
 336 2712.152 2880.716 4 31 5.849 6.239 15.220350 6.239 0 2 0
 337 2712.152 2872.721 4 31 5.849 5.849 16.278420 5.849 0 2 0
 338 2712.152 2864.922 4 31 5.849 5.849 15.302061 5.849 0 2 0
 339 2711.957 2858.487 4 31 5.459 2.339 5.061322 5.459 0 2 0
 340 2704.157 2886.371 4 31 5.459 1.169 3.125304 5.459 0 2 0
 341 2704.352 2880.716 4 31 5.849 6.239 15.656341 6.239 0 2 0
 342 2704.352 2872.721 4 31 5.849 5.849 16.089947 5.849 0 2 0
 343 2704.157 2864.922 4 31 5.459 5.849 14.461688 5.849 0 2 0
 344 2704.157 2858.487 4 31 5.459 2.339 4.118363 5.459 0 2 0
 345 2696.162 2886.371 4 31 5.849 1.169 3.239819 5.849 0 2 0
 346 2696.162 2876.816 4 31 5.849 14.039 32.097586 14.039 0 2 0
 347 2696.162 2864.922 4 31 5.849 5.849 14.986548 5.849 0 2 0
 348 2695.967 2858.487 4 31 5.459 2.339 4.285961 5.459 0 2 0
 349 2688.168 2886.371 4 31 5.459 1.169 3.225505 5.459 0 2 0
 350 2688.363 2880.716 4 31 5.849 6.239 16.018972 6.239 0 2 0
 351 2688.363 2872.721 4 31 5.849 5.849 16.174641 5.849 0 2 0
 352 2688.168 2864.922 4 31 5.459 5.849 14.546978 5.849 0 2 0
 353 2688.168 2858.487 4 31 5.459 2.339 3.948380 5.459 0 2 0
 354 2680.173 2886.371 4 31 5.849 1.169 3.332266 5.849 0 2 0
 355 2680.173 2876.816 4 31 5.849 14.039 32.623044 14.039 0 2 0
 356 2680.173 2864.922 4 31 5.849 5.849 14.916169 5.849 0 2 0
 357 2672.373 2886.371 4 31 5.849 1.169 3.316162 5.849 0 2 0
 358 2672.373 2876.816 4 31 5.849 14.039 32.091622 14.039 0 2 0
 359 2672.178 2864.922 4 31 5.459 5.849 14.136036 5.849 0 2 0
 360 2593.400 2872.331 4 31 141.956 29.248 519.451744 141.956 0 2 0
 361 2518.327 2882.081 4 31 3.509 9.749 12.330040 9.749 0 2 0
 362 2503.312 2719.457 4 31 3.119 8.969 2.870031 8.969 0 2 0
 363 2496.683 2724.527 4 31 3.119 7.409 3.336441 7.409 0 2 0
 364 2479.133 2883.446 4 31 22.619 7.019 16.360131 22.619 0 2 0
 365 2463.143 2885.786 4 31 4.679 2.339 3.113375 4.679 0 2 0
 366 2456.709 2885.201 4 31 4.289 3.509 1.278154 4.289 0 2 0
 367 2460.219 2743.636 4 31 22.229 1.949 16.437667 22.229 0 2 0
 368 2452.614 2733.302 4 31 37.439 2.339 28.218392 37.439 0 2 0
 369 2439.354 2885.201 4 31 24.959 3.509 10.985682 24.959 0 2 0
 370 2425.314 2758.651 4 31 43.678 2.339 28.122964 43.678 0 2 0
 371 2425.119 2752.411 4 31 44.068 2.339 29.768520 44.068 0 2 0
 372 2383.781 2707.563 4 31 2.729 0.779 1.238789 2.729 0 2 0
 373 2321.187 2727.842 4 31 2.339 0.779 1.217318 2.339 0 2 0
 374 2310.657 2734.472 4 31 2.339 0.779 1.258472 2.339 0 2 0
 375 2295.448 2734.472 4 31 1.559 0.779 0.973377 1.559 0 2 0
 376 2290.963 2731.352 4 31 1.949 0.779 1.008567 1.949 0 2 0
 377 2280.238 2734.472 4 31 1.559 0.779 0.968009 1.559 0 2 0
 378 2280.433 2718.092 4 31 1.949 0.779 0.974570 1.949 0 2 0
 379 2272.438 2701.128 4 31 1.559 0.389 0.748522 1.559 0 2 0
 380 2266.979 2734.472 4 31 1.559 0.779 0.941766 1.559 0 2 0
 381 2254.499 2727.842 4 31 1.559 0.779 0.910155 1.559 0 2 0
 382 2253.524 2734.472 4 31 1.169 0.779 0.854091 1.169 0 2 0
 383 2253.134 2718.092 4 31 1.949 0.779 1.013934 1.949 0 2 0
 384 2253.329 2704.638 4 31 1.559 0.389 0.534403 1.559 0 2 0
 385 2739.646 2612.601 4 31 2.339 28.468 11.193240 28.468 0 2 0
 386 2695.577 2692.938 4 31 0.779 2.729 0.862441 2.729 0 2 0
 387 2686.218 2681.629 4 31 2.339 1.169 0.870194 2.339 0 2 0
 388 2686.023 2552.154 4 31 3.509 1.169 1.770210 3.509 0 2 0
 389 2685.828 2525.440 4 31 3.119 0.779 1.678956 3.119 0 2 0
 390 2576.046 2612.406 4 31 0.389 0.779 0.508757 0.779 0 2 0
 391 2573.316 2612.796 4 31 1.169 1.559 1.102206 1.559 0 2 0
 392 2543.091 2612.796 4 31 9.359 1.559 3.904244 9.359 0 2 0
 393 2535.487 2612.991 4 31 1.169 1.169 0.959659 1.169 0 2 0
 394 2465.873 2636.390 4 31 2.339 1.949 1.673588 2.339 0 2 0
 395 2465.093 2627.616 4 31 0.779 1.559 0.823673 1.559 0 2 0
 396 2465.093 2612.796 4 31 0.779 0.779 0.710947 0.779 0 2 0
 397 2465.873 2606.362 4 31 2.339 1.169 1.269804 2.339 0 2 0
 398 2464.898 2569.898 4 31 0.389 1.559 0.803394 1.559 0 2 0
 399 2464.703 2563.658 4 31 0.779 1.559 0.897630 1.559 0 2 0
 400 2464.703 2555.078 4 31 0.779 0.779 0.549910 0.779 0 2 0
 401 2464.703 2548.644 4 31 0.779 1.169 0.780730 1.169 0 2 0
 402 2464.703 2540.064 4 31 0.779 1.169 0.817708 1.169 0 2 0
 403 2460.024 2627.616 4 31 0.779 1.559 0.978149 1.559 0 2 0
 404 2460.024 2621.181 4 31 0.779 1.169 0.798026 1.169 0 2 0
 405 2462.558 2523.295 4 31 0.389 1.169 0.634604 1.169 0 2 0
 406 2460.414 2529.534 4 31 0.779 1.169 0.849319 1.169 0 2 0
 407 2459.634 2636.390 4 31 3.899 1.949 2.024290 3.899 0 2 0
 408 2459.634 2612.796 4 31 0.779 1.559 0.917312 1.559 0 2 0
 409 2459.634 2606.362 4 31 0.779 1.169 0.857669 1.169 0 2 0
 410 2459.634 2569.898 4 31 0.779 0.779 0.737786 0.779 0 2 0
 411 2459.634 2563.463 4 31 0.779 1.169 0.825462 1.169 0 2 0
 412 2459.634 2555.078 4 31 0.779 0.779 0.663829 0.779 0 2 0
 413 2459.634 2548.449 4 31 0.779 0.779 0.654882 0.779 0 2 0
 414 2459.634 2540.064 4 31 0.779 1.169 0.792062 1.169 0 2 0
 415 2455.149 2529.534 4 31 0.389 1.169 0.699615 1.169 0 2 0
 416 2451.444 2563.658 4 31 0.779 1.559 0.924470 1.559 0 2 0
 417 2451.249 2554.883 4 31 0.389 1.169 0.691861 1.169 0 2 0
 418 2451.249 2540.064 4 31 0.389 1.169 0.689475 1.169 0 2 0
 419 2455.539 2646.725 4 31 15.209 1.559 7.046248 15.209 0 2 0
 420 2450.469 2636.195 4 31 3.509 1.559 1.817925 3.509 0 2 0
 421 2451.444 2627.616 4 31 5.459 1.559 2.154909 5.459 0 2 0
 422 2450.274 2621.376 4 31 3.119 1.559 1.681342 3.119 0 2 0
 423 2450.274 2612.796 4 31 3.119 1.559 1.694463 3.119 0 2 0
 424 2450.274 2606.556 4 31 3.119 1.559 1.855500 3.119 0 2 0
 425 2450.079 2569.898 4 31 3.509 1.559 1.630645 3.509 0 2 0
 426 2448.714 2563.463 4 31 0.779 1.169 0.619096 1.169 0 2 0
 427 2448.714 2555.273 4 31 0.779 0.389 0.394242 0.779 0 2 0
 428 2449.884 2548.644 4 31 3.119 1.169 1.259068 3.119 0 2 0
 429 2447.934 2529.729 4 31 0.779 0.779 0.707965 0.779 0 2 0
 430 2443.059 2646.530 4 31 4.289 1.169 1.797050 4.289 0 2 0
 431 2440.914 2612.601 4 31 0.779 1.169 0.706772 1.169 0 2 0
 432 2442.669 2529.729 4 31 0.389 0.779 0.555278 0.779 0 2 0
 433 2441.889 2636.195 4 31 2.729 1.559 1.543566 2.729 0 2 0
 434 2440.329 2627.616 4 31 2.729 1.559 1.286504 2.729 0 2 0
 435 2441.109 2621.376 4 31 1.169 1.559 1.071788 1.559 0 2 0
 436 2441.694 2606.556 4 31 2.339 1.559 1.374776 2.339 0 2 0
 437 2440.914 2563.658 4 31 0.779 1.559 0.959063 1.559 0 2 0
 438 2440.719 2554.883 4 31 0.389 1.169 0.669793 1.169 0 2 0
 439 2440.719 2548.644 4 31 0.389 1.169 0.676950 1.169 0 2 0
 440 2440.719 2540.064 4 31 0.389 1.169 0.675758 1.169 0 2 0
 441 2435.844 2627.616 4 31 0.779 1.559 0.993656 1.559 0 2 0
 442 2435.844 2612.601 4 31 0.779 1.169 0.876159 1.169 0 2 0
 443 2438.184 2569.898 4 31 6.239 1.559 2.743587 6.239 0 2 0
 444 2435.454 2563.463 4 31 0.779 1.169 0.798026 1.169 0 2 0
 445 2435.454 2555.078 4 31 0.779 0.779 0.671582 0.779 0 2 0
 446 2435.454 2548.644 4 31 0.779 1.169 0.777151 1.169 0 2 0
 447 2435.454 2540.259 4 31 0.779 0.779 0.657865 0.779 0 2 0
 448 2436.234 2529.729 4 31 0.779 0.779 0.670986 0.779 0 2 0
 449 2435.454 2646.725 4 31 3.119 1.559 1.788103 3.119 0 2 0
 450 2435.649 2636.195 4 31 4.289 1.559 1.922301 4.289 0 2 0
 451 2434.869 2621.181 4 31 2.729 1.169 1.214336 2.729 0 2 0
 452 2434.869 2606.556 4 31 2.729 1.559 1.390283 2.729 0 2 0
 453 2433.699 2529.924 4 31 0.389 0.389 0.401995 0.389 0 2 0
 454 2429.799 2569.313 4 31 0.389 0.389 0.361438 0.389 0 2 0
 455 2427.654 2627.616 4 31 0.779 1.559 0.997831 1.559 0 2 0
 456 2427.654 2621.376 4 31 0.779 1.559 0.977552 1.559 0 2 0
 457 2427.654 2612.796 4 31 0.779 1.559 0.983516 1.559 0 2 0
 458 2427.264 2555.078 4 31 0.779 0.779 0.708561 0.779 0 2 0
 459 2427.264 2548.449 4 31 0.779 0.779 0.648918 0.779 0 2 0
 460 2427.264 2540.064 4 31 0.779 1.169 0.779537 1.169 0 2 0
 461 2426.484 2636.195 4 31 3.119 1.559 1.787507 3.119 0 2 0
 462 2425.119 2628.006 4 31 0.389 0.779 0.531421 0.779 0 2 0
 463 2425.119 2621.181 4 31 0.389 1.169 0.625657 1.169 0 2 0
 464 2425.119 2612.991 4 31 0.389 1.169 0.625061 1.169 0 2 0
 465 2426.289 2606.556 4 31 3.509 1.559 1.608577 3.509 0 2 0
 466 2426.094 2569.898 4 31 3.119 1.559 1.637206 3.119 0 2 0
 467 2426.094 2563.463 4 31 3.119 1.169 1.395055 3.119 0 2 0
 468 2424.729 2548.449 4 31 0.389 0.779 0.495635 0.779 0 2 0
 469 2420.050 2612.796 4 31 0.389 0.779 0.555875 0.779 0 2 0
 470 2419.855 2606.556 4 31 0.779 1.559 0.917909 1.559 0 2 0
 471 2421.025 2570.093 4 31 3.119 1.169 1.537602 3.119 0 2 0
 472 2419.660 2563.658 4 31 0.389 0.779 0.540367 0.779 0 2 0
 473 2419.075 2663.299 4 31 2.339 1.169 1.378951 2.339 0 2 0
 474 2416.930 2646.530 4 31 1.949 1.169 1.069999 1.949 0 2 0
 475 2419.270 2627.811 4 31 1.949 1.169 1.063438 1.949 0 2 0
 476 2419.270 2621.376 4 31 1.949 0.779 0.951309 1.949 0 2 0
 477 2417.710 2678.119 4 31 5.069 1.169 2.500243 5.069 0 2 0
 478 2415.565 2663.299 4 31 0.779 1.169 0.927452 1.169 0 2 0
 479 2415.955 2627.616 4 31 0.779 0.779 0.734208 0.779 0 2 0
 480 2415.955 2612.601 4 31 0.779 1.169 0.860055 1.169 0 2 0
 481 2415.565 2569.898 4 31 0.779 1.559 0.927452 1.559 0 2 0
 482 2415.760 2563.658 4 31 0.389 0.779 0.545735 0.779 0 2 0
 483 2414.005 2636.390 4 31 4.679 1.169 1.766632 4.679 0 2 0
 484 2414.005 2606.556 4 31 4.679 1.559 1.990890 4.679 0 2 0
 485 2409.130 2627.616 4 31 0.389 0.779 0.541560 0.779 0 2 0
 486 2408.935 2606.556 4 31 0.779 1.559 0.891666 1.559 0 2 0
 487 2408.935 2569.898 4 31 0.779 0.779 0.708561 0.779 0 2 0
 488 2408.740 2563.658 4 31 0.389 0.779 0.530825 0.779 0 2 0
 489 2405.035 2612.796 4 31 0.779 0.779 0.717508 0.779 0 2 0
 490 2404.645 2569.898 4 31 0.779 1.559 0.793255 1.559 0 2 0
 491 2404.450 2678.314 4 31 7.409 1.559 4.071842 7.409 0 2 0
 492 2403.280 2663.104 4 31 5.069 1.559 2.761480 5.069 0 2 0
 493 2406.205 2636.390 4 31 7.019 1.169 2.744780 7.019 0 2 0
 494 2404.060 2606.556 4 31 2.729 1.559 1.316326 2.729 0 2 0
 495 2383.586 2662.909 4 31 2.339 1.169 1.179743 2.339 0 2 0
 496 2262.689 2681.239 4 31 1.559 0.389 0.731226 1.559 0 2 0
 497 2253.524 2661.349 4 31 1.169 0.389 0.617307 1.169 0 2 0
 498 2252.354 2654.720 4 31 1.169 0.389 0.594643 1.169 0 2 0
 499 2248.844 2667.979 4 31 1.169 0.389 0.614921 1.169 0 2 0
 500 2238.704 2661.349 4 31 1.169 0.389 0.605975 1.169 0 2 0
 501 2237.144 2681.239 4 31 1.169 0.389 0.617307 1.169 0 2 0
 502 2233.244 2667.979 4 31 1.169 0.389 0.586293 1.169 0 2 0
 503 2233.244 2654.720 4 31 1.169 0.389 0.605975 1.169 0 2 0
 504 2232.659 2574.773 4 31 0.779 0.389 0.471778 0.779 0 2 0
 505 2231.100 2684.748 4 31 1.559 0.389 0.720490 1.559 0 2 0
 506 2225.445 2678.119 4 31 1.169 0.389 0.608361 1.169 0 2 0
 507 2221.740 2648.090 4 31 0.779 0.389 0.492056 0.779 0 2 0
 508 2216.670 2687.868 4 31 1.559 0.389 0.713929 1.559 0 2 0
 509 2196.975 2674.609 4 31 1.169 0.389 0.598818 1.169 0 2 0
 510 2195.220 2581.402 4 31 0.779 0.389 0.483706 0.779 0 2 0
 511 2191.126 2684.748 4 31 1.169 0.389 0.608957 1.169 0 2 0
 512 2190.346 2691.378 4 31 1.169 0.389 0.356666 1.169 0 2 0
 513 2189.566 2667.979 4 31 1.169 0.389 0.585696 1.169 0 2 0
 514 2176.696 2694.498 4 31 1.169 0.389 0.467603 1.169 0 2 0
 515 2177.866 2684.748 4 31 1.169 0.389 0.630429 1.169 0 2 0
 516 2177.086 2687.868 4 31 1.169 0.389 0.474163 1.169 0 2 0
 517 2176.306 2678.119 4 31 1.169 0.389 0.637586 1.169 0 2 0
 518 2176.501 2674.609 4 31 0.779 0.389 0.484303 0.779 0 2 0
 519 2176.306 2664.859 4 31 1.169 0.389 0.645936 1.169 0 2 0
 520 2137.697 2527.195 4 31 1.169 0.389 0.686493 1.169 0 2 0
 521 2121.512 2604.217 4 31 3.119 1.559 1.901425 3.119 0 2 0
 522 2122.487 2527.975 4 31 0.389 0.389 0.305373 0.389 0 2 0
 523 2120.537 2618.451 4 31 2.729 1.949 1.830450 2.729 0 2 0
 524 2115.273 2604.217 4 31 3.119 1.559 1.707585 3.119 0 2 0
 525 2114.103 2618.451 4 31 2.339 1.949 1.662256 2.339 0 2 0
 526 2109.033 2604.217 4 31 3.119 1.559 1.807189 3.119 0 2 0
 527 2110.398 2525.440 4 31 4.289 0.779 1.418912 4.289 0 2 0
 528 2107.668 2618.451 4 31 1.949 1.949 1.535216 1.949 0 2 0
 529 2103.963 2525.245 4 31 0.779 0.389 0.418695 0.779 0 2 0
 530 2102.598 2604.217 4 31 2.729 1.559 1.732039 2.729 0 2 0
 531 2100.843 2525.635 4 31 0.779 0.389 0.393645 0.779 0 2 0
 532 2101.428 2618.646 4 31 1.949 2.339 1.684324 2.339 0 2 0
 533 2112.153 2599.537 4 31 23.399 3.119 7.225178 23.399 0 2 0
 534 2095.967 2525.440 4 31 1.169 0.779 0.655479 1.169 0 2 0
 535 2092.848 2525.440 4 31 1.169 0.779 0.636393 1.169 0 2 0
 536 2085.438 2691.183 4 31 1.169 3.899 2.158488 3.899 0 2 0
 537 2085.438 2682.604 4 31 1.169 3.899 2.302824 3.899 0 2 0
 538 2085.438 2674.024 4 31 1.169 3.899 2.313560 3.899 0 2 0
 539 2086.217 2525.440 4 31 4.289 0.779 1.501816 4.289 0 2 0
 540 347.449 2687.478 4 31 0.779 1.169 0.561839 1.169 0 2 0
 541 292.460 2661.154 4 31 95.157 60.057 55.908348 95.157 0 2 0
 542 238.251 2637.365 4 31 3.899 0.779 1.041370 3.899 0 2 0
 543 157.719 2693.328 4 31 1.949 1.169 0.889877 1.949 0 2 0
 544 157.719 2685.138 4 31 1.949 1.169 0.885105 1.949 0 2 0
 545 157.524 2677.339 4 31 2.339 1.169 0.985306 2.339 0 2 0
 546 157.524 2669.149 4 31 2.339 1.169 1.452908 2.339 0 2 0
 547 157.524 2661.349 4 31 2.339 1.169 1.646749 2.339 0 2 0
 548 157.524 2653.355 4 31 2.339 0.779 0.894052 2.339 0 2 0
 549 149.529 2645.360 4 31 1.949 1.169 0.966220 1.949 0 2 0
 550 142.899 2645.360 4 31 5.069 1.169 1.338394 5.069 0 2 0
 551 135.099 2645.165 4 31 4.289 0.779 1.216125 4.289 0 2 0
 552 124.179 2678.704 4 31 2.729 31.198 20.519648 31.198 0 2 0
 553 126.909 2645.360 4 31 5.069 0.389 1.208968 5.069 0 2 0
 554 2737.891 2434.963 4 31 1.169 1.559 0.980534 1.559 0 2 0
 555 2738.671 2430.673 4 31 5.069 1.559 2.346960 5.069 0 2 0
 556 2731.651 2435.158 4 31 0.389 0.389 0.334598 0.389 0 2 0
 557 2705.912 2433.598 4 31 1.169 4.289 1.913354 4.289 0 2 0
 558 2705.912 2425.408 4 31 1.169 4.289 2.051130 4.289 0 2 0
 559 2705.912 2417.414 4 31 1.169 4.679 1.821503 4.679 0 2 0
 560 2705.717 2410.979 4 31 0.779 1.169 0.706176 1.169 0 2 0
 561 2697.722 2415.854 4 31 0.389 0.779 0.463428 0.779 0 2 0
 562 2695.967 2468.307 4 31 6.239 15.989 5.942849 15.989 0 2 0
 563 2695.187 2453.487 4 31 7.019 6.629 3.305426 7.019 0 2 0
 564 2695.187 2432.038 4 31 7.019 27.688 12.173178 27.688 0 2 0
 565 2685.633 2504.770 4 31 3.509 0.779 1.672992 3.509 0 2 0
 566 2686.023 2477.861 4 31 2.729 0.779 1.579352 2.729 0 2 0
 567 2686.803 2457.387 4 31 0.389 0.389 0.404977 0.389 0 2 0
 568 2523.397 2472.597 4 31 0.389 0.389 0.354877 0.389 0 2 0
 569 2502.922 2456.802 4 31 3.119 8.579 8.674508 8.579 0 2 0
 570 2496.098 2454.657 4 31 3.509 12.869 13.833049 12.869 0 2 0
 571 2490.248 2457.777 4 31 1.169 6.629 4.460715 6.629 0 2 0
 572 2490.248 2444.128 4 31 0.389 0.389 0.372770 0.389 0 2 0
 573 2488.103 2480.591 4 31 5.459 0.779 2.377378 5.459 0 2 0
 574 2485.178 2456.802 4 31 1.169 8.579 5.525943 8.579 0 2 0
 575 2484.983 2444.128 4 31 0.779 0.389 0.481321 0.779 0 2 0
 576 2474.063 2495.801 4 31 0.779 0.779 0.399609 0.779 0 2 0
 577 2474.258 2489.366 4 31 1.169 4.289 1.727864 4.289 0 2 0
 578 2474.258 2481.566 4 31 1.169 4.289 1.853711 4.289 0 2 0
 579 2474.258 2473.572 4 31 1.169 4.679 1.897847 4.679 0 2 0
 580 2474.063 2465.577 4 31 1.559 4.289 1.960472 4.289 0 2 0
 581 2473.868 2457.582 4 31 1.169 4.679 2.141191 4.679 0 2 0
 582 2473.868 2449.393 4 31 1.169 4.679 2.063655 4.679 0 2 0
 583 2473.868 2442.958 4 31 1.169 1.169 0.806973 1.169 0 2 0
 584 2468.603 2482.931 4 31 1.559 0.779 0.642357 1.559 0 2 0
 585 2468.408 2474.742 4 31 1.949 0.779 0.855880 1.949 0 2 0
 586 2464.118 2468.307 4 31 0.389 0.389 0.372174 0.389 0 2 0
 587 2464.508 2461.872 4 31 1.949 0.779 1.084313 1.949 0 2 0
 588 2457.294 2461.872 4 31 1.559 0.779 1.039581 1.559 0 2 0
 589 2446.959 2482.931 4 31 8.189 0.779 2.916553 8.189 0 2 0
 590 2446.764 2468.112 4 31 8.579 0.779 3.520738 8.579 0 2 0
 591 2445.984 2459.532 4 31 10.139 0.779 3.510003 10.139 0 2 0
 592 2445.984 2474.742 4 31 10.139 0.779 3.705036 10.139 0 2 0
 593 2435.064 2483.126 4 31 1.559 0.389 0.662636 1.559 0 2 0
 594 2426.874 2482.931 4 31 8.579 0.779 3.204629 8.579 0 2 0
 595 2429.214 2474.742 4 31 13.259 0.779 4.568073 13.259 0 2 0
 596 2429.214 2468.112 4 31 13.259 0.779 4.677817 13.259 0 2 0
 597 2429.019 2459.727 4 31 12.869 0.389 3.464077 12.869 0 2 0
 598 2385.535 2489.561 4 31 1.559 0.779 0.802201 1.559 0 2 0
 599 2383.976 2482.931 4 31 5.459 0.779 1.544759 5.459 0 2 0
 600 2383.781 2468.112 4 31 5.069 0.779 1.597841 5.069 0 2 0
 601 2383.586 2474.742 4 31 5.459 0.779 1.594859 5.459 0 2 0
 602 2377.931 2447.833 4 31 0.389 0.779 0.458656 0.779 0 2 0
 603 2376.761 2477.276 4 31 4.289 54.207 19.688222 54.207 0 2 0
 604 2301.493 2498.141 4 31 1.169 0.779 0.184298 1.169 0 2 0
 605 2299.738 2508.085 4 31 1.559 1.169 0.346527 1.559 0 2 0
 606 2294.473 2504.770 4 31 0.389 2.339 0.638182 2.339 0 2 0
 607 2289.013 2505.745 4 31 0.389 0.389 0.294637 0.389 0 2 0
 608 2280.238 2501.456 4 31 1.559 1.169 0.291655 1.559 0 2 0
 609 2253.914 2501.456 4 31 0.389 1.169 0.393049 1.169 0 2 0
 610 2252.549 2495.021 4 31 0.779 0.779 0.193840 0.779 0 2 0
 611 2249.429 2508.085 4 31 1.559 1.169 0.339966 1.559 0 2 0
 612 2242.019 2493.266 4 31 0.779 0.389 0.375752 0.779 0 2 0
 613 2240.654 2501.456 4 31 1.169 1.169 0.239169 1.169 0 2 0
 614 2233.439 2498.336 4 31 0.779 0.389 0.128829 0.779 0 2 0
 615 2230.125 2504.965 4 31 1.169 1.169 0.264816 1.169 0 2 0
 616 2218.815 2508.085 4 31 1.169 1.169 0.282112 1.169 0 2 0
 617 2278.483 2698.008 4 31 1.169 0.389 0.445535 1.169 0 2 0
 618 1239.940 2611.236 4 31 1681.246 173.153 5044.720128 1681.246 0 2 0
 619 169.613 2669.344 4 31 10.139 54.597 32.015876 54.597 0 2 0
 620 2375.786 2509.450 4 31 0.779 0.779 0.475356 0.779 0 2 0
 621 2696.653 2724.917 3 31 7.409 6.629 4.895514 7.409 0 2 0
 622 2696.653 2713.217 3 31 7.409 8.969 6.453395 8.969 0 2 0
 623 2683.588 2719.652 3 31 1.559 1.559 1.453505 1.559 0 2 0
 624 2675.398 2719.847 3 31 1.559 1.949 1.609770 1.949 0 2 0
 625 2521.352 2747.926 3 31 2.339 1.949 2.100634 2.339 0 2 0
 626 2339.812 2810.714 3 31 1.169 1.169 0.573768 1.169 0 2 0
 627 2351.707 2776.980 3 31 57.718 62.397 208.814432 62.397 0 2 0
 628 2171.921 2792.969 3 31 1.559 4.679 2.498454 4.679 0 2 0
 629 2163.927 2792.969 3 31 1.169 4.679 1.825679 4.679 0 2 0
 630 2156.127 2792.969 3 31 1.169 4.679 1.931247 4.679 0 2 0
 631 2147.937 2792.969 3 31 1.169 4.679 1.638399 4.679 0 2 0
 632 2123.953 2794.334 3 31 0.779 1.949 0.898823 1.949 0 2 0
 633 2116.153 2794.529 3 31 0.779 1.559 0.814726 1.559 0 2 0
 634 2075.984 2846.592 3 31 0.779 3.509 1.159464 3.509 0 2 0
 635 2044.785 2850.882 3 31 0.779 1.169 0.532614 1.169 0 2 0
 636 1988.431 2850.687 3 31 2.729 3.119 1.714146 3.119 0 2 0
 637 1674.684 2870.771 3 31 616.963 32.368 336.048896 616.963 0 2 0
 638 2557.149 2874.086 -2 31 1.169 1.559 0.748522 1.559 0 2 0
 639 2549.349 2874.086 -2 31 1.169 1.559 1.237000 1.559 0 2 0
 640 2541.159 2874.086 -2 31 1.169 1.559 1.364040 1.559 0 2 0
 641 2517.175 2874.086 -2 31 1.559 1.559 1.454698 1.559 0 2 0
 642 2516.590 2863.752 -2 31 5.069 6.629 2.630265 6.629 0 2 0
 643 2509.180 2874.086 -2 31 1.169 1.559 0.938188 1.559 0 2 0
 644 2501.185 2874.086 -2 31 1.559 1.559 1.288293 1.559 0 2 0
 645 2493.190 2874.086 -2 31 1.169 1.559 1.151710 1.559 0 2 0
 646 2485.195 2874.086 -2 31 1.559 1.559 1.203600 1.559 0 2 0
 647 2477.201 2874.086 -2 31 1.169 1.559 0.872580 1.559 0 2 0
 648 2469.206 2874.086 -2 31 1.559 1.559 1.382529 1.559 0 2 0
 649 2453.216 2874.086 -2 31 1.559 1.559 1.333026 1.559 0 2 0
 650 2445.221 2874.086 -2 31 1.169 1.559 0.836794 1.559 0 2 0
 651 2437.227 2874.086 -2 31 1.559 1.559 0.859459 1.559 0 2 0
 652 2429.232 2874.086 -2 31 1.169 1.559 0.815323 1.559 0 2 0
 653 2421.237 2874.281 -2 31 1.559 1.169 0.874369 1.559 0 2 0
 654 2413.242 2874.086 -2 31 1.169 1.559 0.852898 1.559 0 2 0
 655 2405.247 2874.086 -2 31 1.559 1.559 0.904787 1.559 0 2 0
 656 2381.263 2874.086 -2 31 1.169 1.559 0.860055 1.559 0 2 0
 657 2373.268 2874.086 -2 31 1.559 1.559 0.863037 1.559 0 2 0
 658 2365.274 2874.086 -2 31 1.169 1.559 0.821883 1.559 0 2 0
 659 2349.284 2874.086 -2 31 1.169 1.559 0.832023 1.559 0 2 0
 660 2341.094 2874.086 -2 31 1.169 1.559 0.851109 1.559 0 2 0
 661 2333.294 2874.086 -2 31 1.169 1.559 0.851109 1.559 0 2 0
 662 2292.930 2874.476 -2 31 0.779 0.779 0.482514 0.779 0 2 0
 663 2172.619 2792.969 -2 31 1.169 4.679 1.952122 4.679 0 2 0
 664 2164.819 2792.969 -2 31 1.169 4.679 2.735237 4.679 0 2 0
 665 2156.824 2792.969 -2 31 1.559 4.679 2.853331 4.679 0 2 0
 666 2148.829 2792.969 -2 31 1.169 4.679 2.960689 4.679 0 2 0
 667 2136.739 2785.170 -2 31 9.749 20.279 18.389192 20.279 0 2 0
 668 2124.845 2794.334 -2 31 1.559 1.949 1.738599 1.949 0 2 0
 669 2116.655 2794.334 -2 31 1.559 1.949 1.782139 1.949 0 2 0
 670 2108.855 2794.334 -2 31 1.559 1.949 1.761264 1.949 0 2 0
 671 2100.665 2794.334 -2 31 1.559 1.949 1.641977 1.949 0 2 0
 672 2092.866 2794.334 -2 31 1.559 1.949 1.657485 1.949 0 2 0
 673 2084.676 2794.334 -2 31 1.559 1.949 1.662853 1.949 0 2 0
 674 2080.775 2788.484 -2 31 0.779 1.169 0.702597 1.169 0 2 0
 675 2080.775 2784.975 -2 31 0.779 1.169 0.537385 1.169 0 2 0
 676 2076.876 2794.334 -2 31 1.559 1.949 1.674185 1.949 0 2 0
 677 2068.686 2794.334 -2 31 1.559 1.949 1.662853 1.949 0 2 0
 678 2060.886 2794.334 -2 31 1.559 1.949 1.634820 1.949 0 2 0
 679 2052.697 2794.334 -2 31 1.559 1.949 1.656888 1.949 0 2 0
 680 2044.897 2794.334 -2 31 1.559 1.949 1.554302 1.949 0 2 0
 681 2036.707 2794.334 -2 31 1.559 1.949 1.573984 1.949 0 2 0
 682 2028.712 2794.334 -2 31 1.169 1.949 1.055088 1.949 0 2 0
 683 2022.082 2776.005 -2 31 4.289 38.608 16.708447 38.608 0 2 0
 684 2012.723 2794.334 -2 31 1.169 1.949 1.005584 1.949 0 2 0
 685 2004.923 2794.334 -2 31 1.169 1.949 1.045545 1.949 0 2 0
 686 1996.733 2794.334 -2 31 1.169 1.949 1.043756 1.949 0 2 0
 687 1988.738 2794.334 -2 31 1.559 1.949 1.398037 1.949 0 2 0
 688 1980.744 2794.334 -2 31 1.169 1.949 1.037195 1.949 0 2 0
 689 1972.749 2794.334 -2 31 1.559 1.949 1.448137 1.949 0 2 0
 690 1964.754 2794.334 -2 31 1.169 1.949 1.046738 1.949 0 2 0
 691 1969.824 2786.535 -2 31 7.409 4.289 6.747436 7.409 0 2 0
 692 1956.759 2794.334 -2 31 1.559 1.949 1.590684 1.949 0 2 0
 693 1948.764 2794.334 -2 31 1.169 1.949 1.043160 1.949 0 2 0
 694 1940.770 2794.334 -2 31 1.559 1.949 1.538795 1.949 0 2 0
 695 1932.775 2794.334 -2 31 1.169 1.949 1.050913 1.949 0 2 0
 696 1924.780 2794.334 -2 31 1.559 1.949 1.513745 1.949 0 2 0
 697 1916.785 2794.334 -2 31 1.169 1.949 1.055088 1.949 0 2 0
 698 1907.230 2771.910 -2 31 4.679 46.798 22.225444 46.798 0 2 0
 699 1900.796 2794.334 -2 31 1.169 1.949 1.060456 1.949 0 2 0
 700 1892.801 2794.334 -2 31 1.559 1.949 1.541180 1.949 0 2 0
 701 1884.806 2794.334 -2 31 1.169 1.949 1.046142 1.949 0 2 0
 702 1876.811 2794.334 -2 31 1.559 1.949 1.554302 1.949 0 2 0
 703 1868.816 2794.334 -2 31 1.169 1.949 1.088488 1.949 0 2 0
 704 1860.822 2794.334 -2 31 1.559 1.949 1.551916 1.949 0 2 0
 705 1852.827 2794.334 -2 31 1.169 1.949 1.069999 1.949 0 2 0
 706 1855.752 2786.730 -2 31 7.019 3.899 9.678899 7.019 0 2 0
 707 1844.832 2794.529 -2 31 1.559 1.559 1.044949 1.559 0 2 0
 708 1836.837 2794.529 -2 31 1.169 1.559 1.020495 1.559 0 2 0
 709 1828.842 2794.529 -2 31 1.559 1.559 1.009163 1.559 0 2 0
 710 1820.848 2794.529 -2 31 1.169 1.559 0.996042 1.559 0 2 0
 711 1812.853 2794.529 -2 31 1.559 1.559 0.973974 1.559 0 2 0
 712 1804.858 2794.529 -2 31 1.169 1.559 0.968606 1.559 0 2 0
 713 1796.863 2794.334 -2 31 1.559 1.949 0.994849 1.949 0 2 0
 714 1792.768 2788.874 -2 31 5.069 1.169 1.923493 5.069 0 2 0
 715 1792.768 2781.075 -2 31 5.069 1.169 2.154313 5.069 0 2 0
 716 1792.768 2773.080 -2 31 5.069 1.559 3.202244 5.069 0 2 0
 717 1792.768 2765.085 -2 31 5.069 1.169 3.371034 5.069 0 2 0
 718 1792.573 2756.896 -2 31 5.459 1.169 3.133058 5.459 0 2 0
 719 1792.573 2749.096 -2 31 4.679 1.169 1.668220 4.679 0 2 0
 720 1788.869 2794.529 -2 31 1.169 1.559 0.991270 1.559 0 2 0
 721 1780.874 2794.529 -2 31 1.559 1.559 0.990077 1.559 0 2 0
 722 1772.879 2794.529 -2 31 1.169 1.559 0.973377 1.559 0 2 0
 723 1764.884 2794.334 -2 31 1.559 1.949 0.998427 1.949 0 2 0
 724 1756.694 2794.529 -2 31 1.559 1.559 1.010952 1.559 0 2 0
 725 1748.895 2794.334 -2 31 1.559 1.949 1.047335 1.949 0 2 0
 726 1740.705 2794.529 -2 31 1.559 1.559 1.029442 1.559 0 2 0
 727 1741.680 2786.730 -2 31 7.409 3.899 13.448350 7.409 0 2 0
 728 1732.905 2794.334 -2 31 1.559 1.949 1.002006 1.949 0 2 0
 729 1724.910 2794.529 -2 31 1.169 1.559 0.981727 1.559 0 2 0
 730 1716.720 2794.334 -2 31 1.169 1.949 0.962045 1.949 0 2 0
 731 1708.921 2794.529 -2 31 1.169 1.559 0.957273 1.559 0 2 0
 732 1700.731 2794.529 -2 31 1.169 1.559 0.954291 1.559 0 2 0
 733 1692.736 2794.529 -2 31 1.559 1.559 0.948923 1.559 0 2 0
 734 1684.741 2794.334 -2 31 1.169 1.949 0.984709 1.949 0 2 0
 735 1678.111 2765.280 -2 31 4.289 60.057 27.648800 60.057 0 2 0
 736 1668.752 2794.529 -2 31 1.169 1.559 0.976956 1.559 0 2 0
 737 1660.757 2794.529 -2 31 1.559 1.559 0.963238 1.559 0 2 0
 738 1652.762 2794.334 -2 31 1.169 1.949 0.951309 1.949 0 2 0
 739 1644.767 2794.529 -2 31 1.559 1.559 0.947731 1.559 0 2 0
 740 1636.772 2794.529 -2 31 1.169 1.559 0.954291 1.559 0 2 0
 741 1628.778 2794.529 -2 31 1.559 1.559 0.979938 1.559 0 2 0
 742 1620.783 2794.334 -2 31 1.169 1.949 0.973377 1.949 0 2 0
 743 1612.788 2794.529 -2 31 1.559 1.559 0.945345 1.559 0 2 0
 744 1604.793 2794.529 -2 31 1.169 1.559 0.929838 1.559 0 2 0
 745 1596.994 2794.529 -2 31 1.169 1.559 0.868405 1.559 0 2 0
 746 1588.999 2794.529 -2 31 0.779 1.559 0.743154 1.559 0 2 0
 747 1564.819 2792.969 -2 31 1.559 4.679 1.965840 4.679 0 2 0
 748 1564.819 2784.780 -2 31 1.559 4.679 2.198449 4.679 0 2 0
 749 1564.624 2776.980 -2 31 1.169 4.679 2.279563 4.679 0 2 0
 750 1564.624 2768.985 -2 31 1.169 5.069 2.262863 5.069 0 2 0
 751 1564.624 2745.001 -2 31 1.169 4.679 2.221113 4.679 0 2 0
 752 1451.137 2755.726 -2 31 4.289 67.467 25.453930 67.467 0 2 0
 753 1385.619 2747.731 -2 31 7.409 67.857 41.910088 67.857 0 2 0
 754 1374.699 2782.635 -2 31 0.389 1.169 0.496231 1.169 0 2 0
 755 1374.699 2773.470 -2 31 1.949 2.339 0.760451 2.339 0 2 0
 756 1374.699 2762.940 -2 31 1.949 2.339 0.881527 2.339 0 2 0
 757 1374.699 2752.411 -2 31 1.949 2.339 0.914330 2.339 0 2 0
 758 1374.699 2742.076 -2 31 1.949 2.729 0.897034 2.729 0 2 0
 759 1374.504 2731.547 -2 31 1.559 2.729 0.894648 2.729 0 2 0
 760 1359.880 2731.937 -2 31 1.949 5.849 1.773192 5.849 0 2 0
 761 1360.270 2752.996 -2 31 3.509 29.248 13.864063 29.248 0 2 0
 762 1338.040 2773.860 -2 31 1.169 1.559 1.286504 1.559 0 2 0
 763 1337.455 2769.570 -2 31 2.339 2.339 0.897034 2.339 0 2 0
 764 1338.040 2764.110 -2 31 1.169 3.119 2.026676 3.119 0 2 0
 765 1337.455 2759.236 -2 31 2.339 2.729 0.873773 2.729 0 2 0
 766 1338.040 2753.971 -2 31 1.949 3.119 2.518136 3.119 0 2 0
 767 1337.065 2746.366 -2 31 3.119 5.849 2.506207 5.849 0 2 0
 768 1338.040 2739.151 -2 31 1.949 3.119 2.710187 3.119 0 2 0
 769 1337.260 2733.302 -2 31 1.949 2.339 0.866019 2.339 0 2 0
 770 1338.040 2728.622 -2 31 1.949 3.119 2.735237 3.119 0 2 0
 771 1330.435 2780.880 -2 31 1.559 0.779 0.702597 1.559 0 2 0
 772 1330.240 2772.885 -2 31 1.949 1.169 0.911945 1.949 0 2 0
 773 1330.240 2765.085 -2 31 1.949 1.169 1.038388 1.949 0 2 0
 774 1330.045 2757.091 -2 31 2.339 0.779 1.304993 2.339 0 2 0
 775 1330.045 2749.096 -2 31 2.339 1.169 1.057474 2.339 0 2 0
 776 1330.045 2740.906 -2 31 2.339 1.169 1.429648 2.339 0 2 0
 777 1329.850 2733.107 -2 31 1.949 1.169 1.570406 1.949 0 2 0
 778 1329.850 2724.917 -2 31 1.949 1.169 1.336604 1.949 0 2 0
 779 1329.655 2717.117 -2 31 1.559 1.169 0.787887 1.559 0 2 0
 780 1247.368 2773.080 -2 31 1.559 0.779 0.687090 1.559 0 2 0
 781 1248.733 2765.085 -2 31 5.069 1.169 1.903811 5.069 0 2 0
 782 1248.733 2757.091 -2 31 5.069 0.779 1.871007 5.069 0 2 0
 783 1248.538 2749.096 -2 31 5.459 1.169 2.053516 5.459 0 2 0
 784 1248.343 2741.101 -2 31 5.069 0.779 1.921108 5.069 0 2 0
 785 1248.343 2733.107 -2 31 5.069 1.169 2.168031 5.069 0 2 0
 786 1248.343 2725.112 -2 31 5.069 1.559 2.936235 5.069 0 2 0
 787 1248.343 2717.117 -2 31 5.069 1.169 2.017730 5.069 0 2 0
 788 1248.148 2709.123 -2 31 4.679 0.779 1.448733 4.679 0 2 0
 789 1238.593 2762.940 -2 31 1.949 2.339 0.537385 2.339 0 2 0
 790 1238.788 2731.547 -2 31 2.339 2.729 0.873773 2.729 0 2 0
 791 1238.593 2721.212 -2 31 1.949 2.339 0.796833 2.339 0 2 0
 792 1223.578 2742.466 -2 31 2.339 8.189 2.364257 8.189 0 2 0
 793 1224.163 2731.742 -2 31 3.509 6.239 2.804424 6.239 0 2 0
 794 1223.968 2721.212 -2 31 2.339 6.239 1.808978 6.239 0 2 0
 795 1223.578 2710.877 -2 31 1.559 5.849 1.445155 5.849 0 2 0
 796 1201.934 2763.330 -2 31 1.169 1.559 1.191671 1.559 0 2 0
 797 1201.544 2759.236 -2 31 1.949 2.729 0.756276 2.729 0 2 0
 798 1202.129 2753.971 -2 31 1.559 3.119 2.267635 3.119 0 2 0
 799 1201.349 2746.366 -2 31 2.339 5.849 1.696253 5.849 0 2 0
 800 1201.934 2738.956 -2 31 1.949 3.509 2.789513 3.509 0 2 0
 801 1201.154 2733.302 -2 31 2.729 2.339 1.341972 2.729 0 2 0
 802 1201.934 2728.622 -2 31 1.949 3.119 2.762077 3.119 0 2 0
 803 1201.349 2722.772 -2 31 2.339 2.339 0.965623 2.339 0 2 0
 804 1201.934 2718.092 -2 31 1.949 3.119 2.784741 3.119 0 2 0
 805 1201.934 2711.657 -2 31 0.389 0.389 0.337581 0.389 0 2 0
 806 1194.134 2765.085 -2 31 1.949 1.169 0.845144 1.949 0 2 0
 807 1194.134 2756.896 -2 31 1.949 1.169 0.938188 1.949 0 2 0
 808 1194.134 2749.096 -2 31 1.949 1.169 1.031827 1.949 0 2 0
 809 1193.939 2741.101 -2 31 2.339 0.779 0.981131 2.339 0 2 0
 810 1193.939 2733.107 -2 31 2.339 1.169 1.074174 2.339 0 2 0
 811 1193.939 2725.112 -2 31 2.339 1.559 1.683728 2.339 0 2 0
 812 1193.939 2717.117 -2 31 2.339 1.169 1.610963 2.339 0 2 0
 813 1193.744 2709.123 -2 31 1.949 0.779 0.908366 1.949 0 2 0
 814 1112.626 2756.896 -2 31 5.069 1.169 1.721303 5.069 0 2 0
 815 1112.626 2749.096 -2 31 5.069 1.169 1.946754 5.069 0 2 0
 816 1112.626 2740.906 -2 31 5.069 1.169 1.885918 5.069 0 2 0
 817 1112.626 2733.107 -2 31 5.069 1.169 2.067233 5.069 0 2 0
 818 1112.431 2725.307 -2 31 5.459 1.169 2.800248 5.459 0 2 0
 819 1112.236 2717.117 -2 31 5.069 1.169 3.310198 5.069 0 2 0
 820 1112.236 2708.928 -2 31 5.069 1.169 2.694680 5.069 0 2 0
 821 1112.236 2701.128 -2 31 5.069 1.169 2.268828 5.069 0 2 0
 822 1102.486 2752.411 -2 31 1.949 2.339 0.536789 2.339 0 2 0
 823 1102.486 2744.806 -2 31 1.949 8.189 2.649948 8.189 0 2 0
 824 1102.486 2731.742 -2 31 1.949 2.339 0.909559 2.339 0 2 0
 825 1102.681 2721.212 -2 31 2.339 2.339 0.980534 2.339 0 2 0
 826 1102.291 2709.123 -2 31 1.559 2.339 0.478935 2.339 0 2 0
 827 1102.291 2702.103 -2 31 1.559 2.339 0.585100 2.339 0 2 0
 828 1087.667 2739.931 -2 31 1.949 2.339 0.892262 2.339 0 2 0
 829 1087.277 2731.547 -2 31 2.729 5.849 1.785121 5.849 0 2 0
 830 1087.862 2721.212 -2 31 3.119 6.239 1.842975 6.239 0 2 0
 831 1087.667 2710.877 -2 31 1.949 5.849 1.662853 5.849 0 2 0
 832 1065.827 2753.191 -2 31 1.169 1.559 1.169603 1.559 0 2 0
 833 1065.437 2746.366 -2 31 1.949 5.849 1.653310 5.849 0 2 0
 834 1065.437 2733.302 -2 31 1.949 2.339 0.900612 2.339 0 2 0
 835 1065.827 2728.622 -2 31 1.949 3.119 2.774005 3.119 0 2 0
 836 1065.242 2722.967 -2 31 3.119 2.729 1.581738 3.119 0 2 0
 837 1065.827 2718.092 -2 31 1.949 3.119 2.824106 3.119 0 2 0
 838 1065.827 2710.098 -2 31 1.949 7.409 3.811797 7.409 0 2 0
 839 1018.249 2715.752 -2 31 3.509 0.779 1.203600 3.509 0 2 0
 840 1009.864 2731.742 -2 31 1.559 0.779 0.968606 1.559 0 2 0
 841 1005.964 2731.742 -2 31 1.559 0.779 0.971588 1.559 0 2 0
 842 1002.259 2731.742 -2 31 1.949 0.779 1.059860 1.949 0 2 0
 843 998.554 2731.742 -2 31 1.559 0.779 1.005584 1.559 0 2 0
 844 994.654 2731.742 -2 31 1.559 0.779 1.006777 1.559 0 2 0
 845 990.949 2731.742 -2 31 1.949 0.779 1.064631 1.949 0 2 0
 846 987.244 2731.742 -2 31 1.559 0.779 1.021092 1.559 0 2 0
 847 983.540 2731.742 -2 31 1.949 0.779 1.074174 1.949 0 2 0
 848 979.835 2731.742 -2 31 1.559 0.779 1.015127 1.559 0 2 0
 849 975.935 2731.742 -2 31 1.559 0.779 1.016917 1.559 0 2 0
 850 972.230 2731.742 -2 31 1.949 0.779 1.089681 1.949 0 2 0
 851 968.525 2731.742 -2 31 1.559 0.779 1.022285 1.559 0 2 0
 852 964.625 2731.742 -2 31 1.559 0.779 1.013934 1.559 0 2 0
 853 960.920 2731.742 -2 31 1.949 0.779 1.062842 1.949 0 2 0
 854 957.215 2731.742 -2 31 1.559 0.779 1.007970 1.559 0 2 0
 855 953.510 2731.742 -2 31 1.949 0.779 1.078349 1.949 0 2 0
 856 925.821 2731.547 -2 31 34.709 6.629 48.710604 34.709 0 2 0
 857 783.085 2731.547 -2 31 8.189 35.488 73.073664 35.488 0 2 0
 858 762.025 2730.767 -2 31 1.169 0.389 0.424660 1.169 0 2 0
 859 762.415 2721.212 -2 31 1.949 2.339 0.874369 2.339 0 2 0
 860 747.596 2722.772 -2 31 1.949 2.339 0.594643 2.339 0 2 0
 861 747.401 2719.652 -2 31 1.559 2.339 0.779537 2.339 0 2 0
 862 747.011 2710.877 -2 31 2.339 5.849 1.601420 5.849 0 2 0
 863 725.951 2739.931 -2 31 0.779 0.779 0.343545 0.779 0 2 0
 864 725.366 2733.302 -2 31 1.949 2.339 0.786694 2.339 0 2 0
 865 725.951 2728.622 -2 31 1.559 3.119 1.936018 3.119 0 2 0
 866 725.366 2722.967 -2 31 1.949 2.729 0.857669 2.729 0 2 0
 867 725.951 2718.092 -2 31 1.559 3.119 2.323699 3.119 0 2 0
 868 636.449 2719.652 -2 31 1.169 1.559 1.017513 1.559 0 2 0
 869 628.454 2719.652 -2 31 1.559 1.559 0.986499 1.559 0 2 0
 870 620.459 2719.652 -2 31 1.169 1.559 0.957273 1.559 0 2 0
 871 612.464 2719.652 -2 31 1.559 1.559 0.959063 1.559 0 2 0
 872 604.469 2719.652 -2 31 1.169 1.559 0.932223 1.559 0 2 0
 873 580.290 2719.652 -2 31 1.169 1.559 0.936995 1.559 0 2 0
 874 458.418 2712.242 -2 31 2.339 1.559 0.714526 2.339 0 2 0
 875 436.384 2719.652 -2 31 1.169 1.559 0.909559 1.559 0 2 0
 876 430.924 2717.117 -2 31 1.949 1.169 0.895245 1.949 0 2 0
 877 430.924 2709.123 -2 31 1.949 0.779 0.929241 1.949 0 2 0
 878 430.924 2701.128 -2 31 1.949 1.169 1.034213 1.949 0 2 0
 879 158.906 2701.323 -2 31 1.559 0.779 0.814726 1.559 0 2 0
 880 151.691 2762.355 -2 31 0.389 6.629 1.872797 6.629 0 2 0
 881 139.602 2830.213 -2 31 0.389 6.629 1.777964 6.629 0 2 0
 882 139.212 2762.160 -2 31 0.389 7.019 2.104809 7.019 0 2 0
 883 124.392 2811.494 -2 31 2.729 37.048 19.234934 37.048 0 2 0
 884 124.002 2743.831 -2 31 2.729 37.438 22.772372 37.438 0 2 0
 885 1110.091 2693.133 -2 31 0.779 0.779 0.474760 0.779 0 2 0
 886 1105.021 2693.133 -2 31 0.779 0.779 0.516510 0.779 0 2 0
 887 1097.222 2693.133 -2 31 0.779 0.779 0.384699 0.779 0 2 0
 888 1094.102 2693.133 -2 31 0.779 0.779 0.500406 0.779 0 2 0
 889 1087.472 2693.133 -2 31 3.899 0.779 0.945345 3.899 0 2 0
 890 1081.622 2693.133 -2 31 1.559 0.779 0.620886 1.559 0 2 0
 891 1078.112 2693.133 -2 31 0.779 0.779 0.507564 0.779 0 2 0
 892 1067.582 2691.963 -2 31 5.459 3.899 1.485712 5.459 0 2 0
 893 1062.122 2693.328 -2 31 0.779 1.169 0.607168 1.169 0 2 0
 894 1057.053 2693.133 -2 31 0.779 0.779 0.340563 0.779 0 2 0
 895 1051.593 2693.133 -2 31 5.459 6.239 2.516347 6.239 0 2 0
 896 1046.133 2693.133 -2 31 0.779 0.779 0.500406 0.779 0 2 0
 897 1037.943 2685.138 -2 31 0.779 0.389 0.351298 0.779 0 2 0
 898 228.129 2690.208 -2 31 0.389 7.409 1.945561 7.409 0 2 0
 899 217.209 2691.573 -2 31 0.389 4.679 1.172585 4.679 0 2 0
 900 206.095 2689.818 -2 31 0.779 7.409 2.063655 7.409 0 2 0
 901 197.320 2691.768 -2 31 0.389 3.509 1.319308 3.509 0 2 0
 902 194.980 2690.013 -2 31 0.389 7.799 2.571815 7.799 0 2 0
 903 194.980 2682.019 -2 31 0.389 1.169 0.492653 1.169 0 2 0
 904 186.205 2690.013 -2 31 0.779 7.019 2.293878 7.019 0 2 0
 905 170.411 2665.249 -2 31 9.749 62.007 35.513352 62.007 0 2 0
 906 158.711 2693.133 -2 31 1.169 0.779 0.843355 1.169 0 2 0
 907 158.711 2685.333 -2 31 1.949 0.779 0.868405 1.949 0 2 0
 908 158.516 2677.339 -2 31 1.559 1.169 0.983516 1.559 0 2 0
 909 158.516 2669.344 -2 31 1.559 0.779 0.925066 1.559 0 2 0
 910 158.516 2661.349 -2 31 1.559 1.169 1.109364 1.559 0 2 0
 911 158.516 2653.160 -2 31 1.559 1.169 1.072981 1.559 0 2 0
 912 158.516 2645.165 -2 31 1.559 0.779 0.806376 1.559 0 2 0
 913 151.886 2645.165 -2 31 4.679 0.779 1.687903 4.679 0 2 0
 914 146.426 2694.693 -2 31 0.779 0.779 0.632218 0.779 0 2 0
 915 143.696 2688.063 -2 31 0.779 1.559 0.923277 1.559 0 2 0
 916 144.086 2645.360 -2 31 4.679 1.169 1.676570 4.679 0 2 0
 917 138.822 2679.289 -2 31 0.389 0.389 0.329230 0.389 0 2 0
 918 135.897 2695.473 -2 31 0.779 0.779 0.611939 0.779 0 2 0
 919 135.897 2645.165 -2 31 4.679 0.779 1.735021 4.679 0 2 0
 920 131.217 2688.258 -2 31 0.779 1.169 0.680529 1.169 0 2 0
 921 125.757 2658.424 -2 31 0.779 1.559 0.965027 1.559 0 2 0
 922 124.782 2663.884 -2 31 2.729 5.459 3.199858 5.459 0 2 0
 923 128.097 2645.165 -2 31 4.679 0.779 1.752317 4.679 0 2 0
 924 1094.882 2701.323 -2 31 1.559 3.899 1.159464 3.899 0 2 0
 925 1072.652 2701.518 -2 31 1.559 4.289 1.399230 4.289 0 2 0
 926 1052.373 2729.012 -2 31 13.259 62.397 58.150932 62.397 0 2 0
 927 614.024 2698.203 -2 31 560.805 95.936 881.740096 560.805 0 2 0
 928 170.801 2699.958 -2 31 9.749 3.509 3.190911 9.749 0 2 0
 929 151.496 2687.283 -2 31 0.779 21.839 7.256789 21.839 0 2 0
 930 139.212 2689.818 -2 31 1.169 16.769 5.336874 16.769 0 2 0
 931 1080.452 2696.838 -2 31 2.339 1.949 1.903811 2.339 0 2 0
 932 143.111 2694.303 -2 31 1.169 7.019 2.331453 7.019 0 2 0
 933 130.632 2695.863 -2 31 1.169 3.899 1.005584 3.899 0 2 0
 934 2740.934 2818.708 -3 31 0.389 33.538 10.765002 33.538 0 2 0
 935 2689.455 2708.538 -3 31 0.389 0.389 0.408556 0.389 0 2 0
 936 2688.285 2755.726 -3 31 3.509 1.169 2.023098 3.509 0 2 0
 937 2688.090 2729.012 -3 31 3.119 0.779 1.807189 3.119 0 2 0
 938 2686.920 2708.343 -3 31 0.779 0.779 0.666215 0.779 0 2 0
 939 2527.805 2816.368 -3 31 11.699 1.559 5.531311 11.699 0 2 0
 940 2519.030 2816.368 -3 31 1.169 1.559 1.074771 1.559 0 2 0
 941 2498.750 2720.822 -3 31 0.389 11.699 3.587539 11.699 0 2 0
 942 2467.746 2767.425 -3 31 2.339 1.169 1.234614 2.339 0 2 0
 943 2465.991 2743.636 -3 31 2.729 1.169 1.213739 2.729 0 2 0
 944 2462.286 2752.411 -3 31 2.339 1.559 1.340183 2.339 0 2 0
 945 2461.506 2743.636 -3 31 0.779 1.169 0.826655 1.169 0 2 0
 946 2459.946 2733.302 -3 31 6.239 1.559 2.926096 6.239 0 2 0
 947 2452.147 2767.230 -3 31 3.119 1.559 1.724285 3.119 0 2 0
 948 2452.147 2758.651 -3 31 3.119 1.559 1.841782 3.119 0 2 0
 949 2452.147 2752.411 -3 31 3.119 1.559 1.801821 3.119 0 2 0
 950 2452.147 2743.831 -3 31 3.119 1.559 1.695060 3.119 0 2 0
 951 2449.222 2733.302 -3 31 2.729 1.559 1.370601 2.729 0 2 0
 952 2444.737 2733.302 -3 31 0.779 1.559 1.069403 1.559 0 2 0
 953 2445.517 2758.651 -3 31 5.459 1.559 2.108387 5.459 0 2 0
 954 2443.567 2752.411 -3 31 2.339 1.559 1.366426 2.339 0 2 0
 955 2442.787 2743.636 -3 31 0.779 1.169 0.861248 1.169 0 2 0
 956 2436.742 2767.230 -3 31 2.729 1.559 1.380740 2.729 0 2 0
 957 2436.742 2758.651 -3 31 2.729 1.559 1.397440 2.729 0 2 0
 958 2436.742 2752.411 -3 31 2.729 1.559 1.383722 2.729 0 2 0
 959 2437.717 2743.831 -3 31 0.779 1.559 0.993656 1.559 0 2 0
 960 2437.132 2733.302 -3 31 3.509 1.559 1.812557 3.509 0 2 0
 961 2428.357 2767.230 -3 31 3.119 1.559 1.753510 3.119 0 2 0
 962 2428.357 2758.651 -3 31 3.119 1.559 1.817925 3.119 0 2 0
 963 2421.142 2708.148 -3 31 0.389 1.169 0.669197 1.169 0 2 0
 964 2421.142 2701.908 -3 31 0.389 1.169 0.680529 1.169 0 2 0
 965 2421.142 2733.302 -3 31 7.409 1.559 3.245783 7.409 0 2 0
 966 2410.418 2758.651 -3 31 2.339 1.559 1.468416 2.339 0 2 0
 967 2407.298 2716.922 -3 31 4.679 1.559 1.970611 4.679 0 2 0
 968 2405.933 2708.148 -3 31 1.949 1.169 1.089085 1.949 0 2 0
 969 2402.618 2707.953 -3 31 0.779 1.559 0.984113 1.559 0 2 0
 970 2394.818 2707.953 -3 31 9.359 1.559 4.086156 9.359 0 2 0
 971 2087.311 2778.540 -3 31 1.169 3.899 2.433443 3.899 0 2 0
 972 2087.311 2769.960 -3 31 1.169 3.899 2.440004 3.899 0 2 0
 973 2087.311 2761.381 -3 31 1.169 3.899 2.378571 3.899 0 2 0
 974 2086.920 2752.801 -3 31 1.169 3.899 2.419128 3.899 0 2 0
 975 2086.920 2744.221 -3 31 1.169 3.899 2.388710 3.899 0 2 0
 976 2086.920 2735.642 -3 31 1.169 3.899 2.340399 3.899 0 2 0
 977 2086.920 2727.062 -3 31 1.169 3.899 2.330260 3.899 0 2 0
 978 2086.920 2718.482 -3 31 1.169 3.899 2.414953 3.899 0 2 0
 979 2086.920 2708.343 -3 31 1.169 3.899 2.425689 3.899 0 2 0
 980 2076.781 2784.390 -3 31 0.389 0.779 0.472374 0.779 0 2 0
 981 2076.391 2780.295 -3 31 1.949 1.949 0.422870 1.949 0 2 0
 982 2075.610 2776.395 -3 31 0.389 0.389 0.320880 0.389 0 2 0
 983 2075.610 2772.105 -3 31 0.389 0.389 0.310741 0.389 0 2 0
 984 1973.044 2778.540 -3 31 1.169 3.899 2.301035 3.899 0 2 0
 985 1973.044 2769.960 -3 31 1.169 3.899 2.340399 3.899 0 2 0
 986 1973.044 2761.381 -3 31 1.169 3.899 2.370221 3.899 0 2 0
 987 1973.044 2752.801 -3 31 1.169 3.899 2.298053 3.899 0 2 0
 988 1973.044 2744.221 -3 31 1.169 3.899 2.308788 3.899 0 2 0
 989 1973.044 2735.642 -3 31 1.169 3.899 2.285528 3.899 0 2 0
 990 1972.849 2727.062 -3 31 0.779 3.899 2.178170 3.899 0 2 0
 991 1972.849 2718.482 -3 31 0.779 3.899 2.202027 3.899 0 2 0
 992 1972.654 2708.343 -3 31 1.169 3.899 2.317139 3.899 0 2 0
 993 1859.167 2778.540 -3 31 1.169 3.899 2.213956 3.899 0 2 0
 994 1858.972 2769.960 -3 31 0.779 3.899 2.202027 3.899 0 2 0
 995 1858.777 2761.381 -3 31 1.169 3.899 2.184134 3.899 0 2 0
 996 1858.777 2752.801 -3 31 1.169 3.899 2.253320 3.899 0 2 0
 997 1858.777 2744.221 -3 31 1.169 3.899 2.147155 3.899 0 2 0
 998 1858.777 2735.642 -3 31 1.169 3.899 2.252724 3.899 0 2 0
 999 1858.777 2727.062 -3 31 1.169 3.899 2.219324 3.899 0 2 0
 1000 1858.777 2718.482 -3 31 1.169 3.899 2.275388 3.899 0 2 0
 1001 1858.777 2708.343 -3 31 1.169 3.899 2.280160 3.899 0 2 0
 1002 1744.900 2778.540 -3 31 1.169 3.899 2.354117 3.899 0 2 0
 1003 1744.900 2769.960 -3 31 1.169 3.899 2.377975 3.899 0 2 0
 1004 1744.900 2761.381 -3 31 1.169 3.899 2.335628 3.899 0 2 0
 1005 1744.900 2752.801 -3 31 1.169 3.899 2.296263 3.899 0 2 0
 1006 1744.900 2744.221 -3 31 1.169 3.899 2.222306 3.899 0 2 0
 1007 1744.705 2735.642 -3 31 0.779 3.899 2.186520 3.899 0 2 0
 1008 1744.510 2727.062 -3 31 1.169 3.899 2.372010 3.899 0 2 0
 1009 1744.510 2718.482 -3 31 1.169 3.899 2.299246 3.899 0 2 0
 1010 1744.510 2708.343 -3 31 1.169 3.899 2.216938 3.899 0 2 0
 1011 1630.828 2778.540 -3 31 0.779 3.899 2.209184 3.899 0 2 0
 1012 1630.828 2769.960 -3 31 0.779 3.899 2.206202 3.899 0 2 0
 1013 1630.633 2761.381 -3 31 1.169 3.899 2.192484 3.899 0 2 0
 1014 1630.633 2752.801 -3 31 1.169 3.899 2.200834 3.899 0 2 0
 1015 1630.633 2744.221 -3 31 1.169 3.899 2.289703 3.899 0 2 0
 1016 1630.633 2735.642 -3 31 1.169 3.899 2.274195 3.899 0 2 0
 1017 1630.633 2727.062 -3 31 1.169 3.899 2.320121 3.899 0 2 0
 1018 1630.633 2718.482 -3 31 1.169 3.899 2.305210 3.899 0 2 0
 1019 1630.438 2708.343 -3 31 0.779 3.899 2.160873 3.899 0 2 0
 1020 1516.756 2769.960 -3 31 1.169 3.899 2.389307 3.899 0 2 0
 1021 1516.756 2761.381 -3 31 1.169 3.899 2.304613 3.899 0 2 0
 1022 1516.561 2752.801 -3 31 0.779 3.899 2.195466 3.899 0 2 0
 1023 1516.561 2744.221 -3 31 0.779 3.899 2.202624 3.899 0 2 0
 1024 1516.366 2735.642 -3 31 1.169 3.899 2.206202 3.899 0 2 0
 1025 1516.366 2727.062 -3 31 1.169 3.899 2.256899 3.899 0 2 0
 1026 1516.366 2718.482 -3 31 1.169 3.899 2.237217 3.899 0 2 0
 1027 1516.366 2708.343 -3 31 1.169 3.899 2.364853 3.899 0 2 0
 1028 1374.605 2768.010 -3 31 1.559 3.899 1.803014 3.899 0 2 0
 1029 1374.605 2757.481 -3 31 1.559 3.899 2.226481 3.899 0 2 0
 1030 1374.410 2747.146 -3 31 1.169 3.509 1.813750 3.509 0 2 0
 1031 1374.410 2736.616 -3 31 1.169 3.509 1.740389 3.509 0 2 0
 1032 1374.410 2726.087 -3 31 1.169 3.509 1.692078 3.509 0 2 0
 1033 1374.410 2715.752 -3 31 1.169 3.899 1.537005 3.899 0 2 0
 1034 1367.975 2761.186 -3 31 2.339 47.968 19.342888 47.968 0 2 0
 1035 1367.780 2730.377 -3 31 1.949 7.409 5.717398 7.409 0 2 0
 1036 1367.780 2719.847 -3 31 1.949 7.409 5.264109 7.409 0 2 0
 1037 1367.780 2709.513 -3 31 1.949 7.019 5.351785 7.019 0 2 0
 1038 1353.155 2767.035 -3 31 2.339 37.828 16.685783 37.828 0 2 0
 1039 1352.960 2730.572 -3 31 1.949 28.078 12.093256 28.078 0 2 0
 1040 1352.960 2706.588 -3 31 1.949 13.649 8.230762 13.649 0 2 0
 1041 1344.770 2735.837 -3 31 1.949 59.667 34.708768 59.667 0 2 0
 1042 1238.498 2768.205 -3 31 0.779 3.509 1.137396 3.509 0 2 0
 1043 1238.693 2757.481 -3 31 1.169 3.899 1.735021 3.899 0 2 0
 1044 1238.693 2746.951 -3 31 1.169 3.899 1.795857 3.899 0 2 0
 1045 1238.303 2738.176 -3 31 1.169 0.389 0.512932 1.169 0 2 0
 1046 1238.303 2735.057 -3 31 1.169 0.389 0.496828 1.169 0 2 0
 1047 1231.868 2754.556 -3 31 2.339 55.767 22.308944 55.767 0 2 0
 1048 1231.673 2719.847 -3 31 1.949 7.409 5.462125 7.409 0 2 0
 1049 1231.673 2709.513 -3 31 1.949 7.019 5.039254 7.019 0 2 0
 1050 1223.679 2762.355 -3 31 2.339 27.688 14.911994 27.688 0 2 0
 1051 1217.244 2767.035 -3 31 1.949 37.828 17.903696 37.828 0 2 0
 1052 1217.049 2730.572 -3 31 2.339 28.078 17.950814 28.078 0 2 0
 1053 1208.859 2745.976 -3 31 2.339 79.946 28.405674 79.946 0 2 0
 1054 1102.587 2757.481 -3 31 1.169 3.899 1.631838 3.899 0 2 0
 1055 1102.587 2736.616 -3 31 1.169 3.509 1.754703 3.509 0 2 0
 1056 1102.392 2726.087 -3 31 1.559 3.509 1.569213 3.509 0 2 0
 1057 1102.392 2714.582 -3 31 1.559 6.239 2.539608 6.239 0 2 0
 1058 1095.762 2745.586 -3 31 2.339 79.946 36.483748 79.946 0 2 0
 1059 1088.157 2745.196 -3 31 1.169 2.729 0.885702 2.729 0 2 0
 1060 1072.752 2745.976 -3 31 2.339 79.946 39.890568 79.946 0 2 0
 1061 1066.123 2738.956 -3 31 1.559 3.509 2.513365 3.509 0 2 0
 1062 1005.869 2727.452 -3 31 2.729 0.779 0.811148 2.729 0 2 0
 1063 998.264 2727.452 -3 31 10.139 0.779 2.820527 10.139 0 2 0
 1064 986.955 2727.452 -3 31 10.139 0.779 2.788916 10.139 0 2 0
 1065 977.400 2727.452 -3 31 6.629 0.779 1.899040 6.629 0 2 0
 1066 962.385 2727.452 -3 31 21.839 0.779 6.946644 21.839 0 2 0
 1067 929.236 2885.981 -3 31 12.479 1.949 6.058557 12.479 0 2 0
 1068 762.516 2726.282 -3 31 1.169 3.899 1.615734 3.899 0 2 0
 1069 762.516 2714.582 -3 31 1.949 6.239 2.366642 6.239 0 2 0
 1070 755.691 2716.922 -3 31 2.339 21.839 12.831639 21.839 0 2 0
 1071 732.681 2730.962 -3 31 2.339 49.918 22.351290 49.918 0 2 0
 1072 619.779 2712.632 -3 31 12.869 2.339 6.394944 12.869 0 2 0
 1073 613.734 2727.647 -3 31 3.899 1.949 1.547145 3.899 0 2 0
 1074 600.085 2712.437 -3 31 14.039 1.949 5.478228 14.039 0 2 0
 1075 598.525 2704.053 -3 31 10.919 1.559 4.959333 10.919 0 2 0
 1076 582.925 2703.858 -3 31 10.139 1.949 4.788157 10.139 0 2 0
 1077 569.471 2704.053 -3 31 11.309 1.559 4.793524 11.309 0 2 0
 1078 563.231 2712.437 -3 31 8.969 1.949 3.017946 8.969 0 2 0
 1079 559.526 2704.053 -3 31 4.679 1.559 1.772596 4.679 0 2 0
 1080 551.921 2712.437 -3 31 8.969 1.949 2.556308 8.969 0 2 0
 1081 540.611 2712.437 -3 31 8.969 1.949 2.769234 8.969 0 2 0
 1082 531.447 2712.437 -3 31 3.899 1.949 0.974570 3.899 0 2 0
 1083 524.232 2712.827 -3 31 1.169 1.169 0.682915 1.169 0 2 0
 1084 515.457 2712.437 -3 31 8.579 1.949 2.482947 8.579 0 2 0
 1085 485.818 2703.858 -3 31 11.699 1.949 3.780186 11.699 0 2 0
 1086 485.233 2712.437 -3 31 8.189 1.949 2.241988 8.189 0 2 0
 1087 471.973 2712.437 -3 31 5.849 1.169 2.469229 5.849 0 2 0
 1088 472.558 2704.053 -3 31 3.899 1.559 1.814943 3.899 0 2 0
 1089 463.978 2712.437 -3 31 3.119 1.949 1.433823 3.119 0 2 0
 1090 451.889 2704.053 -3 31 32.759 1.559 12.373579 32.759 0 2 0
 1091 579.220 2855.757 -3 31 654.012 62.397 8026.981376 654.012 0 2 0
 1092 189.230 2883.836 -3 31 1.169 0.779 0.919698 1.169 0 2 0
 1093 170.706 2816.563 -3 31 12.479 140.784 101.244344 140.784 0 2 0
 1094 159.786 2836.843 -3 31 2.339 1.169 1.797646 2.339 0 2 0
 1095 159.591 2828.848 -3 31 1.949 1.559 1.831046 1.949 0 2 0
 1096 159.591 2820.853 -3 31 1.949 1.169 1.564441 1.949 0 2 0
 1097 159.591 2812.859 -3 31 1.949 0.779 0.871984 1.949 0 2 0
 1098 159.396 2804.864 -3 31 1.559 1.169 0.827251 1.559 0 2 0
 1099 159.591 2797.064 -3 31 1.949 1.169 0.861844 1.949 0 2 0
 1100 159.396 2788.874 -3 31 2.339 1.169 1.205389 2.339 0 2 0
 1101 159.201 2780.880 -3 31 1.949 0.779 0.784308 1.949 0 2 0
 1102 159.201 2773.080 -3 31 1.949 0.779 0.719893 1.949 0 2 0
 1103 159.201 2765.280 -3 31 1.949 0.779 0.527842 1.949 0 2 0
 1104 157.056 2850.297 -3 31 1.559 2.339 2.021905 2.339 0 2 0
 1105 154.716 2780.880 -3 31 1.559 0.779 0.634604 1.559 0 2 0
 1106 149.257 2850.297 -3 31 1.559 2.339 1.994469 2.339 0 2 0
 1107 141.262 2850.297 -3 31 1.169 2.339 1.694463 2.339 0 2 0
 1108 133.267 2850.102 -3 31 1.559 1.949 0.856476 1.949 0 2 0
 1109 139.897 2876.036 -3 31 36.659 21.839 84.459552 36.659 0 2 0
 1110 2739.959 2634.635 -3 31 3.119 1.559 1.826275 3.119 0 2 0
 1111 2708.175 2641.265 -3 31 1.169 4.679 1.826871 4.679 0 2 0
 1112 2708.175 2633.270 -3 31 1.169 4.289 1.811364 4.289 0 2 0
 1113 2708.175 2625.276 -3 31 1.169 4.679 1.962261 4.679 0 2 0
 1114 2708.175 2617.281 -3 31 1.169 4.289 2.050533 4.289 0 2 0
 1115 2707.980 2609.481 -3 31 0.779 4.289 1.516130 4.289 0 2 0
 1116 2700.960 2665.249 -3 31 0.779 2.729 1.146342 2.729 0 2 0
 1117 2700.180 2610.651 -3 31 0.779 1.169 0.626254 1.169 0 2 0
 1118 2699.985 2607.726 -3 31 0.389 0.779 0.464621 0.779 0 2 0
 1119 2695.890 2668.174 -3 31 1.559 7.799 2.651737 7.799 0 2 0
 1120 2697.645 2657.255 -3 31 6.629 8.579 4.022338 8.579 0 2 0
 1121 2698.815 2614.746 -3 31 3.509 3.119 1.312747 3.509 0 2 0
 1122 2697.255 2631.906 -3 31 6.629 27.298 13.120312 27.298 0 2 0
 1123 2687.895 2681.434 -3 31 3.509 0.779 1.866832 3.509 0 2 0
 1124 2676.001 2610.651 -3 31 0.779 1.169 0.687686 1.169 0 2 0
 1125 2674.636 2614.746 -3 31 3.509 3.119 1.340779 3.509 0 2 0
 1126 2670.736 2620.011 -3 31 11.309 3.509 4.079595 11.309 0 2 0
 1127 2656.111 2620.011 -3 31 14.039 3.509 5.121562 14.039 0 2 0
 1128 2640.122 2620.011 -3 31 14.039 3.509 5.320770 14.039 0 2 0
 1129 2624.132 2620.011 -3 31 14.039 3.509 5.256952 14.039 0 2 0
 1130 2608.142 2620.011 -3 31 14.039 3.509 5.326735 14.039 0 2 0
 1131 2600.928 2605.192 -3 31 0.389 0.389 0.282112 0.389 0 2 0
 1132 2588.058 2620.011 -3 31 22.229 3.509 5.264109 22.229 0 2 0
 1133 2579.868 2602.657 -3 31 0.389 0.779 0.460446 0.779 0 2 0
 1134 2574.408 2605.192 -3 31 1.169 0.389 0.560050 1.169 0 2 0
 1135 2563.879 2599.537 -3 31 0.389 0.779 0.421081 0.779 0 2 0
 1136 2564.074 2603.827 -3 31 6.239 3.119 1.763650 6.239 0 2 0
 1137 2557.249 2603.827 -3 31 3.509 3.119 1.172585 3.509 0 2 0
 1138 2531.899 2599.732 -3 31 0.389 1.169 0.539771 1.169 0 2 0
 1139 2524.880 2598.757 -3 31 2.729 3.119 0.836794 3.119 0 2 0
 1140 2552.179 2619.816 -3 31 62.008 3.899 21.336164 62.008 0 2 0
 1141 2515.910 2599.732 -3 31 0.389 1.169 0.591661 1.169 0 2 0
 1142 2520.005 2620.011 -3 31 14.039 3.509 4.519762 14.039 0 2 0
 1143 2532.874 2604.022 -3 31 40.558 3.509 10.252667 40.558 0 2 0
 1144 2486.466 2637.170 -3 31 0.779 0.389 0.460446 0.779 0 2 0
 1145 2479.251 2642.240 -3 31 0.389 0.389 0.373366 0.389 0 2 0
 1146 2475.936 2650.820 -3 31 0.779 1.169 0.539175 1.169 0 2 0
 1147 2476.131 2647.700 -3 31 1.169 1.169 0.775958 1.169 0 2 0
 1148 2469.696 2596.027 -3 31 9.359 3.119 2.308192 9.359 0 2 0
 1149 2416.852 2678.119 -3 31 0.389 1.169 0.669793 1.169 0 2 0
 1150 2416.657 2663.104 -3 31 0.779 0.779 0.662040 0.779 0 2 0
 1151 2406.518 2693.328 -3 31 0.779 1.169 0.784905 1.169 0 2 0
 1152 2402.618 2693.133 -3 31 0.779 1.559 0.963834 1.559 0 2 0
 1153 2402.423 2686.893 -3 31 0.389 1.559 0.816515 1.559 0 2 0
 1154 2402.228 2678.119 -3 31 0.779 1.169 0.824269 1.169 0 2 0
 1155 2402.228 2671.879 -3 31 0.779 1.169 0.818901 1.169 0 2 0
 1156 2402.228 2663.299 -3 31 0.779 1.169 0.854687 1.169 0 2 0
 1157 2396.378 2678.119 -3 31 0.779 1.169 0.883912 1.169 0 2 0
 1158 2395.013 2693.133 -3 31 6.629 1.559 3.322723 6.629 0 2 0
 1159 2392.868 2678.119 -3 31 2.339 1.169 1.326465 2.339 0 2 0
 1160 2393.258 2672.074 -3 31 7.019 1.559 3.014964 7.019 0 2 0
 1161 2394.233 2663.299 -3 31 5.069 1.169 2.233638 5.069 0 2 0
 1162 2383.703 2672.659 -3 31 0.389 0.389 0.360841 0.389 0 2 0
 1163 2379.803 2583.937 -3 31 0.389 0.779 0.437781 0.779 0 2 0
 1164 2420.947 2616.696 -3 31 88.917 60.837 60.574832 88.917 0 2 0
 1165 2215.033 2605.387 -3 31 0.779 0.779 0.588082 0.779 0 2 0
 1166 2210.938 2600.512 -3 31 0.389 0.389 0.376945 0.389 0 2 0
 1167 2086.920 2691.183 -3 31 1.169 3.899 2.411375 3.899 0 2 0
 1168 2086.920 2682.604 -3 31 1.169 3.899 2.399446 3.899 0 2 0
 1169 2086.531 2674.024 -3 31 1.169 3.899 2.286720 3.899 0 2 0
 1170 2086.531 2665.444 -3 31 1.169 3.899 2.469825 3.899 0 2 0
 1171 2086.531 2656.865 -3 31 1.169 3.899 2.431057 3.899 0 2 0
 1172 2086.531 2648.285 -3 31 1.169 3.899 2.380360 3.899 0 2 0
 1173 2062.742 2637.755 -3 31 0.389 0.779 0.452095 0.779 0 2 0
 1174 1972.654 2691.183 -3 31 1.169 3.899 2.332646 3.899 0 2 0
 1175 1972.654 2682.604 -3 31 1.169 3.899 2.369028 3.899 0 2 0
 1176 1972.654 2674.024 -3 31 1.169 3.899 2.404218 3.899 0 2 0
 1177 1972.654 2665.444 -3 31 1.169 3.899 2.370817 3.899 0 2 0
 1178 1972.654 2656.865 -3 31 1.169 3.899 2.389307 3.899 0 2 0
 1179 1972.654 2648.285 -3 31 1.169 3.899 2.258688 3.899 0 2 0
 1180 1858.582 2691.183 -3 31 0.779 3.899 2.163259 3.899 0 2 0
 1181 1858.387 2682.604 -3 31 1.169 3.899 2.199045 3.899 0 2 0
 1182 1858.387 2674.024 -3 31 1.169 3.899 2.363064 3.899 0 2 0
 1183 1858.387 2665.444 -3 31 1.169 3.899 2.345767 3.899 0 2 0
 1184 1858.387 2656.865 -3 31 1.169 3.899 2.328471 3.899 0 2 0
 1185 1858.387 2648.285 -3 31 1.169 3.899 2.298053 3.899 0 2 0
 1186 1834.598 2637.950 -3 31 0.389 0.389 0.344738 0.389 0 2 0
 1187 1744.510 2691.183 -3 31 1.169 3.899 2.392885 3.899 0 2 0
 1188 1744.510 2682.604 -3 31 1.169 3.899 2.366642 3.899 0 2 0
 1189 1744.510 2674.024 -3 31 1.169 3.899 2.374992 3.899 0 2 0
 1190 1744.510 2665.444 -3 31 1.169 3.899 2.341592 3.899 0 2 0
 1191 1744.120 2656.865 -3 31 1.169 3.899 2.354117 3.899 0 2 0
 1192 1744.120 2648.285 -3 31 1.169 3.899 2.342785 3.899 0 2 0
 1193 1630.243 2691.183 -3 31 1.169 3.899 2.349346 3.899 0 2 0
 1194 1630.243 2682.604 -3 31 1.169 3.899 2.347557 3.899 0 2 0
 1195 1630.243 2674.024 -3 31 1.169 3.899 2.314753 3.899 0 2 0
 1196 1630.243 2665.444 -3 31 1.169 3.899 2.379167 3.899 0 2 0
 1197 1630.243 2656.865 -3 31 1.169 3.899 2.417936 3.899 0 2 0
 1198 1630.243 2648.285 -3 31 1.169 3.899 2.338014 3.899 0 2 0
 1199 1609.573 2637.170 -3 31 0.389 0.389 0.320284 0.389 0 2 0
 1200 1516.366 2691.183 -3 31 1.169 3.899 2.355907 3.899 0 2 0
 1201 1516.366 2682.604 -3 31 1.169 3.899 2.374992 3.899 0 2 0
 1202 1516.171 2674.024 -3 31 0.779 3.899 2.213359 3.899 0 2 0
 1203 1516.171 2665.444 -3 31 0.779 3.899 2.215745 3.899 0 2 0
 1204 1515.976 2656.865 -3 31 1.169 3.899 2.439407 3.899 0 2 0
 1205 1515.976 2648.285 -3 31 1.169 3.899 2.376782 3.899 0 2 0
 1206 1692.056 2576.138 -3 31 886.836 102.176 2455.393280 886.836 0 2 0
 1207 1246.298 2573.408 -3 31 0.779 0.779 0.583907 0.779 0 2 0
 1208 1242.398 2572.043 -3 31 3.119 3.509 1.263243 3.509 0 2 0
 1209 1227.773 2575.943 -3 31 0.389 0.389 0.325055 0.389 0 2 0
 1210 1231.673 2572.043 -3 31 14.429 3.509 4.064684 14.429 0 2 0
 1211 1222.509 2573.603 -3 31 0.779 0.389 0.404381 0.779 0 2 0
 1212 1218.414 2572.043 -3 31 3.509 3.509 1.352708 3.509 0 2 0
 1213 1214.514 2573.603 -3 31 0.389 0.389 0.336388 0.389 0 2 0
 1214 1210.419 2571.848 -3 31 3.119 3.119 0.841566 3.119 0 2 0
 1215 1205.154 2572.043 -3 31 3.509 3.509 1.251911 3.509 0 2 0
 1216 1201.254 2573.603 -3 31 0.389 0.389 0.328038 0.389 0 2 0
 1217 1198.524 2573.408 -3 31 0.389 0.779 0.375156 0.779 0 2 0
 1218 1195.794 2570.678 -3 31 0.389 0.779 0.386488 0.779 0 2 0
 1219 1193.454 2573.603 -3 31 0.389 0.389 0.332809 0.389 0 2 0
 1220 1190.724 2573.213 -3 31 0.389 0.389 0.286287 0.389 0 2 0
 1221 1187.604 2570.873 -3 31 0.389 0.389 0.298216 0.389 0 2 0
 1222 1185.265 2573.408 -3 31 1.169 0.779 0.552296 1.169 0 2 0
 1223 1182.340 2573.603 -3 31 0.779 0.389 0.370981 0.779 0 2 0
 1224 1177.270 2573.408 -3 31 0.779 0.779 0.455674 0.779 0 2 0
 1225 1174.345 2573.213 -3 31 0.389 0.389 0.283902 0.389 0 2 0
 1226 1158.355 2573.603 -3 31 0.389 0.389 0.299409 0.389 0 2 0
 1227 1153.285 2573.603 -3 31 0.389 0.389 0.320284 0.389 0 2 0
 1228 1139.636 2570.873 -3 31 0.389 0.389 0.277937 0.389 0 2 0
 1229 1035.703 2562.878 -3 31 0.779 0.779 0.449113 0.779 0 2 0
 1230 1033.363 2565.413 -3 31 0.779 0.389 0.404977 0.779 0 2 0
 1231 1026.344 2564.048 -3 31 3.119 3.119 0.515317 3.119 0 2 0
 1232 1021.079 2563.853 -3 31 3.509 3.509 1.429648 3.509 0 2 0
 1233 1014.449 2565.413 -3 31 0.389 0.389 0.323863 0.389 0 2 0
 1234 1016.009 2556.638 -3 31 10.529 1.559 7.506097 10.529 0 2 0
 1235 1009.379 2565.413 -3 31 1.169 0.389 0.410345 1.169 0 2 0
 1236 1003.724 2562.878 -3 31 0.779 0.779 0.506371 0.779 0 2 0
 1237 1003.919 2556.638 -3 31 9.749 1.559 6.684214 9.749 0 2 0
 1238 995.534 2562.878 -3 31 0.779 0.779 0.493249 0.779 0 2 0
 1239 985.200 2565.413 -3 31 0.389 0.389 0.282709 0.389 0 2 0
 1240 987.735 2556.638 -3 31 19.499 1.559 13.144170 19.499 0 2 0
 1241 534.371 2565.413 -3 31 0.389 0.389 0.288077 0.389 0 2 0
 1242 529.302 2565.413 -3 31 0.389 0.389 0.332809 0.389 0 2 0
 1243 521.307 2565.218 -3 31 0.779 0.779 0.530228 0.779 0 2 0
 1244 515.652 2570.873 -3 31 0.389 0.389 0.269587 0.389 0 2 0
 1245 515.847 2563.853 -3 31 6.239 3.509 2.038605 6.239 0 2 0
 1246 422.639 2605.387 -3 31 0.779 0.779 0.450903 0.779 0 2 0
 1247 411.915 2603.047 -3 31 0.389 0.779 0.394242 0.779 0 2 0
 1248 408.015 2605.387 -3 31 3.509 0.779 0.994252 3.509 0 2 0
 1249 403.530 2527.780 -3 31 0.779 0.779 0.561839 0.779 0 2 0
 1250 402.555 2604.022 -3 31 3.509 3.509 1.446944 3.509 0 2 0
 1251 455.594 2565.218 -3 31 110.367 70.197 150.641440 110.367 0 2 0
 1252 397.095 2605.192 -3 31 0.389 0.389 0.317302 0.389 0 2 0
 1253 397.095 2599.732 -3 31 0.389 3.509 1.268611 3.509 0 2 0
 1254 397.095 2590.762 -3 31 0.389 7.409 2.565254 7.409 0 2 0
 1255 397.095 2579.648 -3 31 0.389 7.799 2.342785 7.799 0 2 0
 1256 397.095 2571.848 -3 31 0.389 1.559 0.577943 1.559 0 2 0
 1257 386.175 2593.882 -3 31 0.389 1.169 0.528439 1.169 0 2 0
 1258 353.026 2620.206 -3 31 0.389 0.779 0.403784 0.779 0 2 0
 1259 353.026 2615.916 -3 31 0.389 0.779 0.457463 0.779 0 2 0
 1260 339.767 2554.883 -3 31 0.389 1.169 0.567207 1.169 0 2 0
 1261 334.697 2645.165 -3 31 1.169 0.779 0.826058 1.169 0 2 0
 1262 305.447 2653.550 -3 31 0.389 1.169 0.545139 1.169 0 2 0
 1263 289.458 2599.732 -3 31 102.567 81.506 105.095504 102.567 0 2 0
 1264 2086.920 2699.763 -3 31 1.169 3.899 2.286124 3.899 0 2 0
 1265 1972.654 2699.763 -3 31 1.169 3.899 2.211570 3.899 0 2 0
 1266 1858.777 2699.763 -3 31 1.169 3.899 2.149541 3.899 0 2 0
 1267 1744.510 2699.763 -3 31 1.169 3.899 2.215149 3.899 0 2 0
 1268 1630.243 2699.763 -3 31 1.169 3.899 2.076776 3.899 0 2 0
 1269 1516.366 2699.763 -3 31 1.169 3.899 2.263460 3.899 0 2 0
 1270 1216.854 2706.393 -3 31 1.949 14.039 8.924413 14.039 0 2 0
 1271 1202.034 2702.493 -3 31 1.949 13.259 8.583850 13.259 0 2 0
 1272 1080.942 2721.602 -3 31 2.339 46.798 28.074056 46.798 0 2 0
 1273 1065.928 2702.493 -3 31 1.949 13.259 7.663555 13.259 0 2 0
 1274 740.871 2721.212 -3 31 2.339 46.798 14.876208 46.798 0 2 0
 1275 1353.155 2696.643 -3 31 1.559 1.559 1.432630 1.559 0 2 0
 1276 1338.141 2696.838 -3 31 1.169 1.949 1.179743 1.949 0 2 0
 1277 1217.049 2696.643 -3 31 1.559 1.559 1.550127 1.559 0 2 0
 1278 1031.608 2529.339 -3 31 9.749 62.397 44.317884 62.397 0 2 0
 1279 1353.227 2696.838 6 31 4.289 1.949 2.151927 4.289 0 2 0
 1280 1337.432 2696.838 6 31 2.339 1.949 1.390283 2.339 0 2 0
 1281 296.744 609.913 4 31 0.779 0.779 0.104972 0.779 0 2 0
 1282 302.204 627.658 4 31 0.779 0.389 0.096622 0.779 0 2 0
 1283 399.823 2190.618 -6 30 0.779 0.389 0.110340 0.779 0 2 0
 1284 2081.004 2466.247 1 29 0.779 0.779 0.138372 0.779 0 2 0
 1285 2086.480 2014.106 -9 28 1.169 0.779 0.116304 1.169 0 2 0
 1286 1788.782 2778.684 6 25 0.779 0.779 0.135390 0.779 0 2 0
 1287 126.314 1429.562 18 24 1.169 1.559 0.467603 1.559 0 2 0
 1288 1046.379 2290.543 -17 22 0.389 0.389 0.079325 0.389 0 2 0
 1289 2103.625 1970.306 -22 22 0.779 0.779 0.118094 0.779 0 2 0
 1290 443.642 1958.906 -21 21 0.779 1.169 0.131811 1.169 0 2 0
 1291 738.281 1462.735 14 19 4.289 3.899 1.683131 4.289 0 2 0
 1292 1337.769 595.792 4 18 1.949 1.949 0.849319 1.949 0 2 0
 1293 633.617 2680.386 23 15 0.779 1.169 0.150897 1.169 0 2 0
 1294 2545.809 1852.959 -8 15 1.169 1.169 0.249905 1.169 0 2 0
 1295 2398.521 2111.519 -26 15 0.779 1.169 0.168194 1.169 0 2 0
 1296 2496.995 454.516 -8 13 1.949 1.949 0.770590 1.949 0 2 0
 1297 1296.802 1901.842 -26 12 0.779 0.779 0.144337 0.779 0 2 0
 1298 748.391 1551.420 20 11 0.779 1.169 0.155669 1.169 0 2 0
 1299 898.248 2385.317 5 10 12.089 8.189 9.560806 12.089 0 2 0
 1300 1431.242 1279.312 -20 10 0.779 1.169 0.146126 1.169 0 2 0
 1301 1939.506 2271.275 -6 8 0.779 1.169 0.123461 1.169 0 2 0
 1302 1440.910 445.481 6 7 0.779 0.779 0.140162 0.779 0 2 0
 1303 1099.172 1551.354 -8 5 7.019 11.699 6.131918 11.699 0 2 0
 1304 299.335 2455.643 -4 4 0.779 1.169 0.239766 1.169 0 2 0
 1305 1081.199 478.764 13 4 0.779 1.169 0.131215 1.169 0 2 0
 1306 2358.298 826.648 -6 3 0.389 0.389 0.073361 0.389 0 2 0
 1307 1108.227 1875.351 -31 1 1.559 0.779 0.308355 1.559 0 2 0
 1308 1092.237 1876.521 -31 1 1.559 0.779 0.232609 1.559 0 2 0
 1309 1947.171 1413.520 0 0 0.389 0.389 0.057854 0.389 0 2 0
 1310 1148.211 312.871 -4 0 0.389 0.779 0.113322 0.779 0 2 0
 1311 1939.761 1392.071 0 0 0.389 0.389 0.057257 0.389 0 2 0
 1312 2315.181 1567.259 -29 -2 7.409 8.189 11.365013 8.189 0 2 0
 1313 1262.747 797.495 -19 -2 0.779 0.779 0.067993 0.779 0 2 0
 1314 1493.637 2454.917 32 -3 0.779 0.779 0.085886 0.779 0 2 0
 1315 187.150 2593.732 -30 -4 3.899 4.679 3.731875 4.679 0 2 0
 1316 153.557 908.275 -1 -7 3.509 3.899 1.528655 3.899 0 2 0
 1317 2375.598 1334.508 30 -8 0.389 0.779 0.109147 0.779 0 2 0
 1318 1070.865 210.269 5 -8 0.389 0.779 0.110340 0.779 0 2 0
 1319 1722.560 2412.803 31 -9 0.779 0.779 0.107358 0.779 0 2 0
 1320 954.338 1345.582 11 -10 2.729 2.729 0.535000 2.729 0 2 0
 1321 961.358 1339.537 11 -10 3.509 1.559 0.639375 3.509 0 2 0
 1322 2373.633 2535.218 -17 -11 0.389 0.779 0.125251 0.779 0 2 0
 1323 939.697 2100.486 -5 -12 1.169 1.559 0.435395 1.559 0 2 0
 1324 1082.321 2519.294 17 -14 0.779 0.779 0.149704 0.779 0 2 0
 1325 1746.336 824.927 -9 -14 1.559 1.559 0.330423 1.559 0 2 0
 1326 1853.714 767.968 -7 -15 0.779 0.779 0.158054 0.779 0 2 0
 1327 1787.218 2817.591 -15 -16 19.109 25.739 102.298232 25.739 0 2 0
 1328 1801.453 2816.226 -15 -16 3.119 15.209 9.634763 15.209 0 2 0
 1329 2525.739 2179.576 19 -16 0.389 0.779 0.141951 0.779 0 2 0
 1330 707.406 1303.942 5 -18 2.339 1.949 0.455674 2.339 0 2 0
 1331 2366.030 238.036 25 -20 0.389 0.389 0.134794 0.389 0 2 0
 1332 840.452 279.088 16 -21 0.779 1.169 0.214716 1.169 0 2 0
 1333 1072.889 1337.400 1 -22 0.389 0.389 0.066204 0.389 0 2 0
 1334 1777.991 1155.772 -1 -23 1.169 1.169 0.218891 1.169 0 2 0
 1335 1779.551 1149.337 -1 -23 1.169 1.559 0.223066 1.559 0 2 0
 1336 2494.331 1909.472 3 -24 0.389 1.169 0.135390 1.169 0 2 0
 1337 2678.866 1400.256 18 -25 0.779 1.169 0.215312 1.169 0 2 0
 1338 2478.281 1436.330 16 -25 0.779 0.779 0.208751 0.779 0 2 0
 1339 2268.207 2808.086 3 -26 0.389 0.389 0.081115 0.389 0 2 0
 1340 1410.805 1791.781 -17 -26 3.509 2.729 1.520305 3.509 0 2 0
 1341 1426.807 2651.096 13 -27 0.779 0.779 0.117497 0.779 0 2 0
 1342 1748.484 915.655 15 -27 0.389 0.779 0.070975 0.779 0 2 0
 1343 2588.520 313.286 17 -27 0.779 1.169 0.195630 1.169 0 2 0
 1344 2534.505 1778.286 12 -28 0.389 0.779 0.104376 0.779 0 2 0
 1345 1158.622 1182.385 11 -28 0.779 0.779 0.093043 0.779 0 2 0
 1346 2220.625 2562.919 -4 -29 1.169 2.339 0.360245 2.339 0 2 0
 1347 2303.695 1193.480 5 -29 12.089 23.009 15.637852 23.009 0 2 0
 1348 1358.619 912.865 6 -30 1.169 0.779 0.172965 1.169 0 2 0;
DieOrigin 0.0000000000e+00 0.0000000000e+00;
WaferID "@14";
Slot 14;
SampleCenterLocation 2.9603470000e+03 1.4797880000e+03;
OrientationInstructions "";
InspectionTest 2;
AreaPerTest 2.2896998936e+10;
DefectRecordSpec 12 DEFECTID XREL YREL XINDEX YINDEX XSIZE YSIZE DEFECTAREA DSIZE CLASSNUMBER TEST IMAGECOUNT ;
DefectList
 1 1894.430 2885.826 5 31 0.779 0.779 0.401995 0.779 100 2 0
 2 1894.235 2877.636 5 31 0.389 0.779 0.324459 0.779 100 2 0
 3 1886.826 2885.631 5 31 1.949 1.169 1.322290 1.949 100 2 0
 4 1886.826 2877.831 5 31 1.949 1.169 0.831426 1.949 100 2 0
 5 1886.826 2869.641 5 31 1.949 1.169 1.279943 1.949 100 2 0
 6 1880.196 2869.836 5 31 5.069 1.559 3.076397 5.069 100 2 0
 7 1872.396 2869.836 5 31 5.069 1.559 3.252344 5.069 100 2 0
 8 1868.106 2795.544 5 31 1.169 1.949 1.363444 1.949 100 2 0
 9 1864.206 2869.836 5 31 5.069 1.559 2.771620 5.069 100 2 0
 10 1859.916 2795.544 5 31 1.169 1.949 1.598438 1.949 100 2 0
 11 1858.161 2786.184 5 31 0.779 1.169 0.484899 1.169 100 2 0
 12 1856.406 2869.641 5 31 5.069 1.169 1.907986 5.069 100 2 0
 13 1851.922 2795.544 5 31 1.559 1.949 1.566231 1.949 100 2 0
 14 1852.702 2787.744 5 31 2.339 4.289 2.826491 4.289 100 2 0
 15 1848.217 2869.641 5 31 5.069 1.169 1.875779 5.069 100 2 0
 16 1843.927 2795.544 5 31 1.169 1.949 1.009759 1.949 100 2 0
 17 1840.417 2869.836 5 31 5.069 0.779 1.711164 5.069 100 2 0
 18 1864.206 2860.477 5 31 52.648 3.899 23.420694 52.648 100 2 0
 19 1835.932 2795.739 5 31 1.559 1.559 0.961448 1.559 100 2 0
 20 1729.465 2884.461 5 31 0.779 1.949 1.000217 1.949 100 2 0
 21 1724.200 2876.076 5 31 1.949 0.779 1.073578 1.949 100 2 0
 22 209.089 2864.961 5 31 1.169 0.389 0.687090 1.169 100 2 0
 23 176.525 2882.901 5 31 5.459 8.189 7.529358 8.189 100 2 0
 24 168.920 2884.071 5 31 0.389 5.849 2.039798 5.849 100 2 0
 25 160.926 2884.266 5 31 0.779 5.459 1.863254 5.459 100 2 0
 26 152.346 2881.926 5 31 5.459 4.679 3.998480 5.459 100 2 0
 27 144.351 2883.291 5 31 5.069 1.949 2.457300 5.069 100 2 0
 28 136.356 2882.511 5 31 5.459 3.509 2.669630 5.459 100 2 0
 29 123.877 2737.046 5 31 4.679 28.468 27.046404 28.468 100 2 0
 30 1791.083 2614.396 5 31 4.679 0.779 1.748739 4.679 100 2 0
 31 1791.083 2622.391 5 31 4.679 1.169 1.670606 4.679 100 2 0
 32 1791.083 2598.407 5 31 4.679 0.779 1.809575 4.679 100 2 0
 33 1790.888 2606.401 5 31 5.069 1.169 1.735021 5.069 100 2 0
 34 301.517 2621.416 5 31 38.608 1.559 16.287366 38.608 100 2 0
 35 280.263 2613.616 5 31 0.779 0.779 0.519492 0.779 100 2 0
 36 275.388 2621.416 5 31 10.529 1.559 4.702867 10.529 100 2 0
 37 251.988 2628.240 5 31 0.389 1.169 0.625657 1.169 100 2 0
 38 264.078 2613.226 5 31 27.689 1.559 11.546925 27.689 100 2 0
 39 258.423 2606.596 5 31 19.499 1.559 7.570512 19.499 100 2 0
 40 254.523 2621.416 5 31 27.299 1.559 12.323479 27.299 100 2 0
 41 242.628 2606.596 5 31 4.289 1.559 2.226481 4.289 100 2 0
 42 242.628 2598.407 5 31 4.289 1.559 1.719514 4.289 100 2 0
 43 170.480 2575.593 5 31 0.389 0.389 0.314916 0.389 100 2 0
 44 170.480 2564.673 5 31 0.389 7.409 0.900612 7.409 100 2 0
 45 123.877 2676.989 5 31 0.779 37.048 11.625654 37.048 100 2 0
 46 1723.030 2474.976 5 31 0.389 0.389 0.261237 0.389 100 2 0
 47 1713.280 2486.091 5 31 1.169 0.779 0.514124 1.169 100 2 0
 48 1712.890 2473.221 5 31 0.389 0.779 0.344738 0.779 100 2 0
 49 1707.040 2473.416 5 31 0.389 1.169 0.464621 1.169 100 2 0
 50 1707.040 2459.377 5 31 0.389 0.389 0.255273 0.389 100 2 0
 51 1705.090 2455.867 5 31 0.389 0.389 0.261834 0.389 100 2 0
 52 1704.310 2479.461 5 31 1.169 0.779 0.611343 1.169 100 2 0
 53 1696.706 2452.747 5 31 0.779 0.389 0.341756 0.779 100 2 0
 54 1688.126 2449.237 5 31 0.779 0.389 0.350702 0.779 100 2 0
 55 1687.346 2433.443 5 31 0.779 0.779 0.398417 0.779 100 2 0
 56 1679.936 2501.105 5 31 0.779 0.389 0.274955 0.779 100 2 0
 57 1682.081 2464.837 5 31 1.169 0.389 0.513528 1.169 100 2 0
 58 1677.986 2454.697 5 31 1.559 0.389 0.468796 1.559 100 2 0
 59 1678.376 2439.488 5 31 0.779 0.389 0.211137 0.779 100 2 0
 60 1671.551 2486.091 5 31 0.389 0.779 0.216505 0.779 100 2 0
 61 1670.771 2455.867 5 31 0.389 0.389 0.249905 0.389 100 2 0
 62 1668.041 2482.581 5 31 1.169 0.779 0.490864 1.169 100 2 0
 63 1667.261 2479.266 5 31 0.389 0.389 0.274359 0.389 100 2 0
 64 1668.236 2442.608 5 31 1.559 0.389 0.554682 1.559 100 2 0
 65 1666.091 2486.091 5 31 2.729 0.779 1.177953 2.729 100 2 0
 66 1665.116 2446.117 5 31 0.779 0.389 0.209348 0.779 100 2 0
 67 1664.336 2439.488 5 31 0.779 0.389 0.338177 0.779 100 2 0
 68 1660.437 2481.021 5 31 5.459 3.899 1.327061 5.459 100 2 0
 69 1658.682 2475.171 5 31 1.169 2.339 0.915523 2.339 100 2 0
 70 1659.072 2471.467 5 31 1.169 0.389 0.517703 1.169 100 2 0
 71 1658.877 2456.062 5 31 0.779 0.779 0.401399 0.779 100 2 0
 72 1660.047 2446.117 5 31 1.559 1.169 0.778940 1.559 100 2 0
 73 1659.657 2441.828 5 31 0.779 1.949 0.570785 1.949 100 2 0
 74 1659.072 2438.123 5 31 1.169 0.779 0.669793 1.169 100 2 0
 75 1658.877 2433.833 5 31 2.339 1.559 1.142764 2.339 100 2 0
 76 1653.222 2475.951 5 31 2.729 0.779 1.130835 2.729 100 2 0
 77 1653.807 2469.322 5 31 0.779 0.779 0.404381 0.779 100 2 0
 78 1654.392 2442.803 5 31 2.729 0.779 0.966816 2.729 100 2 0
 79 1653.807 2435.978 5 31 1.559 0.389 0.563032 1.559 100 2 0
 80 1649.907 2482.776 5 31 0.779 0.389 0.345334 0.779 100 2 0
 81 1651.077 2472.831 5 31 0.779 0.779 0.413924 0.779 100 2 0
 82 1650.297 2462.692 5 31 0.779 0.779 0.397820 0.779 100 2 0
 83 1649.712 2446.117 5 31 0.389 0.389 0.249905 0.389 100 2 0
 84 1031.383 2390.740 5 31 0.779 0.389 0.461042 0.779 100 2 0
 85 1033.723 2331.852 5 31 0.779 1.169 0.630429 1.169 100 2 0
 86 1029.823 2361.491 5 31 9.359 54.207 37.402252 54.207 100 2 0
 87 1019.098 2506.760 5 31 1.169 3.119 1.778560 3.119 100 2 0
 88 1019.098 2500.520 5 31 1.169 3.119 1.649135 3.119 100 2 0
 89 1018.903 2494.281 5 31 0.779 3.119 1.729057 3.119 100 2 0
 90 1018.903 2486.481 5 31 0.779 3.119 1.723689 3.119 100 2 0
 91 1018.903 2480.241 5 31 0.779 3.119 1.693271 3.119 100 2 0
 92 1018.903 2474.001 5 31 0.779 3.119 1.686113 3.119 100 2 0
 93 1018.903 2467.762 5 31 0.779 3.119 1.660467 3.119 100 2 0
 94 1018.903 2461.522 5 31 0.779 3.119 1.657485 3.119 100 2 0
 95 1018.903 2455.282 5 31 0.779 3.119 1.665238 3.119 100 2 0
 96 1018.903 2449.042 5 31 0.779 3.119 1.683728 3.119 100 2 0
 97 1018.708 2442.803 5 31 1.169 3.119 1.772596 3.119 100 2 0
 98 1018.513 2394.639 5 31 0.779 1.949 1.049720 1.949 100 2 0
 99 1013.248 2501.690 5 31 1.169 3.119 1.755300 3.119 100 2 0
 100 1013.248 2495.451 5 31 1.169 3.119 1.853711 3.119 100 2 0
 101 1013.248 2487.651 5 31 1.169 3.119 1.898443 3.119 100 2 0
 102 1013.248 2481.411 5 31 1.169 3.119 1.873393 3.119 100 2 0
 103 1013.248 2474.976 5 31 1.169 2.729 1.665835 2.729 100 2 0
 104 1013.248 2468.737 5 31 1.169 2.729 1.672992 2.729 100 2 0
 105 1013.248 2462.497 5 31 1.169 2.729 1.568020 2.729 100 2 0
 106 1013.248 2456.257 5 31 1.169 2.729 1.559073 2.729 100 2 0
 107 1013.248 2450.017 5 31 1.169 2.729 1.587106 2.729 100 2 0
 108 1013.053 2443.583 5 31 1.559 3.119 1.902022 3.119 100 2 0
 109 1013.053 2393.860 5 31 0.779 1.169 0.824866 1.169 100 2 0
 110 1010.713 2432.858 5 31 0.779 2.729 1.523287 2.729 100 2 0
 111 1007.594 2423.498 5 31 0.779 1.169 0.721683 1.169 100 2 0
 112 1002.914 2429.543 5 31 0.779 2.339 0.999024 2.339 100 2 0
 113 1002.329 2507.735 5 31 0.389 1.169 0.623271 1.169 100 2 0
 114 1001.939 2468.542 5 31 0.389 0.779 0.493249 0.779 100 2 0
 115 1001.939 2462.302 5 31 0.389 0.779 0.490267 0.779 100 2 0
 116 1001.939 2456.062 5 31 0.389 0.779 0.493249 0.779 100 2 0
 117 1001.939 2449.822 5 31 0.389 0.779 0.501599 0.779 100 2 0
 118 1001.939 2443.388 5 31 0.389 1.169 0.616114 1.169 100 2 0
 119 999.209 2506.955 5 31 1.949 3.509 1.970611 3.509 100 2 0
 120 999.209 2500.520 5 31 1.949 3.119 1.766035 3.119 100 2 0
 121 999.209 2494.476 5 31 1.949 3.509 2.028465 3.509 100 2 0
 122 1000.379 2486.676 5 31 4.289 3.509 2.692891 4.289 100 2 0
 123 1000.379 2480.046 5 31 4.289 2.729 2.277774 4.289 100 2 0
 124 1000.184 2473.806 5 31 4.679 2.729 2.346364 4.679 100 2 0
 125 999.014 2467.567 5 31 1.559 2.729 1.548934 2.729 100 2 0
 126 998.819 2461.327 5 31 1.949 2.729 1.690885 2.729 100 2 0
 127 998.819 2455.087 5 31 1.949 2.729 1.645556 2.729 100 2 0
 128 998.819 2449.042 5 31 1.949 3.119 1.892479 3.119 100 2 0
 129 998.819 2442.803 5 31 1.949 3.119 1.916336 3.119 100 2 0
 130 997.259 2426.228 5 31 0.389 0.389 0.358456 0.389 100 2 0
 131 979.514 2437.928 5 31 0.779 0.389 0.450903 0.779 100 2 0
 132 976.979 2425.058 5 31 0.389 1.169 0.605379 1.169 100 2 0
 133 968.790 2414.139 5 31 4.289 1.169 2.184731 4.289 100 2 0
 134 960.210 2414.139 5 31 4.289 1.169 2.201431 4.289 100 2 0
 135 951.630 2414.139 5 31 4.289 1.169 2.429864 4.289 100 2 0
 136 943.050 2414.139 5 31 4.289 1.169 2.365450 4.289 100 2 0
 137 934.275 2414.139 5 31 3.899 1.169 2.355310 3.899 100 2 0
 138 925.696 2414.139 5 31 3.899 1.169 2.281353 3.899 100 2 0
 139 917.116 2414.139 5 31 3.899 1.169 2.377378 3.899 100 2 0
 140 908.536 2414.139 5 31 3.899 1.169 2.382150 3.899 100 2 0
 141 899.956 2414.139 5 31 3.899 1.169 2.369028 3.899 100 2 0
 142 891.377 2414.139 5 31 3.899 1.169 2.348153 3.899 100 2 0
 143 882.797 2414.139 5 31 3.899 1.169 2.283142 3.899 100 2 0
 144 874.217 2414.334 5 31 3.899 0.779 2.181748 3.899 100 2 0
 145 865.637 2414.139 5 31 3.899 1.169 2.271213 3.899 100 2 0
 146 856.862 2414.139 5 31 3.509 1.169 2.004608 3.509 100 2 0
 147 848.478 2414.139 5 31 3.899 1.169 2.313560 3.899 100 2 0
 148 839.898 2414.139 5 31 3.899 1.169 2.020115 3.899 100 2 0
 149 829.563 2414.139 5 31 3.509 1.169 1.972997 3.509 100 2 0
 150 820.788 2414.334 5 31 1.559 0.779 0.905980 1.559 100 2 0
 151 812.404 2414.334 5 31 3.509 0.779 1.793471 3.509 100 2 0
 152 804.214 2414.334 5 31 2.729 0.779 1.424876 2.729 100 2 0
 153 794.854 2414.334 5 31 2.729 0.779 1.375372 2.729 100 2 0
 154 786.274 2414.334 5 31 2.729 0.779 1.390283 2.729 100 2 0
 155 777.890 2414.334 5 31 1.559 0.779 0.836794 1.559 100 2 0
 156 769.310 2414.334 5 31 1.559 0.779 0.853494 1.559 100 2 0
 157 761.120 2414.334 5 31 0.779 0.779 0.563032 0.779 100 2 0
 158 752.150 2414.334 5 31 1.559 0.779 0.883912 1.559 100 2 0
 159 743.375 2414.334 5 31 1.169 0.779 0.817112 1.169 100 2 0
 160 734.991 2414.334 5 31 0.779 0.779 0.594643 0.779 100 2 0
 161 726.216 2414.334 5 31 1.169 0.779 0.780730 1.169 100 2 0
 162 717.636 2414.334 5 31 1.169 0.779 0.780730 1.169 100 2 0
 163 709.056 2414.334 5 31 1.169 0.779 0.772380 1.169 100 2 0
 164 700.282 2414.334 5 31 0.779 0.779 0.532017 0.779 100 2 0
 165 689.752 2414.334 5 31 0.779 0.779 0.545735 0.779 100 2 0
 166 681.367 2414.334 5 31 1.169 0.779 0.707368 1.169 100 2 0
 167 664.208 2414.334 5 31 1.169 0.779 0.722279 1.169 100 2 0
 168 655.628 2414.334 5 31 1.169 0.779 0.715122 1.169 100 2 0
 169 638.663 2414.334 5 31 0.779 0.779 0.618500 0.779 100 2 0
 170 595.374 2414.334 5 31 0.779 0.779 0.553489 0.779 100 2 0
 171 413.639 2417.454 5 31 3.899 7.019 8.327384 7.019 100 2 0
 172 402.134 2443.973 5 31 1.169 0.779 0.591064 1.169 100 2 0
 173 401.939 2387.620 5 31 0.779 0.389 0.350106 0.779 100 2 0
 174 401.939 2415.894 5 31 7.019 51.478 26.404644 51.478 100 2 0
 175 395.505 2440.658 5 31 0.389 1.169 0.511142 1.169 100 2 0
 176 395.310 2433.833 5 31 0.779 0.779 0.498021 0.779 100 2 0
 177 395.310 2429.348 5 31 0.779 1.169 0.622675 1.169 100 2 0
 178 395.115 2422.913 5 31 0.389 0.779 0.455078 0.779 100 2 0
 179 319.456 2485.896 5 31 0.389 0.389 0.400206 0.389 100 2 0
 180 308.537 2470.882 5 31 0.389 0.779 0.526053 0.779 100 2 0
 181 305.807 2485.506 5 31 6.629 1.169 2.100037 6.629 100 2 0
 182 298.007 2470.687 5 31 0.389 0.389 0.395434 0.389 100 2 0
 183 295.667 2485.701 5 31 6.629 1.559 2.372010 6.629 100 2 0
 184 285.137 2485.506 5 31 6.629 1.169 2.753727 6.629 100 2 0
 185 273.633 2485.506 5 31 8.579 1.169 3.167054 8.579 100 2 0
 186 273.438 2477.316 5 31 6.629 1.169 2.281353 6.629 100 2 0
 187 274.023 2470.687 5 31 6.239 1.169 2.143577 6.239 100 2 0
 188 270.513 2462.302 5 31 0.779 0.779 0.380524 0.779 100 2 0
 189 264.078 2485.506 5 31 6.629 1.169 2.623108 6.629 100 2 0
 190 263.298 2477.316 5 31 6.629 1.169 2.423303 6.629 100 2 0
 191 263.883 2470.687 5 31 6.239 1.169 2.202624 6.239 100 2 0
 192 254.133 2462.302 5 31 0.779 0.779 0.560646 0.779 100 2 0
 193 253.548 2485.506 5 31 6.629 1.169 2.842595 6.629 100 2 0
 194 252.963 2477.316 5 31 7.019 1.169 2.803827 7.019 100 2 0
 195 253.548 2470.687 5 31 6.629 1.169 2.309981 6.629 100 2 0
 196 250.038 2462.302 5 31 0.389 0.779 0.500406 0.779 100 2 0
 197 243.603 2470.687 5 31 0.779 1.169 0.808165 1.169 100 2 0
 198 243.603 2462.692 5 31 0.779 0.779 0.630429 0.779 100 2 0
 199 280.653 2425.253 5 31 116.216 65.516 98.482864 116.216 100 2 0
 200 216.109 2437.343 5 31 1.169 43.678 16.861730 43.678 100 2 0
 201 205.774 2446.507 5 31 0.779 1.169 0.532017 1.169 100 2 0
 202 205.774 2437.343 5 31 0.779 1.559 0.625657 1.559 100 2 0
 203 205.774 2420.378 5 31 0.779 1.949 0.740172 1.949 100 2 0
 204 199.925 2446.507 5 31 0.779 1.169 0.561839 1.169 100 2 0
 205 199.925 2437.343 5 31 0.779 1.559 0.605975 1.559 100 2 0
 206 199.730 2420.378 5 31 0.389 1.949 0.664425 1.949 100 2 0
 207 185.105 2441.438 5 31 14.819 6.629 7.352814 14.819 100 2 0
 208 170.090 2418.624 5 31 1.169 4.679 1.986715 4.679 100 2 0
 209 169.505 2446.312 5 31 4.679 3.119 3.638832 4.679 100 2 0
 210 169.895 2441.048 5 31 5.459 2.729 5.094723 5.459 100 2 0
 211 169.700 2436.173 5 31 5.069 3.119 4.949790 5.069 100 2 0
 212 169.700 2431.103 5 31 5.069 2.339 4.234071 5.069 100 2 0
 213 169.700 2426.813 5 31 5.069 2.339 3.086536 5.069 100 2 0
 214 164.046 2466.982 5 31 0.779 3.119 1.332429 3.119 100 2 0
 215 167.360 2461.132 5 31 6.629 3.899 2.495472 6.629 100 2 0
 216 1340.840 2320.152 5 31 1.949 0.389 0.429431 1.949 100 2 0
 217 1335.380 2321.712 5 31 0.389 0.389 0.228433 0.389 100 2 0
 218 1319.390 2320.152 5 31 1.949 0.389 0.433010 1.949 100 2 0
 219 1274.542 2320.152 5 31 0.389 0.389 0.199805 0.389 100 2 0
 220 965.475 2792.424 5 31 1507.700 189.142 16786.963456 1507.700 100 2 0
 221 1013.248 2507.930 5 31 1.169 3.119 1.755300 3.119 100 2 0
 222 1345.520 2321.907 5 31 1.949 0.779 0.604186 1.949 100 2 0
 223 1033.528 2323.272 5 31 0.389 0.389 0.112129 0.389 100 2 0
 224 2687.177 2730.417 4 31 3.509 1.949 2.382746 3.509 100 2 0
 225 2686.203 2709.552 4 31 1.559 0.779 0.679336 1.559 100 2 0
 226 2541.126 2817.773 4 31 2.339 1.169 0.741365 2.339 100 2 0
 227 2529.622 2817.383 4 31 9.749 1.169 3.388330 9.749 100 2 0
 228 2520.847 2817.773 4 31 6.239 1.169 1.805400 6.239 100 2 0
 229 2464.493 2728.272 4 31 1.949 1.559 1.685517 1.949 100 2 0
 230 2456.108 2717.937 4 31 0.779 1.169 0.758065 1.169 100 2 0
 231 2460.788 2753.426 4 31 21.839 1.949 12.176757 21.839 100 2 0
 232 2460.593 2744.846 4 31 22.229 1.949 10.410721 22.229 100 2 0
 233 2450.064 2734.316 4 31 30.809 1.949 15.082574 30.809 100 2 0
 234 2419.644 2717.937 4 31 1.949 1.169 1.093260 1.949 100 2 0
 235 2416.330 2709.162 4 31 0.779 1.559 0.957870 1.559 100 2 0
 236 2416.135 2702.923 4 31 0.389 1.559 0.798026 1.559 100 2 0
 237 2415.355 2717.937 4 31 2.729 1.169 1.238789 2.729 100 2 0
 238 2405.215 2759.860 4 31 2.729 1.559 1.646749 2.729 100 2 0
 239 2406.190 2717.937 4 31 0.779 1.169 0.820691 1.169 100 2 0
 240 2401.900 2709.357 4 31 0.779 1.169 0.844548 1.169 100 2 0
 241 2401.705 2717.937 4 31 4.289 1.169 1.656888 4.289 100 2 0
 242 2400.730 2702.923 4 31 2.339 1.559 1.149325 2.339 100 2 0
 243 2391.760 2709.162 4 31 0.779 1.559 0.984113 1.559 100 2 0
 244 2391.760 2702.923 4 31 0.779 1.559 0.957870 1.559 100 2 0
 245 2393.515 2717.937 4 31 8.189 1.169 2.879574 8.189 100 2 0
 246 2086.398 2779.750 4 31 0.779 3.899 2.226481 3.899 100 2 0
 247 2086.203 2771.170 4 31 1.169 3.899 2.295667 3.899 100 2 0
 248 2086.203 2762.590 4 31 1.169 3.899 2.447757 3.899 100 2 0
 249 2086.203 2754.011 4 31 1.169 3.899 2.397060 3.899 100 2 0
 250 2086.203 2745.431 4 31 1.169 3.899 2.385132 3.899 100 2 0
 251 2086.203 2736.851 4 31 1.169 3.899 2.368432 3.899 100 2 0
 252 2086.203 2728.272 4 31 1.169 3.899 2.340399 3.899 100 2 0
 253 2086.203 2719.692 4 31 1.169 3.899 2.240795 3.899 100 2 0
 254 2086.008 2709.552 4 31 0.779 3.899 2.176381 3.899 100 2 0
 255 2076.063 2785.599 4 31 0.389 0.779 0.429431 0.779 100 2 0
 256 2075.673 2781.310 4 31 1.949 1.559 0.668004 1.949 100 2 0
 257 2074.893 2777.605 4 31 0.389 0.389 0.331616 0.389 100 2 0
 258 1972.326 2779.750 4 31 1.169 3.899 2.389307 3.899 100 2 0
 259 1972.326 2771.170 4 31 1.169 3.899 2.434039 3.899 100 2 0
 260 1972.326 2762.590 4 31 1.169 3.899 2.387518 3.899 100 2 0
 261 1972.131 2754.011 4 31 0.779 3.899 2.247952 3.899 100 2 0
 262 1972.131 2745.431 4 31 0.779 3.899 2.234234 3.899 100 2 0
 263 1971.936 2736.851 4 31 1.169 3.899 2.231252 3.899 100 2 0
 264 1971.936 2728.272 4 31 1.169 3.899 2.354117 3.899 100 2 0
 265 1971.936 2719.692 4 31 1.169 3.899 2.392289 3.899 100 2 0
 266 1971.936 2709.552 4 31 1.169 3.899 2.262863 3.899 100 2 0
 267 1964.916 2779.555 4 31 0.389 3.509 0.981131 3.509 100 2 0
 268 1961.796 2785.599 4 31 0.389 0.779 0.440763 0.779 100 2 0
 269 1858.059 2779.750 4 31 1.169 3.899 2.315349 3.899 100 2 0
 270 1858.059 2771.170 4 31 1.169 3.899 2.502032 3.899 100 2 0
 271 1858.059 2762.590 4 31 1.169 3.899 2.453721 3.899 100 2 0
 272 1858.059 2754.011 4 31 1.169 3.899 2.446564 3.899 100 2 0
 273 1858.059 2745.431 4 31 1.169 3.899 2.409585 3.899 100 2 0
 274 1858.059 2736.851 4 31 1.169 3.899 2.379764 3.899 100 2 0
 275 1858.059 2728.272 4 31 1.169 3.899 2.362467 3.899 100 2 0
 276 1857.864 2719.692 4 31 0.779 3.899 2.227077 3.899 100 2 0
 277 1857.669 2709.357 4 31 1.169 3.509 2.105405 3.509 100 2 0
 278 460.141 2720.472 4 31 0.779 0.779 0.433010 0.779 100 2 0
 279 443.761 2720.862 4 31 1.559 1.559 0.929838 1.559 100 2 0
 280 430.306 2718.327 4 31 1.949 1.169 0.957870 1.949 100 2 0
 281 430.306 2710.332 4 31 1.949 0.779 0.965027 1.949 100 2 0
 282 430.111 2702.338 4 31 2.339 1.169 1.040774 2.339 100 2 0
 283 158.288 2742.311 4 31 2.339 0.779 0.808165 2.339 100 2 0
 284 158.288 2734.316 4 31 2.339 1.169 1.152903 2.339 100 2 0
 285 158.288 2726.322 4 31 2.339 0.779 0.882719 2.339 100 2 0
 286 158.093 2702.338 4 31 1.949 1.169 1.611559 1.949 100 2 0
 287 157.313 2716.962 4 31 4.289 3.899 2.010572 4.289 100 2 0
 288 147.759 2715.792 4 31 1.559 1.559 0.952502 1.559 100 2 0
 289 139.764 2715.597 4 31 1.169 1.949 0.955484 1.949 100 2 0
 290 131.769 2715.792 4 31 1.559 1.559 0.969202 1.559 100 2 0
 291 123.774 2715.597 4 31 1.169 1.949 1.016917 1.949 100 2 0
 292 2739.241 2614.006 4 31 0.779 29.638 9.755243 29.638 100 2 0
 293 2732.806 2637.990 4 31 0.389 3.509 1.125467 3.509 100 2 0
 294 2686.982 2682.643 4 31 3.119 0.779 1.815539 3.119 100 2 0
 295 2686.397 2553.168 4 31 3.509 0.779 1.661660 3.509 100 2 0
 296 2686.203 2526.454 4 31 3.119 1.169 1.652117 3.119 100 2 0
 297 2608.790 2680.108 4 31 0.389 4.289 1.566231 4.289 100 2 0
 298 2576.420 2613.616 4 31 0.389 0.779 0.473567 0.779 100 2 0
 299 2573.885 2613.811 4 31 0.779 1.169 0.830233 1.169 100 2 0
 300 2567.061 2613.811 4 31 3.509 1.169 1.542970 3.509 100 2 0
 301 2562.186 2613.811 4 31 0.779 1.169 0.824866 1.169 100 2 0
 302 2556.531 2613.811 4 31 3.509 1.169 1.659870 3.509 100 2 0
 303 2546.001 2613.811 4 31 3.509 1.169 1.749335 3.509 100 2 0
 304 2474.828 2528.989 4 31 0.779 1.559 0.795044 1.559 100 2 0
 305 2474.633 2522.555 4 31 1.169 4.289 1.784525 4.289 100 2 0
 306 2469.173 2524.504 4 31 1.169 0.389 0.548717 1.169 100 2 0
 307 2463.518 2653.979 4 31 0.779 1.169 0.628043 1.169 100 2 0
 308 2465.468 2637.405 4 31 0.779 1.559 0.904191 1.559 100 2 0
 309 2465.468 2614.006 4 31 0.779 0.779 0.530825 0.779 100 2 0
 310 2465.468 2607.571 4 31 0.779 1.169 0.776555 1.169 100 2 0
 311 2465.273 2570.913 4 31 0.389 1.169 0.661443 1.169 100 2 0
 312 2465.273 2564.868 4 31 0.389 0.779 0.540367 0.779 100 2 0
 313 2465.078 2550.048 4 31 0.779 0.779 0.625657 0.779 100 2 0
 314 2465.078 2541.079 4 31 0.779 0.779 0.525457 0.779 100 2 0
 315 2466.053 2524.504 4 31 1.169 0.389 0.566610 1.169 100 2 0
 316 2461.373 2647.935 4 31 1.169 1.559 1.031827 1.559 100 2 0
 317 2460.398 2628.630 4 31 0.779 0.389 0.520685 0.779 100 2 0
 318 2460.203 2622.391 4 31 0.389 0.389 0.414520 0.389 100 2 0
 319 2460.203 2613.811 4 31 0.389 1.169 0.664425 1.169 100 2 0
 320 2460.008 2607.376 4 31 0.779 0.779 0.638779 0.779 100 2 0
 321 2460.008 2570.913 4 31 0.779 1.169 0.789676 1.169 100 2 0
 322 2460.008 2564.673 4 31 0.779 0.389 0.530228 0.779 100 2 0
 323 2460.008 2556.093 4 31 0.779 0.389 0.521878 0.779 100 2 0
 324 2459.813 2549.853 4 31 0.389 0.389 0.412731 0.389 100 2 0
 325 2459.423 2637.405 4 31 2.729 0.779 1.068210 2.729 100 2 0
 326 2455.914 2647.740 4 31 4.289 1.169 1.893075 4.289 100 2 0
 327 2452.209 2637.405 4 31 0.779 1.559 0.794447 1.559 100 2 0
 328 2451.819 2628.630 4 31 0.779 1.169 0.688283 1.169 100 2 0
 329 2452.014 2622.391 4 31 0.389 1.169 0.676950 1.169 100 2 0
 330 2450.454 2570.913 4 31 3.509 1.169 1.495255 3.509 100 2 0
 331 2451.819 2564.673 4 31 0.779 1.169 0.784308 1.169 100 2 0
 332 2451.624 2556.093 4 31 0.389 1.169 0.675161 1.169 100 2 0
 333 2451.624 2549.853 4 31 0.389 1.169 0.674565 1.169 100 2 0
 334 2451.624 2541.079 4 31 0.389 0.779 0.546928 0.779 100 2 0
 335 2448.894 2647.740 4 31 0.389 1.169 0.685897 1.169 100 2 0
 336 2449.674 2637.210 4 31 0.389 1.169 0.618500 1.169 100 2 0
 337 2449.479 2622.196 4 31 0.779 0.779 0.505178 0.779 100 2 0
 338 2450.649 2613.811 4 31 3.119 1.169 1.410562 3.119 100 2 0
 339 2450.649 2607.571 4 31 3.119 1.169 1.417719 3.119 100 2 0
 340 2449.284 2564.478 4 31 0.389 0.779 0.518299 0.779 100 2 0
 341 2449.284 2549.659 4 31 0.389 0.779 0.497424 0.779 100 2 0
 342 2446.944 2524.504 4 31 0.389 0.389 0.377541 0.389 100 2 0
 343 2443.629 2647.740 4 31 0.779 1.169 0.778940 1.169 100 2 0
 344 2441.679 2637.600 4 31 0.779 1.169 0.832619 1.169 100 2 0
 345 2441.484 2628.825 4 31 0.389 0.779 0.537385 0.779 100 2 0
 346 2441.484 2622.586 4 31 0.389 0.779 0.552296 0.779 100 2 0
 347 2441.484 2613.811 4 31 0.389 1.169 0.678740 1.169 100 2 0
 348 2441.289 2607.766 4 31 0.779 1.559 0.890473 1.559 100 2 0
 349 2441.289 2570.913 4 31 0.779 1.169 0.835005 1.169 100 2 0
 350 2441.289 2564.868 4 31 0.779 0.779 0.663829 0.779 100 2 0
 351 2441.094 2555.898 4 31 0.389 0.779 0.530825 0.779 100 2 0
 352 2441.094 2550.048 4 31 0.389 0.779 0.535596 0.779 100 2 0
 353 2441.094 2541.079 4 31 0.389 0.779 0.532017 0.779 100 2 0
 354 2447.529 2513.780 4 31 8.579 0.779 3.200454 8.579 100 2 0
 355 2437.194 2647.740 4 31 0.389 1.169 0.684704 1.169 100 2 0
 356 2434.854 2647.545 4 31 0.389 0.779 0.514721 0.779 100 2 0
 357 2436.414 2637.405 4 31 0.389 0.779 0.546332 0.779 100 2 0
 358 2436.219 2628.630 4 31 0.779 0.389 0.535596 0.779 100 2 0
 359 2436.219 2622.391 4 31 0.779 0.389 0.409749 0.779 100 2 0
 360 2436.219 2614.006 4 31 0.779 0.779 0.672179 0.779 100 2 0
 361 2435.829 2570.913 4 31 0.779 1.169 0.802798 1.169 100 2 0
 362 2435.829 2564.673 4 31 0.779 1.169 0.660250 1.169 100 2 0
 363 2435.829 2555.898 4 31 0.779 0.779 0.653690 0.779 100 2 0
 364 2435.829 2549.659 4 31 0.779 0.779 0.526053 0.779 100 2 0
 365 2435.634 2524.504 4 31 0.389 0.389 0.366209 0.389 100 2 0
 366 2435.244 2607.571 4 31 2.729 1.169 1.215529 2.729 100 2 0
 367 2428.029 2637.405 4 31 0.779 0.779 0.704983 0.779 100 2 0
 368 2428.029 2628.630 4 31 0.779 0.389 0.529035 0.779 100 2 0
 369 2425.494 2637.210 4 31 0.389 0.389 0.393645 0.389 100 2 0
 370 2428.029 2622.586 4 31 0.779 0.779 0.658461 0.779 100 2 0
 371 2428.029 2613.811 4 31 0.779 1.169 0.787290 1.169 100 2 0
 372 2425.494 2622.391 4 31 0.389 0.389 0.382313 0.389 100 2 0
 373 2428.029 2607.571 4 31 0.779 1.169 0.793851 1.169 100 2 0
 374 2425.494 2607.376 4 31 0.389 0.779 0.512335 0.779 100 2 0
 375 2427.639 2570.913 4 31 0.779 1.169 0.849916 1.169 100 2 0
 376 2427.639 2556.093 4 31 0.779 0.389 0.530228 0.779 100 2 0
 377 2427.639 2549.659 4 31 0.779 0.779 0.518299 0.779 100 2 0
 378 2427.444 2541.274 4 31 0.389 0.389 0.394242 0.389 100 2 0
 379 2427.639 2532.889 4 31 3.899 0.779 1.556091 3.899 100 2 0
 380 2425.104 2571.108 4 31 0.389 0.779 0.498617 0.779 100 2 0
 381 2426.469 2564.673 4 31 3.119 1.169 1.357479 3.119 100 2 0
 382 2425.104 2549.659 4 31 0.389 0.779 0.478935 0.779 100 2 0
 383 2429.979 2513.780 4 31 13.259 0.779 4.132678 13.259 100 2 0
 384 2420.424 2607.571 4 31 0.389 1.169 0.665022 1.169 100 2 0
 385 2420.229 2571.108 4 31 0.779 0.779 0.696036 0.779 100 2 0
 386 2421.984 2524.504 4 31 0.389 0.389 0.353088 0.389 100 2 0
 387 2416.330 2613.811 4 31 0.779 0.389 0.528439 0.779 100 2 0
 388 2416.135 2564.868 4 31 0.389 0.779 0.534403 0.779 100 2 0
 389 2415.355 2607.571 4 31 2.729 0.389 0.873177 2.729 100 2 0
 390 2415.940 2570.913 4 31 0.779 1.169 0.792062 1.169 100 2 0
 391 2410.870 2530.744 4 31 0.779 0.389 0.421081 0.779 100 2 0
 392 2409.310 2571.108 4 31 0.779 0.779 0.649515 0.779 100 2 0
 393 2407.555 2530.744 4 31 0.389 0.389 0.314916 0.389 100 2 0
 394 2408.530 2524.309 4 31 3.899 0.779 1.872200 3.899 100 2 0
 395 2405.605 2664.509 4 31 0.389 1.169 0.641761 1.169 100 2 0
 396 2405.020 2570.913 4 31 0.779 1.169 0.666215 1.169 100 2 0
 397 2401.705 2694.343 4 31 0.389 1.559 0.799815 1.559 100 2 0
 398 2401.705 2687.908 4 31 0.389 1.169 0.672179 1.169 100 2 0
 399 2401.705 2673.089 4 31 0.389 1.169 0.668600 1.169 100 2 0
 400 2401.510 2664.509 4 31 0.779 1.169 0.789676 1.169 100 2 0
 401 2400.340 2532.889 4 31 0.779 0.779 0.541560 0.779 100 2 0
 402 2397.415 2533.084 4 31 0.389 0.389 0.373366 0.389 100 2 0
 403 2395.660 2694.343 4 31 0.779 1.559 0.926855 1.559 100 2 0
 404 2395.660 2679.523 4 31 0.779 0.779 0.691265 0.779 100 2 0
 405 2395.660 2673.284 4 31 0.779 0.779 0.661443 0.779 100 2 0
 406 2395.465 2664.509 4 31 0.389 1.169 0.650707 1.169 100 2 0
 407 2391.565 2694.343 4 31 1.169 1.559 1.028249 1.559 100 2 0
 408 2391.565 2688.103 4 31 0.389 1.559 0.798026 1.559 100 2 0
 409 2391.370 2679.329 4 31 0.779 1.169 0.801008 1.169 100 2 0
 410 2391.370 2673.089 4 31 0.779 1.169 0.796833 1.169 100 2 0
 411 2391.370 2664.509 4 31 0.779 1.169 0.879737 1.169 100 2 0
 412 2388.445 2533.084 4 31 0.389 0.389 0.361438 0.389 100 2 0
 413 2385.325 2533.084 4 31 0.389 0.389 0.372174 0.389 100 2 0
 414 2384.350 2513.975 4 31 5.459 0.389 1.396844 5.459 100 2 0
 415 2377.526 2542.444 4 31 3.509 5.849 1.860272 5.849 100 2 0
 416 2295.238 2634.090 4 31 0.389 0.389 0.350106 0.389 100 2 0
 417 2237.129 2614.201 4 31 0.389 0.389 0.384699 0.389 100 2 0
 418 158.093 2694.148 4 31 1.949 1.169 0.904787 1.949 100 2 0
 419 2704.922 2508.320 4 31 0.779 1.559 0.320284 1.559 100 2 0
 420 2704.532 2502.275 4 31 0.779 1.169 0.279130 1.169 100 2 0
 421 2698.487 2457.037 4 31 0.389 1.169 0.613132 1.169 100 2 0
 422 2698.487 2451.772 4 31 0.389 0.779 0.439570 0.779 100 2 0
 423 2696.342 2489.016 4 31 6.239 28.468 28.098510 28.468 100 2 0
 424 2686.203 2505.785 4 31 2.339 0.389 0.407960 2.339 100 2 0
 425 2666.508 2497.596 4 31 0.389 0.389 0.378138 0.389 100 2 0
 426 2665.728 2500.910 4 31 3.509 0.779 1.401019 3.509 100 2 0
 427 2660.463 2500.910 4 31 1.559 0.779 0.981727 1.559 100 2 0
 428 2648.568 2477.511 4 31 1.169 7.019 3.770047 7.019 100 2 0
 429 2645.254 2490.771 4 31 2.339 0.779 0.703790 2.339 100 2 0
 430 2641.939 2478.876 4 31 1.169 9.749 5.798512 9.749 100 2 0
 431 2632.384 2478.876 4 31 7.799 8.969 12.669410 8.969 100 2 0
 432 2625.754 2490.771 4 31 6.239 0.779 1.639592 6.239 100 2 0
 433 2618.929 2490.771 4 31 5.849 0.779 2.267635 5.849 100 2 0
 434 2612.494 2481.606 4 31 7.799 3.509 5.824755 7.799 100 2 0
 435 2588.900 2490.771 4 31 2.729 0.779 0.984113 2.729 100 2 0
 436 2596.115 2482.191 4 31 16.379 2.339 5.472861 16.379 100 2 0
 437 2574.470 2490.576 4 31 1.169 0.389 0.617307 1.169 100 2 0
 438 2570.766 2490.576 4 31 0.779 0.389 0.499214 0.779 100 2 0
 439 2568.036 2482.971 4 31 3.119 0.779 1.109960 3.119 100 2 0
 440 2554.581 2483.166 4 31 2.729 0.389 0.820094 2.729 100 2 0
 441 2538.006 2483.361 4 31 3.119 0.779 1.337797 3.119 100 2 0
 442 2497.252 2493.306 4 31 7.409 0.389 1.975383 7.409 100 2 0
 443 2491.208 2493.306 4 31 0.779 0.389 0.431220 0.779 100 2 0
 444 2486.138 2493.306 4 31 0.779 0.389 0.413924 0.779 100 2 0
 445 2474.633 2506.565 4 31 1.169 4.289 1.941386 4.289 100 2 0
 446 2474.633 2498.570 4 31 1.169 4.679 2.086319 4.679 100 2 0
 447 2474.633 2490.576 4 31 1.169 4.289 2.140595 4.289 100 2 0
 448 2474.633 2482.581 4 31 1.169 4.679 1.692674 4.679 100 2 0
 449 2468.978 2499.155 4 31 1.559 0.389 0.430028 1.559 100 2 0
 450 2468.393 2490.576 4 31 0.389 0.389 0.320284 0.389 100 2 0
 451 2447.334 2505.590 4 31 8.189 0.779 3.562489 8.189 100 2 0
 452 2446.359 2499.155 4 31 10.139 0.389 1.931247 10.139 100 2 0
 453 2435.634 2505.590 4 31 1.949 0.779 0.892262 1.949 100 2 0
 454 2435.439 2499.155 4 31 1.559 0.389 0.446131 1.559 100 2 0
 455 2427.444 2505.590 4 31 8.189 0.779 3.446184 8.189 100 2 0
 456 2427.444 2499.155 4 31 8.189 0.389 1.717724 8.189 100 2 0
 457 2384.350 2505.590 4 31 5.459 0.779 1.155885 5.459 100 2 0
 458 2382.790 2499.155 4 31 2.339 0.389 0.344738 2.339 100 2 0
 459 2377.721 2488.041 4 31 2.339 3.119 0.635200 3.119 100 2 0
 460 2294.848 2506.760 4 31 0.389 0.779 0.200401 0.779 100 2 0
 461 2289.583 2505.980 4 31 0.779 2.339 0.508160 2.339 100 2 0
 462 2280.028 2500.130 4 31 0.389 0.779 0.245134 0.779 100 2 0
 463 1233.685 2607.181 4 31 1801.363 191.482 5974.152192 1801.363 100 2 0
 464 170.378 2712.867 4 31 10.139 59.667 41.186020 59.667 100 2 0
 465 2474.633 2514.560 4 31 1.169 4.679 1.897847 4.679 100 2 0
 466 2377.331 2514.560 4 31 3.899 46.018 17.076446 46.018 100 2 0
 467 2696.147 2508.710 4 31 7.409 3.899 1.627067 7.409 100 2 0
 468 2687.372 2510.465 4 31 1.559 0.389 0.181315 1.559 100 2 0
 469 2700.140 2792.814 3 31 1.169 1.169 0.554085 1.169 100 2 0
 470 2694.680 2790.084 3 31 1.949 1.169 1.082524 1.949 100 2 0
 471 2697.410 2780.920 3 31 7.409 3.899 3.288726 7.409 100 2 0
 472 2688.050 2766.100 3 31 5.069 1.559 2.897467 5.069 100 2 0
 473 2677.715 2781.895 3 31 10.139 33.148 20.288828 33.148 100 2 0
 474 2668.356 2800.614 3 31 1.559 1.169 0.532614 1.559 100 2 0
 475 2652.366 2800.614 3 31 1.559 1.169 1.024670 1.559 100 2 0
 476 2644.371 2801.589 3 31 1.169 3.899 1.403405 3.899 100 2 0
 477 2636.181 2803.929 3 31 1.169 0.779 0.568996 1.169 100 2 0
 478 2636.376 2800.614 3 31 1.559 1.169 0.724665 1.559 100 2 0
 479 2627.797 2802.954 3 31 2.339 6.629 0.769397 6.629 100 2 0
 480 2524.449 2824.403 3 31 1.559 1.169 0.616114 1.559 100 2 0
 481 2516.455 2824.598 3 31 1.169 1.559 0.598818 1.559 100 2 0
 482 2568.323 2804.514 3 31 111.147 9.749 73.482816 111.147 100 2 0
 483 2357.534 2820.698 3 31 47.578 67.077 247.976768 67.077 100 2 0
 484 2284.411 2859.502 3 31 1.169 1.169 0.578539 1.169 100 2 0
 485 2276.611 2860.477 3 31 5.849 3.899 2.104212 5.849 100 2 0
 486 2090.196 2877.831 3 31 1.949 1.169 0.959063 1.949 100 2 0
 487 2031.307 2885.631 3 31 1.949 1.169 0.902998 1.949 100 2 0
 488 2031.307 2877.831 3 31 1.949 1.169 0.983516 1.949 100 2 0
 489 2023.117 2885.631 3 31 1.949 1.169 0.913734 1.949 100 2 0
 490 2023.117 2877.831 3 31 1.949 1.169 0.997234 1.949 100 2 0
 491 1954.089 2885.631 3 31 1.949 1.169 0.942959 1.949 100 2 0
 492 1954.089 2877.831 3 31 1.949 1.169 1.038985 1.949 100 2 0
 493 1895.201 2885.631 3 31 1.949 1.169 0.932820 1.949 100 2 0
 494 1895.201 2877.831 3 31 1.949 1.169 1.018706 1.949 100 2 0
 495 1887.206 2885.826 3 31 2.339 0.779 0.948327 2.339 100 2 0
 496 1887.011 2877.831 3 31 1.949 1.169 1.016320 1.949 100 2 0
 497 1818.373 2885.826 3 31 1.949 0.779 0.957870 1.949 100 2 0
 498 1818.178 2877.831 3 31 2.339 1.169 1.507780 2.339 100 2 0
 499 1759.289 2885.631 3 31 2.339 1.169 1.460066 2.339 100 2 0
 500 1759.094 2877.831 3 31 1.949 1.169 1.652713 1.949 100 2 0
 501 2015.123 2865.741 3 31 513.226 14.429 329.519776 513.226 100 2 0
 502 1744.665 2876.661 3 31 15.209 19.889 29.420800 19.889 100 2 0
 503 1672.712 2878.026 3 31 14.819 17.159 20.601956 17.159 100 2 0
 504 1596.859 2881.731 3 31 1.169 5.069 2.134034 5.069 100 2 0
 505 1588.669 2881.731 3 31 1.169 5.069 2.064251 5.069 100 2 0
 506 1530.170 2885.826 3 31 1.949 1.559 0.904787 1.949 100 2 0
 507 2413.377 2875.296 -2 31 0.779 1.559 0.916716 1.559 100 2 0
 508 2405.577 2875.296 -2 31 1.559 1.559 0.992463 1.559 100 2 0
 509 2397.192 2865.936 -2 31 1.169 3.899 1.397440 3.899 100 2 0
 510 2391.732 2864.766 -2 31 5.849 7.019 2.435232 7.019 100 2 0
 511 2386.272 2861.646 -2 31 0.389 0.779 0.474163 0.779 100 2 0
 512 2381.593 2875.296 -2 31 1.169 1.559 1.446348 1.559 100 2 0
 513 2382.373 2864.961 -2 31 2.729 6.629 2.015344 6.629 100 2 0
 514 1893.130 2795.544 -2 31 0.779 1.949 0.796833 1.949 100 2 0
 515 1836.972 2795.544 -2 31 0.779 1.949 0.893455 1.949 100 2 0
 516 1828.977 2795.544 -2 31 1.169 1.949 1.041967 1.949 100 2 0
 517 1820.982 2795.544 -2 31 0.779 1.949 0.944748 1.949 100 2 0
 518 1812.987 2795.544 -2 31 1.169 1.949 1.018110 1.949 100 2 0
 519 1805.188 2795.544 -2 31 1.169 1.949 0.970991 1.949 100 2 0
 520 1796.998 2795.544 -2 31 1.169 1.949 0.984709 1.949 100 2 0
 521 1793.098 2790.084 -2 31 4.289 1.169 1.341376 4.289 100 2 0
 522 1789.003 2795.544 -2 31 0.779 1.949 0.909559 1.949 100 2 0
 523 1781.008 2795.544 -2 31 1.169 1.949 0.944152 1.949 100 2 0
 524 1773.208 2795.544 -2 31 1.169 1.949 1.406983 1.949 100 2 0
 525 1765.019 2795.544 -2 31 1.169 1.949 1.065228 1.949 100 2 0
 526 1757.219 2795.544 -2 31 1.169 1.949 1.337201 1.949 100 2 0
 527 1749.029 2795.544 -2 31 1.169 1.949 1.054492 1.949 100 2 0
 528 1741.034 2795.544 -2 31 0.779 1.949 0.925663 1.949 100 2 0
 529 1733.039 2795.544 -2 31 1.169 1.949 1.003795 1.949 100 2 0
 530 1725.240 2795.544 -2 31 1.169 1.949 1.451716 1.949 100 2 0
 531 1717.050 2795.544 -2 31 1.169 1.949 1.566827 1.949 100 2 0
 532 1709.055 2795.544 -2 31 1.559 1.949 1.776771 1.949 100 2 0
 533 1701.060 2795.544 -2 31 1.169 1.949 1.579352 1.949 100 2 0
 534 1693.065 2795.544 -2 31 1.559 1.949 1.765439 1.949 100 2 0
 535 1685.071 2795.544 -2 31 1.169 1.949 1.500027 1.949 100 2 0
 536 1678.246 2787.744 -2 31 3.899 17.549 5.454371 17.549 100 2 0
 537 1669.081 2795.544 -2 31 1.169 1.949 1.664045 1.949 100 2 0
 538 1661.086 2795.544 -2 31 1.559 1.949 1.809575 1.949 100 2 0
 539 1653.092 2795.544 -2 31 1.169 1.949 1.653310 1.949 100 2 0
 540 1645.097 2795.544 -2 31 1.559 1.949 1.761860 1.949 100 2 0
 541 1637.102 2795.544 -2 31 1.169 1.949 1.604402 1.949 100 2 0
 542 1629.107 2795.544 -2 31 1.559 1.949 1.727864 1.949 100 2 0
 543 1621.112 2795.544 -2 31 1.169 1.949 1.647345 1.949 100 2 0
 544 1613.118 2795.544 -2 31 1.559 1.949 1.797646 1.949 100 2 0
 545 1605.123 2795.544 -2 31 1.169 1.949 1.575177 1.949 100 2 0
 546 1597.128 2795.544 -2 31 1.559 1.949 1.716531 1.949 100 2 0
 547 1589.133 2795.544 -2 31 1.169 1.949 1.581141 1.949 100 2 0
 548 1581.138 2795.544 -2 31 1.559 1.949 1.682535 1.949 100 2 0
 549 1573.144 2795.544 -2 31 1.169 1.949 1.527462 1.949 100 2 0
 550 1565.149 2794.179 -2 31 1.559 4.679 3.370438 4.679 100 2 0
 551 1564.954 2785.989 -2 31 1.169 4.679 2.156698 4.679 100 2 0
 552 1557.154 2795.544 -2 31 1.169 1.949 1.531638 1.949 100 2 0
 553 1549.159 2795.544 -2 31 1.559 1.949 1.776175 1.949 100 2 0
 554 1540.969 2795.544 -2 31 1.559 1.949 1.729653 1.949 100 2 0
 555 1533.170 2795.544 -2 31 1.559 1.949 1.701621 1.949 100 2 0
 556 1525.175 2795.544 -2 31 1.169 1.949 1.087296 1.949 100 2 0
 557 1517.180 2795.544 -2 31 1.559 1.949 1.580545 1.949 100 2 0
 558 1516.790 2789.499 -2 31 0.779 0.779 0.438974 0.779 100 2 0
 559 1510.745 2787.744 -2 31 1.169 4.289 1.507780 4.289 100 2 0
 560 1508.990 2795.544 -2 31 1.559 1.949 1.579949 1.949 100 2 0
 561 1501.190 2795.544 -2 31 1.559 1.949 1.653310 1.949 100 2 0
 562 1493.196 2795.544 -2 31 1.169 1.949 1.480344 1.949 100 2 0
 563 1485.201 2795.544 -2 31 1.559 1.949 1.581738 1.949 100 2 0
 564 1477.011 2795.544 -2 31 1.559 1.949 1.554302 1.949 100 2 0
 565 1469.016 2795.544 -2 31 1.169 1.949 1.077753 1.949 100 2 0
 566 1461.217 2795.544 -2 31 1.169 1.949 1.060456 1.949 100 2 0
 567 1451.857 2779.750 -2 31 4.289 33.538 13.009376 33.538 100 2 0
 568 825.143 2790.084 -2 31 3.509 0.389 1.040774 3.509 100 2 0
 569 783.804 2756.741 -2 31 8.189 56.157 120.390408 56.157 100 2 0
 570 780.294 2715.597 -2 31 1.169 1.169 0.876159 1.169 100 2 0
 571 772.884 2751.671 -2 31 7.409 67.077 41.601136 67.077 100 2 0
 572 763.330 2723.202 -2 31 0.779 0.779 0.570189 0.779 100 2 0
 573 762.940 2774.485 -2 31 1.559 2.729 0.827848 2.729 100 2 0
 574 763.135 2763.955 -2 31 1.949 2.729 1.035406 2.729 100 2 0
 575 762.940 2753.426 -2 31 2.339 2.729 1.070596 2.729 100 2 0
 576 763.135 2746.016 -2 31 2.729 8.189 2.898660 8.189 100 2 0
 577 762.745 2732.756 -2 31 1.949 2.729 1.059860 2.729 100 2 0
 578 748.120 2732.951 -2 31 2.339 6.239 1.922301 6.239 100 2 0
 579 748.510 2725.152 -2 31 0.779 0.779 0.480724 0.779 100 2 0
 580 732.910 2781.505 -2 31 1.559 5.069 2.101230 5.069 100 2 0
 581 726.671 2779.945 -2 31 0.779 0.389 0.349509 0.779 100 2 0
 582 726.476 2774.875 -2 31 1.169 1.949 1.367619 1.949 100 2 0
 583 725.891 2770.780 -2 31 2.339 2.339 0.951309 2.339 100 2 0
 584 726.281 2765.125 -2 31 1.559 3.509 2.471018 3.509 100 2 0
 585 725.891 2760.250 -2 31 2.339 2.339 0.913734 2.339 100 2 0
 586 726.281 2754.986 -2 31 1.559 3.509 2.645176 3.509 100 2 0
 587 725.696 2747.576 -2 31 3.509 5.849 3.289323 5.849 100 2 0
 588 725.696 2734.511 -2 31 1.949 2.339 0.768801 2.339 100 2 0
 589 726.281 2740.166 -2 31 2.339 3.509 2.796073 3.509 100 2 0
 590 718.286 2748.746 -2 31 4.289 67.467 34.030624 67.467 100 2 0
 591 639.508 2774.095 -2 31 1.949 1.169 0.877352 1.949 100 2 0
 592 639.508 2758.105 -2 31 1.949 1.169 0.979938 1.949 100 2 0
 593 636.583 2720.667 -2 31 0.779 1.949 0.881527 1.949 100 2 0
 594 634.048 2736.656 -2 31 1.169 2.729 0.657865 2.729 100 2 0
 595 628.588 2720.667 -2 31 1.169 1.949 0.896437 1.949 100 2 0
 596 620.788 2720.667 -2 31 1.169 1.949 1.493466 1.949 100 2 0
 597 612.599 2720.667 -2 31 1.169 1.949 0.936995 1.949 100 2 0
 598 604.604 2720.667 -2 31 1.559 1.949 1.493466 1.949 100 2 0
 599 596.804 2720.667 -2 31 1.559 1.949 0.988884 1.949 100 2 0
 600 588.614 2720.667 -2 31 1.559 1.949 1.603209 1.949 100 2 0
 601 580.814 2720.667 -2 31 1.559 1.949 1.640785 1.949 100 2 0
 602 578.085 2772.730 -2 31 7.019 3.899 2.556904 7.019 100 2 0
 603 572.625 2720.667 -2 31 1.559 1.949 1.603806 1.949 100 2 0
 604 568.920 2736.656 -2 31 7.409 2.729 1.752914 7.409 100 2 0
 605 564.825 2720.667 -2 31 1.559 1.949 1.606192 1.949 100 2 0
 606 556.830 2720.667 -2 31 1.169 1.949 0.997234 1.949 100 2 0
 607 548.835 2720.667 -2 31 1.559 1.949 1.013338 1.949 100 2 0
 608 540.646 2720.667 -2 31 1.559 1.949 1.751721 1.949 100 2 0
 609 532.846 2720.667 -2 31 1.559 1.949 1.656292 1.949 100 2 0
 610 524.851 2720.667 -2 31 1.169 1.949 1.570406 1.949 100 2 0
 611 515.881 2764.735 -2 31 4.289 1.169 2.298053 4.289 100 2 0
 612 516.856 2720.667 -2 31 1.559 1.949 1.696849 1.949 100 2 0
 613 508.861 2755.766 -2 31 1.169 1.949 0.938784 1.949 100 2 0
 614 508.666 2720.667 -2 31 1.559 1.949 1.680746 1.949 100 2 0
 615 500.867 2720.667 -2 31 1.559 1.949 1.763650 1.949 100 2 0
 616 492.677 2720.667 -2 31 1.559 1.949 1.776771 1.949 100 2 0
 617 484.877 2720.667 -2 31 1.559 1.949 1.717724 1.949 100 2 0
 618 476.687 2720.667 -2 31 1.559 1.949 1.799436 1.949 100 2 0
 619 476.102 2737.046 -2 31 1.169 1.949 0.681722 1.949 100 2 0
 620 468.887 2720.667 -2 31 1.559 1.949 1.860272 1.949 100 2 0
 621 465.767 2736.656 -2 31 4.679 1.949 1.710567 4.679 100 2 0
 622 460.698 2720.667 -2 31 1.559 1.949 1.847746 1.949 100 2 0
 623 452.898 2720.667 -2 31 1.559 1.949 1.897847 1.949 100 2 0
 624 444.708 2720.667 -2 31 1.559 1.949 1.854307 1.949 100 2 0
 625 436.908 2720.667 -2 31 1.559 1.949 1.782139 1.949 100 2 0
 626 431.448 2758.105 -2 31 2.339 1.169 1.260857 2.339 100 2 0
 627 535.381 2746.211 -2 31 210.204 9.359 159.513360 210.204 100 2 0
 628 431.253 2734.316 -2 31 1.949 1.169 1.121292 1.949 100 2 0
 629 431.253 2726.127 -2 31 1.949 1.169 1.559670 1.949 100 2 0
 630 431.253 2718.327 -2 31 1.949 1.169 1.628856 1.949 100 2 0
 631 431.253 2710.137 -2 31 1.949 1.169 0.917909 1.949 100 2 0
 632 431.058 2702.338 -2 31 1.559 1.169 0.673372 1.559 100 2 0
 633 167.425 2750.306 -2 31 1.559 0.389 0.523071 1.559 100 2 0
 634 159.235 2750.306 -2 31 0.779 0.389 0.410942 0.779 100 2 0
 635 159.235 2742.311 -2 31 1.559 0.779 0.849319 1.559 100 2 0
 636 159.235 2734.316 -2 31 1.559 1.169 0.937591 1.559 100 2 0
 637 159.235 2726.322 -2 31 1.559 0.779 0.908366 1.559 100 2 0
 638 159.235 2702.338 -2 31 1.559 1.169 1.117714 1.559 100 2 0
 639 158.065 2716.962 -2 31 3.899 3.899 2.036219 3.899 100 2 0
 640 152.411 2831.813 -2 31 0.389 5.849 1.257875 5.849 100 2 0
 641 152.021 2792.229 -2 31 0.389 3.119 0.907770 3.119 100 2 0
 642 152.021 2763.370 -2 31 0.389 7.019 2.034430 7.019 100 2 0
 643 151.241 2732.561 -2 31 1.949 19.499 6.288183 19.499 100 2 0
 644 148.706 2715.792 -2 31 0.779 1.559 0.956081 1.559 100 2 0
 645 139.931 2831.228 -2 31 0.389 7.019 1.903215 7.019 100 2 0
 646 139.541 2763.370 -2 31 0.389 7.019 2.136420 7.019 100 2 0
 647 139.541 2757.131 -2 31 0.389 1.559 0.547525 1.559 100 2 0
 648 139.346 2731.002 -2 31 0.779 16.379 4.885971 16.379 100 2 0
 649 140.711 2715.792 -2 31 1.169 1.559 0.969799 1.559 100 2 0
 650 132.131 2728.857 -2 31 1.169 1.949 1.136203 1.949 100 2 0
 651 132.521 2715.792 -2 31 1.169 1.559 0.991270 1.559 100 2 0
 652 124.721 2723.787 -2 31 1.169 1.949 1.036599 1.949 100 2 0
 653 124.721 2715.792 -2 31 1.169 1.559 1.022881 1.559 100 2 0
 654 123.746 2812.703 -2 31 4.679 37.048 30.660782 37.048 100 2 0
 655 123.551 2755.181 -2 31 4.289 16.379 12.498234 16.379 100 2 0
 656 414.289 2694.343 -2 31 0.779 0.779 0.253484 0.779 100 2 0
 657 382.310 2694.538 -2 31 0.779 0.389 0.308952 0.779 100 2 0
 658 159.040 2694.343 -2 31 1.949 0.779 0.844548 1.949 100 2 0
 659 158.845 2686.348 -2 31 1.559 1.169 0.663829 1.559 100 2 0
 660 1118.805 2749.721 -2 31 542.475 103.736 1823.938688 542.475 100 2 0
 661 171.130 2712.867 -2 31 9.749 65.126 38.825340 65.126 100 2 0
 662 2741.256 2819.528 -3 31 0.389 33.538 10.989857 33.538 100 2 0
 663 2722.536 2841.952 -3 31 0.389 2.729 0.869598 2.729 100 2 0
 664 2695.432 2710.332 -3 31 1.559 0.779 0.758065 1.559 100 2 0
 665 2688.607 2756.936 -3 31 3.509 1.169 2.068426 3.509 100 2 0
 666 2688.412 2730.222 -3 31 3.119 0.779 1.846554 3.119 100 2 0
 667 2578.630 2817.383 -3 31 0.389 0.389 0.362034 0.389 100 2 0
 668 2537.681 2817.578 -3 31 1.169 1.559 1.151114 1.559 100 2 0
 669 2519.352 2817.383 -3 31 1.169 1.169 0.924470 1.169 100 2 0
 670 2499.072 2722.032 -3 31 0.389 11.699 3.561892 11.699 100 2 0
 671 2467.483 2774.875 -3 31 0.389 1.169 0.662040 1.169 100 2 0
 672 2467.288 2768.440 -3 31 0.779 1.559 0.937591 1.559 100 2 0
 673 2467.288 2759.665 -3 31 0.779 1.169 0.876159 1.169 100 2 0
 674 2467.288 2753.621 -3 31 0.779 1.559 0.992463 1.559 100 2 0
 675 2467.288 2744.846 -3 31 0.779 1.169 0.900016 1.169 100 2 0
 676 2462.218 2759.665 -3 31 0.779 1.169 0.849916 1.169 100 2 0
 677 2462.023 2753.621 -3 31 0.389 1.559 0.806376 1.559 100 2 0
 678 2462.023 2744.846 -3 31 1.169 1.169 0.933416 1.169 100 2 0
 679 2461.048 2734.511 -3 31 7.799 1.559 3.352545 7.799 100 2 0
 680 2452.468 2768.440 -3 31 3.119 1.559 1.704603 3.119 100 2 0
 681 2452.663 2759.860 -3 31 3.509 1.559 1.744564 3.509 100 2 0
 682 2452.468 2753.621 -3 31 3.119 1.559 1.740389 3.119 100 2 0
 683 2452.468 2744.846 -3 31 3.119 1.169 1.583527 3.119 100 2 0
 684 2449.543 2734.511 -3 31 2.729 1.559 1.387301 2.729 100 2 0
 685 2445.254 2734.511 -3 31 1.169 1.559 1.140378 1.559 100 2 0
 686 2443.499 2774.680 -3 31 0.779 1.559 0.903595 1.559 100 2 0
 687 2443.499 2768.440 -3 31 0.779 1.559 0.939977 1.559 100 2 0
 688 2443.499 2759.860 -3 31 0.779 1.559 0.942363 1.559 100 2 0
 689 2443.889 2753.621 -3 31 2.339 1.559 1.313343 2.339 100 2 0
 690 2443.109 2744.846 -3 31 0.779 1.169 0.862441 1.169 100 2 0
 691 2438.819 2734.511 -3 31 0.779 1.559 0.996042 1.559 100 2 0
 692 2437.064 2768.440 -3 31 2.729 1.559 1.367022 2.729 100 2 0
 693 2438.039 2759.860 -3 31 0.779 1.559 1.016320 1.559 100 2 0
 694 2437.064 2753.621 -3 31 2.729 1.559 1.375372 2.729 100 2 0
 695 2438.039 2744.846 -3 31 0.779 1.169 0.904787 1.169 100 2 0
 696 2436.284 2734.706 -3 31 0.389 1.169 0.647129 1.169 100 2 0
 697 2429.849 2774.680 -3 31 0.779 1.559 0.971588 1.559 100 2 0
 698 2428.679 2768.440 -3 31 3.119 1.559 1.695060 3.119 100 2 0
 699 2428.679 2759.860 -3 31 3.119 1.559 1.745757 3.119 100 2 0
 700 2428.289 2744.846 -3 31 7.799 1.949 2.898660 7.799 100 2 0
 701 2428.679 2753.621 -3 31 3.119 1.559 1.606192 3.119 100 2 0
 702 2423.414 2753.621 -3 31 3.509 1.559 1.794664 3.509 100 2 0
 703 2421.464 2744.846 -3 31 1.949 1.169 1.118907 1.949 100 2 0
 704 2422.634 2717.937 -3 31 2.729 1.169 1.223282 2.729 100 2 0
 705 2421.464 2709.357 -3 31 0.389 1.169 0.667407 1.169 100 2 0
 706 2421.464 2702.923 -3 31 0.389 1.559 0.767608 1.559 100 2 0
 707 2418.149 2774.680 -3 31 0.779 1.559 0.963238 1.559 100 2 0
 708 2416.199 2768.440 -3 31 4.679 1.559 1.933036 4.679 100 2 0
 709 2419.514 2759.860 -3 31 11.309 1.559 4.156535 11.309 100 2 0
 710 2416.199 2744.651 -3 31 4.679 1.559 1.751721 4.679 100 2 0
 711 2415.029 2717.742 -3 31 5.459 1.559 2.259285 5.459 100 2 0
 712 2417.369 2709.162 -3 31 0.779 1.559 0.959659 1.559 100 2 0
 713 2417.369 2702.923 -3 31 0.779 1.559 0.895841 1.559 100 2 0
 714 2414.054 2753.621 -3 31 8.969 1.559 3.378788 8.969 100 2 0
 715 2420.294 2734.511 -3 31 8.969 1.559 3.258905 8.969 100 2 0
 716 2410.739 2744.846 -3 31 2.339 1.169 1.234018 2.339 100 2 0
 717 2407.230 2774.680 -3 31 0.779 1.559 0.997234 1.559 100 2 0
 718 2406.255 2768.440 -3 31 2.729 1.559 1.491677 2.729 100 2 0
 719 2406.255 2744.651 -3 31 2.729 1.559 1.491677 2.729 100 2 0
 720 2407.230 2717.937 -3 31 0.779 1.169 0.827848 1.169 100 2 0
 721 2407.035 2709.162 -3 31 0.389 1.559 0.802201 1.559 100 2 0
 722 2406.840 2702.923 -3 31 0.779 1.559 0.938784 1.559 100 2 0
 723 2402.940 2717.742 -3 31 0.779 1.559 0.996638 1.559 100 2 0
 724 2402.940 2709.162 -3 31 0.779 1.559 0.978149 1.559 100 2 0
 725 2401.965 2702.923 -3 31 2.729 1.559 1.312151 2.729 100 2 0
 726 2397.870 2709.162 -3 31 2.339 1.559 1.347340 2.339 100 2 0
 727 2394.945 2717.742 -3 31 8.969 1.559 3.657918 8.969 100 2 0
 728 2393.580 2709.162 -3 31 2.339 1.559 1.420105 2.339 100 2 0
 729 2394.555 2702.923 -3 31 8.189 1.559 3.387734 8.189 100 2 0
 730 2385.390 2708.577 -3 31 2.339 0.389 0.758065 2.339 100 2 0
 731 2219.644 2735.486 -3 31 1.559 0.389 0.796237 1.559 100 2 0
 732 2087.633 2779.750 -3 31 1.169 3.899 2.484139 3.899 100 2 0
 733 2087.633 2771.170 -3 31 1.169 3.899 2.490104 3.899 100 2 0
 734 2087.633 2762.590 -3 31 1.169 3.899 2.411971 3.899 100 2 0
 735 2087.243 2754.011 -3 31 1.169 3.899 2.452529 3.899 100 2 0
 736 2087.243 2745.431 -3 31 1.169 3.899 2.453125 3.899 100 2 0
 737 2087.243 2736.851 -3 31 1.169 3.899 2.472211 3.899 100 2 0
 738 2087.243 2728.272 -3 31 1.169 3.899 2.379764 3.899 100 2 0
 739 2087.243 2719.692 -3 31 1.169 3.899 2.443582 3.899 100 2 0
 740 2087.243 2709.552 -3 31 1.169 3.899 2.420321 3.899 100 2 0
 741 2077.103 2785.794 -3 31 0.389 1.169 0.511142 1.169 100 2 0
 742 2076.713 2781.310 -3 31 1.949 1.559 0.756276 1.949 100 2 0
 743 2075.933 2777.605 -3 31 0.389 0.389 0.311338 0.389 100 2 0
 744 2076.713 2772.730 -3 31 1.949 1.559 0.639972 1.949 100 2 0
 745 1973.366 2779.750 -3 31 1.169 3.899 2.360678 3.899 100 2 0
 746 1973.366 2771.170 -3 31 1.169 3.899 2.400639 3.899 100 2 0
 747 1973.366 2762.590 -3 31 1.169 3.899 2.411375 3.899 100 2 0
 748 1973.366 2754.011 -3 31 1.169 3.899 2.351732 3.899 100 2 0
 749 1973.366 2745.431 -3 31 1.169 3.899 2.384535 3.899 100 2 0
 750 1973.366 2736.851 -3 31 1.169 3.899 2.327874 3.899 100 2 0
 751 1973.171 2728.272 -3 31 0.779 3.899 2.207395 3.899 100 2 0
 752 1972.976 2719.692 -3 31 1.169 3.899 2.311771 3.899 100 2 0
 753 1972.976 2709.552 -3 31 1.169 3.899 2.406007 3.899 100 2 0
 754 1859.489 2779.750 -3 31 1.169 3.899 2.280160 3.899 100 2 0
 755 1859.099 2771.170 -3 31 1.169 3.899 2.250338 3.899 100 2 0
 756 1859.099 2762.590 -3 31 1.169 3.899 2.422707 3.899 100 2 0
 757 1859.099 2754.011 -3 31 1.169 3.899 2.379167 3.899 100 2 0
 758 1859.099 2745.431 -3 31 1.169 3.899 2.324296 3.899 100 2 0
 759 1859.099 2736.851 -3 31 1.169 3.899 2.297456 3.899 100 2 0
 760 1859.099 2728.272 -3 31 1.169 3.899 2.280160 3.899 100 2 0
 761 1859.099 2719.692 -3 31 1.169 3.899 2.320717 3.899 100 2 0
 762 1859.099 2709.552 -3 31 1.169 3.899 2.312367 3.899 100 2 0
 763 1848.959 2785.794 -3 31 0.389 1.169 0.460446 1.169 100 2 0
 764 1848.569 2781.310 -3 31 1.949 1.559 0.660250 1.949 100 2 0
 765 1847.789 2777.605 -3 31 0.389 0.389 0.307759 0.389 100 2 0
 766 1745.222 2779.750 -3 31 1.169 3.899 2.440004 3.899 100 2 0
 767 1745.222 2771.170 -3 31 1.169 3.899 2.447757 3.899 100 2 0
 768 1745.222 2762.590 -3 31 1.169 3.899 2.401235 3.899 100 2 0
 769 1745.222 2754.011 -3 31 1.169 3.899 2.404218 3.899 100 2 0
 770 1745.222 2745.431 -3 31 1.169 3.899 2.340996 3.899 100 2 0
 771 1744.832 2736.851 -3 31 1.169 3.899 2.264056 3.899 100 2 0
 772 1744.832 2728.272 -3 31 1.169 3.899 2.411971 3.899 100 2 0
 773 1744.832 2719.692 -3 31 1.169 3.899 2.411375 3.899 100 2 0
 774 1744.832 2709.552 -3 31 1.169 3.899 2.385728 3.899 100 2 0
 775 1734.692 2785.599 -3 31 0.389 0.779 0.459849 0.779 100 2 0
 776 1630.955 2779.750 -3 31 1.169 3.899 2.393482 3.899 100 2 0
 777 1630.955 2771.170 -3 31 1.169 3.899 2.420321 3.899 100 2 0
 778 1630.955 2762.590 -3 31 1.169 3.899 2.389307 3.899 100 2 0
 779 1630.955 2754.011 -3 31 1.169 3.899 2.317139 3.899 100 2 0
 780 1630.955 2745.431 -3 31 1.169 3.899 2.339803 3.899 100 2 0
 781 1630.955 2736.851 -3 31 1.169 3.899 2.310578 3.899 100 2 0
 782 1630.955 2728.272 -3 31 1.169 3.899 2.350539 3.899 100 2 0
 783 1630.955 2719.692 -3 31 1.169 3.899 2.312367 3.899 100 2 0
 784 1630.760 2709.552 -3 31 0.779 3.899 2.171013 3.899 100 2 0
 785 1620.815 2785.599 -3 31 0.389 0.779 0.459253 0.779 100 2 0
 786 1619.645 2781.895 -3 31 0.389 0.389 0.326845 0.389 100 2 0
 787 1619.645 2777.605 -3 31 0.389 0.389 0.316109 0.389 100 2 0
 788 1517.078 2779.750 -3 31 1.169 3.899 2.429864 3.899 100 2 0
 789 1517.078 2771.170 -3 31 1.169 3.899 2.437618 3.899 100 2 0
 790 1517.078 2762.590 -3 31 1.169 3.899 2.394675 3.899 100 2 0
 791 1516.883 2754.011 -3 31 0.779 3.899 2.213359 3.899 100 2 0
 792 1516.688 2745.431 -3 31 1.169 3.899 2.283142 3.899 100 2 0
 793 1516.688 2736.851 -3 31 1.169 3.899 2.397060 3.899 100 2 0
 794 1516.688 2728.272 -3 31 1.169 3.899 2.304613 3.899 100 2 0
 795 1516.688 2719.692 -3 31 1.169 3.899 2.304613 3.899 100 2 0
 796 1516.688 2709.552 -3 31 1.169 3.899 2.363660 3.899 100 2 0
 797 1506.548 2785.599 -3 31 0.389 0.779 0.461042 0.779 100 2 0
 798 1506.158 2781.310 -3 31 1.949 1.559 0.647129 1.949 100 2 0
 799 1505.378 2777.605 -3 31 0.389 0.389 0.312530 0.389 100 2 0
 800 801.056 2784.624 -3 31 0.389 0.389 0.256466 0.389 100 2 0
 801 798.326 2700.973 -3 31 0.389 1.559 0.619693 1.559 100 2 0
 802 787.017 2715.402 -3 31 1.169 0.779 0.746136 1.169 100 2 0
 803 763.032 2769.220 -3 31 1.559 3.899 2.701837 3.899 100 2 0
 804 763.032 2758.690 -3 31 1.559 3.899 2.185327 3.899 100 2 0
 805 762.837 2737.826 -3 31 1.169 3.509 2.002222 3.509 100 2 0
 806 762.642 2727.297 -3 31 1.559 3.509 1.903811 3.509 100 2 0
 807 762.642 2716.962 -3 31 1.559 3.899 2.020115 3.899 100 2 0
 808 756.403 2754.596 -3 31 2.339 32.368 20.210100 32.368 100 2 0
 809 756.208 2726.127 -3 31 1.949 38.608 18.643274 38.608 100 2 0
 810 747.823 2758.495 -3 31 2.339 37.828 17.195732 37.828 100 2 0
 811 741.583 2768.245 -3 31 2.339 37.828 20.801164 37.828 100 2 0
 812 733.003 2746.991 -3 31 2.339 80.336 39.351992 80.336 100 2 0
 813 726.373 2729.832 -3 31 2.339 3.119 2.939814 3.119 100 2 0
 814 726.373 2719.302 -3 31 2.339 3.119 2.695873 3.119 100 2 0
 815 718.964 2886.606 -3 31 0.779 0.779 0.505774 0.779 100 2 0
 816 691.079 2883.291 -3 31 21.449 4.289 13.832452 21.449 100 2 0
 817 661.440 2881.536 -3 31 22.229 10.919 21.397000 22.229 100 2 0
 818 646.815 2884.656 -3 31 3.119 3.899 4.795910 3.899 100 2 0
 819 635.701 2764.930 -3 31 1.949 1.559 1.058667 1.949 100 2 0
 820 635.311 2756.351 -3 31 2.729 2.339 2.005801 2.729 100 2 0
 821 629.656 2729.052 -3 31 11.699 2.339 8.896977 11.699 100 2 0
 822 620.881 2737.241 -3 31 13.649 2.339 11.273759 13.649 100 2 0
 823 619.711 2713.647 -3 31 12.869 2.729 10.315292 12.869 100 2 0
 824 621.466 2756.546 -3 31 20.279 1.949 13.205602 20.279 100 2 0
 825 619.321 2765.125 -3 31 23.789 1.949 11.963234 23.789 100 2 0
 826 605.866 2737.241 -3 31 6.239 2.339 5.706065 6.239 100 2 0
 827 607.621 2728.857 -3 31 26.909 2.729 19.963774 26.909 100 2 0
 828 600.407 2713.842 -3 31 14.039 2.339 10.525236 14.039 100 2 0
 829 599.042 2705.263 -3 31 11.309 2.339 8.149051 11.309 100 2 0
 830 592.802 2737.241 -3 31 15.209 2.339 9.040717 15.209 100 2 0
 831 593.192 2764.930 -3 31 22.229 2.339 12.101606 22.229 100 2 0
 832 594.557 2756.546 -3 31 25.739 2.729 15.033070 25.739 100 2 0
 833 580.127 2737.241 -3 31 6.239 2.339 3.892912 6.239 100 2 0
 834 568.817 2756.351 -3 31 10.139 2.339 7.260367 10.139 100 2 0
 835 575.252 2713.647 -3 31 32.369 2.729 21.637958 32.369 100 2 0
 836 576.227 2705.263 -3 31 24.179 2.339 14.672228 24.179 100 2 0
 837 559.848 2705.263 -3 31 4.679 2.339 2.633844 4.679 100 2 0
 838 531.183 2705.263 -3 31 22.229 2.339 6.061539 22.229 100 2 0
 839 525.724 2756.351 -3 31 27.689 2.339 16.751391 27.689 100 2 0
 840 502.519 2756.546 -3 31 8.579 1.949 5.348803 8.579 100 2 0
 841 527.284 2737.436 -3 31 72.148 2.729 50.106852 72.148 100 2 0
 842 489.260 2756.351 -3 31 14.039 2.339 8.549853 14.039 100 2 0
 843 486.140 2737.241 -3 31 3.119 2.339 2.247952 3.119 100 2 0
 844 480.290 2737.241 -3 31 3.119 2.339 2.622512 3.119 100 2 0
 845 476.390 2756.351 -3 31 7.019 2.339 4.860325 7.019 100 2 0
 846 472.880 2705.263 -3 31 3.899 2.339 3.125900 3.899 100 2 0
 847 513.049 2713.842 -3 31 87.357 2.339 59.337236 87.357 100 2 0
 848 464.300 2713.647 -3 31 3.119 2.729 2.787723 3.119 100 2 0
 849 464.885 2756.351 -3 31 11.309 2.339 7.102313 11.309 100 2 0
 850 476.975 2728.857 -3 31 39.388 2.729 25.048356 39.388 100 2 0
 851 458.645 2713.842 -3 31 3.509 2.339 2.601040 3.509 100 2 0
 852 447.141 2756.351 -3 31 14.819 2.339 9.761207 14.819 100 2 0
 853 437.196 2756.351 -3 31 1.169 2.339 1.546548 2.339 100 2 0
 854 446.166 2728.857 -3 31 18.329 2.729 12.122481 18.329 100 2 0
 855 452.210 2705.263 -3 31 32.759 2.339 20.958026 32.759 100 2 0
 856 479.315 2878.026 -3 31 327.981 17.939 785.587520 327.981 100 2 0
 857 171.028 2834.153 -3 31 12.479 104.125 43.820460 104.125 100 2 0
 858 159.913 2837.857 -3 31 1.949 0.779 0.909559 1.949 100 2 0
 859 159.718 2830.058 -3 31 1.559 0.779 0.591064 1.559 100 2 0
 860 149.773 2876.271 -3 31 16.769 19.889 16.556954 19.889 100 2 0
 861 2701.087 2665.289 -3 31 0.389 0.389 0.303584 0.389 100 2 0
 862 2697.577 2659.439 -3 31 6.629 6.629 3.304234 6.629 100 2 0
 863 2688.022 2689.663 -3 31 0.779 1.559 1.044353 1.559 100 2 0
 864 2662.283 2692.588 -3 31 0.779 0.389 0.526650 0.779 100 2 0
 865 2647.658 2694.538 -3 31 1.949 0.389 0.892262 1.949 100 2 0
 866 2624.649 2694.538 -3 31 12.869 0.389 4.790542 12.869 100 2 0
 867 2580.970 2694.538 -3 31 26.909 0.389 9.757628 26.909 100 2 0
 868 2550.161 2671.529 -3 31 0.389 0.389 0.364420 0.389 100 2 0
 869 2545.091 2694.538 -3 31 5.849 0.389 2.228867 5.849 100 2 0
 870 2525.981 2686.348 -3 31 0.389 0.389 0.376945 0.389 100 2 0
 871 2525.981 2677.379 -3 31 0.389 0.389 0.363824 0.389 100 2 0
 872 2518.962 2689.468 -3 31 0.389 0.389 0.387084 0.389 100 2 0
 873 2518.572 2686.348 -3 31 0.389 0.389 0.348316 0.389 100 2 0
 874 2518.572 2677.379 -3 31 0.389 0.389 0.354877 0.389 100 2 0
 875 2516.817 2671.334 -3 31 0.779 0.779 0.602993 0.779 100 2 0
 876 2505.702 2661.584 -3 31 3.509 8.579 10.041530 8.579 100 2 0
 877 2498.682 2659.439 -3 31 3.509 12.869 12.560263 12.869 100 2 0
 878 2492.832 2659.439 -3 31 1.169 12.869 7.294364 12.869 100 2 0
 879 2492.832 2649.300 -3 31 1.169 1.169 0.821287 1.169 100 2 0
 880 2488.347 2685.568 -3 31 0.779 0.389 0.399013 0.779 100 2 0
 881 2487.762 2658.659 -3 31 1.169 14.429 8.414463 14.429 100 2 0
 882 2487.567 2649.105 -3 31 0.779 0.779 0.565418 0.779 100 2 0
 883 2476.843 2690.248 -3 31 1.169 4.289 1.527462 4.289 100 2 0
 884 2476.843 2682.448 -3 31 1.169 4.289 1.839993 4.289 100 2 0
 885 2476.843 2674.454 -3 31 1.169 4.679 1.890690 4.679 100 2 0
 886 2476.648 2666.459 -3 31 1.559 4.289 1.989697 4.289 100 2 0
 887 2476.453 2658.464 -3 31 1.169 4.679 2.020712 4.679 100 2 0
 888 2476.453 2650.275 -3 31 1.169 4.679 2.181152 4.679 100 2 0
 889 2471.968 2693.563 -3 31 0.779 0.779 0.370981 0.779 100 2 0
 890 2471.188 2679.329 -3 31 1.559 0.389 0.638182 1.559 100 2 0
 891 2470.018 2688.298 -3 31 3.119 1.169 0.923873 3.119 100 2 0
 892 2467.678 2653.979 -3 31 0.779 0.389 0.502196 0.779 100 2 0
 893 2459.488 2688.493 -3 31 0.779 0.779 0.375156 0.779 100 2 0
 894 2459.878 2666.654 -3 31 1.559 0.779 0.973377 1.559 100 2 0
 895 2461.828 2694.148 -3 31 16.379 1.949 7.977279 16.379 100 2 0
 896 2451.883 2656.319 -3 31 0.389 0.389 0.387681 0.389 100 2 0
 897 2451.103 2679.523 -3 31 5.069 0.779 1.885322 5.069 100 2 0
 898 2448.178 2656.319 -3 31 1.559 0.389 0.378734 1.559 100 2 0
 899 2446.034 2679.329 -3 31 1.169 0.389 0.568996 1.169 100 2 0
 900 2449.543 2672.894 -3 31 8.189 0.779 3.197472 8.189 100 2 0
 901 2449.543 2664.509 -3 31 12.089 0.389 3.524317 12.089 100 2 0
 902 2440.574 2656.124 -3 31 0.389 0.779 0.468199 0.779 100 2 0
 903 2437.649 2672.894 -3 31 1.559 0.779 0.830233 1.559 100 2 0
 904 2436.284 2656.319 -3 31 0.389 0.389 0.401995 0.389 100 2 0
 905 2430.824 2679.329 -3 31 4.289 0.389 1.578159 4.289 100 2 0
 906 2429.264 2656.319 -3 31 1.949 0.389 0.860055 1.949 100 2 0
 907 2429.264 2672.894 -3 31 8.189 0.779 3.239222 8.189 100 2 0
 908 2431.799 2664.704 -3 31 13.259 0.779 4.269261 13.259 100 2 0
 909 2417.369 2694.148 -3 31 0.779 1.169 0.794447 1.169 100 2 0
 910 2421.074 2656.319 -3 31 9.749 1.169 3.147968 9.749 100 2 0
 911 2412.494 2647.545 -3 31 1.169 0.779 0.696036 1.169 100 2 0
 912 2410.349 2654.174 -3 31 3.899 0.779 1.925283 3.899 100 2 0
 913 2406.840 2694.343 -3 31 0.779 1.559 0.887491 1.559 100 2 0
 914 2406.840 2688.103 -3 31 0.779 0.779 0.647129 0.779 100 2 0
 915 2402.940 2694.343 -3 31 0.779 1.559 0.910752 1.559 100 2 0
 916 2402.745 2687.908 -3 31 0.389 1.169 0.667407 1.169 100 2 0
 917 2396.700 2688.103 -3 31 0.779 1.559 0.933416 1.559 100 2 0
 918 2394.555 2694.343 -3 31 5.069 1.559 2.454318 5.069 100 2 0
 919 2392.410 2688.103 -3 31 0.779 1.559 0.930434 1.559 100 2 0
 920 2394.555 2645.595 -3 31 0.389 0.779 0.436588 0.779 100 2 0
 921 2388.315 2672.894 -3 31 1.169 0.779 0.693054 1.169 100 2 0
 922 2393.775 2656.319 -3 31 16.769 1.169 6.737893 16.769 100 2 0
 923 2386.365 2664.704 -3 31 5.069 0.779 1.464837 5.069 100 2 0
 924 2379.150 2658.269 -3 31 3.899 56.547 20.061588 56.547 100 2 0
 925 2282.043 2692.393 -3 31 1.559 0.779 0.836794 1.559 100 2 0
 926 2238.754 2682.448 -3 31 0.779 0.389 0.475953 0.779 100 2 0
 927 2232.709 2685.763 -3 31 1.169 0.779 0.678740 1.169 100 2 0
 928 2218.084 2688.883 -3 31 1.559 0.779 0.801605 1.559 100 2 0
 929 2133.847 2638.380 -3 31 3.899 54.207 20.604342 54.207 100 2 0
 930 2132.287 2608.741 -3 31 0.779 1.169 0.584503 1.169 100 2 0
 931 2128.192 2632.530 -3 31 1.949 19.889 12.548930 19.889 100 2 0
 932 2099.138 2635.650 -3 31 1.559 15.209 12.336601 15.209 100 2 0
 933 2087.243 2692.198 -3 31 1.169 4.289 2.517540 4.289 100 2 0
 934 2087.243 2683.618 -3 31 1.169 4.289 2.395868 4.289 100 2 0
 935 2086.853 2675.234 -3 31 1.169 3.899 2.308192 3.899 100 2 0
 936 2087.048 2666.654 -3 31 0.779 1.559 0.757469 1.559 100 2 0
 937 2091.533 2640.720 -3 31 9.749 7.409 26.123128 9.749 100 2 0
 938 2027.574 2632.530 -3 31 1.949 19.889 18.882442 19.889 100 2 0
 939 2027.574 2620.246 -3 31 1.949 0.779 0.877352 1.949 100 2 0
 940 2020.360 2660.024 -3 31 0.779 0.779 0.554085 0.779 100 2 0
 941 2021.725 2631.945 -3 31 4.289 51.478 20.107514 51.478 100 2 0
 942 2013.925 2632.530 -3 31 1.949 19.889 17.708664 19.889 100 2 0
 943 2013.925 2620.051 -3 31 1.949 1.169 0.688283 1.949 100 2 0
 944 1985.261 2635.845 -3 31 1.559 14.819 11.177137 14.819 100 2 0
 945 1972.976 2692.393 -3 31 1.169 3.899 2.338014 3.899 100 2 0
 946 1972.976 2683.813 -3 31 1.169 3.899 2.388114 3.899 100 2 0
 947 1972.976 2675.039 -3 31 1.169 4.289 2.466247 4.289 100 2 0
 948 1972.976 2666.654 -3 31 1.169 3.899 2.113755 3.899 100 2 0
 949 1972.781 2657.489 -3 31 0.779 1.949 1.032424 1.949 100 2 0
 950 1977.461 2640.720 -3 31 10.139 7.409 21.240736 10.139 100 2 0
 951 1913.307 2632.530 -3 31 1.949 19.889 19.926794 19.889 100 2 0
 952 1913.307 2615.956 -3 31 1.949 9.359 4.870464 9.359 100 2 0
 953 1913.112 2608.936 -3 31 1.559 0.779 0.655479 1.559 100 2 0
 954 1908.238 2600.552 -3 31 0.389 0.389 0.332213 0.389 100 2 0
 955 1907.068 2629.020 -3 31 4.289 51.868 20.356822 51.868 100 2 0
 956 1900.048 2632.530 -3 31 1.949 19.889 18.351618 19.889 100 2 0
 957 1899.853 2615.956 -3 31 1.559 9.359 4.155342 9.359 100 2 0
 958 1870.994 2635.845 -3 31 1.559 14.819 10.807945 14.819 100 2 0
 959 1873.138 2590.412 -3 31 0.389 0.389 0.254676 0.389 100 2 0
 960 1858.904 2692.393 -3 31 0.779 3.899 2.221113 3.899 100 2 0
 961 1858.709 2683.813 -3 31 1.169 3.899 2.339207 3.899 100 2 0
 962 1858.709 2675.234 -3 31 1.169 3.899 2.377378 3.899 100 2 0
 963 1858.709 2666.459 -3 31 1.169 4.289 2.460879 4.289 100 2 0
 964 1858.709 2658.269 -3 31 1.169 1.949 1.115328 1.949 100 2 0
 965 1863.389 2640.525 -3 31 9.749 7.019 20.406326 9.749 100 2 0
 966 1857.149 2590.412 -3 31 0.389 0.389 0.237976 0.389 100 2 0
 967 1849.739 2604.256 -3 31 0.389 1.559 0.515317 1.559 100 2 0
 968 1846.424 2604.451 -3 31 0.779 1.949 0.702001 1.949 100 2 0
 969 1825.170 2590.412 -3 31 0.389 0.389 0.250501 0.389 100 2 0
 970 1817.175 2590.607 -3 31 0.779 0.779 0.339966 0.779 100 2 0
 971 1814.250 2590.412 -3 31 0.389 0.389 0.255869 0.389 100 2 0
 972 1809.765 2590.412 -3 31 1.559 0.389 0.534403 1.559 100 2 0
 973 1806.060 2590.412 -3 31 0.389 0.389 0.252887 0.389 100 2 0
 974 1801.575 2590.607 -3 31 1.559 0.779 0.644743 1.559 100 2 0
 975 1799.430 2632.335 -3 31 1.949 19.499 16.808648 19.499 100 2 0
 976 1799.430 2613.031 -3 31 1.949 15.209 11.512331 15.209 100 2 0
 977 1798.260 2590.412 -3 31 0.389 0.389 0.273166 0.389 100 2 0
 978 1793.776 2590.412 -3 31 1.559 0.389 0.529632 1.559 100 2 0
 979 1792.606 2646.375 -3 31 4.679 0.779 1.683728 4.679 100 2 0
 980 1792.606 2638.380 -3 31 4.679 1.169 1.959876 4.679 100 2 0
 981 1792.606 2630.385 -3 31 4.679 0.779 1.928265 4.679 100 2 0
 982 1792.411 2622.391 -3 31 5.069 1.169 2.151927 5.069 100 2 0
 983 1792.411 2614.591 -3 31 5.069 1.169 2.395868 5.069 100 2 0
 984 1792.216 2606.401 -3 31 4.679 1.169 2.153716 4.679 100 2 0
 985 1792.216 2598.407 -3 31 4.679 0.779 1.455891 4.679 100 2 0
 986 1790.071 2590.412 -3 31 0.389 0.389 0.258852 0.389 100 2 0
 987 1785.781 2632.335 -3 31 1.949 19.499 19.029762 19.499 100 2 0
 988 1785.781 2613.421 -3 31 1.949 14.429 9.826814 14.429 100 2 0
 989 1785.586 2598.992 -3 31 1.559 0.389 0.501003 1.559 100 2 0
 990 1785.586 2590.607 -3 31 1.559 0.779 0.595239 1.559 100 2 0
 991 1782.271 2590.607 -3 31 0.389 0.779 0.322670 0.779 100 2 0
 992 1775.641 2590.412 -3 31 3.509 0.389 0.840969 3.509 100 2 0
 993 1768.231 2590.607 -3 31 4.289 0.779 1.254893 4.289 100 2 0
 994 1757.116 2635.845 -3 31 1.559 14.819 10.067177 14.819 100 2 0
 995 1760.236 2590.412 -3 31 4.679 1.169 1.275172 4.679 100 2 0
 996 1752.242 2590.607 -3 31 4.289 0.779 1.132028 4.289 100 2 0
 997 1748.732 2598.992 -3 31 0.389 0.389 0.278534 0.389 100 2 0
 998 1744.832 2692.198 -3 31 1.169 4.289 2.481157 4.289 100 2 0
 999 1744.832 2683.618 -3 31 1.169 4.289 2.453721 4.289 100 2 0
 1000 1744.832 2675.039 -3 31 1.169 4.289 2.466247 4.289 100 2 0
 1001 1744.832 2666.459 -3 31 1.169 4.289 2.447161 4.289 100 2 0
 1002 1744.442 2657.879 -3 31 1.169 4.289 2.278370 4.289 100 2 0
 1003 1744.637 2649.690 -3 31 0.779 1.949 0.902402 1.949 100 2 0
 1004 1749.317 2640.720 -3 31 10.139 6.629 17.799918 10.139 100 2 0
 1005 1744.247 2590.412 -3 31 4.679 0.389 1.146342 4.679 100 2 0
 1006 1735.667 2604.451 -3 31 0.779 1.949 0.880930 1.949 100 2 0
 1007 1736.252 2590.607 -3 31 4.289 0.779 1.259068 4.289 100 2 0
 1008 1732.352 2604.451 -3 31 1.169 1.949 1.058070 1.949 100 2 0
 1009 1732.352 2587.682 -3 31 0.389 0.389 0.357859 0.389 100 2 0
 1010 1728.257 2590.607 -3 31 4.679 0.779 1.158271 4.679 100 2 0
 1011 1630.565 2692.393 -3 31 1.169 3.899 2.438214 3.899 100 2 0
 1012 1630.565 2683.813 -3 31 1.169 3.899 2.413164 3.899 100 2 0
 1013 1630.565 2675.234 -3 31 1.169 3.899 2.419128 3.899 100 2 0
 1014 1630.565 2666.459 -3 31 1.169 4.289 2.474597 4.289 100 2 0
 1015 1630.565 2657.879 -3 31 1.169 4.289 2.474000 4.289 100 2 0
 1016 1630.565 2649.300 -3 31 1.169 3.509 1.659870 3.509 100 2 0
 1017 1516.688 2692.393 -3 31 1.169 3.899 2.361871 3.899 100 2 0
 1018 1516.688 2683.813 -3 31 1.169 3.899 2.371414 3.899 100 2 0
 1019 1516.688 2675.039 -3 31 1.169 4.289 2.355907 4.289 100 2 0
 1020 1516.298 2666.459 -3 31 1.169 4.289 2.301035 4.289 100 2 0
 1021 1516.298 2657.879 -3 31 1.169 4.289 2.418532 4.289 100 2 0
 1022 1516.298 2649.300 -3 31 1.169 4.289 2.435828 4.289 100 2 0
 1023 1036.025 2544.784 -3 31 0.779 1.169 0.638779 1.169 100 2 0
 1024 1029.005 2543.809 -3 31 2.339 3.119 0.829041 3.119 100 2 0
 1025 1059.620 2595.677 -3 31 1317.775 96.716 2479.232000 1317.775 100 2 0
 1026 397.612 2624.926 -3 31 0.779 7.799 2.726291 7.799 100 2 0
 1027 397.612 2613.811 -3 31 0.779 7.409 2.553922 7.409 100 2 0
 1028 397.417 2604.646 -3 31 0.389 3.899 1.281732 3.899 100 2 0
 1029 397.417 2599.772 -3 31 0.389 1.169 0.518299 1.169 100 2 0
 1030 388.837 2621.611 -3 31 0.389 0.389 0.313127 0.389 100 2 0
 1031 388.837 2617.321 -3 31 0.389 0.389 0.307759 0.389 100 2 0
 1032 386.497 2632.725 -3 31 0.389 0.779 0.448517 0.779 100 2 0
 1033 364.658 2682.643 -3 31 0.389 1.559 0.554085 1.559 100 2 0
 1034 344.768 2639.160 -3 31 0.389 1.169 0.535596 1.169 100 2 0
 1035 335.214 2678.354 -3 31 1.559 0.779 0.803990 1.559 100 2 0
 1036 327.999 2687.518 -3 31 0.389 0.389 0.282709 0.389 100 2 0
 1037 317.079 2683.228 -3 31 0.389 1.169 0.535000 1.169 100 2 0
 1038 317.079 2676.599 -3 31 0.389 0.389 0.294041 0.389 100 2 0
 1039 297.385 2693.173 -3 31 0.779 3.119 0.861844 3.119 100 2 0
 1040 294.850 2691.028 -3 31 0.389 7.409 2.335628 7.409 100 2 0
 1041 283.930 2693.758 -3 31 0.389 1.949 0.720490 1.949 100 2 0
 1042 305.769 2630.190 -3 31 70.588 85.406 71.276016 85.406 100 2 0
 1043 264.625 2638.380 -3 31 2.339 0.389 0.546332 2.339 100 2 0
 1044 2698.552 2690.638 -3 31 6.239 32.368 38.978028 32.368 100 2 0
 1045 2087.243 2700.973 -3 31 1.169 3.899 2.477579 3.899 100 2 0
 1046 1972.976 2700.973 -3 31 1.169 3.899 2.407200 3.899 100 2 0
 1047 1859.099 2700.973 -3 31 1.169 3.899 2.244970 3.899 100 2 0
 1048 1744.832 2700.973 -3 31 1.169 3.899 2.403621 3.899 100 2 0
 1049 1630.565 2700.973 -3 31 1.169 3.899 2.273003 3.899 100 2 0
 1050 1516.688 2700.973 -3 31 1.169 3.899 2.394675 3.899 100 2 0
 1051 741.388 2721.447 -3 31 1.949 48.748 29.496546 48.748 100 2 0
 1052 726.178 2703.703 -3 31 1.949 13.259 7.973104 13.259 100 2 0
 1053 2502.777 2696.878 -3 31 0.779 0.389 0.535000 0.779 100 2 0
 1054 2489.712 2696.878 -3 31 2.729 0.389 1.074771 2.729 100 2 0
 1055 2476.063 2697.073 -3 31 0.389 1.559 0.353088 1.559 100 2 0
 1056 1353.282 2697.463 -3 31 1.169 0.779 0.621482 1.169 100 2 0
 1057 1338.462 2697.463 -3 31 1.169 0.779 0.570785 1.169 100 2 0
 1058 1217.371 2697.463 -3 31 1.559 0.779 0.715718 1.559 100 2 0
 1059 1202.746 2697.463 -3 31 1.169 0.779 0.600011 1.169 100 2 0
 1060 1081.264 2697.463 -3 31 1.559 0.779 0.739576 1.559 100 2 0
 1061 1066.639 2697.463 -3 31 1.169 0.779 0.570189 1.169 100 2 0
 1062 1743.802 2779.750 6 31 0.779 3.899 2.217534 3.899 100 2 0
 1063 1743.802 2771.170 6 31 0.779 3.899 2.258688 3.899 100 2 0
 1064 1743.607 2762.590 6 31 1.169 3.899 2.268231 3.899 100 2 0
 1065 1743.607 2754.011 6 31 1.169 3.899 2.310578 3.899 100 2 0
 1066 1743.607 2745.431 6 31 1.169 3.899 2.303421 3.899 100 2 0
 1067 1743.607 2736.851 6 31 1.169 3.899 2.317735 3.899 100 2 0
 1068 1743.607 2728.272 6 31 1.169 3.899 2.315349 3.899 100 2 0
 1069 1743.607 2719.692 6 31 1.169 3.899 2.287317 3.899 100 2 0
 1070 1743.607 2709.552 6 31 1.169 3.899 2.231252 3.899 100 2 0
 1071 1733.467 2785.794 6 31 0.389 1.169 0.622079 1.169 100 2 0
 1072 1729.762 2786.769 6 31 0.779 0.779 0.638779 0.779 100 2 0
 1073 1743.412 2700.973 6 31 0.779 3.899 2.188906 3.899 100 2 0
 1074 830.400 1053.219 -8 28 6.239 2.339 5.122755 6.239 0 2 0
 1075 831.375 1045.223 -8 28 5.849 6.629 6.209454 6.629 0 2 0
 1076 830.400 1068.038 -8 28 13.259 11.699 13.810981 13.259 77 2 0
 1077 836.639 1044.249 -8 28 0.779 1.559 0.542753 1.559 0 2 0
 1078 876.945 2819.252 6 27 0.779 1.169 0.169983 1.169 0 2 0
 1079 773.208 2707.326 6 27 1.559 1.949 0.384699 1.949 77 2 0
 1080 768.723 2702.062 6 27 1.949 2.339 0.391259 2.339 0 2 0
 1081 2357.552 242.311 -9 27 0.779 0.389 0.138372 0.779 0 2 0
 1082 1539.345 2858.356 -12 26 0.389 0.389 0.084693 0.389 0 2 0
 1083 121.444 1084.337 -3 24 0.389 0.779 0.114515 0.779 0 2 0
 1084 1989.363 2573.846 19 19 1.169 1.559 0.348316 1.559 77 2 0
 1085 1006.775 1958.446 -5 19 1.169 1.559 0.291059 1.559 77 2 0
 1086 2417.469 2394.607 -23 17 1.169 1.169 0.224855 1.169 0 2 0
 1087 2417.664 2391.488 -23 17 1.559 1.169 0.367402 1.559 77 2 0
 1088 2403.688 306.493 -23 16 1.169 1.559 0.342352 1.559 0 2 0
 1089 2403.298 289.723 -23 16 1.169 1.559 0.419292 1.559 78 2 0
 1090 256.774 2259.397 -19 13 0.389 0.779 0.101393 0.779 0 2 0
 1091 1937.315 1672.786 -16 13 3.509 3.509 1.863850 3.509 77 2 0
 1092 362.126 1981.684 -3 11 1.169 2.339 1.151710 2.339 100 2 0
 1093 347.111 2009.958 -3 11 2.339 3.509 1.260261 3.509 100 2 0
 1094 346.136 2003.523 -3 11 0.389 0.779 0.307759 0.779 100 2 0
 1095 346.136 1994.163 -3 11 1.169 4.679 1.517920 4.679 100 2 0
 1096 345.356 1985.389 -3 11 2.729 5.849 3.267255 5.849 100 2 0
 1097 345.551 1976.419 -3 11 2.339 7.409 4.272839 7.409 100 2 0
 1098 340.871 2013.857 -3 11 0.779 0.389 0.338177 0.779 100 2 0
 1099 340.676 1990.068 -3 11 1.169 0.389 0.448517 1.169 100 2 0
 1100 336.971 2002.743 -3 11 0.779 0.779 0.490267 0.779 100 2 0
 1101 334.632 1976.809 -3 11 2.339 1.169 0.866019 2.339 100 2 0
 1102 330.342 1991.823 -3 11 2.339 0.779 0.620886 2.339 100 2 0
 1103 330.732 1976.809 -3 11 0.779 1.169 0.724665 1.169 100 2 0
 1104 322.152 1968.424 -3 11 0.779 0.779 0.338773 0.779 100 2 0
 1105 411.070 1908.951 -3 11 3.899 3.509 0.839776 3.899 100 2 0
 1106 409.705 1904.662 -3 11 0.389 0.389 0.179526 0.389 100 2 0
 1107 359.786 1945.025 -3 11 1.169 1.559 0.625061 1.559 100 2 0
 1108 344.186 1953.410 -3 11 10.529 31.588 11.594043 31.588 100 2 0
 1109 2723.905 792.741 28 11 0.389 3.899 0.216505 3.899 78 2 0
 1110 684.394 497.059 31 10 1.169 0.779 0.162826 1.169 0 2 0
 1111 2160.860 485.214 -15 9 0.779 0.779 0.624464 0.779 0 2 0
 1112 2161.835 475.074 -15 9 1.169 0.779 0.200401 1.169 0 2 0
 1113 2155.595 496.718 -15 9 1.949 4.289 3.732472 4.289 3 2 0
 1114 2156.180 482.679 -15 9 0.779 1.949 0.245730 1.949 0 2 0
 1115 2156.180 476.439 -15 9 0.779 0.389 0.122865 0.779 0 2 0
 1116 2144.285 482.484 -15 9 9.749 11.699 12.569805 11.699 0 2 0
 1117 858.972 2011.442 19 8 0.389 0.389 0.081115 0.389 0 2 0
 1118 937.543 1157.811 27 7 0.779 0.779 0.104376 0.779 0 2 0
 1119 953.013 1221.183 -23 7 1.169 1.169 0.274955 1.169 0 2 0
 1120 939.754 1221.183 -23 7 5.849 1.169 0.605975 5.849 77 2 0
 1121 813.767 1916.510 -6 6 5.849 9.749 3.245783 9.749 22 2 0
 1122 767.071 837.718 15 5 1.559 1.559 0.362034 1.559 77 2 0
 1123 1269.767 2726.918 15 4 2.339 3.899 0.262430 3.899 100 2 0
 1124 1268.987 2721.068 15 4 0.779 0.779 0.078729 0.779 100 2 0
 1125 1269.962 2712.878 15 4 2.729 5.459 0.794447 5.459 100 2 0
 1126 1259.823 2736.862 15 4 0.389 1.169 0.154476 1.169 100 2 0
 1127 1260.018 2703.519 15 4 1.559 3.119 0.905980 3.119 100 2 0
 1128 1257.288 2727.308 15 4 1.559 3.899 0.792658 3.899 100 2 0
 1129 1254.558 2703.519 15 4 1.559 1.559 0.431220 1.559 100 2 0
 1130 1251.048 2717.558 15 4 6.239 4.679 5.364906 6.239 100 2 0
 1131 1249.488 2709.563 15 4 0.779 1.169 0.158651 1.169 100 2 0
 1132 1243.248 2731.403 15 4 1.559 1.949 0.552893 1.949 100 2 0
 1133 1241.688 2709.173 15 4 2.339 4.289 0.583311 4.289 100 2 0
 1134 1192.239 1240.142 14 3 0.389 0.779 0.102586 0.779 0 2 0
 1135 691.725 1244.821 31 3 1.169 0.779 0.280919 1.169 100 2 0
 1136 691.530 1241.701 31 3 0.779 0.779 0.266009 0.779 100 2 0
 1137 878.335 1210.308 31 3 0.779 0.389 0.210541 0.779 100 2 0
 1138 917.919 1223.567 31 3 1.169 0.389 0.300005 1.169 100 2 0
 1139 980.318 1226.882 31 3 2.729 0.779 0.683511 2.729 100 2 0
 1140 1081.910 1256.716 31 3 9.359 1.169 2.774602 9.359 100 2 0
 1141 1109.599 1256.911 31 3 2.339 0.779 0.708561 2.339 100 2 0
 1142 1115.254 1256.911 31 3 4.289 0.779 1.297240 4.289 100 2 0
 1143 1123.834 1253.596 31 3 5.069 1.169 1.560266 5.069 100 2 0
 1144 1140.603 1266.856 31 3 2.729 1.169 0.842162 2.729 100 2 0
 1145 1155.228 1270.170 31 3 15.599 0.779 4.692131 15.599 100 2 0
 1146 1193.057 1263.346 31 3 6.239 1.169 1.939597 6.239 100 2 0
 1147 1290.164 1286.745 31 3 8.579 1.169 2.613565 8.579 100 2 0
 1148 1338.328 1286.745 31 3 11.309 1.169 3.709807 11.309 100 2 0
 1149 1332.478 1283.430 31 3 23.009 1.559 7.929564 23.009 100 2 0
 1150 173.624 1071.473 31 3 0.779 8.189 3.351352 8.189 100 2 0
 1151 177.913 1074.593 31 3 0.779 14.429 5.926149 14.429 100 2 0
 1152 182.398 1077.128 31 3 1.169 19.499 8.119230 19.499 100 2 0
 1153 186.688 1079.273 31 3 1.169 23.789 9.539931 23.789 100 2 0
 1154 186.298 1059.774 31 3 0.389 0.389 0.382313 0.389 100 2 0
 1155 190.978 1079.468 31 3 1.169 24.179 10.410721 24.179 100 2 0
 1156 195.268 1080.833 31 3 1.169 26.908 11.704383 26.908 100 2 0
 1157 199.558 1081.028 31 3 1.169 27.298 11.967409 27.298 100 2 0
 1158 203.848 1081.808 31 3 1.169 28.858 12.900229 28.858 100 2 0
 1159 208.138 1081.808 31 3 1.169 28.858 12.800028 28.858 100 2 0
 1160 212.428 1081.613 31 3 1.169 28.468 12.410558 28.468 100 2 0
 1161 216.717 1081.028 31 3 1.169 27.298 11.895241 27.298 100 2 0
 1162 221.007 1080.248 31 3 1.169 25.739 11.345927 25.739 100 2 0
 1163 225.102 1090.387 31 3 0.779 2.339 1.015127 2.339 100 2 0
 1164 225.297 1075.568 31 3 1.169 16.379 6.656182 16.379 100 2 0
 1165 229.587 1092.532 31 3 0.389 0.389 0.394242 0.389 100 2 0
 1166 229.587 1074.008 31 3 1.169 13.259 5.855173 13.259 100 2 0
 1167 233.877 1087.072 31 3 1.169 1.949 0.905384 1.949 100 2 0
 1168 233.877 1073.813 31 3 1.169 12.869 5.398307 12.869 100 2 0
 1169 238.167 1073.228 31 3 1.169 11.699 5.209834 11.699 100 2 0
 1170 242.457 1072.448 31 3 1.169 10.139 4.496501 10.139 100 2 0
 1171 246.747 1071.668 31 3 1.169 8.579 3.661496 8.579 100 2 0
 1172 251.037 1070.888 31 3 1.169 7.019 3.125900 7.019 100 2 0
 1173 255.326 1069.133 31 3 1.169 3.509 1.665835 3.509 100 2 0
 1174 308.560 1041.834 31 3 0.779 1.949 0.990674 1.949 100 2 0
 1175 334.104 1028.575 31 3 0.389 0.389 0.392452 0.389 100 2 0
 1176 390.848 1153.760 31 3 0.779 1.169 0.384699 1.169 100 2 0
 1177 395.138 1153.760 31 3 0.779 1.949 0.591661 1.949 100 2 0
 1178 399.428 1153.760 31 3 0.779 1.949 0.578539 1.949 100 2 0
 1179 399.428 1147.130 31 3 0.779 0.389 0.204576 0.779 100 2 0
 1180 403.718 1153.565 31 3 0.779 2.339 0.734804 2.339 100 2 0
 1181 403.718 1147.130 31 3 0.779 0.389 0.246923 0.779 100 2 0
 1182 408.007 1153.760 31 3 0.779 2.729 0.975763 2.729 100 2 0
 1183 408.007 1147.130 31 3 0.779 1.169 0.374559 1.169 100 2 0
 1184 414.052 1153.175 31 3 1.169 4.679 1.574581 4.679 100 2 0
 1185 414.052 1147.325 31 3 0.389 0.779 0.338773 0.779 100 2 0
 1186 418.342 1153.175 31 3 1.169 4.679 1.630645 4.679 100 2 0
 1187 418.342 1147.130 31 3 0.389 0.389 0.237380 0.389 100 2 0
 1188 422.632 1153.955 31 3 1.169 3.119 1.273979 3.119 100 2 0
 1189 427.117 1154.150 31 3 0.779 2.729 0.951906 2.729 100 2 0
 1190 431.212 1153.760 31 3 0.389 1.949 0.613729 1.949 100 2 0
 1191 435.697 1153.565 31 3 0.779 1.559 0.530825 1.559 100 2 0
 1192 769.138 1136.991 31 3 0.779 0.389 0.399609 0.779 100 2 0
 1193 768.553 1060.553 31 3 26.129 0.389 6.863740 26.129 100 2 0
 1194 783.373 1136.991 31 3 1.169 0.389 0.486092 1.169 100 2 0
 1195 851.426 1027.405 31 3 6.239 2.729 1.372987 6.239 100 2 0
 1196 864.101 1066.403 31 3 2.729 1.169 0.302391 2.729 100 2 0
 1197 863.516 1039.104 31 3 0.779 3.509 0.735997 3.509 100 2 0
 1198 870.730 1058.799 31 3 2.729 3.899 0.383506 3.899 100 2 0
 1199 909.924 1150.250 31 3 0.779 0.389 0.234994 0.779 100 2 0
 1200 912.849 1143.815 31 3 1.169 0.779 0.325055 1.169 100 2 0
 1201 952.628 1140.500 31 3 2.729 1.169 0.835005 2.729 100 2 0
 1202 164.849 1011.415 31 3 1.169 0.389 0.599414 1.169 100 2 0
 1203 171.089 1002.836 31 3 5.849 18.329 7.232335 18.329 100 2 0
 1204 176.743 992.111 31 3 0.779 0.779 0.482514 0.779 100 2 0
 1205 177.523 1004.981 31 3 1.559 14.039 7.148835 14.039 100 2 0
 1206 179.473 989.576 31 3 0.779 0.389 0.438378 0.779 100 2 0
 1207 181.813 1004.981 31 3 1.559 14.039 7.073684 14.039 100 2 0
 1208 182.398 989.576 31 3 0.389 0.389 0.351298 0.389 100 2 0
 1209 184.933 992.111 31 3 0.779 0.779 0.484303 0.779 100 2 0
 1210 186.103 1004.981 31 3 1.559 14.039 7.151220 14.039 100 2 0
 1211 184.933 987.041 31 3 0.779 0.779 0.486689 0.779 100 2 0
 1212 187.273 989.576 31 3 0.779 0.389 0.428238 0.779 100 2 0
 1213 186.103 982.946 31 3 3.119 2.729 0.905384 3.119 100 2 0
 1214 186.298 978.072 31 3 2.729 1.559 1.312151 2.729 100 2 0
 1215 190.393 1004.981 31 3 1.559 14.039 6.977659 14.039 100 2 0
 1216 190.003 989.576 31 3 0.779 0.389 0.423467 0.779 100 2 0
 1217 190.393 981.777 31 3 0.779 0.389 0.429431 0.779 100 2 0
 1218 192.733 984.116 31 3 0.779 1.169 0.529035 1.169 100 2 0
 1219 194.683 1004.981 31 3 1.559 14.039 7.216231 14.039 100 2 0
 1220 195.658 981.582 31 3 1.169 0.779 0.732419 1.169 100 2 0
 1221 194.683 975.342 31 3 1.559 1.559 1.260261 1.559 100 2 0
 1222 198.973 1004.981 31 3 1.559 14.039 7.178060 14.039 100 2 0
 1223 199.363 974.952 31 3 2.339 10.139 5.317192 10.139 100 2 0
 1224 203.263 1004.981 31 3 1.559 14.039 7.212653 14.039 100 2 0
 1225 203.068 973.392 31 3 0.389 0.779 0.505774 0.779 100 2 0
 1226 203.068 967.737 31 3 1.169 1.949 1.161253 1.949 100 2 0
 1227 207.553 1004.981 31 3 1.559 14.039 7.302118 14.039 100 2 0
 1228 206.383 989.576 31 3 0.779 0.389 0.425852 0.779 100 2 0
 1229 207.553 974.562 31 3 1.559 3.119 1.350919 3.119 100 2 0
 1230 207.358 964.617 31 3 1.169 1.949 1.157675 1.949 100 2 0
 1231 208.723 992.111 31 3 0.779 0.779 0.471181 0.779 100 2 0
 1232 208.723 987.041 31 3 0.779 0.779 0.466410 0.779 100 2 0
 1233 208.723 984.116 31 3 0.779 1.169 0.509353 1.169 100 2 0
 1234 211.453 989.576 31 3 0.779 0.389 0.430028 0.779 100 2 0
 1235 211.843 1004.981 31 3 1.559 14.039 7.315239 14.039 100 2 0
 1236 214.377 989.576 31 3 0.389 0.389 0.345931 0.389 100 2 0
 1237 211.843 973.782 31 3 1.559 4.679 1.830450 4.679 100 2 0
 1238 214.183 981.777 31 3 0.779 0.389 0.434799 0.779 100 2 0
 1239 211.648 963.057 31 3 1.169 1.949 1.205986 1.949 100 2 0
 1240 216.132 1004.981 31 3 1.559 14.039 7.330746 14.039 100 2 0
 1241 216.912 992.111 31 3 0.779 0.779 0.473567 0.779 100 2 0
 1242 216.912 987.041 31 3 0.779 0.779 0.474163 0.779 100 2 0
 1243 216.912 984.116 31 3 0.779 1.169 0.501599 1.169 100 2 0
 1244 216.327 974.562 31 3 1.169 3.119 1.362251 3.119 100 2 0
 1245 215.937 962.472 31 3 1.169 0.779 0.784905 1.169 100 2 0
 1246 220.617 1004.981 31 3 1.169 14.039 7.200128 14.039 100 2 0
 1247 219.447 989.576 31 3 0.389 0.389 0.332809 0.389 100 2 0
 1248 219.252 981.777 31 3 0.779 0.389 0.427642 0.779 100 2 0
 1249 220.617 973.782 31 3 1.169 4.679 2.475789 4.679 100 2 0
 1250 220.227 963.252 31 3 1.169 2.339 1.433226 2.339 100 2 0
 1251 220.227 957.012 31 3 1.169 2.339 1.424876 2.339 100 2 0
 1252 222.372 989.576 31 3 0.779 0.389 0.343545 0.779 100 2 0
 1253 222.372 981.777 31 3 0.779 0.389 0.354877 0.779 100 2 0
 1254 224.712 1004.981 31 3 1.559 14.039 7.212056 14.039 100 2 0
 1255 224.907 992.111 31 3 0.389 0.779 0.425852 0.779 100 2 0
 1256 224.907 987.041 31 3 0.389 0.779 0.417502 0.779 100 2 0
 1257 224.712 983.921 31 3 0.779 0.779 0.398417 0.779 100 2 0
 1258 227.247 981.582 31 3 0.389 0.779 0.413924 0.779 100 2 0
 1259 224.712 969.102 31 3 1.559 14.039 7.154799 14.039 100 2 0
 1260 224.517 956.232 31 3 1.169 3.899 2.249145 3.899 100 2 0
 1261 229.197 1004.981 31 3 1.169 14.039 7.213846 14.039 100 2 0
 1262 230.367 989.576 31 3 0.389 0.389 0.341756 0.389 100 2 0
 1263 230.367 981.582 31 3 0.389 0.779 0.423467 0.779 100 2 0
 1264 229.002 969.102 31 3 1.559 14.039 7.328957 14.039 100 2 0
 1265 228.807 955.453 31 3 1.169 5.459 3.125304 5.459 100 2 0
 1266 232.902 992.111 31 3 0.779 0.779 0.469392 0.779 100 2 0
 1267 232.902 987.041 31 3 0.779 0.779 0.471181 0.779 100 2 0
 1268 232.902 983.921 31 3 0.779 0.779 0.456271 0.779 100 2 0
 1269 233.097 954.673 31 3 1.169 7.019 3.693704 7.019 100 2 0
 1270 233.487 1004.981 31 3 1.169 14.039 6.900122 14.039 100 2 0
 1271 235.437 989.576 31 3 0.389 0.389 0.332809 0.389 100 2 0
 1272 235.242 981.777 31 3 0.779 0.389 0.428835 0.779 100 2 0
 1273 233.292 969.102 31 3 1.559 14.039 7.133924 14.039 100 2 0
 1274 237.777 1004.981 31 3 1.169 14.039 6.696143 14.039 100 2 0
 1275 238.362 989.576 31 3 0.779 0.389 0.340563 0.779 100 2 0
 1276 237.777 969.102 31 3 1.169 14.039 7.133327 14.039 100 2 0
 1277 237.387 953.893 31 3 1.169 8.579 4.605648 8.579 100 2 0
 1278 240.897 992.111 31 3 0.389 0.779 0.427045 0.779 100 2 0
 1279 242.067 1004.981 31 3 1.169 14.039 6.616817 14.039 100 2 0
 1280 240.897 987.041 31 3 0.389 0.779 0.418099 0.779 100 2 0
 1281 239.532 982.946 31 3 3.119 2.729 0.876755 3.119 100 2 0
 1282 242.067 969.102 31 3 1.169 14.039 7.282435 14.039 100 2 0
 1283 241.677 953.113 31 3 1.169 10.139 5.290949 10.139 100 2 0
 1284 246.357 1004.981 31 3 1.169 14.039 6.210647 14.039 100 2 0
 1285 246.357 989.576 31 3 0.389 0.389 0.343545 0.389 100 2 0
 1286 248.892 992.111 31 3 0.779 0.779 0.463428 0.779 100 2 0
 1287 246.357 981.777 31 3 0.389 0.389 0.353684 0.389 100 2 0
 1288 248.892 987.041 31 3 0.779 0.779 0.467603 0.779 100 2 0
 1289 248.892 983.921 31 3 0.779 0.779 0.464024 0.779 100 2 0
 1290 246.357 969.102 31 3 1.169 14.039 7.222196 14.039 100 2 0
 1291 245.967 951.553 31 3 1.169 13.259 5.870681 13.259 100 2 0
 1292 250.647 1004.981 31 3 1.169 14.039 6.421187 14.039 100 2 0
 1293 251.427 989.576 31 3 0.389 0.389 0.335195 0.389 100 2 0
 1294 251.427 981.777 31 3 0.389 0.389 0.341159 0.389 100 2 0
 1295 250.647 969.102 31 3 1.169 14.039 7.366532 14.039 100 2 0
 1296 250.257 950.773 31 3 1.169 14.819 6.275062 14.819 100 2 0
 1297 254.936 1004.981 31 3 1.169 14.039 6.529142 14.039 100 2 0
 1298 254.936 969.102 31 3 1.169 14.039 7.607491 14.039 100 2 0
 1299 254.546 950.773 31 3 1.169 14.819 7.158974 14.819 100 2 0
 1300 256.886 992.111 31 3 0.389 0.779 0.428238 0.779 100 2 0
 1301 256.886 987.041 31 3 0.389 0.779 0.421677 0.779 100 2 0
 1302 256.691 983.921 31 3 0.779 0.779 0.395434 0.779 100 2 0
 1303 259.226 1004.981 31 3 1.169 14.039 6.804097 14.039 100 2 0
 1304 259.421 989.576 31 3 0.779 0.389 0.418099 0.779 100 2 0
 1305 259.226 981.777 31 3 0.389 0.389 0.354281 0.389 100 2 0
 1306 259.226 969.102 31 3 1.169 14.039 7.814453 14.039 100 2 0
 1307 258.836 949.213 31 3 1.169 17.939 7.967736 17.939 100 2 0
 1308 263.516 1004.981 31 3 1.169 14.039 7.013444 14.039 100 2 0
 1309 262.346 989.576 31 3 0.389 0.389 0.347123 0.389 100 2 0
 1310 264.881 992.111 31 3 0.779 0.779 0.468199 0.779 100 2 0
 1311 262.346 981.777 31 3 0.389 0.389 0.359649 0.389 100 2 0
 1312 264.881 987.041 31 3 0.779 0.779 0.466410 0.779 100 2 0
 1313 264.881 983.921 31 3 0.779 0.779 0.437185 0.779 100 2 0
 1314 263.516 969.102 31 3 1.169 14.039 7.925389 14.039 100 2 0
 1315 263.126 948.433 31 3 1.169 19.499 8.721626 19.499 100 2 0
 1316 267.416 989.576 31 3 0.389 0.389 0.334598 0.389 100 2 0
 1317 267.416 981.582 31 3 0.389 0.779 0.421677 0.779 100 2 0
 1318 267.611 948.433 31 3 1.559 19.499 9.412891 19.499 100 2 0
 1319 267.806 1004.981 31 3 1.169 14.039 7.028355 14.039 100 2 0
 1320 270.536 989.576 31 3 0.389 0.389 0.317302 0.389 100 2 0
 1321 270.341 981.777 31 3 0.779 0.389 0.352491 0.779 100 2 0
 1322 267.806 969.102 31 3 1.169 14.039 7.925986 14.039 100 2 0
 1323 272.096 1004.981 31 3 1.169 14.039 6.885212 14.039 100 2 0
 1324 272.876 992.111 31 3 0.389 0.779 0.434203 0.779 100 2 0
 1325 272.876 987.041 31 3 0.389 0.779 0.422870 0.779 100 2 0
 1326 272.876 984.116 31 3 0.389 1.169 0.501003 1.169 100 2 0
 1327 272.096 969.102 31 3 1.169 14.039 7.811471 14.039 100 2 0
 1328 271.706 947.653 31 3 1.169 21.059 9.846497 21.059 100 2 0
 1329 278.141 1004.981 31 3 1.559 14.039 6.783818 14.039 100 2 0
 1330 278.336 981.777 31 3 0.389 0.389 0.349509 0.389 100 2 0
 1331 278.141 969.102 31 3 1.559 14.039 7.823399 14.039 100 2 0
 1332 277.946 946.873 31 3 1.169 22.619 11.586885 22.619 100 2 0
 1333 280.871 992.111 31 3 0.779 0.779 0.462831 0.779 100 2 0
 1334 282.431 1004.981 31 3 1.559 14.039 7.045055 14.039 100 2 0
 1335 280.871 987.041 31 3 0.779 0.779 0.461042 0.779 100 2 0
 1336 280.871 984.116 31 3 0.779 0.389 0.397820 0.779 100 2 0
 1337 283.211 981.777 31 3 0.779 0.389 0.427045 0.779 100 2 0
 1338 282.431 969.102 31 3 1.559 14.039 7.773895 14.039 100 2 0
 1339 282.236 953.113 31 3 1.169 10.139 5.248602 10.139 100 2 0
 1340 282.236 939.073 31 3 1.169 10.139 5.130509 10.139 100 2 0
 1341 286.331 989.576 31 3 0.779 0.389 0.335195 0.779 100 2 0
 1342 286.331 981.777 31 3 0.779 0.389 0.429431 0.779 100 2 0
 1343 286.526 935.953 31 3 1.169 10.139 4.471451 10.139 100 2 0
 1344 286.721 1004.981 31 3 1.559 14.039 7.036109 14.039 100 2 0
 1345 288.866 992.111 31 3 0.389 0.779 0.428835 0.779 100 2 0
 1346 288.866 987.041 31 3 0.389 0.779 0.420485 0.779 100 2 0
 1347 288.866 983.921 31 3 0.389 0.779 0.428238 0.779 100 2 0
 1348 286.721 969.102 31 3 1.559 14.039 7.784035 14.039 100 2 0
 1349 286.526 953.893 31 3 1.169 8.579 4.705849 8.579 100 2 0
 1350 291.011 1004.981 31 3 1.559 14.039 7.147642 14.039 100 2 0
 1351 291.205 981.777 31 3 0.389 0.389 0.356070 0.389 100 2 0
 1352 291.011 969.102 31 3 1.559 14.039 7.710077 14.039 100 2 0
 1353 290.816 952.333 31 3 1.169 11.699 5.862331 11.699 100 2 0
 1354 290.621 942.973 31 3 0.779 2.339 0.903595 2.339 100 2 0
 1355 290.816 935.173 31 3 1.169 8.579 3.975220 8.579 100 2 0
 1356 295.300 1004.981 31 3 1.559 14.039 7.117224 14.039 100 2 0
 1357 294.325 989.576 31 3 0.389 0.389 0.338177 0.389 100 2 0
 1358 294.325 981.777 31 3 0.389 0.389 0.357859 0.389 100 2 0
 1359 295.300 969.102 31 3 1.559 14.039 7.618227 14.039 100 2 0
 1360 295.105 952.333 31 3 1.169 11.699 6.144443 11.699 100 2 0
 1361 295.105 934.393 31 3 1.169 10.139 4.729110 10.139 100 2 0
 1362 296.860 992.111 31 3 0.779 0.779 0.425852 0.779 100 2 0
 1363 296.860 987.041 31 3 0.779 0.779 0.462831 0.779 100 2 0
 1364 296.860 983.921 31 3 0.779 0.779 0.428238 0.779 100 2 0
 1365 299.590 1004.981 31 3 1.559 14.039 7.103506 14.039 100 2 0
 1366 299.395 989.576 31 3 0.389 0.389 0.336984 0.389 100 2 0
 1367 299.200 981.582 31 3 0.779 0.779 0.437185 0.779 100 2 0
 1368 302.320 989.576 31 3 0.779 0.389 0.332809 0.779 100 2 0
 1369 299.590 969.102 31 3 1.559 14.039 7.605702 14.039 100 2 0
 1370 299.395 950.773 31 3 1.169 14.819 7.550830 14.819 100 2 0
 1371 299.200 939.073 31 3 0.779 0.779 0.462831 0.779 100 2 0
 1372 299.395 930.688 31 3 1.169 8.189 3.721140 8.189 100 2 0
 1373 303.880 1004.981 31 3 1.559 14.039 7.130345 14.039 100 2 0
 1374 304.855 992.111 31 3 0.389 0.779 0.432413 0.779 100 2 0
 1375 302.320 981.777 31 3 0.779 0.389 0.433010 0.779 100 2 0
 1376 304.855 987.041 31 3 0.389 0.779 0.420485 0.779 100 2 0
 1377 304.855 983.921 31 3 0.389 0.779 0.430028 0.779 100 2 0
 1378 303.880 969.102 31 3 1.559 14.039 7.178060 14.039 100 2 0
 1379 303.490 935.953 31 3 0.779 0.779 0.370981 0.779 100 2 0
 1380 303.685 948.433 31 3 1.169 19.499 9.494005 19.499 100 2 0
 1381 303.685 929.714 31 3 1.169 7.019 3.456324 7.019 100 2 0
 1382 308.170 1004.981 31 3 1.559 14.039 7.028355 14.039 100 2 0
 1383 307.390 981.777 31 3 0.779 0.389 0.424660 0.779 100 2 0
 1384 308.170 969.102 31 3 1.559 14.039 7.011059 14.039 100 2 0
 1385 307.975 949.993 31 3 1.169 16.379 8.554625 16.379 100 2 0
 1386 307.975 929.714 31 3 1.169 7.019 3.557717 7.019 100 2 0
 1387 310.510 989.576 31 3 0.779 0.389 0.420485 0.779 100 2 0
 1388 310.315 981.777 31 3 0.389 0.389 0.353088 0.389 100 2 0
 1389 312.460 1004.981 31 3 1.559 14.039 6.946048 14.039 100 2 0
 1390 312.850 992.111 31 3 0.779 0.779 0.424063 0.779 100 2 0
 1391 312.850 987.041 31 3 0.779 0.779 0.428835 0.779 100 2 0
 1392 312.850 983.921 31 3 0.779 0.779 0.420485 0.779 100 2 0
 1393 312.460 969.102 31 3 1.559 14.039 7.401722 14.039 100 2 0
 1394 312.265 949.993 31 3 1.169 16.379 8.416253 16.379 100 2 0
 1395 312.265 930.493 31 3 1.169 8.579 4.400476 8.579 100 2 0
 1396 316.945 1004.981 31 3 1.169 14.039 6.845251 14.039 100 2 0
 1397 315.385 981.777 31 3 0.389 0.389 0.345931 0.389 100 2 0
 1398 316.750 969.102 31 3 1.559 14.039 7.030741 14.039 100 2 0
 1399 316.555 941.413 31 3 1.169 33.538 15.635466 33.538 100 2 0
 1400 318.310 989.576 31 3 0.779 0.389 0.333406 0.779 100 2 0
 1401 320.845 992.111 31 3 0.389 0.779 0.433010 0.779 100 2 0
 1402 318.310 981.777 31 3 0.779 0.389 0.430028 0.779 100 2 0
 1403 320.845 987.041 31 3 0.389 0.779 0.427642 0.779 100 2 0
 1404 320.845 984.116 31 3 0.389 1.169 0.484899 1.169 100 2 0
 1405 320.845 932.833 31 3 0.389 0.779 0.492653 0.779 100 2 0
 1406 320.845 927.374 31 3 1.169 5.459 2.921921 5.459 100 2 0
 1407 321.235 1004.981 31 3 1.169 14.039 6.863144 14.039 100 2 0
 1408 323.380 989.576 31 3 0.779 0.389 0.336984 0.779 100 2 0
 1409 323.380 981.777 31 3 0.779 0.389 0.432413 0.779 100 2 0
 1410 321.040 969.102 31 3 1.559 14.039 7.337307 14.039 100 2 0
 1411 320.845 949.213 31 3 1.169 17.939 9.161196 17.939 100 2 0
 1412 325.525 1004.981 31 3 1.169 14.039 6.675268 14.039 100 2 0
 1413 326.305 989.576 31 3 0.389 0.389 0.341159 0.389 100 2 0
 1414 326.305 981.777 31 3 0.389 0.389 0.359649 0.389 100 2 0
 1415 325.330 969.102 31 3 1.559 14.039 7.254999 14.039 100 2 0
 1416 325.135 950.188 31 3 1.169 15.989 7.802524 15.989 100 2 0
 1417 325.135 927.374 31 3 1.169 8.579 3.387734 8.579 100 2 0
 1418 328.840 992.111 31 3 0.779 0.779 0.429431 0.779 100 2 0
 1419 329.814 1004.981 31 3 1.169 14.039 6.681232 14.039 100 2 0
 1420 328.840 987.041 31 3 0.779 0.779 0.456271 0.779 100 2 0
 1421 328.840 984.116 31 3 0.779 0.389 0.400206 0.779 100 2 0
 1422 329.814 969.102 31 3 1.169 14.039 7.546058 14.039 100 2 0
 1423 329.425 949.993 31 3 1.169 16.379 7.832942 16.379 100 2 0
 1424 329.425 928.934 31 3 1.169 8.579 3.777801 8.579 100 2 0
 1425 331.374 981.777 31 3 0.389 0.389 0.347720 0.389 100 2 0
 1426 334.104 1004.981 31 3 1.169 14.039 6.066907 14.039 100 2 0
 1427 334.299 989.576 31 3 0.779 0.389 0.418099 0.779 100 2 0
 1428 334.299 981.777 31 3 0.779 0.389 0.429431 0.779 100 2 0
 1429 334.104 969.102 31 3 1.169 14.039 7.345657 14.039 100 2 0
 1430 333.909 950.773 31 3 0.779 14.819 5.051183 14.819 100 2 0
 1431 333.714 931.273 31 3 1.169 10.139 4.426719 10.139 100 2 0
 1432 336.834 992.111 31 3 0.389 0.779 0.435395 0.779 100 2 0
 1433 338.394 1004.981 31 3 1.169 14.039 6.462341 14.039 100 2 0
 1434 336.834 987.041 31 3 0.389 0.779 0.428835 0.779 100 2 0
 1435 336.834 983.921 31 3 0.389 0.779 0.409749 0.779 100 2 0
 1436 339.369 989.576 31 3 0.779 0.389 0.336388 0.779 100 2 0
 1437 339.369 981.777 31 3 0.779 0.389 0.431220 0.779 100 2 0
 1438 338.394 970.077 31 3 1.169 12.089 6.111639 12.089 100 2 0
 1439 338.199 957.012 31 3 0.779 2.339 1.058070 2.339 100 2 0
 1440 338.199 952.333 31 3 0.779 2.339 0.979938 2.339 100 2 0
 1441 338.004 932.053 31 3 1.169 7.799 3.005421 7.799 100 2 0
 1442 342.489 989.576 31 3 0.779 0.389 0.424063 0.779 100 2 0
 1443 342.489 981.777 31 3 0.779 0.389 0.434203 0.779 100 2 0
 1444 342.489 953.893 31 3 0.779 2.339 1.118907 2.339 100 2 0
 1445 342.294 932.833 31 3 1.169 3.899 2.173995 3.899 100 2 0
 1446 342.684 1004.981 31 3 1.169 14.039 6.289376 14.039 100 2 0
 1447 344.829 992.111 31 3 0.779 0.779 0.466410 0.779 100 2 0
 1448 344.829 987.041 31 3 0.779 0.779 0.431817 0.779 100 2 0
 1449 344.829 984.116 31 3 0.779 0.389 0.397224 0.779 100 2 0
 1450 342.684 971.442 31 3 1.169 9.359 5.289756 9.359 100 2 0
 1451 346.974 1004.981 31 3 1.169 14.039 6.925173 14.039 100 2 0
 1452 347.364 989.576 31 3 0.389 0.389 0.339966 0.389 100 2 0
 1453 347.364 981.777 31 3 0.389 0.389 0.354877 0.389 100 2 0
 1454 346.974 971.442 31 3 1.169 9.359 5.314210 9.359 100 2 0
 1455 346.584 951.748 31 3 0.389 0.389 0.375752 0.389 100 2 0
 1456 346.584 935.173 31 3 1.169 5.459 2.978582 5.459 100 2 0
 1457 351.264 1019.215 31 3 0.389 0.389 0.390067 0.389 100 2 0
 1458 351.264 1016.095 31 3 0.389 0.389 0.416310 0.389 100 2 0
 1459 351.264 1004.981 31 3 1.169 14.039 6.762347 14.039 100 2 0
 1460 350.289 981.777 31 3 0.779 0.389 0.437781 0.779 100 2 0
 1461 351.264 973.002 31 3 1.169 6.239 3.624518 6.239 100 2 0
 1462 350.874 938.293 31 3 1.169 5.459 2.914167 5.459 100 2 0
 1463 352.824 992.111 31 3 0.389 0.779 0.437185 0.779 100 2 0
 1464 352.824 987.041 31 3 0.389 0.779 0.435395 0.779 100 2 0
 1465 352.824 984.116 31 3 0.389 1.169 0.496828 1.169 100 2 0
 1466 355.359 981.777 31 3 0.779 0.389 0.355474 0.779 100 2 0
 1467 355.554 1004.981 31 3 1.169 14.039 7.126767 14.039 100 2 0
 1468 356.139 994.256 31 3 0.779 1.169 0.654882 1.169 100 2 0
 1469 358.479 981.777 31 3 0.779 0.389 0.441360 0.779 100 2 0
 1470 355.554 973.977 31 3 1.169 4.289 2.355907 4.289 100 2 0
 1471 355.164 940.633 31 3 1.169 3.899 1.864447 3.899 100 2 0
 1472 359.844 1004.981 31 3 1.169 14.039 6.795150 14.039 100 2 0
 1473 359.844 970.467 31 3 1.169 3.509 1.683728 3.509 100 2 0
 1474 359.844 957.987 31 3 0.389 0.389 0.362034 0.389 100 2 0
 1475 359.649 942.193 31 3 0.779 0.779 0.576153 0.779 100 2 0
 1476 364.134 1006.931 31 3 1.169 10.139 5.156752 10.139 100 2 0
 1477 368.423 1007.711 31 3 1.169 8.579 4.223335 8.579 100 2 0
 1478 368.423 951.748 31 3 0.389 0.389 0.366209 0.389 100 2 0
 1479 372.713 1008.685 31 3 1.169 6.629 3.112779 6.629 100 2 0
 1480 372.323 949.993 31 3 0.389 0.779 0.453885 0.779 100 2 0
 1481 376.808 964.227 31 3 0.779 0.389 0.362034 0.779 100 2 0
 1482 376.613 956.038 31 3 0.389 0.389 0.367999 0.389 100 2 0
 1483 377.003 1010.245 31 3 1.169 3.509 1.814346 3.509 100 2 0
 1484 381.293 965.592 31 3 1.169 3.899 1.670606 3.899 100 2 0
 1485 385.583 973.002 31 3 1.169 5.459 1.709374 5.459 100 2 0
 1486 842.456 1014.925 31 3 6.239 4.289 1.030038 6.239 100 2 0
 1487 875.020 1210.113 31 3 1.169 0.779 0.331020 1.169 100 2 0
 1488 164.849 1029.355 31 3 1.169 26.908 9.536949 26.908 100 2 0
 1489 169.139 1039.492 31 3 1.169 47.188 20.801164 47.188 100 2 0
 1490 173.429 1039.492 31 3 1.169 47.188 20.247078 47.188 100 2 0
 1491 177.718 1039.689 31 3 1.169 47.578 20.333562 47.578 100 2 0
 1492 182.008 1039.689 31 3 1.169 47.578 20.412290 47.578 100 2 0
 1493 186.298 1036.374 31 3 1.169 40.948 17.433112 40.948 100 2 0
 1494 190.588 1039.492 31 3 1.169 47.188 19.507502 47.188 100 2 0
 1495 194.878 1039.689 31 3 1.169 47.578 19.992998 47.578 100 2 0
 1496 199.168 1039.689 31 3 1.169 47.578 19.597564 47.578 100 2 0
 1497 203.458 1039.689 31 3 1.169 47.578 19.449052 47.578 100 2 0
 1498 207.748 1039.689 31 3 1.169 47.578 19.058986 47.578 100 2 0
 1499 212.038 1039.492 31 3 1.169 47.188 18.996956 47.188 100 2 0
 1500 216.327 1039.689 31 3 1.169 47.578 18.849042 47.578 100 2 0
 1501 220.617 1039.689 31 3 1.169 47.578 18.396350 47.578 100 2 0
 1502 224.907 1039.689 31 3 1.169 47.578 18.452414 47.578 100 2 0
 1503 229.197 1039.689 31 3 1.169 47.578 18.531740 47.578 100 2 0
 1504 233.487 1039.689 31 3 1.169 47.578 18.614048 47.578 100 2 0
 1505 237.972 1039.689 31 3 1.559 47.578 18.286608 47.578 100 2 0
 1506 242.262 1039.689 31 3 1.559 47.578 19.116244 47.578 100 2 0
 1507 246.552 1039.689 31 3 1.559 47.578 18.889002 47.578 100 2 0
 1508 250.842 1039.689 31 3 1.559 47.578 18.924790 47.578 100 2 0
 1509 255.131 1039.689 31 3 1.559 47.578 19.679276 47.578 100 2 0
 1510 259.421 1039.689 31 3 1.559 47.578 20.083060 47.578 100 2 0
 1511 263.906 1039.689 31 3 1.169 47.578 20.370540 47.578 100 2 0
 1512 268.196 1038.129 31 3 1.169 44.458 19.481260 44.458 100 2 0
 1513 272.486 1037.154 31 3 1.169 42.508 18.299132 42.508 100 2 0
 1514 278.336 1035.789 31 3 1.169 39.778 17.257760 39.778 100 2 0
 1515 282.626 1035.594 31 3 1.169 39.388 16.896324 39.388 100 2 0
 1516 286.916 1034.814 31 3 1.169 37.828 16.549797 37.828 100 2 0
 1517 291.205 1034.229 31 3 1.169 36.658 15.430294 36.658 100 2 0
 1518 295.495 1033.255 31 3 1.169 34.708 14.778393 34.708 100 2 0
 1519 299.785 1031.694 31 3 1.169 31.588 13.284331 31.588 100 2 0
 1520 304.075 1030.329 31 3 1.169 28.858 12.328251 28.858 100 2 0
 1521 308.365 1027.210 31 3 1.169 22.619 9.776714 22.619 100 2 0
 1522 312.655 1027.015 31 3 1.169 22.229 8.974513 22.229 100 2 0
 1523 316.945 1026.235 31 3 1.169 20.669 8.857016 20.669 100 2 0
 1524 321.235 1023.895 31 3 1.169 15.989 6.959169 15.989 100 2 0
 1525 325.525 1022.530 31 3 1.169 13.259 5.904081 13.259 100 2 0
 1526 329.814 1021.555 31 3 1.169 11.309 4.768474 11.309 100 2 0
 1527 334.104 1020.970 31 3 1.169 10.139 4.637856 10.139 100 2 0
 1528 338.394 1020.775 31 3 1.169 9.749 4.566880 9.749 100 2 0
 1529 342.684 1020.775 31 3 1.169 9.749 3.923926 9.749 100 2 0
 1530 868.390 1206.993 31 3 2.729 0.779 0.792658 2.729 100 2 0
 1531 346.974 1018.435 31 3 1.169 5.069 2.298053 5.069 100 2 0
 1532 841.091 1020.190 31 3 1.169 1.559 0.285095 1.559 100 2 0
 1533 1037.800 2410.559 3 0 0.779 0.779 0.122865 0.779 0 2 0
 1534 1043.260 2402.759 3 0 0.779 0.779 0.150897 0.779 0 2 0
 1535 157.205 1829.264 -29 -1 1.559 1.169 0.384102 1.559 77 2 0
 1536 2050.083 401.612 24 -1 1.169 1.169 0.263027 1.169 0 2 0
 1537 2119.640 2107.282 4 -3 0.389 0.389 0.085290 0.389 0 2 0
 1538 278.194 2638.355 30 -4 1.169 1.559 0.320880 1.559 77 2 0
 1539 246.534 2087.498 -16 -4 1.169 1.169 0.255273 1.169 77 2 0
 1540 2383.394 1800.254 -20 -5 0.389 0.779 0.106165 0.779 0 2 0
 1541 1800.941 1978.087 -31 -5 0.389 0.779 0.088272 0.779 0 2 0
 1542 704.332 1585.617 8 -6 0.779 0.779 0.140162 0.779 0 2 0
 1543 2506.889 2164.583 -18 -8 0.779 0.779 0.126444 0.779 0 2 0
 1544 276.754 2269.099 7 -8 2.729 1.559 0.697826 2.729 0 2 0
 1545 283.384 2271.634 7 -8 1.949 1.949 0.803990 1.949 0 2 0
 1546 276.559 2251.160 7 -8 21.059 25.739 20.841124 25.739 0 2 0
 1547 289.038 2257.595 7 -8 0.779 2.729 1.048528 2.729 0 2 0
 1548 289.818 2241.605 7 -8 1.559 0.389 0.709158 1.559 0 2 0
 1549 295.083 2241.800 7 -8 1.169 0.779 0.681125 1.169 0 2 0
 1550 297.618 2257.985 7 -8 0.779 2.729 1.295450 2.729 77 2 0
 1551 1753.496 1554.113 23 -8 0.779 0.779 0.109743 0.779 0 2 0
 1552 1258.700 1852.257 -14 -8 0.389 0.389 0.067397 0.389 0 2 0
 1553 1271.849 819.532 14 -10 0.779 1.169 0.137776 1.169 78 2 0
 1554 243.035 2192.196 -11 -11 0.779 2.339 0.372174 2.339 77 2 0
 1555 287.269 1127.405 27 -11 1.949 1.559 0.672179 1.949 77 2 0
 1556 2171.713 2628.229 -2 -13 0.779 0.389 0.109743 0.779 0 2 0
 1557 938.016 2578.896 4 -13 5.069 5.459 5.882013 5.459 77 2 0
 1558 515.582 801.267 -19 -13 0.779 1.949 0.149108 1.949 0 2 0
 1559 516.948 797.368 -19 -13 0.389 0.389 0.088272 0.389 0 2 0
 1560 518.508 791.128 -19 -13 0.389 0.389 0.093043 0.389 0 2 0
 1561 519.873 787.228 -19 -13 0.779 1.949 0.205769 1.949 0 2 0
 1562 675.390 767.444 -22 -14 0.389 0.389 0.073361 0.389 0 2 0
 1563 1697.030 1874.664 -20 -15 2.729 2.339 0.595239 2.729 0 2 0
 1564 1687.281 1882.074 -20 -15 0.389 0.779 0.092447 0.779 0 2 0
 1565 1681.236 1886.948 -20 -15 0.779 1.169 0.199805 1.169 0 2 0
 1566 1666.611 1897.283 -20 -15 2.729 2.339 0.620289 2.729 77 2 0
 1567 571.577 203.447 10 -16 0.389 1.169 0.158054 1.169 0 2 0
 1568 561.633 206.177 10 -16 1.559 1.169 0.355474 1.559 0 2 0
 1569 512.494 220.021 10 -16 1.559 1.559 0.384699 1.559 77 2 0
 1570 634.071 2556.711 -6 -17 0.779 0.779 0.134197 0.779 0 2 0
 1571 2675.113 1841.670 19 -17 1.169 1.169 0.298812 1.169 0 2 0
 1572 1256.133 1434.526 8 -17 2.729 1.169 0.356666 2.729 77 2 0
 1573 1903.711 1993.569 -3 -17 1.169 1.559 0.344738 1.559 1 2 0
 1574 670.060 2385.808 23 -18 0.389 0.389 0.070975 0.389 0 2 0
 1575 425.266 686.121 -11 -18 0.779 0.389 0.114515 0.779 0 2 0
 1576 1057.513 848.940 12 -18 0.389 0.779 0.088868 0.779 0 2 0
 1577 244.322 1798.342 -1 -19 1.169 1.169 0.217698 1.169 1 2 0
 1578 1585.373 522.323 0 -19 0.389 0.779 0.079325 0.779 0 2 0
 1579 465.243 2565.036 13 -20 0.389 0.389 0.078729 0.389 0 2 0
 1580 1047.329 2035.823 1 -20 0.389 0.389 0.098411 0.389 0 2 0
 1581 1045.184 2031.338 1 -20 0.779 1.559 0.186683 1.559 25 2 0
 1582 1931.127 1341.555 21 -21 2.729 3.119 1.479151 3.119 77 2 0
 1583 1083.005 2299.325 19 -23 1.169 0.779 0.190858 1.169 0 2 0
 1584 1539.162 1768.942 18 -23 67.078 69.417 287.612672 69.417 77 2 0
 1585 316.879 1838.554 -2 -23 1.169 1.169 0.346527 1.169 1 2 0
 1586 2083.338 1994.918 -3 -24 0.779 0.389 0.120479 0.779 0 2 0
 1587 2082.947 1991.603 -3 -24 0.779 0.779 0.123461 0.779 0 2 0
 1588 2085.980 1727.412 -4 -29 1.559 2.729 0.854687 2.729 0 2 0
 1589 2087.735 1718.053 -4 -29 1.949 2.729 0.625657 2.729 0 2 0
 1590 2082.665 1716.298 -4 -29 2.729 2.339 0.725858 2.729 0 2 0
 1591 2078.570 1723.318 -4 -29 7.799 7.799 1.883532 7.799 0 2 0
 1592 2068.235 1729.947 -4 -29 1.169 3.899 0.551700 3.899 0 2 0
 1593 2026.312 1723.903 -4 -29 4.679 7.409 2.210377 7.409 77 2 0
 1594 512.727 2867.322 -9 -30 6.629 2.729 1.482730 6.629 77 2 0;
EndOfFile;
