FileVersion 1 2;
FileTimestamp 07-30-19 16:55:40;
InspectionStationID "NONE" "PUMA9000D" "ILS203";
SampleType WAFER;
ResultTimestamp 04-25-19 09:59:52;
LotID "186F611";
SampleSize 1 200;
DeviceID "WO02_4X2";
SetupID "WO02_4X2_3020M5BM" 04-25-19 09:59:38;
StepID "3020M5BM";
SampleOrientationMarkType NOTCH;
OrientationMarkLocation DOWN;
DiePitch 1.4874080000e+03 9.3297500000e+02;
DieOrigin 0.0000000000e+00 0.0000000000e+00;
WaferID "@03";
Slot 3;
SampleCenterLocation 1.6259080000e+03 -7.2930000000e+01;
ClassLookup 74
  0 "Uncategorized"
  1 "Small PT"
  2 "Medium PT"
  3 "Large PT"
  4 "Polymer"
  5 "Flake PT"
  6 "Scratch"
  9 "Other Defect"
  10 "Other Residue"
  11 "Wet Residue"
  13 "W Residue"
  14 "PR Residue"
  15 "Liquid Mark"
  16 "Thread Defect"
  20 "Pits"
  22 "Pattern Deformed"
  23 "Defocus"
  24 "PR BUBBLE"
  25 "Crown Defect"
  27 "Bead Defect"
  30 "CMP Scratch"
  31 "Minor CMP Scratch"
  35 "Rip Out"
  40 "Protrusion"
  42 "Top Blocked"
  43 "Bottom Blocked"
  44 "Line broken"
  45 "Metal Corrosion"
  46 "Galvanic Corrosion"
  51 "PR Popping"
  52 "Salicide Bad"
  53 "STI Dimple"
  59 "W Void"
  60 "AA Dep PT"
  61 "GC Dep PT"
  62 "CVD Dep PT"
  63 "Metal Dep PT"
  73 "Cone Defect"
  74 "Metal Depression"
  77 "Underlayer"
  78 "NUISANCE/FALSE"
  79 "Metal Grain"
  80 "Don't Care/Minor"
  95 "Missing AI"
  99 "test2"
  100 "Cluster"
  101 "CU CMP Scratch"
  102 "CU Void"
  103 "2_PO Missing"
  104 "CU Pattern Open"
  105 "CU Remain"
  106 "Circle CU Remain"
  107 "CU CVD PT"
  108 "CU Eclips"
  109 "CU CMP Residue"
  110 "Minor CU CMP Scratch"
  111 "CMP PT"
  112 "CU SEAM PT"
  113 "CU Ox"
  114 "CU Pattern Open(Minor)"
  116 "1_PO Missing"
  117 "PAD Abnormality"
  150 "Guard Ring Circle Defect"
  151 "EBR Circle Defect"
  152 "PAD Hillock"
  153 "PAD Residue"
  154 "PAD Hole"
  155 "Color PR Residue"
  201 "Bin 1"
  202 "Bin 2"
  203 "Bin 3"
  204 "Bin 4"
  205 "Bin 5"
  206 "Bin 6"  ;
OrientationInstructions "";
InspectionTest 1;
SampleTestPlan 20924
  -64 -5 
  -63 7 
  -63 10 
  -63 13 
  -62 -22 
  -62 -5 
  -62 4 
  -62 18 
  -62 25 
  -61 -26 
  -61 -25 
  -61 -17 
  -61 -10 
  -61 1 
  -60 -22 
  -60 -21 
  -60 -20 
  -60 -14 
  -60 -13 
  -60 -5 
  -60 -3 
  -60 8 
  -60 14 
  -60 16 
  -60 19 
  -60 33 
  -60 34 
  -59 -34 
  -59 -15 
  -59 -1 
  -59 6 
  -59 12 
  -59 14 
  -59 16 
  -59 22 
  -59 29 
  -59 35 
  -59 38 
  -58 -33 
  -58 -25 
  -58 -18 
  -58 -17 
  -58 -16 
  -58 -2 
  -58 9 
  -58 30 
  -58 33 
  -58 34 
  -58 41 
  -57 -22 
  -57 -12 
  -57 -11 
  -57 6 
  -57 11 
  -57 14 
  -57 23 
  -57 27 
  -57 33 
  -57 37 
  -56 -43 
  -56 -41 
  -56 -40 
  -56 -32 
  -56 -28 
  -56 8 
  -56 9 
  -56 10 
  -56 12 
  -56 17 
  -56 18 
  -56 23 
  -56 48 
  -55 -47 
  -55 -41 
  -55 -32 
  -55 -28 
  -55 -26 
  -55 -8 
  -55 -6 
  -55 -1 
  -55 11 
  -55 13 
  -55 14 
  -55 15 
  -55 17 
  -55 19 
  -55 24 
  -55 27 
  -55 29 
  -55 47 
  -55 48 
  -54 -45 
  -54 -44 
  -54 -33 
  -54 -28 
  -54 -22 
  -54 -7 
  -54 21 
  -54 29 
  -54 36 
  -54 37 
  -54 38 
  -54 39 
  -54 40 
  -54 41 
  -54 44 
  -54 46 
  -54 47 
  -53 -51 
  -53 -45 
  -53 -42 
  -53 -30 
  -53 -15 
  -53 -3 
  -53 11 
  -53 17 
  -53 46 
  -53 55 
  -53 56 
  -52 -55 
  -52 -50 
  -52 -45 
  -52 -39 
  -52 -36 
  -52 -21 
  -52 -14 
  -52 -5 
  -52 -4 
  -52 -1 
  -52 1 
  -52 15 
  -52 19 
  -52 21 
  -52 23 
  -52 43 
  -52 44 
  -52 47 
  -52 55 
  -52 59 
  -51 -52 
  -51 -44 
  -51 -12 
  -51 -10 
  -51 13 
  -51 18 
  -51 20 
  -51 25 
  -51 28 
  -51 32 
  -51 33 
  -51 35 
  -51 36 
  -51 41 
  -51 42 
  -51 60 
  -50 -56 
  -50 -46 
  -50 -32 
  -50 -27 
  -50 -25 
  -50 -24 
  -50 -21 
  -50 -16 
  -50 -14 
  -50 -12 
  -50 -11 
  -50 -3 
  -50 -2 
  -50 7 
  -50 8 
  -50 11 
  -50 18 
  -50 19 
  -50 41 
  -50 49 
  -50 54 
  -50 61 
  -49 -62 
  -49 -59 
  -49 -56 
  -49 -53 
  -49 -48 
  -49 -41 
  -49 -40 
  -49 -14 
  -49 -12 
  -49 -10 
  -49 3 
  -49 5 
  -49 7 
  -49 9 
  -49 22 
  -49 23 
  -49 24 
  -49 25 
  -49 33 
  -49 62 
  -48 -67 
  -48 -65 
  -48 -64 
  -48 -49 
  -48 -45 
  -48 -43 
  -48 -41 
  -48 -32 
  -48 -12 
  -48 -10 
  -48 -5 
  -48 4 
  -48 5 
  -48 13 
  -48 22 
  -48 27 
  -48 32 
  -48 35 
  -48 41 
  -48 46 
  -48 50 
  -48 52 
  -48 60 
  -47 -69 
  -47 -66 
  -47 -58 
  -47 -53 
  -47 -46 
  -47 -44 
  -47 -33 
  -47 -21 
  -47 -12 
  -47 -7 
  -47 1 
  -47 8 
  -47 17 
  -47 20 
  -47 34 
  -47 46 
  -47 48 
  -47 60 
  -47 68 
  -46 -45 
  -46 -39 
  -46 -29 
  -46 -12 
  -46 -1 
  -46 5 
  -46 8 
  -46 12 
  -46 22 
  -46 24 
  -46 29 
  -46 32 
  -46 58 
  -45 -68 
  -45 -64 
  -45 -59 
  -45 -57 
  -45 -55 
  -45 -45 
  -45 -27 
  -45 -24 
  -45 11 
  -45 16 
  -45 18 
  -45 24 
  -45 27 
  -45 34 
  -45 39 
  -45 44 
  -45 52 
  -44 -67 
  -44 -57 
  -44 -46 
  -44 -44 
  -44 -43 
  -44 -39 
  -44 -33 
  -44 -31 
  -44 8 
  -44 9 
  -44 23 
  -44 24 
  -44 26 
  -44 33 
  -44 36 
  -44 39 
  -44 41 
  -44 42 
  -44 44 
  -44 54 
  -44 61 
  -44 67 
  -43 -75 
  -43 -47 
  -43 -35 
  -43 -26 
  -43 -22 
  -43 -18 
  -43 -6 
  -43 6 
  -43 8 
  -43 11 
  -43 12 
  -43 18 
  -43 44 
  -43 57 
  -43 70 
  -42 -77 
  -42 -61 
  -42 -56 
  -42 -53 
  -42 -50 
  -42 -33 
  -42 -32 
  -42 -31 
  -42 -27 
  -42 -18 
  -42 -14 
  -42 -11 
  -42 -9 
  -42 -8 
  -42 -3 
  -42 0 
  -42 5 
  -42 6 
  -42 7 
  -42 8 
  -42 14 
  -42 21 
  -42 23 
  -42 27 
  -42 28 
  -42 41 
  -42 53 
  -42 58 
  -42 59 
  -42 65 
  -42 75 
  -41 -75 
  -41 -71 
  -41 -63 
  -41 -53 
  -41 -45 
  -41 -37 
  -41 -33 
  -41 -27 
  -41 -20 
  -41 -16 
  -41 4 
  -41 5 
  -41 14 
  -41 39 
  -41 64 
  -41 70 
  -41 72 
  -41 74 
  -40 -73 
  -40 -70 
  -40 -40 
  -40 -35 
  -40 -32 
  -40 -25 
  -40 -23 
  -40 -20 
  -40 -10 
  -40 4 
  -40 10 
  -40 34 
  -40 53 
  -40 60 
  -40 75 
  -39 -71 
  -39 -62 
  -39 -60 
  -39 -54 
  -39 -53 
  -39 -36 
  -39 -34 
  -39 -33 
  -39 -32 
  -39 -31 
  -39 -24 
  -39 -23 
  -39 -6 
  -39 3 
  -39 19 
  -39 28 
  -39 31 
  -39 38 
  -39 45 
  -39 64 
  -39 65 
  -39 77 
  -39 80 
  -38 -78 
  -38 -76 
  -38 -72 
  -38 -57 
  -38 -52 
  -38 -31 
  -38 -30 
  -38 -17 
  -38 -13 
  -38 -12 
  -38 7 
  -38 11 
  -38 12 
  -38 17 
  -38 19 
  -38 24 
  -38 31 
  -38 56 
  -38 66 
  -37 -84 
  -37 -83 
  -37 -79 
  -37 -70 
  -37 -49 
  -37 -40 
  -37 -38 
  -37 -36 
  -37 -27 
  -37 -21 
  -37 -19 
  -37 -17 
  -37 -13 
  -37 3 
  -37 11 
  -37 22 
  -37 25 
  -37 34 
  -37 35 
  -37 36 
  -37 46 
  -37 61 
  -37 65 
  -37 66 
  -37 72 
  -37 73 
  -37 76 
  -37 80 
  -37 81 
  -36 -70 
  -36 -60 
  -36 -56 
  -36 -55 
  -36 -52 
  -36 -45 
  -36 -26 
  -36 -25 
  -36 -24 
  -36 -21 
  -36 5 
  -36 33 
  -36 39 
  -36 57 
  -36 59 
  -35 -73 
  -35 -67 
  -35 -63 
  -35 -53 
  -35 -50 
  -35 -31 
  -35 -22 
  -35 -14 
  -35 -10 
  -35 -8 
  -35 -7 
  -35 -4 
  -35 0 
  -35 15 
  -35 16 
  -35 27 
  -35 37 
  -35 76 
  -35 83 
  -34 -78 
  -34 -76 
  -34 -73 
  -34 -60 
  -34 -55 
  -34 -52 
  -34 -50 
  -34 -49 
  -34 -44 
  -34 -41 
  -34 -40 
  -34 -27 
  -34 -23 
  -34 -22 
  -34 0 
  -34 2 
  -34 18 
  -34 25 
  -34 38 
  -34 53 
  -34 61 
  -34 69 
  -34 71 
  -34 81 
  -34 84 
  -33 -65 
  -33 -60 
  -33 -58 
  -33 -57 
  -33 -55 
  -33 -28 
  -33 0 
  -33 2 
  -33 12 
  -33 23 
  -33 29 
  -33 47 
  -33 60 
  -33 67 
  -33 72 
  -33 79 
  -32 -65 
  -32 -61 
  -32 -50 
  -32 -43 
  -32 -38 
  -32 -34 
  -32 -26 
  -32 -22 
  -32 -18 
  -32 -16 
  -32 -14 
  -32 -7 
  -32 1 
  -32 19 
  -32 22 
  -32 24 
  -32 35 
  -32 37 
  -32 38 
  -32 50 
  -32 62 
  -32 63 
  -32 70 
  -32 84 
  -31 -83 
  -31 -76 
  -31 -70 
  -31 -58 
  -31 -55 
  -31 -47 
  -31 -29 
  -31 -16 
  -31 -14 
  -31 -5 
  -31 7 
  -31 12 
  -31 19 
  -31 25 
  -31 26 
  -31 27 
  -31 52 
  -31 53 
  -31 58 
  -31 62 
  -31 66 
  -31 74 
  -31 76 
  -31 78 
  -31 81 
  -31 88 
  -30 -84 
  -30 -78 
  -30 -72 
  -30 -69 
  -30 -60 
  -30 -44 
  -30 -33 
  -30 -18 
  -30 -2 
  -30 8 
  -30 9 
  -30 12 
  -30 25 
  -30 28 
  -30 44 
  -30 63 
  -30 78 
  -30 86 
  -30 90 
  -29 -89 
  -29 -81 
  -29 -74 
  -29 -69 
  -29 -66 
  -29 -58 
  -29 -52 
  -29 -50 
  -29 -34 
  -29 -26 
  -29 -23 
  -29 2 
  -29 13 
  -29 16 
  -29 19 
  -29 24 
  -29 48 
  -29 51 
  -29 61 
  -29 62 
  -29 75 
  -29 90 
  -29 91 
  -28 -74 
  -28 -70 
  -28 -63 
  -28 -55 
  -28 -54 
  -28 -46 
  -28 -45 
  -28 -33 
  -28 -24 
  -28 -15 
  -28 -14 
  -28 -12 
  -28 -3 
  -28 1 
  -28 7 
  -28 9 
  -28 15 
  -28 20 
  -28 25 
  -28 29 
  -28 56 
  -28 65 
  -28 66 
  -28 72 
  -28 73 
  -28 78 
  -28 79 
  -28 80 
  -28 88 
  -27 -92 
  -27 -79 
  -27 -78 
  -27 -71 
  -27 -48 
  -27 -43 
  -27 -37 
  -27 -31 
  -27 -24 
  -27 -22 
  -27 -11 
  -27 -1 
  -27 5 
  -27 6 
  -27 8 
  -27 11 
  -27 16 
  -27 34 
  -27 44 
  -27 68 
  -27 84 
  -26 -86 
  -26 -63 
  -26 -56 
  -26 -50 
  -26 -49 
  -26 -31 
  -26 -17 
  -26 -16 
  -26 -12 
  -26 -5 
  -26 2 
  -26 4 
  -26 14 
  -26 28 
  -26 40 
  -26 48 
  -26 49 
  -26 54 
  -26 55 
  -26 57 
  -25 -48 
  -25 -47 
  -25 -15 
  -25 -8 
  -25 12 
  -25 14 
  -25 15 
  -25 31 
  -25 32 
  -25 53 
  -25 60 
  -25 86 
  -24 -67 
  -24 -60 
  -24 -38 
  -24 -36 
  -24 -20 
  -24 -10 
  -24 -8 
  -24 -2 
  -24 0 
  -24 28 
  -24 32 
  -24 41 
  -24 44 
  -24 49 
  -24 53 
  -24 58 
  -24 61 
  -24 69 
  -24 73 
  -24 80 
  -24 94 
  -23 -95 
  -23 -91 
  -23 -88 
  -23 -81 
  -23 -74 
  -23 -63 
  -23 -56 
  -23 -55 
  -23 -53 
  -23 -31 
  -23 -30 
  -23 -19 
  -23 -16 
  -23 -10 
  -23 -9 
  -23 7 
  -23 8 
  -23 11 
  -23 24 
  -23 29 
  -23 38 
  -23 43 
  -23 58 
  -23 60 
  -23 63 
  -23 64 
  -23 65 
  -23 72 
  -23 78 
  -22 -92 
  -22 -88 
  -22 -84 
  -22 -78 
  -22 -76 
  -22 -63 
  -22 -58 
  -22 -41 
  -22 -40 
  -22 -37 
  -22 -35 
  -22 -20 
  -22 -14 
  -22 -13 
  -22 -6 
  -22 -2 
  -22 6 
  -22 23 
  -22 50 
  -22 51 
  -22 58 
  -22 60 
  -22 70 
  -22 72 
  -22 84 
  -21 -90 
  -21 -79 
  -21 -70 
  -21 -67 
  -21 -56 
  -21 -55 
  -21 -41 
  -21 -36 
  -21 -35 
  -21 -28 
  -21 -20 
  -21 -15 
  -21 -11 
  -21 3 
  -21 16 
  -21 28 
  -21 29 
  -21 36 
  -21 42 
  -21 49 
  -21 61 
  -21 65 
  -21 67 
  -21 69 
  -21 84 
  -21 89 
  -21 90 
  -20 -98 
  -20 -91 
  -20 -89 
  -20 -85 
  -20 -84 
  -20 -80 
  -20 -78 
  -20 -70 
  -20 -67 
  -20 -62 
  -20 -61 
  -20 -47 
  -20 -46 
  -20 -45 
  -20 -25 
  -20 -23 
  -20 -18 
  -20 -5 
  -20 1 
  -20 8 
  -20 34 
  -20 50 
  -20 55 
  -20 82 
  -20 91 
  -20 95 
  -19 -96 
  -19 -83 
  -19 -80 
  -19 -73 
  -19 -64 
  -19 -58 
  -19 -51 
  -19 -50 
  -19 -33 
  -19 -28 
  -19 -23 
  -19 -19 
  -19 -12 
  -19 -10 
  -19 -6 
  -19 -2 
  -19 3 
  -19 12 
  -19 18 
  -19 21 
  -19 23 
  -19 29 
  -19 30 
  -19 48 
  -19 51 
  -19 52 
  -19 61 
  -19 80 
  -19 86 
  -19 94 
  -19 97 
  -18 -68 
  -18 -55 
  -18 -50 
  -18 -46 
  -18 -27 
  -18 -22 
  -18 -14 
  -18 -13 
  -18 -11 
  -18 -2 
  -18 13 
  -18 22 
  -18 28 
  -18 31 
  -18 34 
  -18 37 
  -18 46 
  -18 55 
  -18 56 
  -18 59 
  -18 60 
  -18 82 
  -18 87 
  -18 88 
  -18 90 
  -18 91 
  -17 -90 
  -17 -87 
  -17 -76 
  -17 -65 
  -17 -62 
  -17 -38 
  -17 -35 
  -17 -25 
  -17 -23 
  -17 -11 
  -17 -9 
  -17 28 
  -17 33 
  -17 46 
  -17 48 
  -17 51 
  -17 68 
  -17 77 
  -17 97 
  -16 -96 
  -16 -88 
  -16 -84 
  -16 -74 
  -16 -47 
  -16 -40 
  -16 -34 
  -16 -29 
  -16 -12 
  -16 -10 
  -16 -9 
  -16 8 
  -16 11 
  -16 14 
  -16 19 
  -16 20 
  -16 29 
  -16 53 
  -16 56 
  -16 66 
  -16 69 
  -16 72 
  -16 79 
  -16 92 
  -16 96 
  -15 -100 
  -15 -97 
  -15 -72 
  -15 -71 
  -15 -70 
  -15 -62 
  -15 -40 
  -15 -33 
  -15 -31 
  -15 -22 
  -15 -21 
  -15 -20 
  -15 -9 
  -15 -8 
  -15 -7 
  -15 10 
  -15 16 
  -15 19 
  -15 22 
  -15 35 
  -15 37 
  -15 41 
  -15 59 
  -15 73 
  -14 -90 
  -14 -88 
  -14 -86 
  -14 -84 
  -14 -74 
  -14 -50 
  -14 -42 
  -14 -38 
  -14 -32 
  -14 -16 
  -14 -13 
  -14 -6 
  -14 -4 
  -14 7 
  -14 8 
  -14 16 
  -14 17 
  -14 30 
  -14 33 
  -14 58 
  -14 60 
  -14 76 
  -14 79 
  -14 80 
  -14 96 
  -14 97 
  -13 -88 
  -13 -86 
  -13 -59 
  -13 -51 
  -13 -50 
  -13 -41 
  -13 -33 
  -13 -31 
  -13 -23 
  -13 -14 
  -13 -13 
  -13 -12 
  -13 -10 
  -13 -7 
  -13 -3 
  -13 2 
  -13 6 
  -13 7 
  -13 18 
  -13 22 
  -13 23 
  -13 26 
  -13 33 
  -13 39 
  -13 42 
  -13 54 
  -13 58 
  -13 60 
  -13 61 
  -13 63 
  -13 66 
  -13 70 
  -13 76 
  -13 79 
  -13 81 
  -13 85 
  -12 -101 
  -12 -91 
  -12 -80 
  -12 -79 
  -12 -74 
  -12 -54 
  -12 -50 
  -12 -43 
  -12 -41 
  -12 -19 
  -12 -11 
  -12 -10 
  -12 -8 
  -12 22 
  -12 34 
  -12 39 
  -12 42 
  -12 43 
  -12 52 
  -12 54 
  -12 57 
  -12 73 
  -12 76 
  -12 86 
  -11 -90 
  -11 -86 
  -11 -78 
  -11 -74 
  -11 -73 
  -11 -64 
  -11 -47 
  -11 -40 
  -11 -37 
  -11 -21 
  -11 -17 
  -11 -16 
  -11 -14 
  -11 -2 
  -11 14 
  -11 23 
  -11 32 
  -11 47 
  -11 48 
  -11 52 
  -11 63 
  -11 66 
  -11 75 
  -11 84 
  -11 85 
  -11 86 
  -11 89 
  -11 92 
  -11 94 
  -11 96 
  -11 97 
  -10 -102 
  -10 -101 
  -10 -100 
  -10 -98 
  -10 -91 
  -10 -85 
  -10 -77 
  -10 -71 
  -10 -69 
  -10 -66 
  -10 -64 
  -10 -59 
  -10 -58 
  -10 -48 
  -10 -47 
  -10 -42 
  -10 -36 
  -10 -33 
  -10 -27 
  -10 -22 
  -10 1 
  -10 2 
  -10 6 
  -10 17 
  -10 22 
  -10 32 
  -10 48 
  -10 49 
  -10 53 
  -10 59 
  -10 85 
  -9 -89 
  -9 -88 
  -9 -80 
  -9 -76 
  -9 -67 
  -9 -59 
  -9 -55 
  -9 -46 
  -9 -43 
  -9 -34 
  -9 -14 
  -9 -12 
  -9 13 
  -9 22 
  -9 24 
  -9 33 
  -9 34 
  -9 46 
  -9 50 
  -9 53 
  -9 61 
  -9 80 
  -9 83 
  -9 98 
  -9 100 
  -8 -100 
  -8 -97 
  -8 -94 
  -8 -92 
  -8 -87 
  -8 -77 
  -8 -55 
  -8 -47 
  -8 -46 
  -8 -45 
  -8 -44 
  -8 -41 
  -8 -40 
  -8 -37 
  -8 -35 
  -8 -17 
  -8 -12 
  -8 -10 
  -8 -3 
  -8 11 
  -8 25 
  -8 30 
  -8 32 
  -8 38 
  -8 44 
  -8 77 
  -8 78 
  -8 80 
  -8 87 
  -8 93 
  -7 -103 
  -7 -98 
  -7 -85 
  -7 -75 
  -7 -74 
  -7 -66 
  -7 -47 
  -7 -38 
  -7 -14 
  -7 -4 
  -7 12 
  -7 15 
  -7 20 
  -7 28 
  -7 35 
  -7 40 
  -7 45 
  -7 55 
  -7 56 
  -7 63 
  -7 78 
  -7 99 
  -6 -88 
  -6 -78 
  -6 -63 
  -6 -57 
  -6 -56 
  -6 -53 
  -6 -49 
  -6 -37 
  -6 -31 
  -6 -30 
  -6 -24 
  -6 -22 
  -6 -13 
  -6 28 
  -6 44 
  -6 48 
  -6 60 
  -6 64 
  -6 70 
  -6 71 
  -6 80 
  -6 91 
  -6 92 
  -5 -95 
  -5 -76 
  -5 -65 
  -5 -54 
  -5 -46 
  -5 -37 
  -5 -36 
  -5 -32 
  -5 -18 
  -5 -10 
  -5 -2 
  -5 5 
  -5 8 
  -5 15 
  -5 31 
  -5 32 
  -5 43 
  -5 57 
  -5 68 
  -5 71 
  -5 74 
  -5 76 
  -5 87 
  -4 -80 
  -4 -68 
  -4 -56 
  -4 -48 
  -4 -47 
  -4 -19 
  -4 -7 
  -4 13 
  -4 17 
  -4 18 
  -4 24 
  -4 28 
  -4 29 
  -4 43 
  -4 48 
  -4 53 
  -4 55 
  -4 59 
  -4 66 
  -4 82 
  -4 86 
  -4 97 
  -4 100 
  -3 -98 
  -3 -96 
  -3 -86 
  -3 -82 
  -3 -77 
  -3 -70 
  -3 -66 
  -3 -62 
  -3 -60 
  -3 -49 
  -3 -46 
  -3 -40 
  -3 -29 
  -3 -4 
  -3 -3 
  -3 2 
  -3 3 
  -3 6 
  -3 8 
  -3 9 
  -3 17 
  -3 20 
  -3 24 
  -3 28 
  -3 30 
  -3 44 
  -3 45 
  -3 46 
  -3 63 
  -3 67 
  -3 70 
  -3 79 
  -3 80 
  -3 91 
  -3 98 
  -2 -90 
  -2 -84 
  -2 -70 
  -2 -66 
  -2 -31 
  -2 -30 
  -2 -23 
  -2 -22 
  -2 -20 
  -2 -18 
  -2 -16 
  -2 -12 
  -2 -5 
  -2 2 
  -2 4 
  -2 7 
  -2 10 
  -2 17 
  -2 32 
  -2 43 
  -2 45 
  -2 54 
  -2 67 
  -2 70 
  -2 72 
  -2 80 
  -2 91 
  -2 98 
  -1 -88 
  -1 -85 
  -1 -77 
  -1 -70 
  -1 -54 
  -1 -53 
  -1 -51 
  -1 -47 
  -1 -42 
  -1 -39 
  -1 -32 
  -1 -31 
  -1 -29 
  -1 -24 
  -1 -21 
  -1 -19 
  -1 -7 
  -1 -6 
  -1 -1 
  -1 2 
  -1 13 
  -1 17 
  -1 22 
  -1 35 
  -1 36 
  -1 45 
  -1 50 
  -1 54 
  -1 58 
  -1 62 
  -1 68 
  -1 75 
  -1 76 
  -1 79 
  -1 81 
  -1 98 
  0 -100 
  0 -96 
  0 -87 
  0 -85 
  0 -77 
  0 -60 
  0 -44 
  0 -43 
  0 -38 
  0 -26 
  0 -22 
  0 -16 
  0 -8 
  0 -7 
  0 3 
  0 18 
  0 25 
  0 34 
  0 45 
  0 54 
  0 60 
  0 69 
  0 73 
  0 77 
  0 84 
  0 88 
  0 92 
  0 94 
  0 98 
  0 100 
  1 -98 
  1 -97 
  1 -87 
  1 -85 
  1 -76 
  1 -73 
  1 -67 
  1 -62 
  1 -55 
  1 -39 
  1 -28 
  1 -25 
  1 -23 
  1 -4 
  1 0 
  1 3 
  1 9 
  1 15 
  1 39 
  1 40 
  1 45 
  1 47 
  1 55 
  1 61 
  1 74 
  1 90 
  2 -98 
  2 -87 
  2 -86 
  2 -81 
  2 -80 
  2 -79 
  2 -77 
  2 -75 
  2 -69 
  2 -63 
  2 -62 
  2 -57 
  2 -50 
  2 -39 
  2 -19 
  2 -2 
  2 1 
  2 13 
  2 14 
  2 15 
  2 17 
  2 22 
  2 39 
  2 41 
  2 50 
  2 52 
  2 54 
  2 58 
  2 66 
  2 67 
  2 77 
  2 81 
  3 -93 
  3 -76 
  3 -73 
  3 -70 
  3 -52 
  3 -48 
  3 -45 
  3 -39 
  3 -33 
  3 -24 
  3 15 
  3 20 
  3 21 
  3 30 
  3 47 
  3 57 
  3 60 
  3 65 
  3 67 
  3 72 
  3 82 
  3 84 
  3 91 
  3 93 
  3 98 
  4 -99 
  4 -84 
  4 -72 
  4 -61 
  4 -33 
  4 -28 
  4 -25 
  4 34 
  4 37 
  4 44 
  4 49 
  4 64 
  4 66 
  4 71 
  4 76 
  4 77 
  5 -103 
  5 -101 
  5 -82 
  5 -79 
  5 -77 
  5 -59 
  5 -48 
  5 -46 
  5 -38 
  5 -28 
  5 -22 
  5 -17 
  5 -11 
  5 -4 
  5 11 
  5 30 
  5 45 
  5 46 
  5 57 
  5 62 
  5 76 
  5 91 
  6 -103 
  6 -102 
  6 -93 
  6 -85 
  6 -79 
  6 -75 
  6 -46 
  6 -43 
  6 -21 
  6 -13 
  6 2 
  6 3 
  6 10 
  6 22 
  6 34 
  6 37 
  6 52 
  6 55 
  6 59 
  6 62 
  6 64 
  6 87 
  6 91 
  6 92 
  6 96 
  7 -97 
  7 -78 
  7 -33 
  7 -31 
  7 -28 
  7 -25 
  7 -19 
  7 -18 
  7 -10 
  7 -8 
  7 -2 
  7 5 
  7 14 
  7 24 
  7 34 
  7 38 
  7 39 
  7 47 
  7 56 
  7 61 
  7 70 
  7 95 
  8 -70 
  8 -51 
  8 -49 
  8 -47 
  8 -40 
  8 -27 
  8 -23 
  8 -11 
  8 -10 
  8 -5 
  8 -1 
  8 12 
  8 16 
  8 25 
  8 29 
  8 30 
  8 43 
  8 51 
  8 53 
  8 62 
  8 69 
  8 76 
  8 88 
  9 -103 
  9 -102 
  9 -81 
  9 -69 
  9 -65 
  9 -62 
  9 -60 
  9 -59 
  9 -57 
  9 -53 
  9 -49 
  9 -45 
  9 -40 
  9 -31 
  9 -15 
  9 0 
  9 1 
  9 7 
  9 24 
  9 26 
  9 33 
  9 49 
  9 52 
  9 58 
  9 65 
  9 72 
  9 79 
  9 83 
  9 86 
  10 -88 
  10 -74 
  10 -71 
  10 -68 
  10 -62 
  10 -61 
  10 -59 
  10 -51 
  10 -46 
  10 -35 
  10 -25 
  10 -16 
  10 -6 
  10 -4 
  10 4 
  10 5 
  10 12 
  10 25 
  10 32 
  10 41 
  10 44 
  10 61 
  10 82 
  10 94 
  11 -80 
  11 -50 
  11 -49 
  11 -39 
  11 -35 
  11 -23 
  11 -21 
  11 -12 
  11 2 
  11 4 
  11 17 
  11 22 
  11 36 
  11 41 
  11 44 
  11 54 
  11 55 
  11 56 
  11 63 
  11 65 
  11 98 
  12 -92 
  12 -88 
  12 -87 
  12 -83 
  12 -81 
  12 -75 
  12 -74 
  12 -71 
  12 -56 
  12 -39 
  12 -36 
  12 -30 
  12 -26 
  12 -25 
  12 -18 
  12 -14 
  12 -3 
  12 2 
  12 14 
  12 38 
  12 50 
  12 65 
  12 81 
  12 83 
  12 85 
  12 92 
  12 99 
  13 -64 
  13 -54 
  13 -47 
  13 -36 
  13 -26 
  13 -19 
  13 -7 
  13 -1 
  13 3 
  13 5 
  13 7 
  13 15 
  13 31 
  13 37 
  13 48 
  13 57 
  13 62 
  13 63 
  13 67 
  13 69 
  13 74 
  13 75 
  13 81 
  13 87 
  14 -100 
  14 -96 
  14 -90 
  14 -80 
  14 -53 
  14 -44 
  14 -42 
  14 -41 
  14 -40 
  14 -33 
  14 -17 
  14 4 
  14 26 
  14 33 
  14 40 
  14 43 
  14 55 
  14 58 
  14 63 
  14 65 
  14 69 
  14 70 
  14 87 
  14 88 
  14 95 
  15 -99 
  15 -75 
  15 -73 
  15 -69 
  15 -61 
  15 -47 
  15 -41 
  15 -36 
  15 -30 
  15 -29 
  15 -27 
  15 -17 
  15 16 
  15 29 
  15 37 
  15 52 
  15 73 
  15 97 
  16 -96 
  16 -87 
  16 -84 
  16 -82 
  16 -80 
  16 -78 
  16 -73 
  16 -69 
  16 -59 
  16 -56 
  16 -36 
  16 -33 
  16 -31 
  16 -24 
  16 -22 
  16 -17 
  16 -9 
  16 -4 
  16 0 
  16 11 
  16 16 
  16 19 
  16 29 
  16 31 
  16 41 
  16 44 
  16 50 
  16 54 
  16 61 
  16 63 
  16 66 
  16 67 
  16 76 
  16 79 
  16 83 
  16 84 
  16 98 
  17 -97 
  17 -90 
  17 -88 
  17 -73 
  17 -69 
  17 -58 
  17 -53 
  17 -36 
  17 -34 
  17 -32 
  17 -31 
  17 -28 
  17 -15 
  17 -13 
  17 -6 
  17 -4 
  17 -1 
  17 0 
  17 15 
  17 21 
  17 29 
  17 39 
  17 55 
  17 67 
  17 75 
  17 89 
  17 90 
  17 95 
  18 -96 
  18 -95 
  18 -93 
  18 -81 
  18 -75 
  18 -72 
  18 -62 
  18 -60 
  18 -55 
  18 -51 
  18 -45 
  18 -44 
  18 -42 
  18 -40 
  18 -35 
  18 -16 
  18 -13 
  18 -8 
  18 1 
  18 19 
  18 20 
  18 29 
  18 34 
  18 46 
  18 47 
  18 55 
  18 57 
  18 64 
  18 65 
  18 94 
  18 96 
  18 98 
  19 -92 
  19 -91 
  19 -82 
  19 -59 
  19 -45 
  19 -44 
  19 -33 
  19 -30 
  19 -4 
  19 0 
  19 10 
  19 15 
  19 18 
  19 19 
  19 21 
  19 34 
  19 44 
  19 52 
  19 55 
  19 68 
  19 72 
  19 98 
  20 -92 
  20 -91 
  20 -67 
  20 -49 
  20 -17 
  20 -12 
  20 -3 
  20 7 
  20 31 
  20 35 
  20 41 
  20 56 
  20 57 
  20 63 
  20 65 
  20 66 
  20 76 
  20 84 
  20 89 
  20 90 
  20 91 
  20 96 
  21 -88 
  21 -87 
  21 -83 
  21 -71 
  21 -61 
  21 -60 
  21 -51 
  21 -47 
  21 -43 
  21 -39 
  21 -36 
  21 -25 
  21 -18 
  21 -15 
  21 -11 
  21 19 
  21 22 
  21 31 
  21 33 
  21 48 
  21 51 
  21 53 
  21 56 
  21 66 
  21 71 
  21 82 
  21 91 
  22 -96 
  22 -86 
  22 -82 
  22 -80 
  22 -59 
  22 -39 
  22 -38 
  22 -33 
  22 -8 
  22 -1 
  22 0 
  22 11 
  22 26 
  22 38 
  22 42 
  22 58 
  22 64 
  22 69 
  22 70 
  22 90 
  22 92 
  23 -95 
  23 -94 
  23 -85 
  23 -81 
  23 -70 
  23 -66 
  23 -65 
  23 -61 
  23 -57 
  23 -53 
  23 -35 
  23 -23 
  23 -11 
  23 -9 
  23 26 
  23 37 
  23 48 
  23 68 
  23 70 
  23 71 
  23 76 
  23 94 
  24 -88 
  24 -80 
  24 -53 
  24 -52 
  24 -46 
  24 -35 
  24 -32 
  24 -28 
  24 -19 
  24 -3 
  24 -2 
  24 10 
  24 14 
  24 15 
  24 20 
  24 39 
  24 55 
  24 64 
  24 82 
  24 92 
  25 -91 
  25 -83 
  25 -80 
  25 -79 
  25 -77 
  25 -58 
  25 -53 
  25 -52 
  25 -51 
  25 -48 
  25 -40 
  25 -39 
  25 -27 
  25 -24 
  25 -17 
  25 -10 
  25 -2 
  25 5 
  25 9 
  25 28 
  25 29 
  25 46 
  25 50 
  25 55 
  25 83 
  25 86 
  26 -90 
  26 -89 
  26 -75 
  26 -62 
  26 -61 
  26 -50 
  26 -30 
  26 -28 
  26 -20 
  26 -6 
  26 -3 
  26 5 
  26 6 
  26 9 
  26 18 
  26 46 
  26 66 
  26 70 
  26 89 
  27 -56 
  27 -29 
  27 -28 
  27 -24 
  27 -23 
  27 -21 
  27 -19 
  27 -8 
  27 -4 
  27 1 
  27 7 
  27 14 
  27 25 
  27 33 
  27 45 
  27 55 
  27 62 
  27 67 
  27 69 
  27 73 
  27 79 
  28 -92 
  28 -85 
  28 -81 
  28 -66 
  28 -56 
  28 -55 
  28 -54 
  28 -15 
  28 -9 
  28 -1 
  28 34 
  28 37 
  28 38 
  28 61 
  28 72 
  28 83 
  29 -89 
  29 -88 
  29 -83 
  29 -69 
  29 -51 
  29 -50 
  29 -43 
  29 -36 
  29 -32 
  29 -31 
  29 -21 
  29 -17 
  29 -12 
  29 -2 
  29 2 
  29 3 
  29 11 
  29 14 
  29 20 
  29 25 
  29 32 
  29 34 
  29 44 
  29 71 
  29 79 
  29 80 
  29 81 
  30 -90 
  30 -86 
  30 -72 
  30 -69 
  30 -68 
  30 -66 
  30 -59 
  30 -40 
  30 -35 
  30 -22 
  30 -17 
  30 0 
  30 1 
  30 9 
  30 14 
  30 24 
  30 28 
  30 33 
  30 34 
  30 36 
  30 42 
  30 46 
  30 50 
  30 53 
  30 67 
  30 68 
  30 84 
  30 88 
  31 -85 
  31 -64 
  31 -52 
  31 -45 
  31 -43 
  31 -37 
  31 -15 
  31 -14 
  31 -12 
  31 -3 
  31 8 
  31 13 
  31 14 
  31 23 
  31 28 
  31 29 
  31 38 
  31 45 
  31 49 
  31 64 
  31 66 
  31 79 
  31 82 
  31 87 
  32 -88 
  32 -85 
  32 -83 
  32 -79 
  32 -78 
  32 -72 
  32 -69 
  32 -67 
  32 -65 
  32 -60 
  32 -57 
  32 -48 
  32 -40 
  32 -33 
  32 -32 
  32 -24 
  32 -23 
  32 -14 
  32 -4 
  32 1 
  32 2 
  32 10 
  32 19 
  32 28 
  32 35 
  32 41 
  32 53 
  32 56 
  32 70 
  32 73 
  32 84 
  33 -88 
  33 -83 
  33 -82 
  33 -80 
  33 -77 
  33 -74 
  33 -67 
  33 -65 
  33 -58 
  33 -57 
  33 -49 
  33 -15 
  33 -8 
  33 41 
  33 53 
  33 74 
  33 77 
  33 79 
  33 87 
  34 -86 
  34 -71 
  34 -68 
  34 -45 
  34 -43 
  34 -41 
  34 -37 
  34 -14 
  34 -9 
  34 -2 
  34 0 
  34 4 
  34 5 
  34 13 
  34 28 
  34 36 
  34 48 
  34 58 
  34 61 
  34 66 
  34 71 
  34 87 
  35 -86 
  35 -59 
  35 -52 
  35 -38 
  35 -37 
  35 -23 
  35 -18 
  35 -14 
  35 -7 
  35 17 
  35 62 
  35 67 
  35 84 
  36 -80 
  36 -78 
  36 -63 
  36 -59 
  36 -50 
  36 -43 
  36 -23 
  36 -16 
  36 -11 
  36 -6 
  36 -5 
  36 5 
  36 25 
  36 38 
  36 45 
  36 80 
  37 -66 
  37 -61 
  37 -50 
  37 -47 
  37 -43 
  37 -38 
  37 -37 
  37 -32 
  37 -31 
  37 -19 
  37 12 
  37 17 
  37 19 
  37 28 
  37 31 
  37 34 
  37 46 
  37 49 
  37 50 
  37 52 
  37 54 
  37 69 
  37 77 
  37 83 
  38 -82 
  38 -81 
  38 -77 
  38 -76 
  38 -51 
  38 -35 
  38 -29 
  38 -26 
  38 -21 
  38 -14 
  38 -3 
  38 -2 
  38 3 
  38 4 
  38 10 
  38 12 
  38 53 
  38 59 
  38 69 
  38 72 
  38 76 
  38 77 
  38 81 
  39 -63 
  39 -59 
  39 -55 
  39 -53 
  39 -51 
  39 -44 
  39 -43 
  39 -32 
  39 -16 
  39 8 
  39 21 
  39 22 
  39 24 
  39 25 
  39 27 
  39 29 
  39 30 
  39 32 
  39 35 
  39 40 
  39 43 
  39 57 
  39 59 
  39 71 
  40 -77 
  40 -73 
  40 -71 
  40 -65 
  40 -64 
  40 -44 
  40 -33 
  40 -16 
  40 -2 
  40 2 
  40 9 
  40 14 
  40 35 
  40 36 
  40 38 
  40 51 
  40 78 
  41 -69 
  41 -68 
  41 -66 
  41 -62 
  41 -54 
  41 -44 
  41 -35 
  41 -34 
  41 -28 
  41 -27 
  41 -9 
  41 -5 
  41 -3 
  41 19 
  41 29 
  41 34 
  41 57 
  41 69 
  41 71 
  42 -71 
  42 -63 
  42 -55 
  42 -41 
  42 -25 
  42 -21 
  42 -18 
  42 -15 
  42 0 
  42 19 
  42 23 
  42 26 
  42 33 
  42 38 
  42 39 
  42 44 
  42 57 
  42 61 
  43 -69 
  43 -68 
  43 -64 
  43 -60 
  43 -51 
  43 -26 
  43 2 
  43 7 
  43 13 
  43 20 
  43 28 
  43 35 
  43 48 
  43 51 
  43 57 
  44 -72 
  44 -70 
  44 -46 
  44 -40 
  44 -27 
  44 -22 
  44 -20 
  44 -17 
  44 -11 
  44 12 
  44 27 
  44 31 
  44 35 
  44 63 
  45 -71 
  45 -68 
  45 -59 
  45 -52 
  45 -38 
  45 -32 
  45 -28 
  45 -18 
  45 -11 
  45 -9 
  45 -3 
  45 3 
  45 9 
  45 29 
  45 30 
  45 31 
  45 40 
  45 51 
  45 59 
  45 66 
  45 71 
  46 -65 
  46 -60 
  46 -56 
  46 -54 
  46 -47 
  46 -37 
  46 -32 
  46 -16 
  46 -13 
  46 -7 
  46 4 
  46 5 
  46 12 
  46 19 
  46 34 
  46 43 
  46 56 
  46 58 
  46 63 
  46 72 
  47 -64 
  47 -60 
  47 -58 
  47 -57 
  47 -40 
  47 -37 
  47 -36 
  47 -33 
  47 -25 
  47 4 
  47 5 
  47 18 
  47 21 
  47 23 
  47 34 
  47 36 
  47 44 
  47 56 
  47 64 
  48 -59 
  48 -55 
  48 -43 
  48 -33 
  48 -17 
  48 -15 
  48 -11 
  48 -3 
  48 14 
  48 17 
  48 38 
  48 43 
  48 56 
  49 -65 
  49 -46 
  49 -44 
  49 -25 
  49 -9 
  49 0 
  49 4 
  49 6 
  49 44 
  49 48 
  49 66 
  50 -49 
  50 -45 
  50 -25 
  50 -14 
  50 -12 
  50 -9 
  50 -6 
  50 2 
  50 39 
  50 41 
  50 61 
  51 -61 
  51 -58 
  51 -56 
  51 -41 
  51 -34 
  51 -21 
  51 -9 
  51 -4 
  51 10 
  51 18 
  51 19 
  51 23 
  51 38 
  51 40 
  51 42 
  51 46 
  51 48 
  51 56 
  52 -42 
  52 -37 
  52 -35 
  52 -28 
  52 -26 
  52 -22 
  52 -2 
  52 0 
  52 1 
  52 11 
  52 12 
  52 13 
  52 20 
  52 35 
  52 46 
  53 -50 
  53 -46 
  53 -40 
  53 -38 
  53 -29 
  53 -23 
  53 -17 
  53 3 
  53 16 
  53 33 
  53 45 
  53 52 
  53 54 
  54 -51 
  54 -35 
  54 -34 
  54 -28 
  54 -7 
  54 -3 
  54 -2 
  54 1 
  54 5 
  54 26 
  54 28 
  54 46 
  54 55 
  55 -53 
  55 -47 
  55 -39 
  55 -28 
  55 -26 
  55 -23 
  55 -4 
  55 -1 
  55 1 
  55 26 
  55 28 
  55 30 
  55 34 
  55 40 
  55 45 
  55 55 
  56 -33 
  56 -30 
  56 -17 
  56 -10 
  56 17 
  56 26 
  56 32 
  57 -33 
  57 -28 
  57 -24 
  57 0 
  57 16 
  57 23 
  57 39 
  57 43 
  57 45 
  58 -44 
  58 -36 
  58 -12 
  58 12 
  58 14 
  58 16 
  58 19 
  58 30 
  58 33 
  58 35 
  58 44 
  59 -43 
  59 -37 
  59 -33 
  59 -32 
  59 -31 
  59 -28 
  59 -24 
  59 -13 
  59 -12 
  59 -5 
  59 11 
  59 13 
  59 14 
  59 22 
  59 32 
  59 33 
  60 -35 
  60 -31 
  60 -26 
  60 12 
  60 14 
  60 29 
  60 40 
  61 -30 
  61 -26 
  61 -19 
  61 -13 
  61 1 
  61 2 
  61 8 
  61 10 
  61 12 
  61 17 
  61 26 
  61 34 
  62 -31 
  62 -30 
  62 -25 
  62 -18 
  62 -15 
  62 -2 
  62 10 
  62 13 
  63 -21 
  63 -16 
  63 -12 
  63 5 
  63 17 
  64 -18 
  64 -13 
  64 -6 
  64 -5 
  64 13 
  64 17 
  64 19 
  65 -10 
  65 -8 
  65 -1 
  65 9 
  -64 -2 
  -64 4 
  -63 -1 
  -63 12 
  -63 15 
  -62 -11 
  -62 -7 
  -62 1 
  -62 5 
  -62 8 
  -62 9 
  -62 21 
  -61 -27 
  -61 -12 
  -61 -4 
  -61 -3 
  -61 3 
  -61 12 
  -61 20 
  -61 25 
  -61 26 
  -61 28 
  -60 -33 
  -60 -27 
  -60 -25 
  -60 -19 
  -60 -17 
  -60 3 
  -60 7 
  -59 -36 
  -59 -31 
  -59 -25 
  -59 -19 
  -59 3 
  -59 4 
  -59 11 
  -59 13 
  -59 17 
  -59 18 
  -59 27 
  -58 -44 
  -58 -30 
  -58 -29 
  -58 -27 
  -58 -14 
  -58 -1 
  -58 0 
  -58 3 
  -58 25 
  -58 36 
  -57 -39 
  -57 -31 
  -57 -24 
  -57 -23 
  -57 -20 
  -57 -16 
  -57 -14 
  -57 -4 
  -57 4 
  -57 18 
  -57 25 
  -57 30 
  -57 46 
  -56 -20 
  -56 -6 
  -56 -2 
  -56 14 
  -56 15 
  -56 21 
  -56 25 
  -56 32 
  -56 42 
  -56 43 
  -55 -52 
  -55 -50 
  -55 -49 
  -55 -43 
  -55 -42 
  -55 -36 
  -55 -34 
  -55 5 
  -55 28 
  -55 32 
  -55 35 
  -55 36 
  -55 39 
  -54 -40 
  -54 -35 
  -54 -31 
  -54 -29 
  -54 -27 
  -54 -20 
  -54 -11 
  -54 -2 
  -54 5 
  -54 14 
  -54 16 
  -54 18 
  -53 -52 
  -53 -47 
  -53 -43 
  -53 -34 
  -53 -32 
  -53 -22 
  -53 -16 
  -53 -5 
  -53 1 
  -53 29 
  -53 40 
  -53 50 
  -52 -53 
  -52 -32 
  -52 -31 
  -52 -13 
  -52 8 
  -52 20 
  -52 28 
  -52 40 
  -52 49 
  -52 58 
  -51 -49 
  -51 -39 
  -51 -31 
  -51 -26 
  -51 -14 
  -51 -9 
  -51 -1 
  -51 9 
  -51 15 
  -51 44 
  -51 46 
  -51 52 
  -51 54 
  -51 55 
  -50 -41 
  -50 -40 
  -50 -33 
  -50 -28 
  -50 -23 
  -50 -17 
  -50 4 
  -50 16 
  -50 28 
  -50 38 
  -50 44 
  -50 46 
  -50 60 
  -49 -65 
  -49 -35 
  -49 -27 
  -49 -25 
  -49 -19 
  -49 -7 
  -49 -2 
  -49 -1 
  -49 4 
  -49 28 
  -49 29 
  -49 56 
  -49 59 
  -49 64 
  -48 -68 
  -48 -51 
  -48 -47 
  -48 -29 
  -48 -23 
  -48 -6 
  -48 0 
  -48 6 
  -48 7 
  -48 19 
  -48 20 
  -48 24 
  -48 26 
  -48 29 
  -48 30 
  -48 36 
  -48 48 
  -48 53 
  -48 64 
  -47 -67 
  -47 -65 
  -47 -64 
  -47 -59 
  -47 -54 
  -47 -43 
  -47 -42 
  -47 -41 
  -47 -34 
  -47 -28 
  -47 -25 
  -47 -22 
  -47 -14 
  -47 -10 
  -47 -3 
  -47 14 
  -47 16 
  -47 19 
  -47 24 
  -47 37 
  -47 39 
  -47 50 
  -47 51 
  -47 57 
  -47 62 
  -46 -63 
  -46 -61 
  -46 -56 
  -46 -55 
  -46 -52 
  -46 -33 
  -46 -30 
  -46 -27 
  -46 -26 
  -46 -22 
  -46 -21 
  -46 -2 
  -46 4 
  -46 6 
  -46 14 
  -46 25 
  -46 30 
  -46 34 
  -46 38 
  -46 39 
  -46 42 
  -46 46 
  -46 50 
  -46 60 
  -46 62 
  -46 65 
  -46 69 
  -45 -52 
  -45 -43 
  -45 -32 
  -45 -28 
  -45 -23 
  -45 -10 
  -45 -5 
  -45 6 
  -45 8 
  -45 17 
  -45 20 
  -45 33 
  -45 38 
  -45 41 
  -45 60 
  -44 -74 
  -44 -64 
  -44 -50 
  -44 -48 
  -44 -36 
  -44 -23 
  -44 -19 
  -44 -12 
  -44 -9 
  -44 -5 
  -44 -4 
  -44 1 
  -44 3 
  -44 5 
  -44 18 
  -44 22 
  -44 28 
  -44 45 
  -44 63 
  -44 65 
  -43 -70 
  -43 -66 
  -43 -60 
  -43 -45 
  -43 -44 
  -43 -39 
  -43 -37 
  -43 -36 
  -43 -34 
  -43 -30 
  -43 -23 
  -43 -12 
  -43 -5 
  -43 -4 
  -43 -3 
  -43 16 
  -43 23 
  -43 29 
  -43 36 
  -43 38 
  -43 41 
  -43 45 
  -43 47 
  -43 50 
  -43 53 
  -43 68 
  -43 69 
  -43 71 
  -42 -64 
  -42 -58 
  -42 -55 
  -42 -44 
  -42 -34 
  -42 -24 
  -42 -23 
  -42 4 
  -42 15 
  -42 16 
  -42 17 
  -42 20 
  -42 47 
  -42 49 
  -42 50 
  -42 55 
  -42 62 
  -42 64 
  -42 68 
  -41 -79 
  -41 -77 
  -41 -67 
  -41 -64 
  -41 -62 
  -41 -57 
  -41 -56 
  -41 -50 
  -41 -49 
  -41 -36 
  -41 -25 
  -41 -23 
  -41 -10 
  -41 -8 
  -41 -2 
  -41 10 
  -41 17 
  -41 19 
  -41 44 
  -41 54 
  -41 66 
  -41 67 
  -40 -68 
  -40 -66 
  -40 -63 
  -40 -58 
  -40 -45 
  -40 -41 
  -40 -31 
  -40 -19 
  -40 -17 
  -40 -6 
  -40 -5 
  -40 -2 
  -40 9 
  -40 13 
  -40 18 
  -40 38 
  -40 39 
  -40 41 
  -40 55 
  -40 63 
  -40 76 
  -39 -75 
  -39 -69 
  -39 -50 
  -39 -41 
  -39 -40 
  -39 -38 
  -39 -16 
  -39 -10 
  -39 -7 
  -39 -5 
  -39 -2 
  -39 4 
  -39 12 
  -39 23 
  -39 26 
  -39 33 
  -39 36 
  -39 39 
  -39 42 
  -39 50 
  -39 54 
  -39 63 
  -39 67 
  -39 69 
  -38 -64 
  -38 -58 
  -38 -53 
  -38 -46 
  -38 -43 
  -38 -29 
  -38 -24 
  -38 -8 
  -38 -7 
  -38 -4 
  -38 -3 
  -38 3 
  -38 15 
  -38 22 
  -37 -77 
  -37 -68 
  -37 -67 
  -37 -63 
  -37 -56 
  -37 -50 
  -37 -45 
  -37 -32 
  -37 -20 
  -37 -18 
  -37 -8 
  -37 -1 
  -37 5 
  -37 8 
  -37 12 
  -37 43 
  -37 52 
  -37 63 
  -37 83 
  -36 -84 
  -36 -73 
  -36 -64 
  -36 -54 
  -36 -33 
  -36 -31 
  -36 -13 
  -36 -5 
  -36 16 
  -36 18 
  -36 19 
  -36 29 
  -36 30 
  -36 54 
  -36 55 
  -36 65 
  -36 66 
  -36 70 
  -36 74 
  -36 79 
  -35 -81 
  -35 -79 
  -35 -72 
  -35 -55 
  -35 -49 
  -35 -34 
  -35 -30 
  -35 -26 
  -35 -21 
  -35 -19 
  -35 -15 
  -35 -2 
  -35 -1 
  -35 2 
  -35 14 
  -35 32 
  -35 35 
  -35 38 
  -35 55 
  -35 56 
  -35 62 
  -35 65 
  -34 -85 
  -34 -81 
  -34 -69 
  -34 -68 
  -34 -64 
  -34 -63 
  -34 -54 
  -34 -28 
  -34 -21 
  -34 -17 
  -34 -16 
  -34 -14 
  -34 -13 
  -34 -10 
  -34 4 
  -34 10 
  -34 55 
  -34 58 
  -34 74 
  -33 -84 
  -33 -72 
  -33 -68 
  -33 -64 
  -33 -11 
  -33 24 
  -33 27 
  -33 33 
  -33 38 
  -33 39 
  -33 49 
  -33 55 
  -33 64 
  -33 66 
  -33 70 
  -33 73 
  -32 -80 
  -32 -79 
  -32 -77 
  -32 -62 
  -32 -52 
  -32 -41 
  -32 -28 
  -32 -19 
  -32 -13 
  -32 -6 
  -32 -1 
  -32 5 
  -32 13 
  -32 20 
  -32 34 
  -32 45 
  -32 61 
  -32 64 
  -31 -80 
  -31 -75 
  -31 -73 
  -31 -60 
  -31 -41 
  -31 -35 
  -31 -31 
  -31 -18 
  -31 -15 
  -31 -13 
  -31 0 
  -31 3 
  -31 4 
  -31 20 
  -31 34 
  -31 47 
  -31 50 
  -31 57 
  -31 63 
  -31 65 
  -31 68 
  -31 83 
  -30 -82 
  -30 -81 
  -30 -80 
  -30 -62 
  -30 -59 
  -30 -53 
  -30 -28 
  -30 -17 
  -30 -11 
  -30 -6 
  -30 3 
  -30 32 
  -30 35 
  -30 58 
  -30 62 
  -30 64 
  -30 79 
  -30 88 
  -29 -85 
  -29 -76 
  -29 -56 
  -29 -53 
  -29 -44 
  -29 -33 
  -29 -6 
  -29 9 
  -29 47 
  -29 52 
  -29 55 
  -29 57 
  -29 68 
  -29 69 
  -29 84 
  -29 85 
  -28 -91 
  -28 -90 
  -28 -84 
  -28 -82 
  -28 -78 
  -28 -75 
  -28 -73 
  -28 -71 
  -28 -65 
  -28 -50 
  -28 -49 
  -28 -48 
  -28 -36 
  -28 -20 
  -28 -18 
  -28 4 
  -28 23 
  -28 69 
  -28 76 
  -28 86 
  -27 -87 
  -27 -85 
  -27 -70 
  -27 -67 
  -27 -66 
  -27 -62 
  -27 -53 
  -27 -47 
  -27 -42 
  -27 -8 
  -27 1 
  -27 3 
  -27 10 
  -27 13 
  -27 20 
  -27 25 
  -27 33 
  -27 36 
  -27 39 
  -27 57 
  -27 63 
  -27 64 
  -26 -88 
  -26 -75 
  -26 -74 
  -26 -70 
  -26 -68 
  -26 -67 
  -26 -42 
  -26 -26 
  -26 17 
  -26 19 
  -26 20 
  -26 35 
  -26 50 
  -26 65 
  -26 66 
  -26 84 
  -26 87 
  -26 89 
  -25 -92 
  -25 -84 
  -25 -79 
  -25 -78 
  -25 -69 
  -25 -62 
  -25 -54 
  -25 -43 
  -25 -36 
  -25 -29 
  -25 -27 
  -25 -25 
  -25 -23 
  -25 -12 
  -25 -7 
  -25 6 
  -25 13 
  -25 17 
  -25 33 
  -25 42 
  -25 44 
  -25 49 
  -25 68 
  -25 71 
  -25 91 
  -24 -94 
  -24 -89 
  -24 -74 
  -24 -71 
  -24 -63 
  -24 -58 
  -24 -54 
  -24 -47 
  -24 -34 
  -24 -32 
  -24 -24 
  -24 -21 
  -24 -16 
  -24 -14 
  -24 20 
  -24 30 
  -24 33 
  -24 39 
  -24 57 
  -24 83 
  -24 89 
  -24 92 
  -24 93 
  -23 -96 
  -23 -70 
  -23 -50 
  -23 -25 
  -23 -21 
  -23 -15 
  -23 13 
  -23 17 
  -23 28 
  -23 31 
  -23 32 
  -23 34 
  -23 47 
  -23 53 
  -23 89 
  -22 -86 
  -22 -66 
  -22 -61 
  -22 -55 
  -22 -49 
  -22 -45 
  -22 -33 
  -22 -24 
  -22 -21 
  -22 -16 
  -22 -1 
  -22 2 
  -22 4 
  -22 9 
  -22 12 
  -22 25 
  -22 32 
  -22 33 
  -22 41 
  -22 43 
  -22 55 
  -22 61 
  -22 62 
  -22 71 
  -22 88 
  -21 -92 
  -21 -91 
  -21 -80 
  -21 -77 
  -21 -75 
  -21 -71 
  -21 -66 
  -21 0 
  -21 12 
  -21 13 
  -21 21 
  -21 25 
  -21 27 
  -21 34 
  -21 40 
  -21 43 
  -21 58 
  -21 59 
  -21 70 
  -21 87 
  -20 -95 
  -20 -90 
  -20 -83 
  -20 -60 
  -20 -52 
  -20 -32 
  -20 -19 
  -20 -16 
  -20 -14 
  -20 -4 
  -20 3 
  -20 4 
  -20 11 
  -20 33 
  -20 41 
  -20 48 
  -20 49 
  -20 51 
  -20 72 
  -20 75 
  -19 -87 
  -19 -84 
  -19 -70 
  -19 -68 
  -19 -57 
  -19 -42 
  -19 -24 
  -19 -15 
  -19 -3 
  -19 0 
  -19 1 
  -19 7 
  -19 28 
  -19 35 
  -19 55 
  -19 56 
  -19 63 
  -19 69 
  -19 85 
  -18 -99 
  -18 -89 
  -18 -87 
  -18 -82 
  -18 -81 
  -18 -77 
  -18 -76 
  -18 -74 
  -18 -64 
  -18 -61 
  -18 -60 
  -18 -48 
  -18 -47 
  -18 -40 
  -18 -23 
  -18 -8 
  -18 -5 
  -18 -3 
  -18 6 
  -18 10 
  -18 23 
  -18 50 
  -18 53 
  -18 66 
  -18 67 
  -18 69 
  -18 71 
  -18 93 
  -18 96 
  -17 -89 
  -17 -82 
  -17 -80 
  -17 -77 
  -17 -72 
  -17 -71 
  -17 -58 
  -17 -51 
  -17 -29 
  -17 -16 
  -17 -13 
  -17 -3 
  -17 10 
  -17 19 
  -17 25 
  -17 26 
  -17 35 
  -17 41 
  -17 57 
  -17 61 
  -17 65 
  -17 86 
  -17 94 
  -17 95 
  -16 -97 
  -16 -91 
  -16 -89 
  -16 -86 
  -16 -82 
  -16 -79 
  -16 -70 
  -16 -69 
  -16 -67 
  -16 -64 
  -16 -52 
  -16 -32 
  -16 -30 
  -16 -24 
  -16 -7 
  -16 -6 
  -16 -5 
  -16 4 
  -16 6 
  -16 13 
  -16 15 
  -16 17 
  -16 26 
  -16 61 
  -16 67 
  -16 68 
  -16 76 
  -16 84 
  -16 88 
  -16 91 
  -16 94 
  -16 98 
  -15 -90 
  -15 -88 
  -15 -83 
  -15 -76 
  -15 -56 
  -15 -47 
  -15 -46 
  -15 -39 
  -15 -32 
  -15 -29 
  -15 -12 
  -15 -4 
  -15 -3 
  -15 2 
  -15 6 
  -15 7 
  -15 21 
  -15 43 
  -15 57 
  -15 74 
  -15 90 
  -14 -87 
  -14 -77 
  -14 -75 
  -14 -67 
  -14 -62 
  -14 -59 
  -14 -47 
  -14 -43 
  -14 -39 
  -14 -37 
  -14 -34 
  -14 -33 
  -14 -25 
  -14 -20 
  -14 -18 
  -14 -15 
  -14 -14 
  -14 -12 
  -14 -10 
  -14 -9 
  -14 2 
  -14 4 
  -14 13 
  -14 14 
  -14 24 
  -14 27 
  -14 35 
  -14 36 
  -14 50 
  -14 56 
  -14 65 
  -14 67 
  -14 69 
  -13 -96 
  -13 -79 
  -13 -73 
  -13 -69 
  -13 -58 
  -13 -55 
  -13 -54 
  -13 -40 
  -13 -29 
  -13 -21 
  -13 -11 
  -13 -4 
  -13 38 
  -13 41 
  -13 55 
  -13 57 
  -13 65 
  -13 71 
  -13 86 
  -13 87 
  -13 93 
  -12 -98 
  -12 -96 
  -12 -92 
  -12 -87 
  -12 -86 
  -12 -77 
  -12 -68 
  -12 -64 
  -12 -61 
  -12 -56 
  -12 -48 
  -12 -36 
  -12 -30 
  -12 -26 
  -12 -17 
  -12 -14 
  -12 -7 
  -12 -4 
  -12 -2 
  -12 0 
  -12 3 
  -12 7 
  -12 13 
  -12 15 
  -12 33 
  -12 37 
  -12 38 
  -12 40 
  -12 46 
  -12 47 
  -12 56 
  -12 61 
  -12 69 
  -12 84 
  -12 88 
  -12 90 
  -12 93 
  -12 100 
  -11 -100 
  -11 -84 
  -11 -72 
  -11 -67 
  -11 -58 
  -11 -56 
  -11 -46 
  -11 -35 
  -11 -34 
  -11 -27 
  -11 3 
  -11 6 
  -11 8 
  -11 17 
  -11 28 
  -11 34 
  -11 39 
  -11 42 
  -11 56 
  -11 57 
  -11 58 
  -11 67 
  -11 68 
  -11 69 
  -11 90 
  -10 -81 
  -10 -79 
  -10 -78 
  -10 -54 
  -10 -38 
  -10 15 
  -10 25 
  -10 34 
  -10 35 
  -10 39 
  -10 43 
  -10 46 
  -10 64 
  -10 69 
  -10 70 
  -10 72 
  -10 77 
  -10 82 
  -10 100 
  -9 -97 
  -9 -96 
  -9 -85 
  -9 -82 
  -9 -66 
  -9 -60 
  -9 -53 
  -9 -50 
  -9 -48 
  -9 -41 
  -9 -32 
  -9 -26 
  -9 -16 
  -9 -9 
  -9 -6 
  -9 -3 
  -9 -1 
  -9 2 
  -9 4 
  -9 16 
  -9 42 
  -9 54 
  -9 73 
  -9 75 
  -9 77 
  -8 -99 
  -8 -93 
  -8 -88 
  -8 -79 
  -8 -76 
  -8 -71 
  -8 -61 
  -8 -34 
  -8 -22 
  -8 6 
  -8 12 
  -8 20 
  -8 26 
  -8 33 
  -8 41 
  -8 45 
  -8 51 
  -8 53 
  -8 54 
  -8 57 
  -8 64 
  -8 90 
  -7 -90 
  -7 -82 
  -7 -59 
  -7 -50 
  -7 -41 
  -7 -37 
  -7 -25 
  -7 -19 
  -7 -18 
  -7 -3 
  -7 -1 
  -7 0 
  -7 1 
  -7 18 
  -7 19 
  -7 21 
  -7 23 
  -7 47 
  -7 61 
  -7 62 
  -7 64 
  -7 69 
  -7 77 
  -7 82 
  -6 -100 
  -6 -85 
  -6 -70 
  -6 -66 
  -6 -62 
  -6 -61 
  -6 -47 
  -6 -40 
  -6 -36 
  -6 -29 
  -6 -23 
  -6 -19 
  -6 1 
  -6 2 
  -6 9 
  -6 10 
  -6 20 
  -6 34 
  -6 49 
  -6 54 
  -6 63 
  -6 82 
  -6 96 
  -5 -93 
  -5 -84 
  -5 -78 
  -5 -74 
  -5 -62 
  -5 -58 
  -5 -57 
  -5 -53 
  -5 -48 
  -5 -43 
  -5 -41 
  -5 -24 
  -5 -17 
  -5 -8 
  -5 9 
  -5 25 
  -5 48 
  -5 55 
  -5 58 
  -5 59 
  -5 61 
  -5 62 
  -5 70 
  -5 80 
  -5 91 
  -5 93 
  -4 -60 
  -4 -46 
  -4 -41 
  -4 -31 
  -4 -23 
  -4 -22 
  -4 -20 
  -4 -18 
  -4 -12 
  -4 5 
  -4 9 
  -4 10 
  -4 11 
  -4 35 
  -4 37 
  -4 41 
  -4 61 
  -4 64 
  -4 75 
  -4 76 
  -4 77 
  -4 84 
  -4 90 
  -4 94 
  -4 98 
  -3 -103 
  -3 -99 
  -3 -97 
  -3 -88 
  -3 -84 
  -3 -83 
  -3 -73 
  -3 -63 
  -3 -57 
  -3 -54 
  -3 -52 
  -3 -31 
  -3 -28 
  -3 -26 
  -3 -19 
  -3 -16 
  -3 -12 
  -3 4 
  -3 11 
  -3 31 
  -3 35 
  -3 37 
  -3 38 
  -3 56 
  -3 59 
  -3 65 
  -3 82 
  -3 85 
  -3 90 
  -2 -100 
  -2 -99 
  -2 -93 
  -2 -87 
  -2 -83 
  -2 -77 
  -2 -65 
  -2 -60 
  -2 -56 
  -2 -55 
  -2 -43 
  -2 -42 
  -2 -33 
  -2 -28 
  -2 -4 
  -2 30 
  -2 33 
  -2 37 
  -2 40 
  -2 48 
  -2 51 
  -2 64 
  -2 79 
  -2 81 
  -2 82 
  -2 96 
  -2 97 
  -1 -89 
  -1 -83 
  -1 -64 
  -1 -60 
  -1 -49 
  -1 -25 
  -1 -15 
  -1 -10 
  -1 49 
  -1 51 
  -1 53 
  -1 67 
  -1 73 
  -1 78 
  -1 83 
  -1 88 
  0 -103 
  0 -97 
  0 -72 
  0 -51 
  0 -49 
  0 -47 
  0 -36 
  0 -33 
  0 -30 
  0 -25 
  0 -20 
  0 -14 
  0 -10 
  0 -6 
  0 15 
  0 27 
  0 44 
  0 46 
  0 53 
  0 66 
  0 70 
  0 80 
  0 85 
  0 90 
  0 99 
  1 -72 
  1 -71 
  1 -64 
  1 -63 
  1 -47 
  1 -20 
  1 -18 
  1 8 
  1 11 
  1 20 
  1 24 
  1 25 
  1 27 
  1 49 
  1 65 
  1 69 
  1 77 
  1 79 
  1 97 
  2 -96 
  2 -94 
  2 -66 
  2 -48 
  2 -38 
  2 -30 
  2 -25 
  2 -11 
  2 6 
  2 7 
  2 24 
  2 27 
  2 28 
  2 32 
  2 35 
  2 36 
  2 69 
  2 76 
  2 79 
  2 82 
  2 91 
  2 95 
  3 -103 
  3 -89 
  3 -88 
  3 -78 
  3 -64 
  3 -55 
  3 -50 
  3 -30 
  3 -26 
  3 -22 
  3 -16 
  3 -11 
  3 -7 
  3 -6 
  3 -3 
  3 2 
  3 3 
  3 5 
  3 7 
  3 13 
  3 29 
  3 39 
  3 76 
  3 83 
  3 87 
  3 96 
  3 100 
  4 -92 
  4 -80 
  4 -71 
  4 -63 
  4 -57 
  4 -51 
  4 -46 
  4 -38 
  4 -27 
  4 -20 
  4 -6 
  4 -3 
  4 -2 
  4 -1 
  4 5 
  4 21 
  4 22 
  4 25 
  4 29 
  4 31 
  4 36 
  4 47 
  4 51 
  4 53 
  4 54 
  4 60 
  4 61 
  4 62 
  4 69 
  4 78 
  4 81 
  4 84 
  4 90 
  4 99 
  5 -94 
  5 -89 
  5 -86 
  5 -74 
  5 -67 
  5 -66 
  5 -57 
  5 -51 
  5 -47 
  5 -44 
  5 -16 
  5 5 
  5 6 
  5 7 
  5 9 
  5 13 
  5 35 
  5 50 
  5 51 
  5 58 
  5 65 
  5 74 
  5 86 
  5 92 
  5 93 
  5 94 
  5 98 
  5 100 
  6 -101 
  6 -99 
  6 -94 
  6 -81 
  6 -53 
  6 -39 
  6 -38 
  6 -27 
  6 -11 
  6 -1 
  6 18 
  6 19 
  6 24 
  6 25 
  6 32 
  6 60 
  6 68 
  6 84 
  7 -101 
  7 -95 
  7 -92 
  7 -90 
  7 -67 
  7 -66 
  7 -64 
  7 -61 
  7 -43 
  7 -30 
  7 -29 
  7 -21 
  7 -17 
  7 -6 
  7 -3 
  7 -1 
  7 0 
  7 6 
  7 9 
  7 12 
  7 28 
  7 53 
  7 58 
  7 59 
  7 65 
  7 66 
  7 72 
  7 76 
  7 81 
  7 84 
  7 88 
  7 93 
  7 94 
  8 -100 
  8 -94 
  8 -91 
  8 -90 
  8 -59 
  8 -41 
  8 -18 
  8 -14 
  8 5 
  8 7 
  8 9 
  8 11 
  8 18 
  8 28 
  8 36 
  8 47 
  8 48 
  8 59 
  8 61 
  8 70 
  8 73 
  8 77 
  8 80 
  8 82 
  8 85 
  8 89 
  8 95 
  8 96 
  9 -96 
  9 -95 
  9 -77 
  9 -73 
  9 -41 
  9 -34 
  9 -30 
  9 -22 
  9 -21 
  9 -14 
  9 -11 
  9 -1 
  9 14 
  9 25 
  9 30 
  9 31 
  9 37 
  9 50 
  9 51 
  9 55 
  9 56 
  9 67 
  9 74 
  9 78 
  9 85 
  9 97 
  10 -102 
  10 -96 
  10 -93 
  10 -83 
  10 -80 
  10 -75 
  10 -65 
  10 -23 
  10 -14 
  10 -12 
  10 -11 
  10 -5 
  10 -2 
  10 1 
  10 2 
  10 22 
  10 24 
  10 26 
  10 38 
  10 56 
  10 64 
  10 68 
  10 74 
  10 75 
  11 -98 
  11 -97 
  11 -94 
  11 -74 
  11 -71 
  11 -70 
  11 -66 
  11 -61 
  11 -48 
  11 -40 
  11 -29 
  11 -26 
  11 -24 
  11 -18 
  11 -13 
  11 -9 
  11 6 
  11 34 
  11 50 
  11 53 
  11 71 
  11 72 
  11 76 
  11 85 
  11 96 
  12 -86 
  12 -85 
  12 -84 
  12 -78 
  12 -73 
  12 -67 
  12 -65 
  12 -50 
  12 -45 
  12 -31 
  12 -21 
  12 -4 
  12 9 
  12 18 
  12 21 
  12 39 
  12 70 
  12 75 
  12 80 
  12 93 
  13 -93 
  13 -92 
  13 -91 
  13 -90 
  13 -83 
  13 -72 
  13 -59 
  13 -13 
  13 -11 
  13 1 
  13 6 
  13 10 
  13 11 
  13 27 
  13 42 
  13 51 
  13 52 
  13 64 
  13 68 
  13 84 
  13 86 
  13 91 
  13 92 
  14 -95 
  14 -79 
  14 -77 
  14 -75 
  14 -74 
  14 -65 
  14 -60 
  14 -55 
  14 -48 
  14 -31 
  14 -29 
  14 -16 
  14 -10 
  14 -8 
  14 -5 
  14 2 
  14 10 
  14 14 
  14 23 
  14 30 
  14 31 
  14 32 
  14 39 
  14 42 
  14 49 
  14 57 
  14 62 
  14 72 
  14 85 
  14 96 
  15 -100 
  15 -93 
  15 -83 
  15 -58 
  15 -52 
  15 -51 
  15 -46 
  15 -39 
  15 -32 
  15 -31 
  15 -22 
  15 -20 
  15 -16 
  15 -14 
  15 -10 
  15 3 
  15 12 
  15 18 
  15 20 
  15 35 
  15 38 
  15 42 
  15 43 
  15 55 
  15 57 
  15 64 
  15 67 
  15 74 
  16 -93 
  16 -88 
  16 -86 
  16 -85 
  16 -74 
  16 -64 
  16 -47 
  16 -15 
  16 -12 
  16 -8 
  16 2 
  16 3 
  16 5 
  16 6 
  16 12 
  16 15 
  16 20 
  16 23 
  16 25 
  16 27 
  16 32 
  16 43 
  16 47 
  16 58 
  16 62 
  16 64 
  16 72 
  16 89 
  17 -95 
  17 -52 
  17 -42 
  17 -3 
  17 6 
  17 10 
  17 20 
  17 22 
  17 27 
  17 41 
  17 44 
  17 59 
  17 62 
  17 64 
  17 80 
  17 82 
  17 84 
  17 87 
  17 94 
  17 98 
  18 -97 
  18 -73 
  18 -52 
  18 -43 
  18 -41 
  18 -14 
  18 -7 
  18 -5 
  18 -4 
  18 7 
  18 8 
  18 12 
  18 21 
  18 35 
  18 49 
  18 59 
  18 63 
  18 88 
  19 -97 
  19 -89 
  19 -83 
  19 -81 
  19 -72 
  19 -62 
  19 -58 
  19 -56 
  19 -50 
  19 -23 
  19 -21 
  19 -20 
  19 -18 
  19 -6 
  19 -1 
  19 12 
  19 17 
  19 20 
  19 27 
  19 47 
  19 53 
  19 67 
  19 75 
  19 79 
  19 84 
  19 85 
  20 -99 
  20 -90 
  20 -89 
  20 -84 
  20 -79 
  20 -65 
  20 -59 
  20 -50 
  20 -44 
  20 -26 
  20 -24 
  20 -21 
  20 -9 
  20 -2 
  20 2 
  20 15 
  20 21 
  20 25 
  20 27 
  20 34 
  20 40 
  20 45 
  20 62 
  20 67 
  20 68 
  20 72 
  20 74 
  20 75 
  21 -92 
  21 -90 
  21 -84 
  21 -65 
  21 -63 
  21 -58 
  21 -41 
  21 -28 
  21 -24 
  21 -7 
  21 -4 
  21 5 
  21 9 
  21 15 
  21 27 
  21 32 
  21 36 
  21 42 
  21 52 
  21 60 
  21 64 
  21 67 
  21 76 
  21 97 
  22 -97 
  22 -95 
  22 -93 
  22 -89 
  22 -84 
  22 -81 
  22 -77 
  22 -71 
  22 -69 
  22 -55 
  22 -43 
  22 -37 
  22 -31 
  22 -24 
  22 -3 
  22 18 
  22 29 
  22 37 
  22 40 
  22 45 
  22 89 
  22 94 
  23 -90 
  23 -82 
  23 -72 
  23 -71 
  23 -58 
  23 -56 
  23 -55 
  23 -52 
  23 -50 
  23 -37 
  23 -32 
  23 -27 
  23 -26 
  23 -21 
  23 -12 
  23 -5 
  23 -3 
  23 1 
  23 5 
  23 6 
  23 16 
  23 17 
  23 28 
  23 30 
  23 34 
  23 45 
  23 69 
  23 84 
  23 89 
  24 -89 
  24 -82 
  24 -73 
  24 -68 
  24 -49 
  24 -42 
  24 -41 
  24 -39 
  24 -31 
  24 -30 
  24 -27 
  24 -22 
  24 -14 
  24 8 
  24 23 
  24 27 
  24 40 
  24 44 
  25 -67 
  25 -55 
  25 -45 
  25 -43 
  25 -36 
  25 -34 
  25 -26 
  25 -8 
  25 -5 
  25 -3 
  25 2 
  25 4 
  25 7 
  25 21 
  25 22 
  25 35 
  25 38 
  25 43 
  25 48 
  25 49 
  25 51 
  25 53 
  25 64 
  25 65 
  26 -87 
  26 -83 
  26 -78 
  26 -70 
  26 -63 
  26 -44 
  26 -33 
  26 -21 
  26 -9 
  26 -7 
  26 -5 
  26 4 
  26 19 
  26 25 
  26 34 
  26 36 
  26 41 
  26 45 
  26 73 
  26 74 
  26 79 
  26 84 
  26 85 
  27 -94 
  27 -92 
  27 -90 
  27 -85 
  27 -68 
  27 -62 
  27 -50 
  27 -42 
  27 -38 
  27 -20 
  27 -18 
  27 -16 
  27 -12 
  27 -1 
  27 22 
  27 31 
  27 32 
  27 34 
  27 37 
  27 38 
  27 41 
  27 47 
  27 49 
  27 68 
  27 82 
  27 83 
  27 89 
  28 -93 
  28 -89 
  28 -87 
  28 -83 
  28 -61 
  28 -47 
  28 -40 
  28 -37 
  28 -35 
  28 -24 
  28 -6 
  28 6 
  28 25 
  28 30 
  28 31 
  28 36 
  28 60 
  28 70 
  28 82 
  28 92 
  29 -92 
  29 -87 
  29 -55 
  29 -47 
  29 -33 
  29 -28 
  29 -26 
  29 -24 
  29 -18 
  29 -6 
  29 -4 
  29 1 
  29 13 
  29 27 
  29 28 
  29 30 
  29 33 
  29 38 
  29 41 
  29 66 
  29 69 
  29 75 
  29 78 
  29 83 
  29 87 
  29 89 
  29 91 
  30 -71 
  30 -65 
  30 -41 
  30 -37 
  30 -29 
  30 -21 
  30 -19 
  30 -5 
  30 -3 
  30 4 
  30 39 
  30 41 
  30 44 
  30 58 
  30 59 
  30 63 
  30 69 
  30 73 
  30 77 
  30 80 
  31 -87 
  31 -86 
  31 -79 
  31 -71 
  31 -69 
  31 -66 
  31 -56 
  31 -53 
  31 -50 
  31 -32 
  31 -30 
  31 0 
  31 6 
  31 10 
  31 27 
  31 32 
  31 34 
  31 40 
  31 43 
  31 50 
  31 51 
  31 53 
  31 55 
  31 62 
  31 63 
  31 80 
  31 83 
  32 -87 
  32 -71 
  32 -70 
  32 -68 
  32 -50 
  32 -39 
  32 -35 
  32 -30 
  32 -10 
  32 -1 
  32 9 
  32 21 
  32 22 
  32 25 
  32 26 
  32 31 
  32 32 
  32 37 
  32 51 
  32 57 
  32 62 
  32 69 
  32 86 
  32 88 
  33 -86 
  33 -76 
  33 -59 
  33 -37 
  33 -36 
  33 -26 
  33 -14 
  33 -13 
  33 -1 
  33 11 
  33 15 
  33 25 
  33 37 
  33 52 
  33 58 
  33 61 
  33 80 
  34 -87 
  34 -61 
  34 -56 
  34 -48 
  34 -33 
  34 -29 
  34 -6 
  34 -4 
  34 17 
  34 26 
  34 29 
  34 30 
  34 31 
  34 39 
  34 63 
  34 80 
  35 -82 
  35 -81 
  35 -80 
  35 -62 
  35 -54 
  35 -43 
  35 -32 
  35 -17 
  35 -12 
  35 -11 
  35 7 
  35 13 
  35 21 
  35 24 
  35 28 
  35 34 
  35 35 
  35 40 
  35 52 
  35 55 
  35 57 
  35 64 
  35 71 
  35 73 
  36 -73 
  36 -68 
  36 -55 
  36 -49 
  36 -48 
  36 -44 
  36 -41 
  36 -35 
  36 -34 
  36 -32 
  36 -31 
  36 -24 
  36 -7 
  36 -1 
  36 40 
  36 42 
  36 48 
  36 57 
  36 59 
  36 81 
  36 85 
  37 -58 
  37 -56 
  37 -42 
  37 -25 
  37 -23 
  37 -15 
  37 -2 
  37 11 
  37 18 
  37 20 
  37 36 
  37 40 
  37 53 
  37 63 
  37 67 
  37 80 
  38 -79 
  38 -69 
  38 -65 
  38 -57 
  38 -27 
  38 -20 
  38 -19 
  38 -12 
  38 -6 
  38 -5 
  38 -4 
  38 -1 
  38 0 
  38 14 
  38 15 
  38 19 
  38 25 
  38 28 
  38 32 
  38 40 
  38 41 
  38 50 
  38 51 
  38 58 
  38 61 
  38 65 
  38 67 
  38 75 
  39 -78 
  39 -77 
  39 -70 
  39 -64 
  39 -54 
  39 -46 
  39 -37 
  39 -28 
  39 -20 
  39 -19 
  39 -18 
  39 -17 
  39 -8 
  39 -7 
  39 -6 
  39 0 
  39 3 
  39 5 
  39 9 
  39 10 
  39 16 
  39 17 
  39 19 
  39 51 
  39 61 
  39 64 
  40 -82 
  40 -66 
  40 -61 
  40 -51 
  40 -45 
  40 -43 
  40 -35 
  40 -34 
  40 -32 
  40 -29 
  40 -27 
  40 -23 
  40 -14 
  40 -8 
  40 4 
  40 7 
  40 21 
  40 24 
  40 27 
  40 39 
  40 48 
  40 55 
  40 57 
  40 60 
  40 62 
  40 66 
  40 75 
  41 -76 
  41 -70 
  41 -67 
  41 -18 
  41 10 
  41 13 
  41 18 
  41 21 
  41 30 
  41 31 
  41 68 
  41 77 
  42 -73 
  42 -72 
  42 -65 
  42 -42 
  42 -34 
  42 -30 
  42 -24 
  42 -14 
  42 4 
  42 10 
  42 11 
  42 12 
  42 45 
  42 64 
  42 69 
  43 -76 
  43 -75 
  43 -67 
  43 -56 
  43 -53 
  43 -50 
  43 -48 
  43 -44 
  43 -41 
  43 -31 
  43 -27 
  43 -5 
  43 -4 
  43 9 
  43 11 
  43 16 
  43 17 
  43 23 
  43 27 
  43 53 
  43 73 
  44 -73 
  44 -67 
  44 -66 
  44 -65 
  44 -63 
  44 -60 
  44 -37 
  44 -14 
  44 -8 
  44 -1 
  44 2 
  44 13 
  44 19 
  44 39 
  44 49 
  44 51 
  44 56 
  44 61 
  44 72 
  45 -75 
  45 -70 
  45 -69 
  45 -66 
  45 -50 
  45 -45 
  45 -39 
  45 -34 
  45 -26 
  45 -20 
  45 -5 
  45 4 
  45 10 
  45 14 
  45 19 
  45 39 
  45 41 
  45 50 
  45 57 
  45 73 
  46 -73 
  46 -71 
  46 -45 
  46 -43 
  46 -33 
  46 -31 
  46 -25 
  46 -19 
  46 9 
  46 22 
  46 37 
  46 39 
  46 42 
  46 48 
  46 61 
  46 62 
  46 65 
  46 71 
  47 -68 
  47 -66 
  47 -63 
  47 -59 
  47 -47 
  47 -35 
  47 -30 
  47 -9 
  47 -6 
  47 -3 
  47 6 
  47 8 
  47 15 
  47 16 
  47 26 
  47 29 
  47 30 
  47 40 
  47 46 
  47 47 
  47 52 
  47 57 
  47 68 
  47 69 
  47 70 
  48 -69 
  48 -60 
  48 -53 
  48 -37 
  48 -30 
  48 -27 
  48 -16 
  48 -12 
  48 -7 
  48 1 
  48 10 
  48 12 
  48 25 
  48 32 
  48 35 
  48 39 
  48 45 
  48 49 
  48 52 
  48 57 
  48 60 
  49 -59 
  49 -54 
  49 -52 
  49 -50 
  49 -20 
  49 -11 
  49 -7 
  49 -2 
  49 3 
  49 7 
  49 16 
  49 20 
  49 30 
  50 -63 
  50 -61 
  50 -58 
  50 -56 
  50 -55 
  50 -41 
  50 -34 
  50 -15 
  50 -1 
  50 5 
  50 38 
  50 40 
  50 42 
  50 46 
  50 55 
  50 65 
  51 -47 
  51 -32 
  51 -26 
  51 -23 
  51 -16 
  51 -15 
  51 -11 
  51 3 
  51 6 
  51 20 
  51 26 
  51 35 
  51 41 
  51 53 
  51 55 
  51 63 
  52 -55 
  52 -50 
  52 -40 
  52 -7 
  52 -4 
  52 -1 
  52 3 
  52 21 
  52 30 
  52 33 
  52 39 
  52 40 
  52 59 
  52 61 
  53 -60 
  53 -42 
  53 -22 
  53 -10 
  53 -7 
  53 -1 
  53 5 
  53 8 
  53 10 
  53 13 
  53 22 
  53 23 
  53 25 
  53 28 
  53 34 
  53 39 
  53 43 
  53 46 
  53 51 
  53 56 
  54 -57 
  54 -56 
  54 -50 
  54 -48 
  54 -46 
  54 -20 
  54 -14 
  54 -13 
  54 27 
  55 -51 
  55 -36 
  55 -33 
  55 -24 
  55 -18 
  55 6 
  55 17 
  55 36 
  55 37 
  55 51 
  55 52 
  56 -51 
  56 -49 
  56 -47 
  56 -43 
  56 -27 
  56 -26 
  56 -24 
  56 -4 
  56 -1 
  56 4 
  56 8 
  56 22 
  56 29 
  56 44 
  56 47 
  57 -50 
  57 -47 
  57 -40 
  57 -32 
  57 -20 
  57 -11 
  57 -10 
  57 -1 
  57 3 
  57 7 
  57 10 
  57 22 
  57 24 
  57 26 
  57 29 
  57 40 
  57 46 
  57 48 
  57 49 
  58 -38 
  58 -29 
  58 -27 
  58 -24 
  58 -21 
  58 -8 
  58 -7 
  58 -5 
  58 0 
  58 2 
  58 8 
  58 32 
  58 40 
  59 -25 
  59 -20 
  59 -11 
  59 -10 
  59 -8 
  59 -6 
  59 0 
  59 1 
  59 7 
  59 8 
  59 15 
  59 23 
  59 36 
  59 41 
  60 -37 
  60 -36 
  60 -34 
  60 -29 
  60 -24 
  60 -22 
  60 -21 
  60 -14 
  60 26 
  60 27 
  60 37 
  61 -37 
  61 -15 
  61 -8 
  61 3 
  61 16 
  61 19 
  61 30 
  61 36 
  62 -27 
  62 -7 
  62 -6 
  62 1 
  62 2 
  62 3 
  62 14 
  62 19 
  62 25 
  63 -25 
  63 -19 
  63 -5 
  63 -4 
  63 12 
  63 24 
  64 -14 
  64 5 
  64 7 
  64 16 
  65 -3 
  65 5 
  -64 3 
  -63 -9 
  -63 -4 
  -63 -2 
  -63 3 
  -63 4 
  -63 9 
  -63 14 
  -63 16 
  -62 -16 
  -62 -15 
  -62 -13 
  -62 3 
  -62 13 
  -61 -30 
  -61 -5 
  -61 6 
  -61 11 
  -61 15 
  -61 17 
  -61 23 
  -60 -28 
  -60 -26 
  -60 -24 
  -60 -15 
  -60 -1 
  -60 5 
  -60 21 
  -60 23 
  -60 30 
  -59 -14 
  -59 -12 
  -59 -9 
  -59 -4 
  -59 9 
  -59 32 
  -59 33 
  -58 -39 
  -58 -26 
  -58 -24 
  -58 -13 
  -58 -12 
  -58 -10 
  -58 -6 
  -58 -5 
  -58 2 
  -58 5 
  -58 11 
  -58 15 
  -58 16 
  -58 18 
  -58 19 
  -58 20 
  -58 28 
  -57 -47 
  -57 -37 
  -57 -35 
  -57 -7 
  -57 -3 
  -57 -1 
  -57 2 
  -57 5 
  -57 7 
  -57 22 
  -57 24 
  -57 36 
  -57 40 
  -57 42 
  -56 -50 
  -56 -47 
  -56 -37 
  -56 -36 
  -56 -12 
  -56 -9 
  -56 4 
  -56 7 
  -56 29 
  -56 40 
  -56 45 
  -56 47 
  -55 -37 
  -55 -31 
  -55 -24 
  -55 -22 
  -55 2 
  -55 12 
  -55 20 
  -55 40 
  -55 44 
  -55 45 
  -55 49 
  -54 -52 
  -54 -51 
  -54 -48 
  -54 -37 
  -54 -26 
  -54 -18 
  -54 -12 
  -54 4 
  -54 11 
  -54 22 
  -54 27 
  -54 49 
  -53 -58 
  -53 -46 
  -53 -36 
  -53 -26 
  -53 -23 
  -53 -21 
  -53 -19 
  -53 -18 
  -53 -7 
  -53 3 
  -53 9 
  -53 31 
  -53 34 
  -53 38 
  -53 44 
  -53 45 
  -52 -60 
  -52 -54 
  -52 -42 
  -52 -27 
  -52 -18 
  -52 -6 
  -52 9 
  -52 10 
  -52 12 
  -52 25 
  -52 27 
  -52 42 
  -52 53 
  -51 -55 
  -51 -42 
  -51 -19 
  -51 2 
  -51 3 
  -51 7 
  -51 14 
  -51 37 
  -51 40 
  -51 43 
  -51 50 
  -50 -51 
  -50 -45 
  -50 -39 
  -50 -20 
  -50 -13 
  -50 29 
  -50 32 
  -50 35 
  -50 56 
  -49 -60 
  -49 -55 
  -49 -45 
  -49 -44 
  -49 -43 
  -49 -42 
  -49 -38 
  -49 -11 
  -49 -8 
  -49 0 
  -49 11 
  -49 31 
  -49 34 
  -49 35 
  -49 41 
  -49 45 
  -49 51 
  -49 53 
  -48 -63 
  -48 -56 
  -48 -40 
  -48 -35 
  -48 -34 
  -48 -15 
  -48 14 
  -48 21 
  -48 33 
  -48 40 
  -48 57 
  -48 65 
  -47 -68 
  -47 -61 
  -47 -56 
  -47 -49 
  -47 -40 
  -47 -37 
  -47 -13 
  -47 -11 
  -47 -5 
  -47 -4 
  -47 -2 
  -47 2 
  -47 7 
  -47 23 
  -47 32 
  -47 38 
  -47 41 
  -47 53 
  -47 61 
  -46 -71 
  -46 -70 
  -46 -60 
  -46 -42 
  -46 -38 
  -46 -36 
  -46 -23 
  -46 -20 
  -46 -13 
  -46 -11 
  -46 -10 
  -46 -8 
  -46 1 
  -46 2 
  -46 3 
  -46 7 
  -46 16 
  -46 19 
  -46 35 
  -46 36 
  -46 40 
  -46 41 
  -46 43 
  -46 52 
  -46 59 
  -46 64 
  -46 67 
  -45 -73 
  -45 -69 
  -45 -66 
  -45 -65 
  -45 -62 
  -45 -56 
  -45 -53 
  -45 -34 
  -45 -21 
  -45 -9 
  -45 3 
  -45 26 
  -45 30 
  -45 36 
  -45 42 
  -45 47 
  -45 54 
  -45 55 
  -45 58 
  -45 67 
  -44 -72 
  -44 -70 
  -44 -69 
  -44 -55 
  -44 -24 
  -44 -22 
  -44 -13 
  -44 -8 
  -44 -2 
  -44 17 
  -44 21 
  -44 32 
  -44 46 
  -44 70 
  -43 -67 
  -43 -65 
  -43 -61 
  -43 -59 
  -43 -56 
  -43 -53 
  -43 -50 
  -43 -42 
  -43 -38 
  -43 -33 
  -43 -28 
  -43 -20 
  -43 -13 
  -43 -10 
  -43 -9 
  -43 -8 
  -43 17 
  -43 46 
  -43 49 
  -43 52 
  -43 61 
  -43 73 
  -43 74 
  -42 -76 
  -42 -70 
  -42 -68 
  -42 -67 
  -42 -62 
  -42 -46 
  -42 -41 
  -42 -22 
  -42 -15 
  -42 -7 
  -42 -4 
  -42 3 
  -42 10 
  -42 26 
  -42 33 
  -42 34 
  -42 35 
  -42 40 
  -42 52 
  -42 56 
  -42 74 
  -41 -72 
  -41 -70 
  -41 -66 
  -41 -65 
  -41 -55 
  -41 -38 
  -41 -31 
  -41 -26 
  -41 -9 
  -41 -7 
  -41 0 
  -41 18 
  -41 20 
  -41 45 
  -41 48 
  -41 51 
  -41 75 
  -40 -78 
  -40 -53 
  -40 -29 
  -40 -7 
  -40 20 
  -40 26 
  -40 29 
  -40 36 
  -40 45 
  -40 48 
  -40 54 
  -39 -81 
  -39 -65 
  -39 -64 
  -39 -49 
  -39 -43 
  -39 -29 
  -39 -27 
  -39 -25 
  -39 -21 
  -39 -19 
  -39 -17 
  -39 -15 
  -39 -3 
  -39 21 
  -39 22 
  -39 32 
  -39 41 
  -39 49 
  -39 51 
  -39 58 
  -39 76 
  -39 78 
  -38 -69 
  -38 -62 
  -38 -61 
  -38 -59 
  -38 -40 
  -38 -36 
  -38 -28 
  -38 -22 
  -38 -15 
  -38 -1 
  -38 8 
  -38 18 
  -38 37 
  -38 47 
  -38 57 
  -38 61 
  -38 62 
  -38 68 
  -38 69 
  -38 78 
  -37 -72 
  -37 -64 
  -37 -62 
  -37 -60 
  -37 -43 
  -37 -28 
  -37 -26 
  -37 -11 
  -37 27 
  -37 32 
  -37 40 
  -37 42 
  -37 44 
  -37 51 
  -37 60 
  -36 -75 
  -36 -74 
  -36 -69 
  -36 -46 
  -36 -35 
  -36 -30 
  -36 -20 
  -36 -11 
  -36 3 
  -36 4 
  -36 13 
  -36 27 
  -36 34 
  -36 37 
  -36 42 
  -36 44 
  -36 45 
  -36 46 
  -36 52 
  -36 58 
  -36 60 
  -36 68 
  -36 80 
  -36 81 
  -36 82 
  -36 84 
  -35 -82 
  -35 -80 
  -35 -76 
  -35 -66 
  -35 -61 
  -35 -60 
  -35 -47 
  -35 -40 
  -35 -38 
  -35 -35 
  -35 -33 
  -35 -20 
  -35 -16 
  -35 -9 
  -35 4 
  -35 11 
  -35 26 
  -35 39 
  -35 50 
  -35 54 
  -35 57 
  -35 59 
  -35 66 
  -35 70 
  -35 72 
  -35 75 
  -34 -83 
  -34 -74 
  -34 -70 
  -34 -58 
  -34 -48 
  -34 -47 
  -34 -46 
  -34 -45 
  -34 -42 
  -34 -31 
  -34 -29 
  -34 -20 
  -34 -19 
  -34 -6 
  -34 -5 
  -34 -3 
  -34 -1 
  -34 3 
  -34 5 
  -34 16 
  -34 40 
  -34 48 
  -34 72 
  -34 73 
  -34 85 
  -33 -86 
  -33 -85 
  -33 -71 
  -33 -70 
  -33 -44 
  -33 -22 
  -33 -17 
  -33 -10 
  -33 -9 
  -33 -5 
  -33 5 
  -33 15 
  -33 21 
  -33 28 
  -33 32 
  -33 40 
  -33 42 
  -33 44 
  -33 48 
  -33 53 
  -33 56 
  -33 68 
  -33 69 
  -33 80 
  -33 86 
  -32 -89 
  -32 -73 
  -32 -69 
  -32 -45 
  -32 -44 
  -32 -37 
  -32 -10 
  -32 2 
  -32 15 
  -32 16 
  -32 17 
  -32 26 
  -32 43 
  -32 52 
  -32 55 
  -32 65 
  -32 66 
  -32 72 
  -32 79 
  -32 82 
  -31 -90 
  -31 -71 
  -31 -68 
  -31 -65 
  -31 -64 
  -31 -62 
  -31 -61 
  -31 -33 
  -31 -17 
  -31 -2 
  -31 17 
  -31 59 
  -31 67 
  -31 87 
  -30 -89 
  -30 -67 
  -30 -66 
  -30 -56 
  -30 -55 
  -30 -49 
  -30 -47 
  -30 -46 
  -30 -41 
  -30 -39 
  -30 -29 
  -30 -26 
  -30 -9 
  -30 -5 
  -30 -1 
  -30 1 
  -30 2 
  -30 11 
  -30 20 
  -30 34 
  -30 43 
  -30 51 
  -30 53 
  -30 57 
  -30 68 
  -30 71 
  -30 82 
  -30 83 
  -30 89 
  -29 -92 
  -29 -79 
  -29 -77 
  -29 -75 
  -29 -71 
  -29 -63 
  -29 -61 
  -29 -55 
  -29 -43 
  -29 -39 
  -29 -28 
  -29 -27 
  -29 -14 
  -29 -7 
  -29 -3 
  -29 1 
  -29 7 
  -29 23 
  -29 29 
  -29 32 
  -29 35 
  -29 42 
  -29 65 
  -29 67 
  -29 70 
  -29 86 
  -29 88 
  -28 -80 
  -28 -60 
  -28 -52 
  -28 -47 
  -28 -39 
  -28 -35 
  -28 -31 
  -28 -27 
  -28 -16 
  -28 -13 
  -28 -1 
  -28 2 
  -28 16 
  -28 21 
  -28 33 
  -28 34 
  -28 35 
  -28 41 
  -28 49 
  -28 51 
  -28 58 
  -28 77 
  -27 -88 
  -27 -72 
  -27 -64 
  -27 -63 
  -27 -61 
  -27 -58 
  -27 -57 
  -27 -55 
  -27 -50 
  -27 -38 
  -27 -34 
  -27 -33 
  -27 -30 
  -27 -16 
  -27 -7 
  -27 0 
  -27 12 
  -27 19 
  -27 21 
  -27 49 
  -27 51 
  -27 54 
  -27 59 
  -27 74 
  -27 79 
  -27 81 
  -27 87 
  -26 -93 
  -26 -76 
  -26 -71 
  -26 -65 
  -26 -64 
  -26 -59 
  -26 -55 
  -26 -51 
  -26 -48 
  -26 -41 
  -26 -30 
  -26 -27 
  -26 -21 
  -26 -7 
  -26 -6 
  -26 5 
  -26 8 
  -26 9 
  -26 10 
  -26 11 
  -26 15 
  -26 26 
  -26 32 
  -26 37 
  -26 53 
  -26 56 
  -26 60 
  -26 74 
  -26 79 
  -26 81 
  -26 93 
  -25 -90 
  -25 -89 
  -25 -88 
  -25 -86 
  -25 -83 
  -25 -82 
  -25 -81 
  -25 -80 
  -25 -77 
  -25 -76 
  -25 -72 
  -25 -68 
  -25 -60 
  -25 -57 
  -25 -53 
  -25 -52 
  -25 -41 
  -25 -40 
  -25 -33 
  -25 -28 
  -25 -26 
  -25 -18 
  -25 -9 
  -25 -4 
  -25 3 
  -25 23 
  -25 24 
  -25 27 
  -25 34 
  -25 50 
  -25 57 
  -25 70 
  -25 73 
  -25 80 
  -25 81 
  -25 88 
  -25 90 
  -24 -96 
  -24 -91 
  -24 -75 
  -24 -72 
  -24 -69 
  -24 -48 
  -24 -39 
  -24 -31 
  -24 -27 
  -24 -25 
  -24 -11 
  -24 -1 
  -24 12 
  -24 17 
  -24 40 
  -24 67 
  -24 71 
  -24 77 
  -24 86 
  -24 88 
  -24 91 
  -23 -94 
  -23 -78 
  -23 -66 
  -23 -61 
  -23 -59 
  -23 -49 
  -23 -43 
  -23 -36 
  -23 -34 
  -23 -22 
  -23 -11 
  -23 -6 
  -23 27 
  -23 33 
  -23 59 
  -23 68 
  -23 73 
  -23 86 
  -23 87 
  -23 94 
  -22 -93 
  -22 -82 
  -22 -72 
  -22 -69 
  -22 -60 
  -22 -54 
  -22 -43 
  -22 -29 
  -22 -11 
  -22 -7 
  -22 1 
  -22 13 
  -22 19 
  -22 21 
  -22 31 
  -22 38 
  -22 39 
  -22 46 
  -22 59 
  -22 67 
  -22 78 
  -22 86 
  -22 94 
  -21 -97 
  -21 -85 
  -21 -62 
  -21 -61 
  -21 -59 
  -21 -58 
  -21 -52 
  -21 -46 
  -21 -45 
  -21 -44 
  -21 -38 
  -21 -34 
  -21 -8 
  -21 1 
  -21 4 
  -21 9 
  -21 19 
  -21 31 
  -21 48 
  -21 51 
  -21 66 
  -21 72 
  -21 76 
  -21 85 
  -21 91 
  -21 92 
  -20 -96 
  -20 -93 
  -20 -72 
  -20 -69 
  -20 -68 
  -20 -58 
  -20 -56 
  -20 -53 
  -20 -50 
  -20 -44 
  -20 -43 
  -20 -37 
  -20 -29 
  -20 -28 
  -20 -27 
  -20 -22 
  -20 -6 
  -20 9 
  -20 18 
  -20 24 
  -20 40 
  -20 46 
  -20 52 
  -20 59 
  -20 70 
  -20 78 
  -20 79 
  -20 80 
  -20 88 
  -19 -86 
  -19 -85 
  -19 -79 
  -19 -74 
  -19 -71 
  -19 -69 
  -19 -65 
  -19 -61 
  -19 -55 
  -19 -52 
  -19 -48 
  -19 -46 
  -19 -45 
  -19 -29 
  -19 14 
  -19 27 
  -19 33 
  -19 45 
  -19 49 
  -19 58 
  -19 60 
  -19 64 
  -19 66 
  -19 70 
  -19 78 
  -19 81 
  -19 89 
  -19 93 
  -18 -96 
  -18 -95 
  -18 -94 
  -18 -83 
  -18 -80 
  -18 -51 
  -18 -43 
  -18 -29 
  -18 -26 
  -18 -24 
  -18 -21 
  -18 -17 
  -18 -7 
  -18 15 
  -18 19 
  -18 41 
  -18 61 
  -18 62 
  -18 65 
  -18 83 
  -18 95 
  -18 97 
  -17 -94 
  -17 -86 
  -17 -84 
  -17 -70 
  -17 -69 
  -17 -56 
  -17 -50 
  -17 -49 
  -17 -20 
  -17 -14 
  -17 -5 
  -17 1 
  -17 9 
  -17 11 
  -17 45 
  -17 50 
  -17 55 
  -17 62 
  -17 64 
  -17 69 
  -17 72 
  -17 79 
  -17 83 
  -17 84 
  -17 90 
  -17 96 
  -16 -78 
  -16 -72 
  -16 -61 
  -16 -38 
  -16 -25 
  -16 1 
  -16 3 
  -16 5 
  -16 7 
  -16 22 
  -16 35 
  -16 43 
  -16 51 
  -16 59 
  -16 64 
  -16 65 
  -16 74 
  -16 87 
  -15 -93 
  -15 -91 
  -15 -87 
  -15 -81 
  -15 -80 
  -15 -65 
  -15 -58 
  -15 -54 
  -15 -44 
  -15 -43 
  -15 -42 
  -15 -35 
  -15 -27 
  -15 -25 
  -15 -16 
  -15 -14 
  -15 -11 
  -15 3 
  -15 8 
  -15 20 
  -15 26 
  -15 32 
  -15 34 
  -15 36 
  -15 39 
  -15 45 
  -15 58 
  -15 61 
  -15 83 
  -15 88 
  -15 96 
  -14 -101 
  -14 -93 
  -14 -83 
  -14 -80 
  -14 -78 
  -14 -73 
  -14 -71 
  -14 -70 
  -14 -65 
  -14 -58 
  -14 -57 
  -14 -55 
  -14 -53 
  -14 -52 
  -14 -46 
  -14 -45 
  -14 -44 
  -14 -29 
  -14 -28 
  -14 -24 
  -14 -8 
  -14 -5 
  -14 31 
  -14 38 
  -14 45 
  -14 59 
  -14 73 
  -14 74 
  -14 75 
  -14 78 
  -14 82 
  -13 -101 
  -13 -74 
  -13 -64 
  -13 -63 
  -13 -56 
  -13 -44 
  -13 -43 
  -13 -37 
  -13 -34 
  -13 -30 
  -13 -25 
  -13 -16 
  -13 5 
  -13 13 
  -13 21 
  -13 24 
  -13 34 
  -13 37 
  -13 46 
  -13 68 
  -13 69 
  -13 82 
  -12 -100 
  -12 -83 
  -12 -62 
  -12 -59 
  -12 -52 
  -12 -51 
  -12 -45 
  -12 -37 
  -12 -34 
  -12 -22 
  -12 -13 
  -12 -12 
  -12 -3 
  -12 6 
  -12 21 
  -12 28 
  -12 59 
  -12 64 
  -12 67 
  -12 72 
  -12 89 
  -12 94 
  -11 -102 
  -11 -99 
  -11 -94 
  -11 -93 
  -11 -89 
  -11 -32 
  -11 -9 
  -11 0 
  -11 5 
  -11 9 
  -11 19 
  -11 25 
  -11 27 
  -11 35 
  -11 38 
  -11 40 
  -11 51 
  -11 53 
  -11 61 
  -11 62 
  -11 100 
  -10 -96 
  -10 -93 
  -10 -87 
  -10 -84 
  -10 -82 
  -10 -70 
  -10 -65 
  -10 -57 
  -10 -51 
  -10 -46 
  -10 -26 
  -10 -12 
  -10 -11 
  -10 -4 
  -10 23 
  -10 26 
  -10 38 
  -10 41 
  -10 47 
  -10 52 
  -10 54 
  -10 78 
  -10 93 
  -9 -86 
  -9 -83 
  -9 -77 
  -9 -72 
  -9 -70 
  -9 -65 
  -9 -64 
  -9 -54 
  -9 -35 
  -9 -33 
  -9 -28 
  -9 -27 
  -9 -22 
  -9 -10 
  -9 -7 
  -9 25 
  -9 27 
  -9 37 
  -9 49 
  -9 51 
  -9 62 
  -9 74 
  -9 84 
  -9 95 
  -8 -102 
  -8 -95 
  -8 -90 
  -8 -86 
  -8 -78 
  -8 -75 
  -8 -74 
  -8 -69 
  -8 -68 
  -8 -66 
  -8 -60 
  -8 -54 
  -8 -50 
  -8 -48 
  -8 -20 
  -8 -15 
  -8 -8 
  -8 -5 
  -8 -4 
  -8 1 
  -8 2 
  -8 3 
  -8 16 
  -8 28 
  -8 31 
  -8 34 
  -8 42 
  -8 43 
  -8 46 
  -8 48 
  -8 49 
  -8 59 
  -8 60 
  -8 67 
  -8 74 
  -8 79 
  -8 84 
  -8 88 
  -8 91 
  -7 -96 
  -7 -94 
  -7 -89 
  -7 -84 
  -7 -69 
  -7 -68 
  -7 -61 
  -7 -57 
  -7 -51 
  -7 -42 
  -7 -40 
  -7 -35 
  -7 -22 
  -7 -17 
  -7 -16 
  -7 5 
  -7 6 
  -7 7 
  -7 9 
  -7 36 
  -7 43 
  -7 48 
  -7 72 
  -7 73 
  -7 90 
  -7 97 
  -7 98 
  -7 100 
  -6 -92 
  -6 -84 
  -6 -79 
  -6 -69 
  -6 -55 
  -6 -48 
  -6 -44 
  -6 -27 
  -6 -14 
  -6 -4 
  -6 3 
  -6 4 
  -6 7 
  -6 8 
  -6 26 
  -6 27 
  -6 32 
  -6 41 
  -6 57 
  -6 58 
  -6 67 
  -6 74 
  -6 75 
  -6 78 
  -6 81 
  -6 90 
  -6 97 
  -5 -102 
  -5 -99 
  -5 -96 
  -5 -85 
  -5 -83 
  -5 -77 
  -5 -73 
  -5 -52 
  -5 -51 
  -5 -45 
  -5 -44 
  -5 -39 
  -5 -27 
  -5 -23 
  -5 -22 
  -5 -14 
  -5 -4 
  -5 13 
  -5 21 
  -5 23 
  -5 30 
  -5 38 
  -5 41 
  -5 49 
  -5 50 
  -5 56 
  -5 65 
  -5 72 
  -5 81 
  -5 89 
  -5 99 
  -4 -100 
  -4 -73 
  -4 -71 
  -4 -63 
  -4 -62 
  -4 -61 
  -4 -59 
  -4 -35 
  -4 -33 
  -4 -30 
  -4 -9 
  -4 -6 
  -4 -4 
  -4 8 
  -4 15 
  -4 31 
  -4 32 
  -4 33 
  -4 40 
  -4 58 
  -4 73 
  -4 80 
  -4 85 
  -4 93 
  -3 -100 
  -3 -87 
  -3 -79 
  -3 -71 
  -3 -69 
  -3 -64 
  -3 -45 
  -3 -36 
  -3 -34 
  -3 -30 
  -3 -25 
  -3 -24 
  -3 -21 
  -3 -9 
  -3 -2 
  -3 0 
  -3 5 
  -3 29 
  -3 32 
  -3 54 
  -3 66 
  -3 68 
  -3 86 
  -3 93 
  -2 -102 
  -2 -92 
  -2 -86 
  -2 -76 
  -2 -73 
  -2 -67 
  -2 -64 
  -2 -59 
  -2 -57 
  -2 -49 
  -2 -44 
  -2 -40 
  -2 -26 
  -2 -1 
  -2 0 
  -2 6 
  -2 15 
  -2 21 
  -2 24 
  -2 28 
  -2 50 
  -2 61 
  -2 76 
  -2 86 
  -2 87 
  -2 94 
  -2 99 
  -2 100 
  -1 -101 
  -1 -95 
  -1 -93 
  -1 -86 
  -1 -75 
  -1 -68 
  -1 -63 
  -1 -52 
  -1 -45 
  -1 -41 
  -1 -35 
  -1 -17 
  -1 -16 
  -1 -12 
  -1 -4 
  -1 10 
  -1 16 
  -1 30 
  -1 42 
  -1 57 
  -1 64 
  -1 70 
  -1 71 
  -1 72 
  -1 74 
  -1 82 
  -1 86 
  -1 92 
  0 -91 
  0 -81 
  0 -80 
  0 -76 
  0 -73 
  0 -71 
  0 -64 
  0 -59 
  0 -58 
  0 -48 
  0 -45 
  0 -34 
  0 -23 
  0 -18 
  0 -9 
  0 4 
  0 12 
  0 22 
  0 29 
  0 32 
  0 52 
  0 56 
  0 59 
  0 74 
  0 75 
  0 78 
  0 82 
  0 86 
  0 95 
  1 -104 
  1 -103 
  1 -102 
  1 -81 
  1 -66 
  1 -61 
  1 -58 
  1 -54 
  1 -48 
  1 -36 
  1 -35 
  1 -33 
  1 -26 
  1 -22 
  1 -17 
  1 4 
  1 13 
  1 22 
  1 29 
  1 31 
  1 35 
  1 38 
  1 41 
  1 43 
  1 44 
  1 67 
  1 80 
  1 87 
  1 88 
  2 -102 
  2 -93 
  2 -78 
  2 -74 
  2 -60 
  2 -56 
  2 -47 
  2 -40 
  2 -31 
  2 -28 
  2 -26 
  2 -15 
  2 -5 
  2 11 
  2 30 
  2 65 
  2 80 
  2 87 
  3 -81 
  3 -59 
  3 -58 
  3 -53 
  3 -51 
  3 -46 
  3 -40 
  3 -37 
  3 -31 
  3 -9 
  3 8 
  3 23 
  3 26 
  3 43 
  3 46 
  3 63 
  3 78 
  3 86 
  3 94 
  3 99 
  4 -103 
  4 -95 
  4 -88 
  4 -66 
  4 -56 
  4 -54 
  4 -48 
  4 -41 
  4 -34 
  4 -30 
  4 -26 
  4 -14 
  4 -13 
  4 1 
  4 17 
  4 24 
  4 27 
  4 30 
  4 39 
  4 67 
  4 80 
  4 83 
  5 -99 
  5 -98 
  5 -90 
  5 -88 
  5 -65 
  5 -62 
  5 -60 
  5 -56 
  5 -39 
  5 -36 
  5 -20 
  5 -15 
  5 -5 
  5 18 
  5 20 
  5 24 
  5 29 
  5 32 
  5 33 
  5 47 
  5 56 
  5 63 
  5 69 
  5 96 
  6 -73 
  6 -66 
  6 -37 
  6 -32 
  6 -9 
  6 5 
  6 12 
  6 15 
  6 26 
  6 31 
  6 33 
  6 36 
  6 38 
  6 53 
  6 67 
  6 72 
  6 77 
  7 -99 
  7 -74 
  7 -70 
  7 -69 
  7 -68 
  7 -62 
  7 -48 
  7 -46 
  7 -37 
  7 -20 
  7 8 
  7 16 
  7 18 
  7 32 
  7 44 
  7 55 
  7 63 
  7 82 
  7 89 
  7 96 
  8 -98 
  8 -92 
  8 -88 
  8 -85 
  8 -58 
  8 -56 
  8 -55 
  8 -52 
  8 -35 
  8 -32 
  8 -21 
  8 6 
  8 21 
  8 22 
  8 26 
  8 39 
  8 41 
  8 55 
  8 58 
  8 63 
  8 78 
  8 81 
  8 84 
  8 94 
  9 -93 
  9 -92 
  9 -43 
  9 -36 
  9 -35 
  9 -28 
  9 -9 
  9 3 
  9 11 
  9 13 
  9 15 
  9 17 
  9 42 
  9 63 
  9 66 
  9 68 
  9 73 
  9 87 
  9 89 
  9 90 
  9 100 
  10 -100 
  10 -78 
  10 -67 
  10 -53 
  10 -45 
  10 -44 
  10 -43 
  10 -39 
  10 -27 
  10 -19 
  10 -15 
  10 -3 
  10 3 
  10 11 
  10 13 
  10 30 
  10 42 
  10 50 
  10 55 
  10 58 
  10 66 
  10 93 
  11 -96 
  11 -95 
  11 -84 
  11 -83 
  11 -76 
  11 -67 
  11 -60 
  11 -57 
  11 -56 
  11 -53 
  11 -44 
  11 -32 
  11 -30 
  11 -22 
  11 -19 
  11 -1 
  11 10 
  11 11 
  11 18 
  11 19 
  11 21 
  11 30 
  11 31 
  11 49 
  11 52 
  11 60 
  11 62 
  11 79 
  11 81 
  12 -102 
  12 -91 
  12 -63 
  12 -44 
  12 -43 
  12 -41 
  12 -28 
  12 -24 
  12 -22 
  12 -7 
  12 -6 
  12 0 
  12 5 
  12 6 
  12 28 
  12 29 
  12 36 
  12 41 
  12 51 
  12 71 
  12 78 
  12 87 
  12 95 
  13 -84 
  13 -81 
  13 -62 
  13 -60 
  13 -46 
  13 -43 
  13 -41 
  13 -35 
  13 -22 
  13 -9 
  13 -6 
  13 9 
  13 19 
  13 21 
  13 29 
  13 34 
  13 55 
  13 65 
  13 80 
  13 83 
  13 85 
  13 88 
  13 93 
  13 94 
  13 95 
  13 96 
  13 97 
  14 -93 
  14 -64 
  14 -61 
  14 -54 
  14 -38 
  14 -36 
  14 -32 
  14 -28 
  14 -2 
  14 0 
  14 5 
  14 9 
  14 11 
  14 19 
  14 22 
  14 28 
  14 48 
  14 50 
  14 53 
  14 66 
  14 78 
  14 80 
  14 84 
  14 92 
  14 100 
  15 -101 
  15 -92 
  15 -87 
  15 -84 
  15 -79 
  15 -71 
  15 -66 
  15 -45 
  15 -44 
  15 -43 
  15 -40 
  15 -37 
  15 -24 
  15 -23 
  15 -8 
  15 -4 
  15 -3 
  15 2 
  15 8 
  15 15 
  15 28 
  15 32 
  15 46 
  15 53 
  15 56 
  15 60 
  15 77 
  15 80 
  15 82 
  15 87 
  15 89 
  15 91 
  15 92 
  15 99 
  15 100 
  16 -99 
  16 -67 
  16 -65 
  16 -52 
  16 -51 
  16 -50 
  16 -49 
  16 -46 
  16 -40 
  16 -34 
  16 -21 
  16 -19 
  16 -18 
  16 -6 
  16 -5 
  16 -3 
  16 8 
  16 9 
  16 10 
  16 18 
  16 49 
  16 53 
  16 65 
  16 68 
  16 85 
  16 86 
  16 88 
  16 90 
  17 -99 
  17 -98 
  17 -93 
  17 -79 
  17 -77 
  17 -72 
  17 -71 
  17 -67 
  17 -66 
  17 -65 
  17 -63 
  17 -57 
  17 -46 
  17 -39 
  17 -38 
  17 -33 
  17 -25 
  17 4 
  17 19 
  17 32 
  17 36 
  17 46 
  17 47 
  17 73 
  17 74 
  17 77 
  17 85 
  17 96 
  17 99 
  18 -86 
  18 -83 
  18 -78 
  18 -68 
  18 -57 
  18 -56 
  18 -21 
  18 -20 
  18 10 
  18 44 
  18 62 
  18 71 
  18 84 
  18 89 
  18 92 
  19 -86 
  19 -69 
  19 -67 
  19 -65 
  19 -52 
  19 -51 
  19 -49 
  19 -46 
  19 -42 
  19 -34 
  19 -17 
  19 -10 
  19 -5 
  19 9 
  19 40 
  19 48 
  19 51 
  19 56 
  19 63 
  19 64 
  19 78 
  19 90 
  19 94 
  19 97 
  20 -85 
  20 -82 
  20 -73 
  20 -71 
  20 -70 
  20 -69 
  20 -63 
  20 -61 
  20 -60 
  20 -58 
  20 -56 
  20 -54 
  20 -32 
  20 -13 
  20 -8 
  20 -7 
  20 -1 
  20 4 
  20 13 
  20 17 
  20 18 
  20 30 
  20 32 
  20 55 
  20 64 
  20 69 
  20 77 
  20 81 
  20 86 
  20 88 
  21 -94 
  21 -91 
  21 -86 
  21 -82 
  21 -76 
  21 -72 
  21 -70 
  21 -62 
  21 -33 
  21 -29 
  21 -27 
  21 -16 
  21 -9 
  21 -2 
  21 0 
  21 3 
  21 8 
  21 11 
  21 13 
  21 40 
  21 41 
  21 49 
  21 55 
  21 58 
  21 77 
  21 78 
  21 79 
  21 80 
  22 -90 
  22 -88 
  22 -76 
  22 -75 
  22 -58 
  22 -51 
  22 -48 
  22 -29 
  22 -21 
  22 -18 
  22 -17 
  22 -13 
  22 1 
  22 5 
  22 8 
  22 13 
  22 15 
  22 24 
  22 25 
  22 30 
  22 34 
  22 39 
  22 49 
  22 71 
  22 78 
  22 85 
  22 86 
  22 93 
  23 -97 
  23 -84 
  23 -60 
  23 -42 
  23 -34 
  23 -29 
  23 -16 
  23 0 
  23 7 
  23 35 
  23 40 
  23 42 
  23 46 
  23 66 
  23 74 
  23 80 
  23 92 
  24 -96 
  24 -95 
  24 -85 
  24 -60 
  24 -48 
  24 -47 
  24 -38 
  24 -36 
  24 -33 
  24 -25 
  24 -18 
  24 2 
  24 4 
  24 5 
  24 6 
  24 16 
  24 22 
  24 24 
  24 30 
  24 38 
  24 50 
  24 61 
  24 66 
  24 71 
  24 72 
  24 75 
  24 88 
  25 -92 
  25 -81 
  25 -71 
  25 -70 
  25 -49 
  25 -42 
  25 -31 
  25 -30 
  25 -23 
  25 -16 
  25 -6 
  25 10 
  25 17 
  25 18 
  25 36 
  25 37 
  25 45 
  25 59 
  25 60 
  25 67 
  25 70 
  25 71 
  25 80 
  25 87 
  25 89 
  25 91 
  25 93 
  26 -86 
  26 -80 
  26 -76 
  26 -73 
  26 -67 
  26 -46 
  26 -22 
  26 -17 
  26 -11 
  26 -8 
  26 11 
  26 12 
  26 13 
  26 37 
  26 48 
  26 57 
  26 61 
  26 62 
  26 75 
  26 80 
  27 -88 
  27 -81 
  27 -80 
  27 -59 
  27 -52 
  27 -47 
  27 -45 
  27 -32 
  27 -25 
  27 -22 
  27 2 
  27 3 
  27 5 
  27 6 
  27 15 
  27 29 
  27 35 
  27 40 
  27 51 
  27 56 
  27 74 
  27 77 
  27 86 
  27 87 
  28 -80 
  28 -77 
  28 -75 
  28 -51 
  28 -38 
  28 -33 
  28 -32 
  28 -31 
  28 -19 
  28 -14 
  28 -12 
  28 -7 
  28 -3 
  28 3 
  28 4 
  28 10 
  28 24 
  28 40 
  28 45 
  28 48 
  28 65 
  28 67 
  28 69 
  28 74 
  28 84 
  29 -78 
  29 -76 
  29 -74 
  29 -72 
  29 -65 
  29 -61 
  29 -60 
  29 -57 
  29 -56 
  29 -40 
  29 -37 
  29 -34 
  29 -15 
  29 -10 
  29 12 
  29 17 
  29 29 
  29 45 
  29 49 
  29 62 
  29 65 
  29 67 
  30 -81 
  30 -77 
  30 -75 
  30 -57 
  30 -52 
  30 -48 
  30 -47 
  30 -43 
  30 -34 
  30 -26 
  30 -16 
  30 -15 
  30 -14 
  30 -7 
  30 -1 
  30 7 
  30 29 
  30 75 
  30 79 
  30 81 
  30 87 
  30 91 
  31 -78 
  31 -67 
  31 -65 
  31 -55 
  31 -49 
  31 -39 
  31 -28 
  31 -24 
  31 -18 
  31 3 
  31 15 
  31 18 
  31 33 
  31 41 
  31 42 
  31 48 
  31 57 
  31 74 
  31 75 
  31 85 
  31 90 
  32 -64 
  32 -59 
  32 -58 
  32 -54 
  32 -38 
  32 -31 
  32 -17 
  32 -15 
  32 -9 
  32 -8 
  32 6 
  32 18 
  32 34 
  32 38 
  32 43 
  32 48 
  32 64 
  32 75 
  32 87 
  33 -85 
  33 -84 
  33 -64 
  33 -63 
  33 -28 
  33 -27 
  33 -25 
  33 -9 
  33 -7 
  33 -5 
  33 13 
  33 16 
  33 22 
  33 33 
  33 40 
  33 56 
  33 68 
  33 70 
  33 78 
  33 84 
  34 -77 
  34 -62 
  34 -53 
  34 -50 
  34 -40 
  34 -28 
  34 -17 
  34 -5 
  34 2 
  34 3 
  34 8 
  34 15 
  34 16 
  34 24 
  34 72 
  35 -85 
  35 -78 
  35 -65 
  35 -64 
  35 -53 
  35 -48 
  35 -36 
  35 -33 
  35 -16 
  35 -9 
  35 -5 
  35 9 
  35 29 
  35 31 
  35 38 
  35 43 
  35 63 
  35 68 
  35 69 
  35 74 
  35 75 
  35 80 
  35 86 
  36 -82 
  36 -79 
  36 -58 
  36 -53 
  36 -46 
  36 -45 
  36 -37 
  36 -33 
  36 -29 
  36 -26 
  36 -2 
  36 4 
  36 6 
  36 17 
  36 18 
  36 22 
  36 49 
  36 50 
  36 56 
  36 60 
  36 62 
  36 68 
  36 71 
  36 74 
  36 82 
  37 -84 
  37 -69 
  37 -68 
  37 -64 
  37 -49 
  37 -48 
  37 -44 
  37 -22 
  37 -13 
  37 -4 
  37 1 
  37 4 
  37 41 
  37 59 
  37 65 
  37 75 
  37 76 
  38 -80 
  38 -78 
  38 -67 
  38 -64 
  38 -60 
  38 -59 
  38 -52 
  38 -43 
  38 -38 
  38 -25 
  38 17 
  38 20 
  38 21 
  38 30 
  38 35 
  38 36 
  38 37 
  38 42 
  38 52 
  38 56 
  38 71 
  38 82 
  39 -74 
  39 -42 
  39 -38 
  39 -24 
  39 -9 
  39 -2 
  39 1 
  39 6 
  39 7 
  39 37 
  39 38 
  39 48 
  39 55 
  39 58 
  39 66 
  39 73 
  40 -74 
  40 -62 
  40 -58 
  40 -49 
  40 -42 
  40 -41 
  40 -31 
  40 -28 
  40 -20 
  40 -15 
  40 -13 
  40 -5 
  40 -4 
  40 1 
  40 16 
  40 18 
  40 28 
  40 32 
  40 50 
  40 54 
  40 56 
  40 58 
  40 64 
  40 67 
  40 81 
  41 -81 
  41 -78 
  41 -51 
  41 -50 
  41 -37 
  41 -33 
  41 -32 
  41 -26 
  41 -23 
  41 -16 
  41 -15 
  41 -10 
  41 -6 
  41 9 
  41 12 
  41 17 
  41 20 
  41 28 
  41 47 
  41 49 
  41 56 
  42 -79 
  42 -64 
  42 -62 
  42 -53 
  42 -26 
  42 -20 
  42 -2 
  42 -1 
  42 13 
  42 47 
  42 51 
  42 67 
  42 71 
  42 72 
  42 74 
  43 -74 
  43 -72 
  43 -65 
  43 -59 
  43 -58 
  43 -57 
  43 -38 
  43 -33 
  43 -32 
  43 -21 
  43 -20 
  43 -18 
  43 -16 
  43 -13 
  43 -11 
  43 -10 
  43 -9 
  43 1 
  43 12 
  43 29 
  43 42 
  43 49 
  43 56 
  43 75 
  44 -76 
  44 -71 
  44 -45 
  44 -44 
  44 -28 
  44 -24 
  44 -13 
  44 -2 
  44 7 
  44 10 
  44 17 
  44 22 
  44 24 
  44 34 
  44 60 
  45 -74 
  45 -27 
  45 -21 
  45 -16 
  45 -6 
  45 -4 
  45 1 
  45 2 
  45 34 
  45 60 
  45 63 
  45 69 
  46 -67 
  46 -57 
  46 -52 
  46 -51 
  46 -48 
  46 -40 
  46 -24 
  46 -15 
  46 -4 
  46 2 
  46 6 
  46 7 
  46 11 
  46 25 
  46 32 
  46 40 
  46 50 
  46 52 
  46 54 
  47 -71 
  47 -65 
  47 -55 
  47 -43 
  47 -41 
  47 -31 
  47 -22 
  47 -1 
  47 10 
  47 14 
  47 50 
  48 -70 
  48 -61 
  48 -58 
  48 -46 
  48 -39 
  48 -35 
  48 -32 
  48 -24 
  48 -22 
  48 -14 
  48 -6 
  48 24 
  48 29 
  48 33 
  48 46 
  48 58 
  48 67 
  49 -49 
  49 -40 
  49 -39 
  49 -37 
  49 -35 
  49 -27 
  49 -26 
  49 -22 
  49 -17 
  49 -13 
  49 -12 
  49 -6 
  49 -4 
  49 10 
  49 17 
  49 24 
  49 28 
  49 35 
  49 36 
  49 54 
  49 59 
  49 62 
  50 -47 
  50 -42 
  50 -38 
  50 -35 
  50 -33 
  50 -28 
  50 -24 
  50 -13 
  50 -10 
  50 -4 
  50 7 
  50 10 
  50 33 
  50 37 
  50 62 
  51 -65 
  51 -51 
  51 -48 
  51 -44 
  51 -42 
  51 -33 
  51 -22 
  51 -13 
  51 8 
  51 28 
  51 29 
  51 32 
  51 34 
  51 45 
  51 50 
  51 61 
  52 -60 
  52 -53 
  52 -52 
  52 -46 
  52 -23 
  52 -13 
  52 -12 
  52 -11 
  52 -5 
  52 5 
  52 18 
  52 23 
  52 31 
  52 34 
  52 43 
  52 50 
  52 52 
  52 57 
  52 60 
  53 -59 
  53 -53 
  53 -43 
  53 -41 
  53 -25 
  53 -24 
  53 -21 
  53 -16 
  53 -9 
  53 0 
  53 12 
  53 37 
  53 53 
  54 -58 
  54 -53 
  54 -39 
  54 -37 
  54 -21 
  54 -6 
  54 -4 
  54 3 
  54 14 
  54 22 
  54 24 
  54 38 
  54 43 
  54 44 
  54 45 
  54 57 
  55 -46 
  55 -34 
  55 -25 
  55 0 
  55 11 
  55 18 
  55 24 
  55 27 
  55 39 
  55 50 
  56 -50 
  56 -39 
  56 -35 
  56 -28 
  56 -11 
  56 11 
  56 25 
  56 35 
  56 36 
  56 46 
  56 51 
  57 -48 
  57 -46 
  57 -44 
  57 -42 
  57 -38 
  57 -27 
  57 -25 
  57 -7 
  57 -6 
  57 -3 
  57 14 
  58 -47 
  58 -42 
  58 -35 
  58 -33 
  58 -11 
  58 -2 
  58 6 
  58 13 
  58 24 
  58 34 
  59 -15 
  59 2 
  59 4 
  59 9 
  59 16 
  59 24 
  59 31 
  59 35 
  59 37 
  59 38 
  59 42 
  60 -41 
  60 -40 
  60 -30 
  60 -20 
  60 -17 
  60 -15 
  60 -4 
  60 7 
  60 8 
  60 11 
  60 13 
  60 21 
  60 22 
  60 34 
  61 -36 
  61 -35 
  61 -27 
  61 0 
  61 6 
  61 18 
  61 24 
  61 32 
  62 -26 
  62 -23 
  62 -16 
  62 -11 
  62 -10 
  62 -8 
  62 -5 
  62 0 
  62 7 
  62 23 
  62 24 
  62 30 
  62 31 
  63 -27 
  63 -20 
  63 -15 
  63 -14 
  63 -13 
  63 -3 
  63 -2 
  63 -1 
  63 2 
  63 6 
  63 16 
  63 23 
  64 -9 
  64 -7 
  64 -4 
  65 -5 
  65 -4 
  65 3 
  -64 -4 
  -64 2 
  -63 -18 
  -63 -10 
  -63 -6 
  -63 -5 
  -63 18 
  -62 -19 
  -62 -12 
  -62 -10 
  -62 -2 
  -62 7 
  -62 17 
  -62 24 
  -61 -28 
  -61 -22 
  -61 -16 
  -61 -6 
  -61 14 
  -61 16 
  -60 -12 
  -60 -8 
  -60 6 
  -60 25 
  -60 26 
  -60 28 
  -60 29 
  -60 31 
  -60 32 
  -59 -35 
  -59 -33 
  -59 -27 
  -59 -21 
  -59 -16 
  -59 -7 
  -59 36 
  -58 -43 
  -58 -41 
  -58 -36 
  -58 -32 
  -58 -9 
  -58 4 
  -58 38 
  -57 -40 
  -57 -26 
  -57 -19 
  -57 -17 
  -57 -13 
  -57 -5 
  -57 -2 
  -57 3 
  -57 31 
  -57 32 
  -56 -34 
  -56 -33 
  -56 -21 
  -56 -14 
  -56 -13 
  -56 -1 
  -56 6 
  -56 20 
  -56 22 
  -56 35 
  -56 36 
  -56 37 
  -56 38 
  -56 41 
  -56 44 
  -55 -45 
  -55 -40 
  -55 -18 
  -55 -13 
  -55 -11 
  -55 -7 
  -55 0 
  -55 4 
  -55 23 
  -55 26 
  -55 34 
  -55 37 
  -54 -46 
  -54 -43 
  -54 -38 
  -54 -36 
  -54 -34 
  -54 -25 
  -54 9 
  -54 13 
  -54 28 
  -54 43 
  -53 -49 
  -53 -48 
  -53 -44 
  -53 -35 
  -53 -29 
  -53 -24 
  -53 -14 
  -53 -1 
  -53 12 
  -53 13 
  -53 14 
  -53 30 
  -53 41 
  -53 48 
  -53 51 
  -53 54 
  -52 -58 
  -52 -56 
  -52 -48 
  -52 -43 
  -52 -29 
  -52 -26 
  -52 -25 
  -52 -24 
  -52 -20 
  -52 -19 
  -52 -16 
  -52 -11 
  -52 -9 
  -52 7 
  -52 29 
  -52 35 
  -52 51 
  -52 56 
  -51 -61 
  -51 -60 
  -51 -33 
  -51 -13 
  -51 -3 
  -51 1 
  -51 5 
  -51 51 
  -51 57 
  -50 -62 
  -50 -59 
  -50 -37 
  -50 -8 
  -50 -1 
  -50 6 
  -50 23 
  -50 26 
  -50 30 
  -50 33 
  -50 40 
  -50 52 
  -49 -63 
  -49 -61 
  -49 -51 
  -49 -33 
  -49 -30 
  -49 -29 
  -49 -17 
  -49 -9 
  -49 -5 
  -49 14 
  -49 18 
  -49 27 
  -49 39 
  -49 43 
  -49 48 
  -49 61 
  -48 -57 
  -48 -50 
  -48 -38 
  -48 -37 
  -48 -31 
  -48 -30 
  -48 -28 
  -48 -27 
  -48 -26 
  -48 -17 
  -48 -9 
  -48 -8 
  -48 -4 
  -48 -3 
  -48 9 
  -48 10 
  -48 28 
  -48 37 
  -48 39 
  -48 56 
  -47 -55 
  -47 -36 
  -47 -35 
  -47 -27 
  -47 -26 
  -47 -8 
  -47 -6 
  -47 40 
  -47 47 
  -47 63 
  -47 67 
  -47 69 
  -46 -57 
  -46 -49 
  -46 -47 
  -46 -35 
  -46 -34 
  -46 -14 
  -46 -7 
  -46 13 
  -46 31 
  -46 37 
  -46 54 
  -46 55 
  -46 56 
  -45 -61 
  -45 -58 
  -45 -51 
  -45 -49 
  -45 -38 
  -45 5 
  -45 7 
  -45 12 
  -45 21 
  -45 32 
  -45 50 
  -45 62 
  -45 63 
  -45 64 
  -45 69 
  -44 -73 
  -44 -56 
  -44 -53 
  -44 -41 
  -44 -38 
  -44 -35 
  -44 -34 
  -44 -20 
  -44 -7 
  -44 -6 
  -44 16 
  -44 20 
  -44 27 
  -44 35 
  -44 56 
  -44 60 
  -44 62 
  -44 64 
  -44 71 
  -43 -76 
  -43 -72 
  -43 -63 
  -43 -62 
  -43 -51 
  -43 -49 
  -43 -48 
  -43 -40 
  -43 -27 
  -43 -15 
  -43 -1 
  -43 24 
  -43 32 
  -43 60 
  -43 72 
  -42 -78 
  -42 -73 
  -42 -63 
  -42 -49 
  -42 -35 
  -42 -21 
  -42 -16 
  -42 -10 
  -42 -6 
  -42 1 
  -42 9 
  -42 11 
  -42 24 
  -42 63 
  -41 -74 
  -41 -73 
  -41 -69 
  -41 -60 
  -41 -46 
  -41 -15 
  -41 -12 
  -41 -5 
  -41 8 
  -41 11 
  -41 13 
  -41 21 
  -41 22 
  -41 28 
  -41 32 
  -41 35 
  -41 36 
  -41 43 
  -41 50 
  -41 56 
  -41 62 
  -40 -71 
  -40 -55 
  -40 -51 
  -40 -49 
  -40 -48 
  -40 -38 
  -40 -36 
  -40 -27 
  -40 -22 
  -40 -15 
  -40 -9 
  -40 -8 
  -40 -4 
  -40 -3 
  -40 8 
  -40 14 
  -40 19 
  -40 25 
  -40 42 
  -40 46 
  -40 49 
  -40 56 
  -40 57 
  -40 69 
  -40 71 
  -39 -70 
  -39 -66 
  -39 -30 
  -39 -28 
  -39 -14 
  -39 -4 
  -39 0 
  -39 8 
  -39 15 
  -39 35 
  -39 37 
  -39 40 
  -39 46 
  -39 57 
  -39 75 
  -38 -79 
  -38 -74 
  -38 -67 
  -38 -65 
  -38 -56 
  -38 -54 
  -38 -44 
  -38 -26 
  -38 -10 
  -38 -5 
  -38 -2 
  -38 2 
  -38 5 
  -38 13 
  -38 23 
  -38 25 
  -38 26 
  -38 52 
  -38 54 
  -38 55 
  -38 63 
  -38 74 
  -38 76 
  -38 79 
  -38 82 
  -37 -78 
  -37 -76 
  -37 -74 
  -37 -71 
  -37 -66 
  -37 -52 
  -37 -41 
  -37 -29 
  -37 -16 
  -37 -15 
  -37 -3 
  -37 0 
  -37 1 
  -37 7 
  -37 9 
  -37 10 
  -37 14 
  -37 17 
  -37 29 
  -37 30 
  -37 33 
  -37 41 
  -37 49 
  -37 54 
  -37 57 
  -37 64 
  -37 71 
  -37 74 
  -36 -81 
  -36 -63 
  -36 -53 
  -36 -51 
  -36 -50 
  -36 -49 
  -36 -41 
  -36 -38 
  -36 -36 
  -36 -34 
  -36 -27 
  -36 -23 
  -36 -17 
  -36 -14 
  -36 6 
  -36 7 
  -36 10 
  -36 24 
  -36 25 
  -36 26 
  -36 28 
  -36 31 
  -36 35 
  -36 43 
  -36 51 
  -36 61 
  -36 63 
  -36 67 
  -36 71 
  -36 75 
  -36 78 
  -35 -84 
  -35 -83 
  -35 -77 
  -35 -75 
  -35 -48 
  -35 -42 
  -35 -3 
  -35 7 
  -35 8 
  -35 10 
  -35 21 
  -35 60 
  -35 67 
  -35 78 
  -35 82 
  -34 -87 
  -34 -51 
  -34 -43 
  -34 -34 
  -34 -15 
  -34 -4 
  -34 7 
  -34 14 
  -34 22 
  -34 35 
  -34 39 
  -34 52 
  -34 56 
  -34 78 
  -34 86 
  -33 -66 
  -33 -59 
  -33 -54 
  -33 -42 
  -33 -38 
  -33 -34 
  -33 -29 
  -33 -26 
  -33 -16 
  -33 -13 
  -33 -12 
  -33 -8 
  -33 -1 
  -33 3 
  -33 4 
  -33 7 
  -33 26 
  -33 41 
  -33 51 
  -33 76 
  -33 84 
  -33 85 
  -33 87 
  -32 -76 
  -32 -71 
  -32 -67 
  -32 -55 
  -32 -53 
  -32 -20 
  -32 -3 
  -32 8 
  -32 23 
  -32 28 
  -32 54 
  -32 59 
  -32 68 
  -32 69 
  -32 71 
  -32 74 
  -31 -86 
  -31 -84 
  -31 -79 
  -31 -67 
  -31 -53 
  -31 -49 
  -31 -44 
  -31 -42 
  -31 -34 
  -31 -32 
  -31 -28 
  -31 -27 
  -31 -25 
  -31 -20 
  -31 -7 
  -31 -3 
  -31 2 
  -31 11 
  -31 16 
  -31 24 
  -31 31 
  -31 42 
  -31 55 
  -31 60 
  -31 69 
  -31 73 
  -31 80 
  -30 -91 
  -30 -83 
  -30 -76 
  -30 -73 
  -30 -64 
  -30 -52 
  -30 -48 
  -30 -42 
  -30 -27 
  -30 -25 
  -30 5 
  -30 15 
  -30 16 
  -30 19 
  -30 40 
  -30 42 
  -30 46 
  -30 70 
  -30 73 
  -30 74 
  -30 77 
  -30 81 
  -30 84 
  -30 87 
  -29 -90 
  -29 -86 
  -29 -84 
  -29 -72 
  -29 -60 
  -29 -36 
  -29 -25 
  -29 -11 
  -29 -4 
  -29 18 
  -29 21 
  -29 28 
  -29 34 
  -29 41 
  -29 46 
  -29 53 
  -29 63 
  -29 64 
  -29 71 
  -29 72 
  -29 73 
  -29 76 
  -29 77 
  -29 87 
  -28 -88 
  -28 -87 
  -28 -83 
  -28 -81 
  -28 -34 
  -28 -32 
  -28 -29 
  -28 -23 
  -28 -19 
  -28 -8 
  -28 -7 
  -28 -6 
  -28 6 
  -28 8 
  -28 11 
  -28 17 
  -28 18 
  -28 36 
  -28 38 
  -28 43 
  -28 48 
  -28 60 
  -28 81 
  -27 -90 
  -27 -74 
  -27 -68 
  -27 -60 
  -27 -46 
  -27 -36 
  -27 -27 
  -27 -21 
  -27 -18 
  -27 -4 
  -27 -3 
  -27 -2 
  -27 17 
  -27 29 
  -27 30 
  -27 35 
  -27 37 
  -27 41 
  -27 47 
  -27 50 
  -27 65 
  -27 69 
  -27 77 
  -27 83 
  -26 -82 
  -26 -73 
  -26 -72 
  -26 -53 
  -26 -37 
  -26 -23 
  -26 -22 
  -26 -11 
  -26 -10 
  -26 -9 
  -26 13 
  -26 22 
  -26 25 
  -26 36 
  -26 41 
  -26 73 
  -26 77 
  -26 80 
  -26 85 
  -26 88 
  -25 -94 
  -25 -65 
  -25 -56 
  -25 -50 
  -25 -46 
  -25 -42 
  -25 -37 
  -25 -20 
  -25 -14 
  -25 -3 
  -25 7 
  -25 9 
  -25 11 
  -25 30 
  -25 37 
  -25 47 
  -25 52 
  -25 59 
  -25 61 
  -25 62 
  -25 67 
  -25 82 
  -25 85 
  -24 -95 
  -24 -86 
  -24 -82 
  -24 -79 
  -24 -73 
  -24 -62 
  -24 -59 
  -24 -53 
  -24 -51 
  -24 -28 
  -24 -22 
  -24 8 
  -24 10 
  -24 16 
  -24 19 
  -24 23 
  -24 36 
  -24 50 
  -24 51 
  -24 54 
  -24 68 
  -23 -83 
  -23 -77 
  -23 -72 
  -23 -52 
  -23 -47 
  -23 -37 
  -23 -20 
  -23 0 
  -23 1 
  -23 22 
  -23 26 
  -23 35 
  -23 36 
  -23 48 
  -23 81 
  -23 88 
  -23 93 
  -23 95 
  -22 -87 
  -22 -85 
  -22 -80 
  -22 -73 
  -22 -68 
  -22 -53 
  -22 -51 
  -22 -47 
  -22 -44 
  -22 -39 
  -22 -38 
  -22 -23 
  -22 -22 
  -22 -18 
  -22 -17 
  -22 -12 
  -22 -10 
  -22 -5 
  -22 0 
  -22 7 
  -22 18 
  -22 47 
  -22 52 
  -22 74 
  -22 81 
  -22 89 
  -21 -83 
  -21 -74 
  -21 -64 
  -21 -50 
  -21 -43 
  -21 -40 
  -21 -32 
  -21 -19 
  -21 -14 
  -21 2 
  -21 14 
  -21 18 
  -21 20 
  -21 22 
  -21 37 
  -21 54 
  -21 79 
  -21 83 
  -21 88 
  -21 93 
  -21 96 
  -20 -79 
  -20 -75 
  -20 -66 
  -20 -65 
  -20 -64 
  -20 -63 
  -20 -55 
  -20 -54 
  -20 -12 
  -20 -10 
  -20 -3 
  -20 -1 
  -20 15 
  -20 16 
  -20 17 
  -20 21 
  -20 28 
  -20 32 
  -20 37 
  -20 42 
  -20 54 
  -20 61 
  -20 63 
  -20 68 
  -20 71 
  -20 84 
  -19 -93 
  -19 -88 
  -19 -81 
  -19 -77 
  -19 -72 
  -19 -40 
  -19 -38 
  -19 -34 
  -19 -30 
  -19 -21 
  -19 8 
  -19 16 
  -19 20 
  -19 25 
  -19 38 
  -19 54 
  -19 59 
  -19 71 
  -19 76 
  -19 83 
  -19 95 
  -18 -84 
  -18 -73 
  -18 -70 
  -18 -38 
  -18 -28 
  -18 -20 
  -18 -15 
  -18 3 
  -18 20 
  -18 24 
  -18 26 
  -18 27 
  -18 38 
  -18 40 
  -18 43 
  -18 44 
  -18 70 
  -18 73 
  -18 74 
  -18 79 
  -18 81 
  -18 84 
  -18 85 
  -18 86 
  -17 -99 
  -17 -88 
  -17 -75 
  -17 -68 
  -17 -59 
  -17 -57 
  -17 -44 
  -17 -32 
  -17 -27 
  -17 -8 
  -17 -6 
  -17 0 
  -17 13 
  -17 20 
  -17 24 
  -17 30 
  -17 34 
  -17 39 
  -17 40 
  -17 43 
  -17 52 
  -17 66 
  -17 81 
  -17 87 
  -17 91 
  -16 -99 
  -16 -95 
  -16 -75 
  -16 -66 
  -16 -63 
  -16 -57 
  -16 -54 
  -16 -49 
  -16 -42 
  -16 -22 
  -16 -19 
  -16 -15 
  -16 -3 
  -16 0 
  -16 21 
  -16 25 
  -16 38 
  -16 39 
  -16 42 
  -16 44 
  -16 45 
  -16 54 
  -16 97 
  -16 99 
  -15 -89 
  -15 -86 
  -15 -77 
  -15 -69 
  -15 -66 
  -15 -61 
  -15 -53 
  -15 -38 
  -15 -30 
  -15 -26 
  -15 -17 
  -15 -5 
  -15 -1 
  -15 0 
  -15 1 
  -15 5 
  -15 12 
  -15 15 
  -15 42 
  -15 48 
  -15 49 
  -15 50 
  -15 55 
  -15 62 
  -15 72 
  -15 79 
  -15 91 
  -15 95 
  -15 97 
  -15 98 
  -14 -97 
  -14 -96 
  -14 -95 
  -14 -91 
  -14 -69 
  -14 -68 
  -14 -56 
  -14 -51 
  -14 -49 
  -14 -41 
  -14 -30 
  -14 -26 
  -14 -19 
  -14 -3 
  -14 6 
  -14 12 
  -14 19 
  -14 32 
  -14 34 
  -14 37 
  -14 42 
  -14 57 
  -14 71 
  -14 93 
  -14 99 
  -13 -99 
  -13 -95 
  -13 -94 
  -13 -92 
  -13 -90 
  -13 -89 
  -13 -84 
  -13 -81 
  -13 -77 
  -13 -70 
  -13 -39 
  -13 -36 
  -13 -27 
  -13 -19 
  -13 -5 
  -13 3 
  -13 12 
  -13 16 
  -13 20 
  -13 74 
  -13 77 
  -13 96 
  -13 98 
  -13 99 
  -13 100 
  -12 -94 
  -12 -89 
  -12 -72 
  -12 -69 
  -12 -67 
  -12 -66 
  -12 -55 
  -12 -47 
  -12 -44 
  -12 -42 
  -12 -24 
  -12 1 
  -12 2 
  -12 9 
  -12 10 
  -12 16 
  -12 23 
  -12 26 
  -12 30 
  -12 44 
  -12 62 
  -12 63 
  -12 65 
  -12 78 
  -12 80 
  -11 -96 
  -11 -85 
  -11 -57 
  -11 -48 
  -11 -43 
  -11 -36 
  -11 -31 
  -11 -29 
  -11 -28 
  -11 -26 
  -11 -22 
  -11 -19 
  -11 -11 
  -11 -10 
  -11 -8 
  -11 -1 
  -11 1 
  -11 4 
  -11 11 
  -11 16 
  -11 30 
  -11 37 
  -11 43 
  -11 46 
  -11 70 
  -11 78 
  -11 80 
  -11 82 
  -11 83 
  -11 88 
  -11 98 
  -10 -97 
  -10 -94 
  -10 -83 
  -10 -75 
  -10 -72 
  -10 -68 
  -10 -63 
  -10 -61 
  -10 -60 
  -10 -44 
  -10 -43 
  -10 -40 
  -10 -39 
  -10 -37 
  -10 -19 
  -10 -14 
  -10 -6 
  -10 7 
  -10 27 
  -10 30 
  -10 44 
  -10 51 
  -10 55 
  -10 56 
  -10 61 
  -10 62 
  -10 67 
  -10 79 
  -10 91 
  -9 -95 
  -9 -90 
  -9 -81 
  -9 -79 
  -9 -74 
  -9 -71 
  -9 -68 
  -9 -63 
  -9 -58 
  -9 -57 
  -9 -37 
  -9 -25 
  -9 -23 
  -9 -21 
  -9 -4 
  -9 19 
  -9 28 
  -9 40 
  -9 43 
  -9 56 
  -9 58 
  -9 59 
  -9 72 
  -9 76 
  -9 78 
  -9 82 
  -9 85 
  -9 97 
  -8 -98 
  -8 -96 
  -8 -85 
  -8 -80 
  -8 -72 
  -8 -63 
  -8 -59 
  -8 -52 
  -8 -43 
  -8 -42 
  -8 -38 
  -8 -27 
  -8 -19 
  -8 -13 
  -8 7 
  -8 27 
  -8 35 
  -8 40 
  -8 52 
  -8 62 
  -8 66 
  -8 68 
  -8 71 
  -8 72 
  -8 92 
  -8 94 
  -8 99 
  -7 -101 
  -7 -97 
  -7 -83 
  -7 -81 
  -7 -80 
  -7 -62 
  -7 -56 
  -7 -55 
  -7 -53 
  -7 -49 
  -7 -29 
  -7 -28 
  -7 -20 
  -7 -12 
  -7 -2 
  -7 4 
  -7 24 
  -7 25 
  -7 29 
  -7 30 
  -7 31 
  -7 33 
  -7 39 
  -7 41 
  -7 42 
  -7 52 
  -7 54 
  -7 60 
  -7 65 
  -7 67 
  -7 71 
  -7 75 
  -7 79 
  -7 81 
  -7 88 
  -7 89 
  -7 95 
  -6 -95 
  -6 -89 
  -6 -65 
  -6 -59 
  -6 -51 
  -6 -43 
  -6 -26 
  -6 -25 
  -6 -8 
  -6 5 
  -6 6 
  -6 11 
  -6 19 
  -6 37 
  -6 40 
  -6 46 
  -6 52 
  -6 85 
  -6 94 
  -6 100 
  -5 -97 
  -5 -92 
  -5 -91 
  -5 -89 
  -5 -81 
  -5 -70 
  -5 -66 
  -5 -60 
  -5 -56 
  -5 -55 
  -5 -47 
  -5 -35 
  -5 -30 
  -5 -25 
  -5 -20 
  -5 -16 
  -5 2 
  -5 12 
  -5 16 
  -5 17 
  -5 19 
  -5 35 
  -5 53 
  -5 67 
  -5 69 
  -5 85 
  -5 86 
  -5 97 
  -5 98 
  -4 -102 
  -4 -89 
  -4 -79 
  -4 -75 
  -4 -70 
  -4 -57 
  -4 -45 
  -4 -43 
  -4 -40 
  -4 -34 
  -4 -28 
  -4 6 
  -4 7 
  -4 23 
  -4 30 
  -4 34 
  -4 45 
  -4 47 
  -4 57 
  -4 74 
  -4 78 
  -4 87 
  -4 95 
  -4 99 
  -3 -102 
  -3 -94 
  -3 -85 
  -3 -75 
  -3 -74 
  -3 -65 
  -3 -53 
  -3 -27 
  -3 -17 
  -3 -13 
  -3 -5 
  -3 -1 
  -3 14 
  -3 27 
  -3 33 
  -3 49 
  -3 51 
  -3 58 
  -3 60 
  -3 62 
  -3 73 
  -3 88 
  -3 89 
  -3 94 
  -2 -103 
  -2 -98 
  -2 -96 
  -2 -95 
  -2 -89 
  -2 -85 
  -2 -72 
  -2 -61 
  -2 -54 
  -2 -48 
  -2 -47 
  -2 -21 
  -2 -10 
  -2 -7 
  -2 -6 
  -2 9 
  -2 20 
  -2 22 
  -2 26 
  -2 31 
  -2 41 
  -2 44 
  -2 63 
  -2 66 
  -2 71 
  -2 78 
  -2 92 
  -1 -96 
  -1 -87 
  -1 -82 
  -1 -78 
  -1 -73 
  -1 -71 
  -1 -69 
  -1 -58 
  -1 -46 
  -1 -38 
  -1 -37 
  -1 -33 
  -1 -5 
  -1 0 
  -1 4 
  -1 5 
  -1 6 
  -1 9 
  -1 31 
  -1 39 
  -1 59 
  -1 60 
  -1 63 
  -1 77 
  -1 90 
  -1 95 
  -1 96 
  0 -102 
  0 -98 
  0 -93 
  0 -84 
  0 -75 
  0 -68 
  0 -63 
  0 -61 
  0 -56 
  0 -42 
  0 -35 
  0 -21 
  0 -19 
  0 -17 
  0 -12 
  0 -3 
  0 0 
  0 9 
  0 14 
  0 23 
  0 33 
  0 37 
  0 40 
  0 48 
  0 58 
  0 72 
  0 89 
  0 96 
  1 -94 
  1 -93 
  1 -92 
  1 -89 
  1 -83 
  1 -75 
  1 -74 
  1 -68 
  1 -45 
  1 -42 
  1 -41 
  1 -38 
  1 -32 
  1 -30 
  1 -29 
  1 -24 
  1 -14 
  1 -12 
  1 -1 
  1 2 
  1 7 
  1 17 
  1 32 
  1 53 
  1 59 
  1 72 
  1 84 
  1 85 
  1 89 
  1 95 
  1 98 
  2 -100 
  2 -99 
  2 -91 
  2 -70 
  2 -58 
  2 -55 
  2 -53 
  2 -51 
  2 -46 
  2 -44 
  2 -37 
  2 -36 
  2 -35 
  2 -20 
  2 -18 
  2 -17 
  2 -9 
  2 4 
  2 8 
  2 10 
  2 21 
  2 26 
  2 45 
  2 49 
  2 53 
  2 59 
  2 60 
  2 61 
  2 72 
  2 78 
  2 83 
  2 85 
  2 86 
  2 88 
  2 93 
  2 96 
  2 100 
  3 -100 
  3 -97 
  3 -86 
  3 -72 
  3 -66 
  3 -36 
  3 -32 
  3 -29 
  3 -28 
  3 -27 
  3 -23 
  3 -19 
  3 -17 
  3 -13 
  3 -1 
  3 31 
  3 32 
  3 34 
  3 35 
  3 36 
  3 41 
  3 48 
  3 59 
  3 75 
  3 79 
  3 88 
  4 -102 
  4 -98 
  4 -96 
  4 -91 
  4 -89 
  4 -81 
  4 -77 
  4 -73 
  4 -62 
  4 -47 
  4 -45 
  4 -42 
  4 -32 
  4 -29 
  4 -24 
  4 -22 
  4 -16 
  4 -15 
  4 20 
  4 35 
  4 42 
  4 45 
  4 50 
  4 63 
  4 82 
  4 85 
  4 91 
  5 -100 
  5 -93 
  5 -84 
  5 -55 
  5 -53 
  5 -45 
  5 -35 
  5 -34 
  5 -27 
  5 -25 
  5 -7 
  5 2 
  5 3 
  5 4 
  5 8 
  5 16 
  5 21 
  5 37 
  5 39 
  5 44 
  5 53 
  5 75 
  5 89 
  6 -91 
  6 -89 
  6 -78 
  6 -74 
  6 -65 
  6 -56 
  6 -55 
  6 -52 
  6 -47 
  6 -44 
  6 -35 
  6 -26 
  6 -25 
  6 -8 
  6 0 
  6 11 
  6 13 
  6 16 
  6 17 
  6 21 
  6 29 
  6 30 
  6 46 
  6 58 
  6 61 
  6 65 
  6 66 
  6 74 
  6 78 
  6 80 
  6 85 
  7 -100 
  7 -88 
  7 -87 
  7 -85 
  7 -73 
  7 -72 
  7 -58 
  7 -51 
  7 -49 
  7 -42 
  7 -40 
  7 -39 
  7 -36 
  7 -35 
  7 -27 
  7 -16 
  7 -11 
  7 4 
  7 17 
  7 20 
  7 22 
  7 27 
  7 30 
  7 31 
  7 33 
  7 42 
  7 52 
  7 57 
  7 69 
  7 74 
  7 85 
  7 87 
  8 -95 
  8 -83 
  8 -73 
  8 -64 
  8 -46 
  8 -43 
  8 -42 
  8 -28 
  8 -22 
  8 -19 
  8 -3 
  8 -2 
  8 14 
  8 20 
  8 23 
  8 49 
  8 60 
  8 67 
  8 75 
  9 -100 
  9 -99 
  9 -91 
  9 -87 
  9 -79 
  9 -76 
  9 -70 
  9 -68 
  9 -39 
  9 -32 
  9 -7 
  9 -4 
  9 -2 
  9 21 
  9 27 
  9 44 
  9 46 
  9 48 
  9 61 
  9 92 
  9 95 
  9 98 
  9 99 
  10 -98 
  10 -95 
  10 -89 
  10 -87 
  10 -77 
  10 -56 
  10 -38 
  10 -37 
  10 -28 
  10 -17 
  10 -10 
  10 15 
  10 18 
  10 19 
  10 27 
  10 36 
  10 40 
  10 45 
  10 48 
  10 53 
  10 54 
  10 57 
  10 65 
  10 77 
  10 92 
  10 98 
  11 -89 
  11 -88 
  11 -82 
  11 -64 
  11 -59 
  11 -58 
  11 -46 
  11 -45 
  11 -42 
  11 -28 
  11 -25 
  11 -14 
  11 -11 
  11 -4 
  11 1 
  11 5 
  11 12 
  11 14 
  11 25 
  11 27 
  11 38 
  11 40 
  11 48 
  11 58 
  11 61 
  11 66 
  11 69 
  11 74 
  11 75 
  11 78 
  11 83 
  11 91 
  12 -98 
  12 -93 
  12 -79 
  12 -70 
  12 -66 
  12 -60 
  12 -51 
  12 -48 
  12 -42 
  12 -40 
  12 -32 
  12 -27 
  12 -23 
  12 13 
  12 20 
  12 27 
  12 30 
  12 35 
  12 37 
  12 44 
  12 49 
  12 56 
  12 73 
  12 76 
  12 79 
  12 86 
  12 91 
  12 96 
  12 98 
  12 100 
  13 -99 
  13 -98 
  13 -96 
  13 -82 
  13 -79 
  13 -71 
  13 -70 
  13 -68 
  13 -67 
  13 -61 
  13 -58 
  13 -49 
  13 -48 
  13 -37 
  13 -31 
  13 -29 
  13 -28 
  13 -27 
  13 -21 
  13 -20 
  13 -18 
  13 -5 
  13 -4 
  13 -3 
  13 0 
  13 12 
  13 23 
  13 36 
  13 53 
  13 61 
  13 76 
  13 79 
  14 -91 
  14 -88 
  14 -87 
  14 -86 
  14 -78 
  14 -70 
  14 -68 
  14 -63 
  14 -57 
  14 -50 
  14 -45 
  14 -37 
  14 -34 
  14 -22 
  14 -21 
  14 -12 
  14 -4 
  14 3 
  14 7 
  14 24 
  14 52 
  14 74 
  14 76 
  14 77 
  14 79 
  14 91 
  15 -94 
  15 -90 
  15 -86 
  15 -82 
  15 -76 
  15 -72 
  15 -67 
  15 -21 
  15 -15 
  15 4 
  15 6 
  15 9 
  15 10 
  15 23 
  15 36 
  15 41 
  15 44 
  15 47 
  15 49 
  15 62 
  15 69 
  15 72 
  15 78 
  15 95 
  16 -79 
  16 -75 
  16 -72 
  16 -71 
  16 -63 
  16 -55 
  16 -44 
  16 -42 
  16 -35 
  16 -30 
  16 -29 
  16 -28 
  16 -27 
  16 -26 
  16 7 
  16 22 
  16 26 
  16 28 
  16 30 
  16 34 
  16 36 
  16 57 
  16 80 
  16 96 
  17 -100 
  17 -96 
  17 -94 
  17 -89 
  17 -86 
  17 -82 
  17 -74 
  17 -64 
  17 -56 
  17 -50 
  17 -44 
  17 -35 
  17 -14 
  17 -11 
  17 -9 
  17 -5 
  17 13 
  17 16 
  17 25 
  17 43 
  17 51 
  17 54 
  17 60 
  17 71 
  17 78 
  17 83 
  17 86 
  18 -91 
  18 -71 
  18 -66 
  18 -64 
  18 -39 
  18 -36 
  18 -34 
  18 -32 
  18 -18 
  18 -12 
  18 -9 
  18 4 
  18 5 
  18 13 
  18 18 
  18 22 
  18 24 
  18 31 
  18 37 
  18 45 
  18 48 
  18 56 
  18 60 
  18 61 
  18 67 
  18 76 
  18 77 
  18 78 
  18 80 
  18 90 
  18 95 
  19 -96 
  19 -80 
  19 -79 
  19 -77 
  19 -74 
  19 -68 
  19 -60 
  19 -40 
  19 -36 
  19 -35 
  19 -27 
  19 -24 
  19 -16 
  19 -13 
  19 -8 
  19 8 
  19 11 
  19 14 
  19 26 
  19 28 
  19 35 
  19 36 
  19 39 
  19 59 
  19 61 
  19 70 
  19 95 
  20 -97 
  20 -86 
  20 -83 
  20 -76 
  20 -64 
  20 -62 
  20 -52 
  20 -48 
  20 -46 
  20 -45 
  20 -38 
  20 -20 
  20 -15 
  20 -10 
  20 8 
  20 10 
  20 12 
  20 19 
  20 26 
  20 28 
  20 43 
  20 47 
  20 48 
  20 49 
  20 58 
  20 70 
  20 87 
  21 -95 
  21 -66 
  21 -53 
  21 -52 
  21 -50 
  21 -45 
  21 -35 
  21 -31 
  21 -26 
  21 -17 
  21 -8 
  21 -6 
  21 2 
  21 24 
  21 30 
  21 44 
  21 47 
  21 54 
  21 61 
  21 62 
  21 63 
  21 65 
  21 74 
  21 83 
  21 85 
  21 90 
  22 -85 
  22 -83 
  22 -72 
  22 -64 
  22 -62 
  22 -54 
  22 -53 
  22 -49 
  22 -40 
  22 -28 
  22 -26 
  22 -14 
  22 -6 
  22 14 
  22 16 
  22 23 
  22 28 
  22 32 
  22 33 
  22 46 
  22 48 
  22 54 
  22 61 
  22 74 
  22 75 
  22 76 
  22 84 
  22 87 
  23 -87 
  23 -83 
  23 -80 
  23 -79 
  23 -75 
  23 -59 
  23 -54 
  23 -51 
  23 -39 
  23 -31 
  23 -18 
  23 -10 
  23 -8 
  23 4 
  23 9 
  23 20 
  23 25 
  23 41 
  23 50 
  23 61 
  23 63 
  23 72 
  23 75 
  23 79 
  23 82 
  23 85 
  23 91 
  24 -94 
  24 -93 
  24 -87 
  24 -78 
  24 -77 
  24 -29 
  24 -20 
  24 -11 
  24 -1 
  24 1 
  24 12 
  24 13 
  24 25 
  24 26 
  24 41 
  24 47 
  24 52 
  24 56 
  24 58 
  24 65 
  24 70 
  24 76 
  24 83 
  24 84 
  25 -96 
  25 -94 
  25 -88 
  25 -75 
  25 -73 
  25 -68 
  25 -66 
  25 -64 
  25 -63 
  25 -61 
  25 -60 
  25 -54 
  25 -47 
  25 -44 
  25 -38 
  25 -20 
  25 -18 
  25 13 
  25 15 
  25 23 
  25 24 
  25 26 
  25 41 
  25 52 
  25 54 
  25 61 
  25 73 
  25 75 
  25 76 
  25 79 
  25 88 
  25 92 
  25 94 
  26 -85 
  26 -79 
  26 -58 
  26 -57 
  26 -54 
  26 -53 
  26 -51 
  26 -43 
  26 -1 
  26 0 
  26 2 
  26 15 
  26 20 
  26 27 
  26 44 
  26 53 
  26 64 
  26 67 
  26 72 
  26 76 
  27 -91 
  27 -89 
  27 -82 
  27 -74 
  27 -66 
  27 -43 
  27 -41 
  27 -36 
  27 -30 
  27 -14 
  27 -6 
  27 0 
  27 10 
  27 13 
  27 16 
  27 26 
  27 30 
  27 61 
  27 63 
  27 72 
  27 90 
  28 -78 
  28 -68 
  28 -65 
  28 -62 
  28 -60 
  28 -46 
  28 -45 
  28 -42 
  28 -39 
  28 -34 
  28 -26 
  28 -5 
  28 1 
  28 13 
  28 16 
  28 29 
  28 35 
  28 54 
  28 57 
  28 64 
  28 66 
  28 73 
  28 77 
  28 79 
  28 81 
  28 89 
  28 90 
  29 -80 
  29 -73 
  29 -39 
  29 -38 
  29 -35 
  29 -5 
  29 7 
  29 10 
  29 15 
  29 26 
  29 37 
  29 42 
  29 50 
  29 55 
  29 57 
  29 58 
  29 70 
  29 82 
  29 85 
  29 88 
  29 90 
  29 92 
  30 -82 
  30 -74 
  30 -64 
  30 -51 
  30 -44 
  30 -39 
  30 -36 
  30 -25 
  30 -9 
  30 -6 
  30 -2 
  30 15 
  30 17 
  30 20 
  30 26 
  30 43 
  30 57 
  30 61 
  30 76 
  31 -89 
  31 -84 
  31 -83 
  31 -73 
  31 -59 
  31 -54 
  31 -47 
  31 -38 
  31 -36 
  31 -22 
  31 -13 
  31 -11 
  31 1 
  31 11 
  31 24 
  31 30 
  31 35 
  31 36 
  31 44 
  31 78 
  32 -73 
  32 -63 
  32 -56 
  32 -34 
  32 -26 
  32 -21 
  32 -6 
  32 -5 
  32 -2 
  32 15 
  32 23 
  32 49 
  32 60 
  32 61 
  32 66 
  32 68 
  32 74 
  32 82 
  32 83 
  32 85 
  32 89 
  33 -81 
  33 -78 
  33 -70 
  33 -69 
  33 -46 
  33 -41 
  33 -32 
  33 -30 
  33 -24 
  33 -19 
  33 -2 
  33 3 
  33 5 
  33 8 
  33 14 
  33 19 
  33 20 
  33 29 
  33 34 
  33 36 
  33 46 
  33 51 
  33 54 
  33 57 
  33 65 
  33 69 
  33 86 
  34 -72 
  34 -67 
  34 -63 
  34 -59 
  34 -55 
  34 -39 
  34 -16 
  34 6 
  34 14 
  34 18 
  34 19 
  34 46 
  34 49 
  34 54 
  34 64 
  34 65 
  34 67 
  34 69 
  34 75 
  34 86 
  35 -46 
  35 -40 
  35 -31 
  35 -25 
  35 -15 
  35 -6 
  35 2 
  35 4 
  35 16 
  35 36 
  35 42 
  35 47 
  35 54 
  35 56 
  35 81 
  35 83 
  35 85 
  36 -85 
  36 -84 
  36 -64 
  36 -61 
  36 -39 
  36 -38 
  36 -14 
  36 -9 
  36 1 
  36 20 
  36 21 
  36 24 
  36 28 
  36 35 
  36 37 
  36 44 
  36 76 
  37 -85 
  37 -75 
  37 -65 
  37 -62 
  37 -40 
  37 -39 
  37 -34 
  37 -16 
  37 -14 
  37 -7 
  37 16 
  37 21 
  37 23 
  37 25 
  37 30 
  37 32 
  37 39 
  37 43 
  37 45 
  37 47 
  37 64 
  37 70 
  37 74 
  37 79 
  38 -83 
  38 -72 
  38 -70 
  38 -62 
  38 -53 
  38 -33 
  38 -28 
  38 -24 
  38 -23 
  38 9 
  38 13 
  38 18 
  38 38 
  38 39 
  38 57 
  38 78 
  38 80 
  39 -82 
  39 -68 
  39 -62 
  39 -60 
  39 -58 
  39 -34 
  39 -31 
  39 -30 
  39 -29 
  39 -25 
  39 -22 
  39 2 
  39 13 
  39 23 
  39 26 
  39 41 
  39 50 
  39 52 
  39 65 
  39 74 
  39 79 
  39 80 
  40 -69 
  40 -68 
  40 -60 
  40 -54 
  40 -39 
  40 -22 
  40 -18 
  40 8 
  40 10 
  40 11 
  40 15 
  40 30 
  40 72 
  40 76 
  40 77 
  41 -80 
  41 -64 
  41 -53 
  41 -46 
  41 -39 
  41 -30 
  41 -25 
  41 -24 
  41 -22 
  41 -13 
  41 -12 
  41 -11 
  41 -8 
  41 -7 
  41 1 
  41 2 
  41 22 
  41 27 
  41 32 
  41 44 
  41 53 
  41 62 
  41 75 
  42 -78 
  42 -74 
  42 -70 
  42 -69 
  42 -52 
  42 -45 
  42 -29 
  42 1 
  42 7 
  42 21 
  42 28 
  42 34 
  42 41 
  42 55 
  42 56 
  42 60 
  42 62 
  43 -77 
  43 -54 
  43 -47 
  43 -34 
  43 -30 
  43 -15 
  43 -12 
  43 -6 
  43 18 
  43 30 
  43 37 
  43 38 
  43 65 
  44 -68 
  44 -59 
  44 -55 
  44 -54 
  44 -49 
  44 -48 
  44 -43 
  44 -35 
  44 -34 
  44 -9 
  44 -7 
  44 1 
  44 8 
  44 16 
  44 18 
  44 20 
  44 26 
  44 40 
  44 43 
  44 48 
  44 50 
  44 54 
  44 59 
  44 70 
  45 -73 
  45 -40 
  45 -37 
  45 -24 
  45 -22 
  45 -19 
  45 -14 
  45 -12 
  45 -7 
  45 0 
  45 7 
  45 20 
  45 37 
  45 44 
  45 45 
  45 61 
  45 62 
  46 -64 
  46 -18 
  46 -12 
  46 -8 
  46 -1 
  46 0 
  46 10 
  46 16 
  46 35 
  46 38 
  46 45 
  46 46 
  46 51 
  46 68 
  47 -69 
  47 -53 
  47 -50 
  47 -46 
  47 -42 
  47 -29 
  47 -27 
  47 -16 
  47 -11 
  47 -8 
  47 -5 
  47 -2 
  47 1 
  47 3 
  47 19 
  47 22 
  47 25 
  47 38 
  47 41 
  47 45 
  47 59 
  48 -68 
  48 -67 
  48 -65 
  48 -48 
  48 -47 
  48 -36 
  48 -10 
  48 4 
  48 6 
  48 13 
  48 15 
  48 16 
  48 19 
  48 36 
  48 41 
  48 47 
  48 54 
  48 64 
  48 68 
  48 69 
  49 -66 
  49 -51 
  49 -48 
  49 -31 
  49 -24 
  49 -5 
  49 -1 
  49 23 
  49 34 
  49 40 
  49 41 
  49 52 
  49 58 
  49 67 
  50 -65 
  50 -52 
  50 -48 
  50 -31 
  50 -30 
  50 -16 
  50 -5 
  50 0 
  50 4 
  50 9 
  50 14 
  50 15 
  50 18 
  50 20 
  50 25 
  50 43 
  50 48 
  50 52 
  50 53 
  51 -60 
  51 -55 
  51 -35 
  51 -24 
  51 -20 
  51 -19 
  51 -18 
  51 -3 
  51 1 
  51 2 
  51 4 
  51 11 
  51 16 
  51 22 
  51 25 
  51 27 
  51 31 
  51 43 
  51 47 
  51 54 
  51 60 
  51 62 
  52 -62 
  52 -58 
  52 -44 
  52 -41 
  52 -39 
  52 -38 
  52 -33 
  52 -29 
  52 -24 
  52 -16 
  52 -9 
  52 -3 
  52 2 
  52 4 
  52 14 
  52 22 
  52 36 
  52 44 
  52 48 
  52 51 
  53 -49 
  53 -30 
  53 -27 
  53 -20 
  53 -3 
  53 -2 
  53 14 
  53 15 
  53 44 
  54 -36 
  54 -17 
  54 -8 
  54 -5 
  54 -1 
  54 10 
  54 13 
  54 16 
  54 19 
  54 21 
  54 31 
  54 36 
  54 39 
  54 40 
  54 42 
  54 48 
  54 49 
  54 56 
  55 -41 
  55 -38 
  55 -29 
  55 -16 
  55 20 
  55 25 
  55 33 
  55 38 
  55 49 
  55 53 
  56 -44 
  56 -36 
  56 -32 
  56 -29 
  56 -21 
  56 -18 
  56 -15 
  56 -7 
  56 7 
  56 12 
  56 13 
  56 16 
  56 31 
  56 37 
  56 50 
  57 -49 
  57 -43 
  57 -39 
  57 -35 
  57 -30 
  57 -23 
  57 -21 
  57 -18 
  57 -15 
  57 -12 
  57 -2 
  57 4 
  57 5 
  57 8 
  57 11 
  57 19 
  57 21 
  57 33 
  57 37 
  57 38 
  58 -43 
  58 -28 
  58 -26 
  58 -18 
  58 -16 
  58 -15 
  58 -6 
  58 -4 
  58 -3 
  58 -1 
  58 4 
  58 5 
  58 9 
  58 10 
  58 15 
  58 17 
  58 18 
  58 21 
  58 22 
  58 26 
  59 -42 
  59 -40 
  59 -27 
  59 -23 
  59 -19 
  59 -4 
  59 3 
  59 21 
  59 29 
  59 43 
  60 -16 
  60 -11 
  60 -10 
  60 -8 
  60 -1 
  60 0 
  60 1 
  60 3 
  60 28 
  60 30 
  60 33 
  60 35 
  61 -17 
  61 -11 
  61 -4 
  61 -2 
  61 5 
  61 11 
  61 21 
  61 28 
  62 -28 
  62 -3 
  62 9 
  62 16 
  62 26 
  63 -24 
  63 -22 
  63 -17 
  63 -10 
  63 1 
  63 10 
  63 14 
  63 19 
  64 -11 
  64 -2 
  64 4 
  64 6 
  64 10 
  64 14 
  65 -2 
  65 0 
  65 6 
  65 7 
  -64 -1 
  -64 0 
  -63 -14 
  -63 8 
  -63 17 
  -62 -20 
  -62 15 
  -62 19 
  -62 23 
  -61 -29 
  -61 -21 
  -61 -20 
  -61 -9 
  -61 -1 
  -61 24 
  -60 -36 
  -60 -29 
  -60 -23 
  -60 -9 
  -60 -7 
  -60 -6 
  -60 9 
  -60 11 
  -60 17 
  -60 18 
  -59 -38 
  -59 -26 
  -59 -6 
  -59 2 
  -59 19 
  -59 28 
  -59 37 
  -59 39 
  -58 -22 
  -58 23 
  -58 24 
  -58 26 
  -57 -45 
  -57 -43 
  -57 -33 
  -57 -30 
  -57 -25 
  -57 -18 
  -57 -15 
  -57 1 
  -57 8 
  -57 43 
  -56 -49 
  -56 -48 
  -56 -39 
  -56 -29 
  -56 -27 
  -56 -26 
  -56 -23 
  -56 -11 
  -56 -8 
  -56 11 
  -56 16 
  -56 31 
  -55 -48 
  -55 -44 
  -55 -35 
  -55 -33 
  -55 -27 
  -55 -25 
  -55 -21 
  -55 -20 
  -55 -17 
  -55 -12 
  -55 -2 
  -55 8 
  -55 9 
  -55 10 
  -55 21 
  -55 25 
  -55 43 
  -55 50 
  -54 -53 
  -54 -49 
  -54 -32 
  -54 -23 
  -54 -16 
  -54 -14 
  -54 -10 
  -54 -6 
  -54 10 
  -54 20 
  -54 26 
  -54 32 
  -54 48 
  -53 -53 
  -53 -40 
  -53 -39 
  -53 -38 
  -53 -33 
  -53 -2 
  -53 4 
  -53 10 
  -53 15 
  -53 19 
  -53 20 
  -53 24 
  -53 27 
  -53 43 
  -53 52 
  -52 -57 
  -52 -49 
  -52 -46 
  -52 -40 
  -52 -35 
  -52 -23 
  -52 -8 
  -52 3 
  -52 11 
  -52 31 
  -52 36 
  -52 45 
  -52 48 
  -51 -56 
  -51 -46 
  -51 -34 
  -51 -25 
  -51 -18 
  -51 -8 
  -51 -7 
  -51 -4 
  -51 0 
  -51 19 
  -51 24 
  -51 29 
  -50 -58 
  -50 -55 
  -50 -54 
  -50 -52 
  -50 -43 
  -50 -36 
  -50 -35 
  -50 -31 
  -50 -30 
  -50 -22 
  -50 -18 
  -50 0 
  -50 3 
  -50 22 
  -50 24 
  -50 25 
  -50 31 
  -50 51 
  -49 -66 
  -49 -64 
  -49 -34 
  -49 -32 
  -49 -16 
  -49 -4 
  -49 -3 
  -49 6 
  -49 15 
  -49 19 
  -49 32 
  -49 37 
  -49 38 
  -49 44 
  -49 47 
  -49 54 
  -49 55 
  -49 58 
  -48 -54 
  -48 -53 
  -48 -48 
  -48 -46 
  -48 -36 
  -48 -33 
  -48 -14 
  -48 8 
  -48 15 
  -48 16 
  -48 17 
  -48 18 
  -48 43 
  -48 59 
  -47 -52 
  -47 -50 
  -47 -19 
  -47 -16 
  -47 -9 
  -47 3 
  -47 9 
  -47 26 
  -47 30 
  -47 33 
  -47 35 
  -47 36 
  -47 42 
  -47 58 
  -47 66 
  -46 -69 
  -46 -59 
  -46 -54 
  -46 -51 
  -46 -44 
  -46 -43 
  -46 -37 
  -46 -31 
  -46 -28 
  -46 -17 
  -46 11 
  -46 15 
  -46 21 
  -46 26 
  -46 48 
  -46 49 
  -46 53 
  -46 63 
  -46 70 
  -45 -50 
  -45 -46 
  -45 -41 
  -45 -39 
  -45 -35 
  -45 -18 
  -45 -17 
  -45 -13 
  -45 -7 
  -45 -4 
  -45 -2 
  -45 0 
  -45 1 
  -45 14 
  -45 28 
  -45 35 
  -45 46 
  -45 48 
  -45 61 
  -45 66 
  -44 -68 
  -44 -62 
  -44 -54 
  -44 -51 
  -44 -45 
  -44 -29 
  -44 -28 
  -44 -18 
  -44 -11 
  -44 -1 
  -44 6 
  -44 12 
  -44 19 
  -44 29 
  -44 31 
  -44 40 
  -44 43 
  -44 50 
  -44 69 
  -44 72 
  -43 -73 
  -43 -58 
  -43 -41 
  -43 -31 
  -43 -25 
  -43 -19 
  -43 -16 
  -43 -14 
  -43 7 
  -43 14 
  -43 19 
  -43 20 
  -43 26 
  -43 28 
  -43 33 
  -43 35 
  -43 37 
  -43 48 
  -43 62 
  -43 63 
  -43 65 
  -43 75 
  -42 -75 
  -42 -74 
  -42 -72 
  -42 -71 
  -42 -51 
  -42 -47 
  -42 -36 
  -42 -28 
  -42 -20 
  -42 -13 
  -42 -12 
  -42 -5 
  -42 18 
  -42 25 
  -42 29 
  -42 30 
  -42 32 
  -42 38 
  -42 57 
  -42 60 
  -42 66 
  -42 69 
  -42 70 
  -42 72 
  -41 -78 
  -41 -52 
  -41 -40 
  -41 -39 
  -41 -30 
  -41 -29 
  -41 -24 
  -41 -17 
  -41 -3 
  -41 2 
  -41 6 
  -41 7 
  -41 9 
  -41 12 
  -41 25 
  -41 27 
  -41 33 
  -41 49 
  -41 57 
  -41 61 
  -41 63 
  -41 68 
  -40 -77 
  -40 -69 
  -40 -62 
  -40 -57 
  -40 -56 
  -40 -46 
  -40 -44 
  -40 -43 
  -40 -16 
  -40 3 
  -40 5 
  -40 7 
  -40 11 
  -40 12 
  -40 17 
  -40 21 
  -40 22 
  -40 32 
  -40 33 
  -40 44 
  -40 52 
  -40 74 
  -39 -82 
  -39 -78 
  -39 -77 
  -39 -59 
  -39 -57 
  -39 -46 
  -39 -45 
  -39 -22 
  -39 -18 
  -39 1 
  -39 5 
  -39 6 
  -39 7 
  -39 10 
  -39 11 
  -39 13 
  -39 14 
  -39 27 
  -39 30 
  -39 34 
  -39 43 
  -39 44 
  -39 47 
  -39 48 
  -39 61 
  -38 -82 
  -38 -71 
  -38 -50 
  -38 -45 
  -38 -42 
  -38 -35 
  -38 -25 
  -38 1 
  -38 10 
  -38 14 
  -38 40 
  -38 42 
  -38 43 
  -38 49 
  -38 58 
  -38 80 
  -38 81 
  -37 -82 
  -37 -69 
  -37 -61 
  -37 -44 
  -37 -35 
  -37 -33 
  -37 -30 
  -37 13 
  -37 15 
  -37 21 
  -37 31 
  -37 45 
  -37 53 
  -37 67 
  -37 77 
  -36 -85 
  -36 -83 
  -36 -80 
  -36 -77 
  -36 -72 
  -36 -71 
  -36 -68 
  -36 -43 
  -36 -40 
  -36 -39 
  -36 -37 
  -36 -7 
  -36 -2 
  -36 -1 
  -36 0 
  -36 1 
  -36 22 
  -36 40 
  -36 69 
  -36 76 
  -35 -86 
  -35 -85 
  -35 -71 
  -35 -70 
  -35 -69 
  -35 -68 
  -35 -58 
  -35 -56 
  -35 -52 
  -35 -37 
  -35 -32 
  -35 -23 
  -35 -18 
  -35 -12 
  -35 12 
  -35 19 
  -35 31 
  -35 44 
  -35 45 
  -35 52 
  -35 68 
  -35 84 
  -34 -59 
  -34 -39 
  -34 -33 
  -34 -25 
  -34 -12 
  -34 -2 
  -34 12 
  -34 15 
  -34 17 
  -34 23 
  -34 24 
  -34 30 
  -34 36 
  -34 43 
  -34 44 
  -34 45 
  -34 49 
  -34 50 
  -34 51 
  -34 57 
  -34 64 
  -34 65 
  -34 70 
  -34 76 
  -34 80 
  -34 83 
  -33 -83 
  -33 -62 
  -33 -56 
  -33 -49 
  -33 -37 
  -33 -25 
  -33 -23 
  -33 -21 
  -33 -18 
  -33 -2 
  -33 6 
  -33 10 
  -33 14 
  -33 20 
  -33 22 
  -33 25 
  -33 30 
  -33 31 
  -33 34 
  -33 36 
  -33 52 
  -33 62 
  -33 75 
  -33 77 
  -33 78 
  -32 -87 
  -32 -85 
  -32 -81 
  -32 -78 
  -32 -64 
  -32 -59 
  -32 -57 
  -32 -51 
  -32 -40 
  -32 -36 
  -32 -29 
  -32 -17 
  -32 -11 
  -32 -2 
  -32 0 
  -32 9 
  -32 11 
  -32 12 
  -32 18 
  -32 29 
  -32 39 
  -32 51 
  -32 57 
  -32 76 
  -31 -88 
  -31 -74 
  -31 -66 
  -31 -54 
  -31 -52 
  -31 -36 
  -31 -19 
  -31 -11 
  -31 -10 
  -31 -8 
  -31 10 
  -31 14 
  -31 21 
  -31 35 
  -31 37 
  -31 41 
  -31 43 
  -31 45 
  -31 54 
  -31 75 
  -30 -90 
  -30 -87 
  -30 -79 
  -30 -74 
  -30 -68 
  -30 -63 
  -30 -58 
  -30 -57 
  -30 -54 
  -30 -50 
  -30 -45 
  -30 -43 
  -30 -35 
  -30 -24 
  -30 -22 
  -30 -15 
  -30 -10 
  -30 -7 
  -30 6 
  -30 7 
  -30 17 
  -30 21 
  -30 36 
  -30 52 
  -30 60 
  -30 61 
  -30 85 
  -29 -68 
  -29 -65 
  -29 -57 
  -29 -51 
  -29 -47 
  -29 -46 
  -29 -35 
  -29 -29 
  -29 -24 
  -29 -19 
  -29 -17 
  -29 -9 
  -29 -5 
  -29 -2 
  -29 14 
  -29 33 
  -29 44 
  -29 50 
  -29 79 
  -28 -92 
  -28 -85 
  -28 -77 
  -28 -67 
  -28 -59 
  -28 -58 
  -28 -56 
  -28 -53 
  -28 -41 
  -28 -40 
  -28 -9 
  -28 5 
  -28 19 
  -28 24 
  -28 39 
  -28 44 
  -28 46 
  -28 71 
  -28 75 
  -28 84 
  -28 87 
  -28 90 
  -27 -91 
  -27 -84 
  -27 -73 
  -27 -44 
  -27 -41 
  -27 -35 
  -27 -28 
  -27 -25 
  -27 -23 
  -27 -20 
  -27 -15 
  -27 -13 
  -27 15 
  -27 22 
  -27 42 
  -27 53 
  -27 58 
  -27 60 
  -27 72 
  -27 78 
  -27 82 
  -27 85 
  -27 92 
  -26 -90 
  -26 -85 
  -26 -61 
  -26 -54 
  -26 -52 
  -26 -47 
  -26 -40 
  -26 -29 
  -26 -28 
  -26 -13 
  -26 -8 
  -26 -3 
  -26 -2 
  -26 1 
  -26 27 
  -26 29 
  -26 34 
  -26 46 
  -26 64 
  -26 76 
  -26 90 
  -25 -95 
  -25 -67 
  -25 -64 
  -25 -44 
  -25 -19 
  -25 -11 
  -25 2 
  -25 8 
  -25 16 
  -25 20 
  -25 21 
  -25 22 
  -25 36 
  -25 41 
  -25 51 
  -25 55 
  -25 58 
  -25 64 
  -25 72 
  -25 78 
  -24 -93 
  -24 -49 
  -24 -42 
  -24 -40 
  -24 -23 
  -24 -13 
  -24 -9 
  -24 -7 
  -24 1 
  -24 2 
  -24 7 
  -24 9 
  -24 14 
  -24 18 
  -24 29 
  -24 35 
  -24 38 
  -24 59 
  -24 64 
  -24 81 
  -24 82 
  -24 90 
  -23 -93 
  -23 -87 
  -23 -79 
  -23 -69 
  -23 -60 
  -23 -42 
  -23 -41 
  -23 -40 
  -23 -38 
  -23 -32 
  -23 -14 
  -23 -12 
  -23 -7 
  -23 -3 
  -23 3 
  -23 9 
  -23 12 
  -23 14 
  -23 16 
  -23 18 
  -23 21 
  -23 52 
  -23 56 
  -23 57 
  -23 61 
  -23 69 
  -23 71 
  -23 76 
  -23 79 
  -23 82 
  -22 -90 
  -22 -89 
  -22 -71 
  -22 17 
  -22 26 
  -22 40 
  -22 44 
  -22 57 
  -22 64 
  -22 66 
  -22 76 
  -22 77 
  -22 80 
  -22 83 
  -22 90 
  -22 92 
  -21 -95 
  -21 -54 
  -21 -51 
  -21 -42 
  -21 -39 
  -21 -33 
  -21 -24 
  -21 -13 
  -21 -5 
  -21 6 
  -21 7 
  -21 10 
  -21 11 
  -21 26 
  -21 32 
  -21 35 
  -21 45 
  -21 47 
  -21 60 
  -21 62 
  -21 63 
  -21 64 
  -21 75 
  -21 78 
  -21 86 
  -20 -92 
  -20 -88 
  -20 -86 
  -20 -81 
  -20 -76 
  -20 -71 
  -20 -36 
  -20 -35 
  -20 -34 
  -20 -31 
  -20 -13 
  -20 -11 
  -20 -2 
  -20 2 
  -20 5 
  -20 10 
  -20 20 
  -20 29 
  -20 47 
  -20 58 
  -20 76 
  -20 81 
  -20 90 
  -20 94 
  -20 97 
  -19 -78 
  -19 -66 
  -19 -62 
  -19 -60 
  -19 -37 
  -19 -32 
  -19 -31 
  -19 -13 
  -19 -4 
  -19 5 
  -19 9 
  -19 11 
  -19 15 
  -19 24 
  -19 32 
  -19 34 
  -19 42 
  -19 46 
  -19 68 
  -19 72 
  -19 77 
  -19 79 
  -19 82 
  -19 90 
  -19 92 
  -18 -88 
  -18 -71 
  -18 -69 
  -18 -65 
  -18 -54 
  -18 -36 
  -18 -35 
  -18 -25 
  -18 -9 
  -18 1 
  -18 5 
  -18 11 
  -18 33 
  -18 49 
  -18 54 
  -18 72 
  -18 76 
  -18 92 
  -17 -96 
  -17 -95 
  -17 -93 
  -17 -83 
  -17 -73 
  -17 -61 
  -17 -52 
  -17 -48 
  -17 -47 
  -17 -46 
  -17 -39 
  -17 -26 
  -17 -21 
  -17 -19 
  -17 -12 
  -17 -4 
  -17 -1 
  -17 17 
  -17 27 
  -17 36 
  -17 44 
  -17 49 
  -17 59 
  -17 60 
  -17 71 
  -17 88 
  -17 89 
  -16 -87 
  -16 -85 
  -16 -83 
  -16 -71 
  -16 -68 
  -16 -44 
  -16 -21 
  -16 -20 
  -16 -13 
  -16 -11 
  -16 -1 
  -16 23 
  -16 30 
  -16 34 
  -16 55 
  -16 81 
  -16 85 
  -15 -99 
  -15 -85 
  -15 -84 
  -15 -75 
  -15 -68 
  -15 -60 
  -15 -55 
  -15 -52 
  -15 -49 
  -15 -36 
  -15 -15 
  -15 -10 
  -15 -2 
  -15 13 
  -15 23 
  -15 27 
  -15 30 
  -15 31 
  -15 38 
  -15 51 
  -15 67 
  -15 77 
  -15 80 
  -15 86 
  -15 87 
  -15 89 
  -15 94 
  -14 -99 
  -14 -94 
  -14 -92 
  -14 -79 
  -14 -76 
  -14 -63 
  -14 -54 
  -14 -31 
  -14 -23 
  -14 1 
  -14 20 
  -14 22 
  -14 39 
  -14 40 
  -14 46 
  -14 47 
  -14 52 
  -14 54 
  -14 66 
  -14 84 
  -14 89 
  -14 95 
  -13 -98 
  -13 -97 
  -13 -91 
  -13 -87 
  -13 -78 
  -13 -76 
  -13 -67 
  -13 -65 
  -13 -62 
  -13 -61 
  -13 -53 
  -13 -49 
  -13 -35 
  -13 -28 
  -13 -20 
  -13 -18 
  -13 -9 
  -13 -1 
  -13 0 
  -13 8 
  -13 11 
  -13 14 
  -13 17 
  -13 25 
  -13 29 
  -13 32 
  -13 36 
  -13 62 
  -13 64 
  -13 90 
  -13 94 
  -13 95 
  -12 -97 
  -12 -75 
  -12 -63 
  -12 -60 
  -12 -57 
  -12 -53 
  -12 -46 
  -12 -40 
  -12 -38 
  -12 -33 
  -12 -32 
  -12 -31 
  -12 -29 
  -12 -23 
  -12 -16 
  -12 -15 
  -12 18 
  -12 27 
  -12 31 
  -12 50 
  -12 68 
  -12 74 
  -12 82 
  -12 83 
  -12 85 
  -12 97 
  -11 -92 
  -11 -91 
  -11 -88 
  -11 -82 
  -11 -79 
  -11 -76 
  -11 -75 
  -11 -63 
  -11 -62 
  -11 -60 
  -11 -54 
  -11 -45 
  -11 -41 
  -11 -39 
  -11 -33 
  -11 -25 
  -11 -23 
  -11 -20 
  -11 -15 
  -11 7 
  -11 13 
  -11 20 
  -11 44 
  -11 54 
  -11 55 
  -11 76 
  -11 77 
  -11 81 
  -11 87 
  -11 91 
  -10 -92 
  -10 -88 
  -10 -86 
  -10 -67 
  -10 -32 
  -10 -31 
  -10 -23 
  -10 8 
  -10 11 
  -10 21 
  -10 40 
  -10 63 
  -10 74 
  -10 84 
  -10 87 
  -10 88 
  -10 90 
  -9 -101 
  -9 -93 
  -9 -92 
  -9 -91 
  -9 -78 
  -9 -69 
  -9 -38 
  -9 -30 
  -9 -19 
  -9 -13 
  -9 -8 
  -9 8 
  -9 12 
  -9 20 
  -9 35 
  -9 41 
  -9 45 
  -9 47 
  -9 66 
  -9 88 
  -9 92 
  -9 94 
  -8 -103 
  -8 -101 
  -8 -89 
  -8 -67 
  -8 -58 
  -8 -57 
  -8 -51 
  -8 -32 
  -8 -30 
  -8 -26 
  -8 -21 
  -8 -9 
  -8 5 
  -8 13 
  -8 17 
  -8 18 
  -8 21 
  -8 23 
  -8 36 
  -8 39 
  -8 47 
  -8 56 
  -8 61 
  -8 69 
  -8 76 
  -8 85 
  -8 86 
  -8 97 
  -7 -100 
  -7 -99 
  -7 -93 
  -7 -92 
  -7 -77 
  -7 -60 
  -7 -44 
  -7 -36 
  -7 -31 
  -7 -24 
  -7 -23 
  -7 -9 
  -7 -6 
  -7 3 
  -7 13 
  -7 38 
  -7 51 
  -7 53 
  -7 66 
  -7 85 
  -6 -99 
  -6 -93 
  -6 -91 
  -6 -86 
  -6 -83 
  -6 -75 
  -6 -67 
  -6 -58 
  -6 -54 
  -6 -35 
  -6 -18 
  -6 -11 
  -6 -9 
  -6 13 
  -6 18 
  -6 21 
  -6 22 
  -6 24 
  -6 39 
  -6 45 
  -6 51 
  -6 59 
  -6 61 
  -6 68 
  -6 73 
  -6 87 
  -5 -90 
  -5 -87 
  -5 -50 
  -5 -34 
  -5 -33 
  -5 -28 
  -5 -15 
  -5 -11 
  -5 -9 
  -5 -5 
  -5 4 
  -5 6 
  -5 11 
  -5 26 
  -5 28 
  -5 34 
  -5 42 
  -5 46 
  -5 75 
  -5 88 
  -5 94 
  -5 100 
  -4 -103 
  -4 -99 
  -4 -96 
  -4 -94 
  -4 -93 
  -4 -85 
  -4 -77 
  -4 -74 
  -4 -65 
  -4 -58 
  -4 -37 
  -4 -32 
  -4 20 
  -4 26 
  -4 38 
  -4 44 
  -4 51 
  -4 56 
  -3 -93 
  -3 -91 
  -3 -80 
  -3 -76 
  -3 -47 
  -3 -44 
  -3 -43 
  -3 -38 
  -3 -32 
  -3 -23 
  -3 -22 
  -3 -18 
  -3 -8 
  -3 -6 
  -3 12 
  -3 13 
  -3 15 
  -3 16 
  -3 23 
  -3 25 
  -3 26 
  -3 34 
  -3 47 
  -3 48 
  -3 57 
  -3 71 
  -3 72 
  -3 76 
  -3 100 
  -2 -74 
  -2 -68 
  -2 -52 
  -2 -45 
  -2 -41 
  -2 -34 
  -2 -27 
  -2 -9 
  -2 1 
  -2 8 
  -2 12 
  -2 13 
  -2 19 
  -2 29 
  -2 36 
  -2 47 
  -2 53 
  -2 77 
  -2 90 
  -1 -100 
  -1 -99 
  -1 -94 
  -1 -92 
  -1 -91 
  -1 -90 
  -1 -80 
  -1 -67 
  -1 -65 
  -1 -62 
  -1 -61 
  -1 -43 
  -1 -26 
  -1 -23 
  -1 -9 
  -1 -3 
  -1 -2 
  -1 23 
  -1 29 
  -1 44 
  -1 47 
  -1 48 
  -1 56 
  -1 66 
  -1 85 
  -1 87 
  -1 89 
  -1 99 
  0 -101 
  0 -86 
  0 -83 
  0 -74 
  0 -69 
  0 -55 
  0 -32 
  0 -15 
  0 19 
  0 30 
  0 38 
  0 42 
  0 43 
  0 51 
  0 63 
  0 64 
  0 71 
  1 -101 
  1 -95 
  1 -84 
  1 -82 
  1 -59 
  1 -49 
  1 -44 
  1 -40 
  1 -5 
  1 6 
  1 10 
  1 23 
  1 28 
  1 30 
  1 37 
  1 60 
  1 66 
  1 68 
  1 71 
  1 92 
  1 93 
  1 99 
  2 -84 
  2 -73 
  2 -72 
  2 -71 
  2 -64 
  2 -61 
  2 -59 
  2 -54 
  2 -52 
  2 -45 
  2 -42 
  2 -32 
  2 -29 
  2 2 
  2 9 
  2 12 
  2 18 
  2 19 
  2 25 
  2 40 
  2 43 
  2 68 
  2 73 
  2 75 
  2 94 
  3 -99 
  3 -96 
  3 -95 
  3 -90 
  3 -87 
  3 -83 
  3 -80 
  3 -79 
  3 -75 
  3 -71 
  3 -68 
  3 -47 
  3 -43 
  3 -41 
  3 -25 
  3 -21 
  3 -10 
  3 10 
  3 12 
  3 16 
  3 24 
  3 27 
  3 33 
  3 37 
  3 40 
  3 51 
  3 71 
  3 73 
  3 85 
  3 89 
  3 90 
  3 97 
  4 -94 
  4 -93 
  4 -86 
  4 -78 
  4 -75 
  4 -68 
  4 -60 
  4 -49 
  4 -44 
  4 -43 
  4 -17 
  4 -12 
  4 -11 
  4 -9 
  4 -4 
  4 10 
  4 40 
  4 43 
  4 48 
  4 55 
  4 68 
  4 88 
  4 97 
  5 -92 
  5 -83 
  5 -69 
  5 -61 
  5 -41 
  5 -40 
  5 -37 
  5 -10 
  5 -8 
  5 0 
  5 12 
  5 14 
  5 22 
  5 25 
  5 26 
  5 34 
  5 49 
  5 72 
  5 73 
  5 79 
  5 82 
  5 83 
  5 87 
  5 97 
  6 -96 
  6 -92 
  6 -82 
  6 -80 
  6 -72 
  6 -63 
  6 -51 
  6 -49 
  6 -41 
  6 -34 
  6 -33 
  6 -23 
  6 -22 
  6 -16 
  6 6 
  6 9 
  6 14 
  6 41 
  6 45 
  6 47 
  6 48 
  6 49 
  6 57 
  6 86 
  6 89 
  6 90 
  6 93 
  6 95 
  6 99 
  7 -103 
  7 -102 
  7 -79 
  7 -65 
  7 -57 
  7 -56 
  7 -45 
  7 -44 
  7 -24 
  7 -23 
  7 -15 
  7 -14 
  7 -9 
  7 -4 
  7 1 
  7 13 
  7 15 
  7 23 
  7 25 
  7 35 
  7 43 
  7 51 
  7 62 
  7 67 
  7 78 
  7 83 
  7 90 
  7 98 
  8 -97 
  8 -89 
  8 -86 
  8 -78 
  8 -75 
  8 -72 
  8 -62 
  8 -57 
  8 -53 
  8 -31 
  8 -30 
  8 -26 
  8 -17 
  8 -16 
  8 -15 
  8 -9 
  8 -8 
  8 -4 
  8 17 
  8 33 
  8 42 
  8 64 
  8 68 
  8 72 
  9 -90 
  9 -86 
  9 -58 
  9 -54 
  9 -46 
  9 -29 
  9 -25 
  9 -20 
  9 -17 
  9 -6 
  9 -5 
  9 4 
  9 10 
  9 18 
  9 28 
  9 36 
  9 47 
  9 53 
  9 54 
  9 70 
  9 75 
  9 76 
  9 77 
  9 82 
  9 91 
  10 -92 
  10 -70 
  10 -69 
  10 -50 
  10 -48 
  10 -47 
  10 -41 
  10 -33 
  10 -9 
  10 7 
  10 16 
  10 21 
  10 23 
  10 29 
  10 35 
  10 37 
  10 46 
  10 49 
  10 52 
  10 63 
  10 69 
  10 70 
  10 78 
  10 80 
  10 83 
  10 87 
  10 88 
  10 90 
  10 91 
  11 -101 
  11 -91 
  11 -85 
  11 -73 
  11 -69 
  11 -68 
  11 -52 
  11 -51 
  11 -41 
  11 -37 
  11 -8 
  11 -7 
  11 28 
  11 39 
  11 64 
  11 68 
  11 73 
  11 77 
  11 82 
  11 84 
  11 88 
  11 89 
  11 90 
  11 94 
  12 -97 
  12 -80 
  12 -53 
  12 -49 
  12 -29 
  12 4 
  12 11 
  12 22 
  12 23 
  12 31 
  12 33 
  12 43 
  12 46 
  12 52 
  12 54 
  12 60 
  12 67 
  12 68 
  12 69 
  12 74 
  13 -101 
  13 -86 
  13 -80 
  13 -77 
  13 -74 
  13 -56 
  13 -51 
  13 -45 
  13 -39 
  13 -38 
  13 -33 
  13 -30 
  13 -24 
  13 -23 
  13 -15 
  13 -14 
  13 4 
  13 8 
  13 13 
  13 32 
  13 33 
  13 40 
  13 47 
  13 49 
  13 60 
  13 77 
  14 -92 
  14 -84 
  14 -83 
  14 -62 
  14 -49 
  14 -43 
  14 -35 
  14 -25 
  14 -9 
  14 -6 
  14 6 
  14 12 
  14 29 
  14 41 
  14 44 
  14 45 
  14 56 
  14 59 
  14 82 
  14 83 
  14 89 
  14 90 
  15 -96 
  15 -68 
  15 -65 
  15 -63 
  15 -62 
  15 -60 
  15 -56 
  15 -50 
  15 -38 
  15 1 
  15 7 
  15 39 
  15 40 
  15 50 
  15 51 
  15 58 
  15 63 
  15 85 
  15 90 
  15 96 
  16 -98 
  16 -97 
  16 -91 
  16 -48 
  16 -45 
  16 -39 
  16 -25 
  16 -20 
  16 -14 
  16 -1 
  16 14 
  16 46 
  16 59 
  16 74 
  16 75 
  16 81 
  16 93 
  17 -92 
  17 -87 
  17 -85 
  17 -80 
  17 -70 
  17 -68 
  17 -61 
  17 -30 
  17 -26 
  17 -16 
  17 -12 
  17 -8 
  17 -7 
  17 5 
  17 7 
  17 9 
  17 11 
  17 17 
  17 68 
  17 91 
  18 -99 
  18 -92 
  18 -90 
  18 -89 
  18 -85 
  18 -67 
  18 -63 
  18 -58 
  18 -53 
  18 -50 
  18 -48 
  18 -38 
  18 -37 
  18 -33 
  18 -30 
  18 -28 
  18 -25 
  18 -24 
  18 -6 
  18 -3 
  18 3 
  18 17 
  18 23 
  18 28 
  18 30 
  18 32 
  18 41 
  18 43 
  18 69 
  18 70 
  18 75 
  18 81 
  18 91 
  18 97 
  19 -73 
  19 -64 
  19 -55 
  19 -54 
  19 -47 
  19 -41 
  19 -39 
  19 -29 
  19 -28 
  19 -25 
  19 -22 
  19 3 
  19 13 
  19 22 
  19 31 
  19 33 
  19 41 
  19 45 
  19 66 
  19 73 
  19 87 
  19 89 
  19 91 
  19 96 
  20 -57 
  20 -55 
  20 -36 
  20 -35 
  20 -34 
  20 -31 
  20 -29 
  20 -27 
  20 -22 
  20 -19 
  20 -18 
  20 -6 
  20 -4 
  20 1 
  20 11 
  20 20 
  20 24 
  20 33 
  20 37 
  20 42 
  20 51 
  20 71 
  20 92 
  20 94 
  20 95 
  21 -98 
  21 -97 
  21 -79 
  21 -77 
  21 -67 
  21 -59 
  21 -54 
  21 -37 
  21 -14 
  21 18 
  21 25 
  21 50 
  21 75 
  21 81 
  21 84 
  21 92 
  22 -98 
  22 -52 
  22 -46 
  22 -27 
  22 -22 
  22 -12 
  22 -10 
  22 -9 
  22 -5 
  22 2 
  22 3 
  22 6 
  22 7 
  22 10 
  22 27 
  22 36 
  22 47 
  22 51 
  22 62 
  22 67 
  22 72 
  22 79 
  22 83 
  22 96 
  23 -96 
  23 -89 
  23 -63 
  23 -49 
  23 -48 
  23 -47 
  23 -36 
  23 -28 
  23 -25 
  23 -14 
  23 15 
  23 21 
  23 23 
  23 33 
  23 36 
  23 38 
  23 44 
  23 73 
  23 77 
  23 88 
  23 93 
  24 -90 
  24 -84 
  24 -83 
  24 -75 
  24 -70 
  24 -69 
  24 -50 
  24 -40 
  24 -26 
  24 -10 
  24 -7 
  24 -5 
  24 17 
  24 21 
  24 28 
  24 33 
  24 34 
  24 51 
  24 62 
  24 67 
  24 69 
  24 79 
  24 86 
  24 89 
  24 90 
  24 91 
  24 93 
  25 -90 
  25 -87 
  25 -65 
  25 -59 
  25 -29 
  25 -21 
  25 -19 
  25 -13 
  25 -4 
  25 1 
  25 19 
  25 20 
  25 25 
  25 27 
  25 31 
  25 34 
  25 82 
  25 84 
  26 -84 
  26 -81 
  26 -74 
  26 -69 
  26 -64 
  26 -59 
  26 -55 
  26 -49 
  26 -36 
  26 -29 
  26 -26 
  26 -23 
  26 -16 
  26 -15 
  26 -13 
  26 -2 
  26 7 
  26 28 
  26 33 
  26 40 
  26 52 
  26 59 
  26 65 
  26 77 
  26 86 
  26 93 
  27 -86 
  27 -84 
  27 -76 
  27 -75 
  27 -69 
  27 -67 
  27 -63 
  27 -61 
  27 -48 
  27 -44 
  27 -33 
  27 -27 
  27 -11 
  27 -10 
  27 9 
  27 27 
  27 46 
  27 80 
  27 84 
  27 85 
  27 88 
  27 91 
  27 93 
  28 -94 
  28 -90 
  28 -76 
  28 -70 
  28 -69 
  28 -50 
  28 -44 
  28 -25 
  28 -18 
  28 -16 
  28 -8 
  28 8 
  28 12 
  28 14 
  28 23 
  28 32 
  28 39 
  28 46 
  28 47 
  28 86 
  29 -79 
  29 -71 
  29 -45 
  29 -29 
  29 -16 
  29 -11 
  29 -9 
  29 -8 
  29 -3 
  29 -1 
  29 5 
  29 16 
  29 21 
  29 35 
  29 40 
  29 43 
  29 48 
  29 61 
  29 72 
  29 73 
  29 84 
  30 -92 
  30 -91 
  30 -88 
  30 -78 
  30 -73 
  30 -70 
  30 -67 
  30 -60 
  30 -53 
  30 -49 
  30 -33 
  30 -24 
  30 -20 
  30 -18 
  30 -13 
  30 -11 
  30 -4 
  30 2 
  30 6 
  30 8 
  30 18 
  30 21 
  30 23 
  30 65 
  30 66 
  30 82 
  31 -88 
  31 -82 
  31 -70 
  31 -62 
  31 -40 
  31 -34 
  31 -25 
  31 -16 
  31 -7 
  31 5 
  31 7 
  31 12 
  31 17 
  31 19 
  31 31 
  31 52 
  31 58 
  31 65 
  31 72 
  31 76 
  32 -89 
  32 -86 
  32 -82 
  32 -75 
  32 -52 
  32 -46 
  32 -45 
  32 -28 
  32 -19 
  32 -3 
  32 7 
  32 12 
  32 14 
  32 29 
  32 36 
  32 50 
  32 54 
  32 76 
  32 78 
  33 -73 
  33 -71 
  33 -61 
  33 -60 
  33 -56 
  33 -52 
  33 -51 
  33 -50 
  33 -40 
  33 -38 
  33 -35 
  33 -16 
  33 -4 
  33 -3 
  33 1 
  33 2 
  33 4 
  33 6 
  33 7 
  33 17 
  33 23 
  33 44 
  33 45 
  33 60 
  33 62 
  33 83 
  34 -88 
  34 -79 
  34 -74 
  34 -51 
  34 -49 
  34 -46 
  34 -44 
  34 -38 
  34 -36 
  34 -32 
  34 -27 
  34 -22 
  34 -19 
  34 -18 
  34 -15 
  34 -12 
  34 -7 
  34 -1 
  34 25 
  34 47 
  34 68 
  34 70 
  34 78 
  34 81 
  35 -84 
  35 -76 
  35 -67 
  35 -66 
  35 -61 
  35 -56 
  35 -44 
  35 -41 
  35 -27 
  35 -3 
  35 -2 
  35 5 
  35 14 
  35 15 
  35 18 
  35 19 
  35 30 
  35 49 
  35 51 
  35 59 
  35 77 
  35 78 
  36 -86 
  36 -72 
  36 -62 
  36 -60 
  36 -54 
  36 -36 
  36 -4 
  36 3 
  36 7 
  36 10 
  36 13 
  36 14 
  36 23 
  36 27 
  36 29 
  36 39 
  36 52 
  36 67 
  36 69 
  36 73 
  36 77 
  36 84 
  37 -83 
  37 -72 
  37 -71 
  37 -70 
  37 -67 
  37 -55 
  37 -53 
  37 -51 
  37 -35 
  37 -29 
  37 -18 
  37 -12 
  37 -3 
  37 7 
  37 8 
  37 9 
  37 24 
  37 42 
  37 44 
  37 48 
  37 68 
  37 81 
  37 82 
  38 -75 
  38 -71 
  38 -50 
  38 -49 
  38 -48 
  38 -47 
  38 -41 
  38 -40 
  38 -18 
  38 -11 
  38 27 
  38 33 
  38 34 
  38 44 
  38 45 
  38 48 
  38 60 
  38 62 
  38 64 
  39 -81 
  39 -76 
  39 -75 
  39 -73 
  39 -71 
  39 -61 
  39 -57 
  39 -56 
  39 -50 
  39 -39 
  39 -27 
  39 -26 
  39 -14 
  39 -13 
  39 -1 
  39 11 
  39 14 
  39 28 
  39 33 
  39 53 
  39 56 
  39 62 
  39 70 
  39 78 
  40 -81 
  40 -70 
  40 -63 
  40 -57 
  40 -52 
  40 -48 
  40 -40 
  40 -37 
  40 -36 
  40 -25 
  40 -9 
  40 0 
  40 3 
  40 6 
  40 13 
  40 19 
  40 22 
  40 26 
  40 31 
  40 34 
  40 40 
  40 43 
  40 65 
  40 74 
  41 -77 
  41 -73 
  41 -63 
  41 -57 
  41 -2 
  41 -1 
  41 0 
  41 8 
  41 15 
  41 38 
  41 39 
  41 46 
  41 50 
  41 51 
  41 64 
  41 66 
  41 72 
  41 73 
  41 74 
  41 76 
  42 -67 
  42 -56 
  42 -54 
  42 -49 
  42 -43 
  42 -38 
  42 -37 
  42 -17 
  42 -11 
  42 -5 
  42 -4 
  42 -3 
  42 2 
  42 18 
  42 20 
  42 36 
  42 48 
  42 50 
  42 59 
  42 68 
  42 70 
  42 75 
  43 -63 
  43 -61 
  43 -40 
  43 -36 
  43 -29 
  43 -24 
  43 -17 
  43 -7 
  43 -1 
  43 5 
  43 6 
  43 10 
  43 21 
  43 24 
  43 34 
  43 44 
  43 45 
  43 47 
  43 58 
  43 64 
  43 66 
  43 67 
  43 72 
  44 -57 
  44 -53 
  44 -50 
  44 -47 
  44 -42 
  44 -29 
  44 -25 
  44 -23 
  44 -10 
  44 -5 
  44 28 
  44 33 
  44 37 
  44 62 
  44 67 
  44 71 
  44 74 
  45 -67 
  45 -55 
  45 -51 
  45 -47 
  45 -44 
  45 -8 
  45 11 
  45 22 
  45 24 
  45 42 
  45 54 
  45 56 
  45 65 
  46 -72 
  46 -70 
  46 -69 
  46 -68 
  46 -66 
  46 -63 
  46 -61 
  46 -58 
  46 -41 
  46 -34 
  46 -27 
  46 -26 
  46 -20 
  46 1 
  46 17 
  46 20 
  46 23 
  46 29 
  46 47 
  46 55 
  46 57 
  46 69 
  46 70 
  47 -72 
  47 -61 
  47 -52 
  47 -34 
  47 -32 
  47 -24 
  47 -7 
  47 0 
  47 7 
  47 17 
  47 42 
  47 49 
  47 51 
  47 53 
  47 54 
  47 55 
  48 -54 
  48 -52 
  48 -50 
  48 -45 
  48 -44 
  48 -34 
  48 -31 
  48 -29 
  48 -20 
  48 -19 
  48 -13 
  48 -5 
  48 5 
  48 9 
  48 22 
  48 27 
  48 50 
  49 -58 
  49 -53 
  49 -38 
  49 -33 
  49 -32 
  49 -28 
  49 -23 
  49 -21 
  49 -15 
  49 8 
  49 9 
  49 12 
  49 27 
  49 29 
  49 45 
  49 46 
  49 50 
  49 53 
  49 56 
  49 57 
  49 64 
  50 -67 
  50 -60 
  50 -50 
  50 -32 
  50 -26 
  50 -8 
  50 -3 
  50 6 
  50 8 
  50 19 
  50 28 
  50 31 
  50 36 
  50 45 
  50 47 
  50 49 
  50 50 
  50 64 
  51 -59 
  51 -53 
  51 -40 
  51 -39 
  51 -36 
  51 -10 
  51 -7 
  51 -6 
  51 -5 
  51 5 
  51 13 
  51 15 
  51 21 
  51 33 
  52 -63 
  52 -51 
  52 -36 
  52 -25 
  52 -20 
  52 -6 
  52 15 
  52 24 
  52 37 
  52 42 
  52 47 
  52 54 
  53 -56 
  53 -54 
  53 -51 
  53 -48 
  53 -47 
  53 -37 
  53 -36 
  53 -34 
  53 -33 
  53 -31 
  53 -28 
  53 -14 
  53 -6 
  53 -4 
  53 4 
  53 7 
  53 11 
  53 17 
  53 21 
  53 36 
  53 49 
  53 58 
  54 -47 
  54 -45 
  54 -43 
  54 -42 
  54 -41 
  54 -38 
  54 -31 
  54 -26 
  54 -19 
  54 -15 
  54 -12 
  54 0 
  54 2 
  54 9 
  54 12 
  54 17 
  54 41 
  54 51 
  54 52 
  55 -56 
  55 -54 
  55 -44 
  55 -43 
  55 -42 
  55 -37 
  55 -17 
  55 5 
  55 9 
  55 12 
  55 14 
  55 22 
  55 29 
  55 41 
  55 42 
  55 54 
  56 -53 
  56 -48 
  56 -45 
  56 -31 
  56 -25 
  56 -14 
  56 -13 
  56 -6 
  56 15 
  56 28 
  56 34 
  56 52 
  57 -41 
  57 -34 
  57 -31 
  57 -29 
  57 -22 
  57 -13 
  57 17 
  57 18 
  57 41 
  57 44 
  58 -32 
  58 -25 
  58 -22 
  58 -19 
  58 1 
  58 7 
  58 31 
  58 37 
  58 41 
  58 42 
  59 -36 
  59 -34 
  59 -29 
  59 -22 
  59 -14 
  59 -7 
  59 10 
  59 12 
  59 30 
  59 34 
  60 -39 
  60 -33 
  60 -23 
  60 -7 
  60 -6 
  60 -5 
  60 20 
  60 32 
  61 -33 
  61 -25 
  61 -18 
  61 -10 
  61 -9 
  61 -6 
  61 -3 
  61 23 
  61 25 
  62 -29 
  62 -12 
  62 -1 
  62 6 
  62 20 
  62 27 
  62 29 
  63 -6 
  63 8 
  63 13 
  64 -19 
  64 -15 
  64 -12 
  64 -10 
  64 -1 
  64 1 
  64 3 
  64 12 
  65 -6 
  65 1 
  -63 -8 
  -63 11 
  -62 -26 
  -62 -24 
  -62 -21 
  -62 -14 
  -62 -9 
  -62 -1 
  -62 0 
  -62 11 
  -62 16 
  -62 20 
  -62 22 
  -61 -24 
  -61 -19 
  -61 -18 
  -61 -14 
  -61 -13 
  -61 -2 
  -61 2 
  -61 4 
  -61 18 
  -61 22 
  -61 29 
  -60 -35 
  -60 -16 
  -60 -4 
  -60 1 
  -60 2 
  -60 12 
  -60 20 
  -60 24 
  -59 -39 
  -59 -29 
  -59 -23 
  -59 -22 
  -59 -18 
  -59 -17 
  -59 -8 
  -59 -5 
  -59 -3 
  -59 0 
  -59 15 
  -59 26 
  -58 -34 
  -58 -31 
  -58 -21 
  -58 -8 
  -58 -7 
  -58 7 
  -58 8 
  -58 17 
  -58 31 
  -58 39 
  -58 42 
  -57 -42 
  -57 -38 
  -57 -32 
  -57 -29 
  -57 -28 
  -57 -21 
  -57 -10 
  -57 -6 
  -57 10 
  -57 17 
  -57 19 
  -57 21 
  -57 26 
  -57 38 
  -57 41 
  -56 -44 
  -56 -24 
  -56 -22 
  -56 -15 
  -56 -10 
  -56 -7 
  -56 -5 
  -56 -4 
  -56 -3 
  -56 0 
  -56 2 
  -56 3 
  -56 13 
  -56 28 
  -56 30 
  -56 33 
  -56 39 
  -56 49 
  -55 -53 
  -55 -39 
  -55 -30 
  -55 -29 
  -55 -23 
  -55 -15 
  -55 -10 
  -55 -5 
  -55 -3 
  -55 1 
  -55 16 
  -55 30 
  -55 33 
  -55 41 
  -55 46 
  -54 -54 
  -54 -47 
  -54 -41 
  -54 -15 
  -54 -13 
  -54 -9 
  -54 -8 
  -54 -4 
  -54 -3 
  -54 7 
  -54 8 
  -54 12 
  -54 15 
  -54 17 
  -54 23 
  -54 33 
  -54 35 
  -54 53 
  -53 -57 
  -53 -31 
  -53 -28 
  -53 -27 
  -53 -25 
  -53 -17 
  -53 -12 
  -53 -4 
  -53 7 
  -53 8 
  -53 18 
  -53 21 
  -53 23 
  -53 26 
  -53 28 
  -53 35 
  -53 39 
  -53 42 
  -53 47 
  -53 53 
  -52 -52 
  -52 -47 
  -52 -41 
  -52 4 
  -52 16 
  -52 18 
  -52 24 
  -52 26 
  -52 30 
  -52 33 
  -52 37 
  -52 52 
  -52 57 
  -51 -62 
  -51 -53 
  -51 -48 
  -51 -41 
  -51 -40 
  -51 -38 
  -51 -35 
  -51 -24 
  -51 -15 
  -51 -11 
  -51 -5 
  -51 6 
  -51 12 
  -51 21 
  -51 22 
  -51 23 
  -51 27 
  -51 38 
  -51 49 
  -51 53 
  -51 58 
  -51 59 
  -50 -63 
  -50 -61 
  -50 -50 
  -50 -42 
  -50 -29 
  -50 -26 
  -50 -6 
  -50 -4 
  -50 5 
  -50 10 
  -50 12 
  -50 15 
  -50 17 
  -50 34 
  -50 36 
  -50 45 
  -50 50 
  -50 57 
  -50 58 
  -50 62 
  -50 63 
  -49 -58 
  -49 -52 
  -49 -49 
  -49 -47 
  -49 -36 
  -49 -28 
  -49 -23 
  -49 -21 
  -49 -20 
  -49 -18 
  -49 20 
  -49 21 
  -49 46 
  -49 49 
  -49 60 
  -48 -61 
  -48 -60 
  -48 -59 
  -48 -58 
  -48 -55 
  -48 -13 
  -48 1 
  -48 3 
  -48 11 
  -48 44 
  -48 45 
  -48 49 
  -48 51 
  -48 55 
  -48 66 
  -48 67 
  -47 -62 
  -47 -60 
  -47 -45 
  -47 -30 
  -47 -23 
  -47 -15 
  -47 4 
  -47 25 
  -47 29 
  -47 31 
  -47 44 
  -47 52 
  -47 64 
  -46 -68 
  -46 -67 
  -46 -58 
  -46 -53 
  -46 -19 
  -46 -5 
  -46 -4 
  -46 0 
  -46 9 
  -46 17 
  -46 18 
  -46 20 
  -46 23 
  -46 28 
  -46 44 
  -46 51 
  -46 66 
  -45 -72 
  -45 -71 
  -45 -63 
  -45 -44 
  -45 -36 
  -45 -30 
  -45 -22 
  -45 -14 
  -45 -12 
  -45 -11 
  -45 -8 
  -45 -1 
  -45 9 
  -45 10 
  -45 22 
  -45 25 
  -45 31 
  -45 49 
  -45 51 
  -45 56 
  -45 59 
  -45 68 
  -45 70 
  -44 -71 
  -44 -60 
  -44 -59 
  -44 -37 
  -44 -27 
  -44 -15 
  -44 0 
  -44 7 
  -44 11 
  -44 13 
  -44 14 
  -44 34 
  -44 49 
  -44 51 
  -44 55 
  -44 57 
  -44 66 
  -44 73 
  -44 74 
  -43 -74 
  -43 -69 
  -43 -55 
  -43 -46 
  -43 -32 
  -43 -21 
  -43 -2 
  -43 5 
  -43 9 
  -43 10 
  -43 13 
  -43 39 
  -43 40 
  -43 43 
  -43 54 
  -43 56 
  -43 58 
  -43 66 
  -43 67 
  -42 -66 
  -42 -65 
  -42 -60 
  -42 -52 
  -42 -45 
  -42 -42 
  -42 -40 
  -42 -25 
  -42 13 
  -42 36 
  -42 37 
  -42 39 
  -42 44 
  -42 51 
  -42 54 
  -42 73 
  -41 -76 
  -41 -51 
  -41 -47 
  -41 -44 
  -41 -28 
  -41 -21 
  -41 -19 
  -41 -18 
  -41 -13 
  -41 -4 
  -41 -1 
  -41 3 
  -41 16 
  -41 26 
  -41 34 
  -41 52 
  -41 60 
  -41 65 
  -41 73 
  -41 77 
  -40 -65 
  -40 -61 
  -40 -60 
  -40 -42 
  -40 -39 
  -40 -37 
  -40 -34 
  -40 -33 
  -40 -24 
  -40 -1 
  -40 1 
  -40 2 
  -40 6 
  -40 15 
  -40 16 
  -40 24 
  -40 27 
  -40 28 
  -40 30 
  -40 31 
  -40 58 
  -40 59 
  -40 66 
  -40 67 
  -40 68 
  -40 72 
  -39 -79 
  -39 -73 
  -39 -72 
  -39 -68 
  -39 -63 
  -39 -58 
  -39 -55 
  -39 -44 
  -39 -42 
  -39 -37 
  -39 -35 
  -39 24 
  -39 59 
  -39 66 
  -39 74 
  -38 -70 
  -38 -68 
  -38 -60 
  -38 -49 
  -38 -32 
  -38 -27 
  -38 9 
  -38 21 
  -38 32 
  -38 34 
  -38 45 
  -38 48 
  -38 51 
  -38 53 
  -38 59 
  -38 70 
  -38 71 
  -38 72 
  -38 73 
  -38 77 
  -37 -75 
  -37 -59 
  -37 -58 
  -37 -55 
  -37 -54 
  -37 -53 
  -37 -47 
  -37 -34 
  -37 -31 
  -37 -25 
  -37 -23 
  -37 -22 
  -37 -12 
  -37 -5 
  -37 -4 
  -37 4 
  -37 16 
  -37 19 
  -37 23 
  -37 38 
  -37 47 
  -37 48 
  -37 58 
  -37 62 
  -37 68 
  -37 70 
  -37 82 
  -36 -66 
  -36 -65 
  -36 -44 
  -36 -6 
  -36 9 
  -36 21 
  -36 32 
  -36 38 
  -36 50 
  -36 53 
  -36 62 
  -36 64 
  -36 83 
  -35 -74 
  -35 -65 
  -35 -45 
  -35 -43 
  -35 -29 
  -35 -28 
  -35 -13 
  -35 -11 
  -35 -6 
  -35 9 
  -35 18 
  -35 20 
  -35 23 
  -35 29 
  -35 33 
  -35 41 
  -35 58 
  -35 64 
  -35 73 
  -34 -72 
  -34 -71 
  -34 -67 
  -34 -66 
  -34 -57 
  -34 -36 
  -34 -26 
  -34 -24 
  -34 -9 
  -34 1 
  -34 6 
  -34 8 
  -34 9 
  -34 13 
  -34 19 
  -34 26 
  -34 27 
  -34 28 
  -34 34 
  -34 41 
  -34 59 
  -34 75 
  -34 79 
  -33 -87 
  -33 -79 
  -33 -78 
  -33 -73 
  -33 -67 
  -33 -63 
  -33 -61 
  -33 -50 
  -33 -46 
  -33 -45 
  -33 -41 
  -33 -40 
  -33 -39 
  -33 -36 
  -33 -35 
  -33 -33 
  -33 -31 
  -33 -30 
  -33 -27 
  -33 -24 
  -33 -19 
  -33 -15 
  -33 -14 
  -33 -6 
  -33 1 
  -33 9 
  -33 16 
  -33 18 
  -33 37 
  -33 50 
  -33 54 
  -33 59 
  -33 61 
  -33 65 
  -33 71 
  -33 74 
  -33 83 
  -32 -86 
  -32 -84 
  -32 -75 
  -32 -68 
  -32 -66 
  -32 -60 
  -32 -58 
  -32 -56 
  -32 -47 
  -32 -42 
  -32 -32 
  -32 -27 
  -32 -15 
  -32 -5 
  -32 10 
  -32 21 
  -32 30 
  -32 32 
  -32 41 
  -32 42 
  -32 48 
  -32 73 
  -32 75 
  -32 81 
  -32 87 
  -32 88 
  -31 -87 
  -31 -82 
  -31 -72 
  -31 -63 
  -31 -51 
  -31 -50 
  -31 -46 
  -31 -45 
  -31 -24 
  -31 -12 
  -31 5 
  -31 8 
  -31 9 
  -31 15 
  -31 29 
  -31 40 
  -31 44 
  -31 48 
  -31 51 
  -31 56 
  -31 64 
  -31 71 
  -31 72 
  -31 79 
  -31 82 
  -31 85 
  -31 89 
  -30 -85 
  -30 -37 
  -30 -34 
  -30 -32 
  -30 -31 
  -30 -30 
  -30 -19 
  -30 -14 
  -30 -13 
  -30 -12 
  -30 -3 
  -30 4 
  -30 22 
  -30 27 
  -30 39 
  -30 54 
  -30 66 
  -30 75 
  -30 76 
  -29 -82 
  -29 -62 
  -29 -59 
  -29 -42 
  -29 -31 
  -29 -16 
  -29 -15 
  -29 0 
  -29 6 
  -29 20 
  -29 22 
  -29 25 
  -29 30 
  -29 36 
  -29 38 
  -29 40 
  -29 43 
  -29 59 
  -29 66 
  -29 78 
  -29 82 
  -28 -89 
  -28 -72 
  -28 -69 
  -28 -68 
  -28 -57 
  -28 -51 
  -28 -44 
  -28 -43 
  -28 -42 
  -28 -37 
  -28 -26 
  -28 -10 
  -28 -5 
  -28 0 
  -28 12 
  -28 13 
  -28 22 
  -28 27 
  -28 28 
  -28 30 
  -28 31 
  -28 55 
  -28 64 
  -28 83 
  -28 85 
  -28 89 
  -28 91 
  -27 -89 
  -27 -83 
  -27 -82 
  -27 -81 
  -27 -76 
  -27 -69 
  -27 -65 
  -27 -56 
  -27 -54 
  -27 -51 
  -27 -45 
  -27 -40 
  -27 -19 
  -27 4 
  -27 14 
  -27 26 
  -27 28 
  -27 40 
  -27 43 
  -27 52 
  -27 61 
  -27 67 
  -27 71 
  -27 76 
  -26 -92 
  -26 -80 
  -26 -79 
  -26 -78 
  -26 -77 
  -26 -57 
  -26 -43 
  -26 -39 
  -26 -35 
  -26 -34 
  -26 -33 
  -26 -18 
  -26 -4 
  -26 3 
  -26 6 
  -26 18 
  -26 33 
  -26 44 
  -26 52 
  -26 58 
  -26 59 
  -26 63 
  -26 69 
  -26 71 
  -26 78 
  -26 82 
  -26 86 
  -26 91 
  -25 -93 
  -25 -87 
  -25 -75 
  -25 -66 
  -25 -63 
  -25 -55 
  -25 -35 
  -25 -32 
  -25 -24 
  -25 -16 
  -25 -13 
  -25 -5 
  -25 -1 
  -25 18 
  -25 25 
  -25 29 
  -25 38 
  -25 39 
  -25 45 
  -25 48 
  -25 74 
  -25 79 
  -25 93 
  -24 -90 
  -24 -85 
  -24 -81 
  -24 -80 
  -24 -68 
  -24 -56 
  -24 -55 
  -24 -45 
  -24 -43 
  -24 -30 
  -24 -26 
  -24 -19 
  -24 -15 
  -24 -12 
  -24 -5 
  -24 -4 
  -24 5 
  -24 11 
  -24 22 
  -24 24 
  -24 27 
  -24 34 
  -24 43 
  -24 47 
  -24 48 
  -24 55 
  -24 60 
  -24 65 
  -24 70 
  -24 76 
  -24 79 
  -23 -71 
  -23 -67 
  -23 -62 
  -23 -58 
  -23 -57 
  -23 -44 
  -23 -35 
  -23 -33 
  -23 -17 
  -23 -5 
  -23 4 
  -23 5 
  -23 23 
  -23 30 
  -23 37 
  -23 39 
  -23 40 
  -23 44 
  -23 45 
  -23 54 
  -23 55 
  -23 67 
  -23 77 
  -23 83 
  -23 91 
  -22 -96 
  -22 -79 
  -22 -77 
  -22 -75 
  -22 -74 
  -22 -64 
  -22 -50 
  -22 -46 
  -22 -34 
  -22 -19 
  -22 -15 
  -22 -4 
  -22 -3 
  -22 22 
  -22 29 
  -22 30 
  -22 34 
  -22 48 
  -22 53 
  -22 54 
  -22 56 
  -22 69 
  -22 73 
  -22 79 
  -22 91 
  -22 96 
  -21 -94 
  -21 -89 
  -21 -84 
  -21 -76 
  -21 -72 
  -21 -65 
  -21 -37 
  -21 -29 
  -21 -27 
  -21 -26 
  -21 -25 
  -21 -12 
  -21 -10 
  -21 -7 
  -21 -3 
  -21 -2 
  -21 23 
  -21 39 
  -21 56 
  -21 80 
  -21 94 
  -20 -73 
  -20 -51 
  -20 -49 
  -20 -42 
  -20 -41 
  -20 -40 
  -20 -24 
  -20 -20 
  -20 -15 
  -20 12 
  -20 13 
  -20 27 
  -20 30 
  -20 36 
  -20 39 
  -20 56 
  -20 65 
  -20 69 
  -20 85 
  -20 92 
  -19 -92 
  -19 -82 
  -19 -59 
  -19 -49 
  -19 -47 
  -19 -44 
  -19 -43 
  -19 -35 
  -19 -25 
  -19 -20 
  -19 -16 
  -19 -9 
  -19 -8 
  -19 -7 
  -19 6 
  -19 13 
  -19 19 
  -19 22 
  -19 31 
  -19 36 
  -19 41 
  -19 47 
  -19 57 
  -19 74 
  -19 75 
  -19 87 
  -19 91 
  -18 -98 
  -18 -91 
  -18 -75 
  -18 -72 
  -18 -67 
  -18 -59 
  -18 -53 
  -18 -41 
  -18 -39 
  -18 -34 
  -18 -32 
  -18 -31 
  -18 -30 
  -18 -19 
  -18 -12 
  -18 0 
  -18 4 
  -18 12 
  -18 18 
  -18 25 
  -18 30 
  -18 39 
  -18 45 
  -18 57 
  -18 75 
  -17 -98 
  -17 -92 
  -17 -78 
  -17 -74 
  -17 -67 
  -17 -66 
  -17 -64 
  -17 -63 
  -17 -60 
  -17 -40 
  -17 -33 
  -17 -31 
  -17 -30 
  -17 -28 
  -17 -24 
  -17 -22 
  -17 -18 
  -17 -15 
  -17 5 
  -17 8 
  -17 12 
  -17 18 
  -17 21 
  -17 29 
  -17 38 
  -17 56 
  -17 67 
  -17 73 
  -17 76 
  -17 85 
  -17 92 
  -17 93 
  -16 -100 
  -16 -98 
  -16 -94 
  -16 -80 
  -16 -55 
  -16 -37 
  -16 -35 
  -16 -28 
  -16 -27 
  -16 -16 
  -16 9 
  -16 12 
  -16 24 
  -16 28 
  -16 33 
  -16 37 
  -16 40 
  -16 46 
  -16 57 
  -16 58 
  -16 73 
  -16 75 
  -16 78 
  -16 80 
  -16 95 
  -15 -95 
  -15 -78 
  -15 -74 
  -15 -73 
  -15 -67 
  -15 -37 
  -15 -24 
  -15 -19 
  -15 11 
  -15 14 
  -15 46 
  -15 52 
  -15 64 
  -15 65 
  -15 76 
  -14 -72 
  -14 -64 
  -14 -36 
  -14 -35 
  -14 -21 
  -14 -17 
  -14 -1 
  -14 3 
  -14 21 
  -14 28 
  -14 48 
  -14 55 
  -14 62 
  -14 63 
  -14 64 
  -14 70 
  -14 86 
  -14 88 
  -14 91 
  -14 94 
  -14 98 
  -13 -93 
  -13 -82 
  -13 -75 
  -13 -71 
  -13 -52 
  -13 -32 
  -13 -24 
  -13 -22 
  -13 -17 
  -13 -2 
  -13 19 
  -13 28 
  -13 35 
  -13 40 
  -13 49 
  -13 50 
  -13 56 
  -13 72 
  -13 75 
  -13 78 
  -13 89 
  -13 92 
  -12 -85 
  -12 -84 
  -12 -82 
  -12 -81 
  -12 -65 
  -12 -58 
  -12 -35 
  -12 -27 
  -12 -25 
  -12 -6 
  -12 11 
  -12 25 
  -12 51 
  -12 53 
  -12 60 
  -12 75 
  -12 79 
  -12 92 
  -12 98 
  -12 99 
  -11 -101 
  -11 -98 
  -11 -77 
  -11 -53 
  -11 -44 
  -11 -42 
  -11 -38 
  -11 -13 
  -11 -3 
  -11 10 
  -11 15 
  -11 18 
  -11 22 
  -11 26 
  -11 31 
  -11 36 
  -11 45 
  -11 71 
  -11 95 
  -10 -99 
  -10 -80 
  -10 -73 
  -10 -53 
  -10 -41 
  -10 -34 
  -10 -30 
  -10 -29 
  -10 -24 
  -10 -21 
  -10 -15 
  -10 -9 
  -10 4 
  -10 12 
  -10 14 
  -10 29 
  -10 45 
  -10 60 
  -10 68 
  -10 71 
  -10 80 
  -10 81 
  -10 86 
  -10 92 
  -10 96 
  -10 99 
  -9 -102 
  -9 -98 
  -9 -94 
  -9 -87 
  -9 -84 
  -9 -61 
  -9 -45 
  -9 -44 
  -9 -42 
  -9 -36 
  -9 -31 
  -9 -24 
  -9 -20 
  -9 -15 
  -9 -11 
  -9 0 
  -9 7 
  -9 21 
  -9 23 
  -9 26 
  -9 31 
  -9 55 
  -9 60 
  -9 64 
  -9 68 
  -9 79 
  -9 96 
  -9 99 
  -8 -84 
  -8 -65 
  -8 -64 
  -8 -49 
  -8 -39 
  -8 -31 
  -8 -28 
  -8 -23 
  -8 -16 
  -8 4 
  -8 8 
  -8 15 
  -8 19 
  -8 50 
  -8 98 
  -7 -102 
  -7 -88 
  -7 -78 
  -7 -76 
  -7 -73 
  -7 -72 
  -7 -64 
  -7 -63 
  -7 -48 
  -7 -34 
  -7 -32 
  -7 -30 
  -7 -27 
  -7 -11 
  -7 -10 
  -7 -5 
  -7 2 
  -7 10 
  -7 17 
  -7 26 
  -7 50 
  -7 58 
  -7 70 
  -7 91 
  -6 -102 
  -6 -98 
  -6 -97 
  -6 -94 
  -6 -82 
  -6 -81 
  -6 -80 
  -6 -50 
  -6 -15 
  -6 -10 
  -6 -6 
  -6 0 
  -6 25 
  -6 29 
  -6 31 
  -6 36 
  -6 38 
  -6 50 
  -6 62 
  -6 66 
  -6 69 
  -6 86 
  -6 93 
  -6 98 
  -6 99 
  -5 -103 
  -5 -101 
  -5 -100 
  -5 -98 
  -5 -94 
  -5 -75 
  -5 -72 
  -5 -69 
  -5 -63 
  -5 -59 
  -5 -49 
  -5 -40 
  -5 -38 
  -5 -26 
  -5 -1 
  -5 7 
  -5 10 
  -5 40 
  -5 44 
  -5 63 
  -5 78 
  -5 84 
  -5 96 
  -4 -101 
  -4 -92 
  -4 -86 
  -4 -84 
  -4 -82 
  -4 -78 
  -4 -72 
  -4 -55 
  -4 -51 
  -4 -39 
  -4 -11 
  -4 -10 
  -4 -8 
  -4 -2 
  -4 -1 
  -4 3 
  -4 14 
  -4 16 
  -4 39 
  -4 52 
  -4 62 
  -4 63 
  -4 65 
  -4 79 
  -4 88 
  -3 -89 
  -3 -78 
  -3 -72 
  -3 -51 
  -3 -50 
  -3 -48 
  -3 -42 
  -3 -39 
  -3 -37 
  -3 -14 
  -3 -10 
  -3 1 
  -3 7 
  -3 36 
  -3 42 
  -3 53 
  -3 64 
  -3 69 
  -3 74 
  -3 83 
  -3 97 
  -2 -94 
  -2 -91 
  -2 -69 
  -2 -63 
  -2 -58 
  -2 -53 
  -2 -51 
  -2 -25 
  -2 -24 
  -2 -17 
  -2 -15 
  -2 -13 
  -2 -2 
  -2 3 
  -2 5 
  -2 11 
  -2 14 
  -2 38 
  -2 39 
  -2 49 
  -2 55 
  -2 57 
  -2 60 
  -2 65 
  -2 68 
  -2 75 
  -2 93 
  -2 95 
  -1 -102 
  -1 -98 
  -1 -97 
  -1 -79 
  -1 -74 
  -1 -66 
  -1 -59 
  -1 -57 
  -1 -55 
  -1 -40 
  -1 -36 
  -1 -30 
  -1 -14 
  -1 3 
  -1 8 
  -1 12 
  -1 20 
  -1 24 
  -1 37 
  -1 43 
  -1 46 
  -1 69 
  -1 93 
  0 -95 
  0 -92 
  0 -90 
  0 -89 
  0 -82 
  0 -78 
  0 -70 
  0 -65 
  0 -62 
  0 -57 
  0 -54 
  0 -46 
  0 -41 
  0 -29 
  0 -13 
  0 -1 
  0 1 
  0 8 
  0 17 
  0 21 
  0 24 
  0 26 
  0 39 
  0 49 
  0 50 
  0 61 
  0 68 
  0 76 
  0 79 
  0 83 
  0 97 
  1 -99 
  1 -80 
  1 -79 
  1 -77 
  1 -60 
  1 -56 
  1 -52 
  1 -51 
  1 -34 
  1 -31 
  1 -16 
  1 -15 
  1 -13 
  1 -10 
  1 -9 
  1 -7 
  1 -6 
  1 12 
  1 16 
  1 33 
  1 48 
  1 51 
  1 57 
  1 58 
  1 62 
  1 76 
  1 83 
  1 94 
  1 100 
  2 -103 
  2 -101 
  2 -90 
  2 -88 
  2 -85 
  2 -83 
  2 -76 
  2 -68 
  2 -43 
  2 -34 
  2 -27 
  2 -21 
  2 -13 
  2 -7 
  2 -6 
  2 3 
  2 33 
  2 47 
  2 51 
  2 56 
  2 63 
  2 74 
  2 90 
  2 97 
  2 99 
  3 -85 
  3 -84 
  3 -74 
  3 -67 
  3 -61 
  3 -60 
  3 -54 
  3 -49 
  3 -42 
  3 -38 
  3 -4 
  3 0 
  3 6 
  3 9 
  3 18 
  3 22 
  3 25 
  3 38 
  3 42 
  3 52 
  3 55 
  3 62 
  3 64 
  3 68 
  3 69 
  3 77 
  3 80 
  3 92 
  3 95 
  4 -87 
  4 -85 
  4 -82 
  4 -76 
  4 -74 
  4 -70 
  4 -67 
  4 -65 
  4 -64 
  4 -55 
  4 -52 
  4 -36 
  4 -35 
  4 -19 
  4 -18 
  4 -10 
  4 -5 
  4 0 
  4 4 
  4 12 
  4 14 
  4 19 
  4 23 
  4 28 
  4 33 
  4 59 
  4 65 
  4 74 
  4 92 
  5 -97 
  5 -80 
  5 -76 
  5 -75 
  5 -68 
  5 -64 
  5 -58 
  5 -49 
  5 -33 
  5 -26 
  5 -14 
  5 -3 
  5 17 
  5 27 
  5 36 
  5 41 
  5 59 
  5 60 
  5 66 
  5 70 
  5 77 
  5 80 
  5 85 
  5 90 
  6 -100 
  6 -90 
  6 -86 
  6 -76 
  6 -71 
  6 -70 
  6 -68 
  6 -67 
  6 -61 
  6 -58 
  6 -57 
  6 -50 
  6 -40 
  6 -36 
  6 -30 
  6 -28 
  6 -20 
  6 -19 
  6 -18 
  6 -17 
  6 -14 
  6 -12 
  6 -5 
  6 1 
  6 8 
  6 27 
  6 43 
  6 51 
  6 63 
  6 69 
  6 75 
  6 81 
  6 88 
  6 94 
  6 97 
  6 98 
  7 -98 
  7 -93 
  7 -86 
  7 -82 
  7 -76 
  7 -71 
  7 -63 
  7 -59 
  7 -54 
  7 -47 
  7 -38 
  7 -26 
  7 -22 
  7 -5 
  7 3 
  7 7 
  7 19 
  7 37 
  7 46 
  7 60 
  7 68 
  7 80 
  7 91 
  7 92 
  7 99 
  8 -93 
  8 -82 
  8 -77 
  8 -74 
  8 -63 
  8 -61 
  8 -60 
  8 -54 
  8 -50 
  8 -37 
  8 -33 
  8 -24 
  8 -13 
  8 -7 
  8 -6 
  8 1 
  8 2 
  8 4 
  8 37 
  8 44 
  8 52 
  8 57 
  8 65 
  8 74 
  8 90 
  8 92 
  9 -98 
  9 -74 
  9 -71 
  9 -64 
  9 -56 
  9 -52 
  9 -51 
  9 -50 
  9 -38 
  9 -37 
  9 -33 
  9 -23 
  9 -19 
  9 -16 
  9 -8 
  9 20 
  9 22 
  9 23 
  9 35 
  9 38 
  9 39 
  9 41 
  9 60 
  9 84 
  9 93 
  9 96 
  10 -99 
  10 -94 
  10 -82 
  10 -81 
  10 -73 
  10 -63 
  10 -52 
  10 -42 
  10 -30 
  10 -26 
  10 -24 
  10 -22 
  10 -8 
  10 -7 
  10 6 
  10 8 
  10 33 
  10 39 
  10 59 
  10 60 
  10 76 
  10 86 
  10 95 
  10 97 
  10 99 
  11 -99 
  11 -81 
  11 -78 
  11 -77 
  11 -55 
  11 -54 
  11 -47 
  11 -43 
  11 -36 
  11 -27 
  11 -20 
  11 -17 
  11 -16 
  11 -10 
  11 0 
  11 9 
  11 24 
  11 32 
  11 42 
  11 45 
  11 46 
  11 51 
  11 59 
  11 80 
  11 86 
  11 87 
  12 -101 
  12 -100 
  12 -99 
  12 -77 
  12 -76 
  12 -69 
  12 -68 
  12 -61 
  12 -58 
  12 -55 
  12 -54 
  12 -52 
  12 -47 
  12 -35 
  12 -33 
  12 -16 
  12 -9 
  12 -1 
  12 3 
  12 10 
  12 19 
  12 32 
  12 47 
  12 55 
  12 63 
  12 72 
  12 77 
  12 88 
  12 90 
  12 94 
  12 97 
  13 -100 
  13 -97 
  13 -94 
  13 -88 
  13 -87 
  13 -85 
  13 -78 
  13 -73 
  13 -65 
  13 -57 
  13 -55 
  13 -53 
  13 -40 
  13 -16 
  13 17 
  13 20 
  13 28 
  13 41 
  13 43 
  13 46 
  13 54 
  13 59 
  13 66 
  13 71 
  13 72 
  13 90 
  14 -98 
  14 -97 
  14 -94 
  14 -59 
  14 -30 
  14 -23 
  14 -19 
  14 -15 
  14 1 
  14 16 
  14 25 
  14 34 
  14 38 
  14 60 
  14 73 
  14 99 
  15 -97 
  15 -91 
  15 -85 
  15 -55 
  15 -53 
  15 -33 
  15 -28 
  15 -25 
  15 -12 
  15 -6 
  15 5 
  15 11 
  15 22 
  15 27 
  15 33 
  15 54 
  15 65 
  15 68 
  15 70 
  15 75 
  15 86 
  16 -89 
  16 -60 
  16 -53 
  16 -41 
  16 -37 
  16 -23 
  16 -16 
  16 -13 
  16 -2 
  16 1 
  16 4 
  16 42 
  16 52 
  16 55 
  16 60 
  16 78 
  16 91 
  16 94 
  16 97 
  17 -84 
  17 -78 
  17 -60 
  17 -47 
  17 -43 
  17 -41 
  17 -27 
  17 -23 
  17 -22 
  17 -20 
  17 -18 
  17 8 
  17 14 
  17 18 
  17 23 
  17 24 
  17 28 
  17 31 
  17 45 
  17 52 
  17 56 
  17 58 
  17 61 
  17 63 
  17 69 
  17 76 
  18 -100 
  18 -98 
  18 -94 
  18 -82 
  18 -76 
  18 -69 
  18 -65 
  18 -49 
  18 -31 
  18 -23 
  18 -22 
  18 -11 
  18 -1 
  18 14 
  18 15 
  18 16 
  18 33 
  18 38 
  18 42 
  18 53 
  18 68 
  18 73 
  18 79 
  18 82 
  18 83 
  18 87 
  19 -99 
  19 -98 
  19 -93 
  19 -90 
  19 -87 
  19 -84 
  19 -78 
  19 -75 
  19 -70 
  19 -38 
  19 -37 
  19 -32 
  19 -15 
  19 -14 
  19 -11 
  19 -3 
  19 -2 
  19 7 
  19 16 
  19 24 
  19 30 
  19 58 
  19 83 
  19 86 
  19 88 
  20 -96 
  20 -95 
  20 -94 
  20 -81 
  20 -75 
  20 -74 
  20 -47 
  20 -40 
  20 -37 
  20 -28 
  20 -25 
  20 -23 
  20 -16 
  20 5 
  20 9 
  20 14 
  20 16 
  20 38 
  20 44 
  20 46 
  20 61 
  20 73 
  20 80 
  20 82 
  20 85 
  21 -93 
  21 -55 
  21 -48 
  21 -42 
  21 -40 
  21 -38 
  21 -34 
  21 -32 
  21 -23 
  21 -22 
  21 -19 
  21 -5 
  21 -3 
  21 -1 
  21 7 
  21 12 
  21 16 
  21 23 
  21 35 
  21 38 
  21 45 
  21 69 
  21 93 
  22 -78 
  22 -68 
  22 -66 
  22 -61 
  22 -50 
  22 -47 
  22 -45 
  22 -44 
  22 -42 
  22 -41 
  22 -32 
  22 -4 
  22 12 
  22 17 
  22 20 
  22 22 
  22 35 
  22 41 
  22 43 
  22 50 
  22 56 
  22 65 
  22 66 
  22 77 
  22 81 
  23 -92 
  23 -86 
  23 -76 
  23 -73 
  23 -68 
  23 -46 
  23 -33 
  23 -30 
  23 -24 
  23 -17 
  23 -6 
  23 -2 
  23 2 
  23 8 
  23 18 
  23 19 
  23 27 
  23 39 
  23 47 
  23 49 
  23 52 
  23 62 
  23 87 
  23 96 
  24 -81 
  24 -71 
  24 -65 
  24 -64 
  24 -62 
  24 -59 
  24 -56 
  24 -34 
  24 -21 
  24 -15 
  24 -13 
  24 3 
  24 7 
  24 29 
  24 32 
  24 45 
  24 63 
  24 94 
  25 -89 
  25 -82 
  25 -76 
  25 -74 
  25 -50 
  25 -28 
  25 -22 
  25 -15 
  25 -14 
  25 -11 
  25 3 
  25 6 
  25 12 
  25 14 
  25 16 
  25 40 
  25 42 
  25 47 
  25 56 
  25 62 
  25 68 
  25 85 
  26 -93 
  26 -72 
  26 -71 
  26 -42 
  26 -40 
  26 -38 
  26 -31 
  26 -27 
  26 -19 
  26 -12 
  26 8 
  26 22 
  26 30 
  26 35 
  26 47 
  26 50 
  26 58 
  26 60 
  26 68 
  26 78 
  26 82 
  26 83 
  26 87 
  27 -78 
  27 -77 
  27 -73 
  27 -71 
  27 -60 
  27 -57 
  27 -51 
  27 -46 
  27 -40 
  27 -34 
  27 -5 
  27 -2 
  27 17 
  27 20 
  27 21 
  27 24 
  27 28 
  27 42 
  27 43 
  27 44 
  27 54 
  27 60 
  27 75 
  28 -88 
  28 -59 
  28 -53 
  28 -29 
  28 -11 
  28 -2 
  28 2 
  28 9 
  28 17 
  28 22 
  28 28 
  28 33 
  28 41 
  28 52 
  28 55 
  28 63 
  28 76 
  28 87 
  29 -86 
  29 -63 
  29 -52 
  29 -49 
  29 -48 
  29 -30 
  29 -22 
  29 -20 
  29 -19 
  29 -13 
  29 4 
  29 6 
  29 8 
  29 31 
  29 39 
  29 46 
  29 47 
  29 53 
  29 54 
  29 64 
  30 -87 
  30 -80 
  30 -61 
  30 -58 
  30 -56 
  30 -55 
  30 -32 
  30 12 
  30 13 
  30 25 
  30 27 
  30 40 
  30 54 
  30 60 
  30 74 
  30 78 
  30 83 
  31 -91 
  31 -76 
  31 -72 
  31 -61 
  31 -48 
  31 -46 
  31 -33 
  31 -21 
  31 -20 
  31 -10 
  31 -9 
  31 -6 
  31 -5 
  31 4 
  31 16 
  31 20 
  31 26 
  31 59 
  31 60 
  31 61 
  31 81 
  31 84 
  32 -74 
  32 -62 
  32 -55 
  32 -51 
  32 -44 
  32 -29 
  32 -13 
  32 -12 
  32 0 
  32 3 
  32 16 
  32 39 
  32 42 
  32 45 
  32 59 
  32 67 
  32 71 
  32 79 
  32 80 
  33 -79 
  33 -75 
  33 -66 
  33 -45 
  33 -44 
  33 -43 
  33 -34 
  33 -23 
  33 -21 
  33 -17 
  33 -12 
  33 -6 
  33 18 
  33 21 
  33 35 
  33 39 
  33 48 
  33 50 
  33 59 
  33 67 
  33 75 
  34 -85 
  34 -84 
  34 -75 
  34 -70 
  34 -64 
  34 -60 
  34 -58 
  34 -57 
  34 -34 
  34 -25 
  34 -23 
  34 -13 
  34 9 
  34 12 
  34 27 
  34 37 
  34 38 
  34 40 
  34 43 
  34 45 
  34 57 
  34 59 
  34 74 
  34 77 
  34 83 
  34 85 
  35 -83 
  35 -74 
  35 -72 
  35 -69 
  35 -60 
  35 -58 
  35 -57 
  35 -49 
  35 -45 
  35 -42 
  35 -35 
  35 -34 
  35 -19 
  35 -10 
  35 -4 
  35 1 
  35 8 
  35 37 
  35 45 
  35 53 
  35 58 
  35 61 
  35 70 
  35 72 
  35 76 
  36 -81 
  36 -76 
  36 -70 
  36 -57 
  36 -51 
  36 -27 
  36 -22 
  36 -21 
  36 -19 
  36 -13 
  36 -12 
  36 0 
  36 2 
  36 9 
  36 12 
  36 19 
  36 26 
  36 31 
  36 32 
  36 33 
  36 36 
  36 41 
  36 43 
  36 58 
  36 63 
  36 64 
  37 -82 
  37 -77 
  37 -54 
  37 -46 
  37 -45 
  37 -41 
  37 -20 
  37 -11 
  37 -9 
  37 -1 
  37 2 
  37 13 
  37 15 
  37 26 
  37 35 
  37 58 
  37 72 
  37 84 
  38 -74 
  38 -56 
  38 -45 
  38 -39 
  38 -34 
  38 -32 
  38 -31 
  38 -15 
  38 -10 
  38 -9 
  38 2 
  38 6 
  38 8 
  38 16 
  38 31 
  38 49 
  38 70 
  38 73 
  38 83 
  39 -52 
  39 -47 
  39 -41 
  39 -36 
  39 -33 
  39 -12 
  39 -11 
  39 18 
  39 39 
  39 45 
  39 68 
  39 69 
  39 77 
  39 81 
  40 -56 
  40 -55 
  40 -46 
  40 -30 
  40 -19 
  40 -11 
  40 -1 
  40 12 
  40 17 
  40 20 
  40 25 
  40 41 
  40 69 
  40 73 
  41 -75 
  41 -59 
  41 -55 
  41 -49 
  41 -48 
  41 -47 
  41 -43 
  41 -41 
  41 -40 
  41 -38 
  41 -36 
  41 -20 
  41 -19 
  41 -17 
  41 -4 
  41 11 
  41 16 
  41 23 
  41 35 
  41 45 
  41 54 
  41 55 
  41 61 
  41 79 
  42 -61 
  42 -59 
  42 -57 
  42 -48 
  42 -46 
  42 -39 
  42 -35 
  42 -9 
  42 6 
  42 14 
  42 16 
  42 17 
  42 22 
  42 25 
  42 31 
  42 32 
  42 35 
  42 43 
  42 46 
  42 53 
  42 54 
  42 78 
  43 -73 
  43 -46 
  43 -37 
  43 -28 
  43 -25 
  43 -22 
  43 -8 
  43 0 
  43 4 
  43 14 
  43 25 
  43 26 
  43 31 
  43 32 
  43 33 
  43 40 
  43 46 
  43 59 
  43 68 
  43 69 
  43 77 
  44 -69 
  44 -64 
  44 -61 
  44 -58 
  44 -52 
  44 -51 
  44 -38 
  44 -33 
  44 -26 
  44 -16 
  44 -6 
  44 -4 
  44 0 
  44 25 
  44 32 
  44 41 
  44 46 
  44 53 
  44 58 
  44 64 
  44 65 
  44 68 
  44 69 
  44 75 
  45 -57 
  45 -49 
  45 -42 
  45 -41 
  45 -33 
  45 -30 
  45 -2 
  45 12 
  45 13 
  45 16 
  45 23 
  45 28 
  45 33 
  45 53 
  45 55 
  45 58 
  45 64 
  45 68 
  46 -50 
  46 -44 
  46 -39 
  46 -38 
  46 -22 
  46 -14 
  46 8 
  46 14 
  46 21 
  46 24 
  46 26 
  46 27 
  46 44 
  47 -67 
  47 -39 
  47 -28 
  47 -21 
  47 -19 
  47 -18 
  47 -17 
  47 -15 
  47 -14 
  47 -13 
  47 -4 
  47 2 
  47 20 
  47 27 
  47 28 
  47 39 
  47 48 
  47 58 
  47 65 
  47 71 
  48 -62 
  48 -26 
  48 -25 
  48 -23 
  48 -21 
  48 -1 
  48 2 
  48 7 
  48 8 
  48 21 
  48 26 
  48 30 
  48 40 
  48 53 
  48 66 
  49 -62 
  49 -61 
  49 -57 
  49 -42 
  49 -18 
  49 -16 
  49 -14 
  49 -10 
  49 -3 
  49 2 
  49 5 
  49 11 
  49 32 
  49 37 
  49 39 
  49 42 
  49 47 
  49 49 
  49 55 
  49 60 
  50 -62 
  50 -57 
  50 -54 
  50 -39 
  50 -27 
  50 -22 
  50 -19 
  50 -18 
  50 -11 
  50 -7 
  50 3 
  50 16 
  50 22 
  50 23 
  50 30 
  50 44 
  50 54 
  50 56 
  50 58 
  50 60 
  50 63 
  51 -64 
  51 -63 
  51 -46 
  51 -45 
  51 -37 
  51 -29 
  51 -27 
  51 -17 
  51 -1 
  51 0 
  51 7 
  51 37 
  51 51 
  51 57 
  52 -59 
  52 -56 
  52 -49 
  52 -48 
  52 -30 
  52 -8 
  52 7 
  52 8 
  52 9 
  52 16 
  52 19 
  52 27 
  52 38 
  52 41 
  52 56 
  53 -35 
  53 -26 
  53 -19 
  53 -18 
  53 -15 
  53 -11 
  53 -8 
  53 29 
  53 30 
  53 32 
  53 38 
  53 40 
  53 57 
  54 -54 
  54 -52 
  54 -44 
  54 -30 
  54 -29 
  54 -24 
  54 -10 
  54 4 
  54 6 
  54 11 
  54 15 
  54 23 
  54 30 
  54 33 
  54 34 
  54 50 
  55 -50 
  55 -49 
  55 -35 
  55 -32 
  55 -30 
  55 -13 
  55 -10 
  55 -9 
  55 -7 
  55 3 
  55 19 
  55 21 
  55 43 
  55 46 
  55 47 
  56 -34 
  56 -23 
  56 -12 
  56 5 
  56 6 
  56 24 
  56 38 
  56 42 
  56 43 
  56 48 
  56 49 
  57 -45 
  57 -19 
  57 -9 
  57 -8 
  57 2 
  57 9 
  57 25 
  57 28 
  57 30 
  57 31 
  58 -20 
  58 3 
  58 11 
  58 20 
  58 23 
  58 36 
  58 46 
  59 -44 
  59 -39 
  59 -38 
  59 -35 
  59 -26 
  59 -21 
  59 -18 
  59 -16 
  59 -1 
  59 18 
  59 25 
  59 39 
  60 -38 
  60 -18 
  60 -12 
  60 5 
  60 9 
  60 15 
  60 17 
  60 36 
  60 39 
  61 -31 
  61 -29 
  61 -21 
  61 -12 
  61 -5 
  61 -1 
  61 13 
  61 22 
  62 -24 
  62 -21 
  62 -14 
  62 5 
  62 21 
  62 28 
  63 -26 
  63 -23 
  63 -11 
  63 -9 
  63 3 
  63 11 
  63 22 
  64 -8 
  64 2 
  64 18 
  65 2 
  -64 -6 
  -64 1 
  -63 -15 
  -63 -7 
  -63 2 
  -63 6 
  -62 -25 
  -62 -23 
  -62 -17 
  -62 -6 
  -62 2 
  -62 6 
  -61 -31 
  -61 -15 
  -61 -7 
  -61 5 
  -61 8 
  -61 10 
  -61 19 
  -61 27 
  -61 30 
  -60 -34 
  -60 -32 
  -60 -18 
  -60 -10 
  -60 4 
  -60 10 
  -60 15 
  -60 22 
  -60 27 
  -60 35 
  -59 -24 
  -59 -13 
  -59 -11 
  -59 -10 
  -59 1 
  -59 5 
  -59 7 
  -59 10 
  -59 30 
  -58 -42 
  -58 -40 
  -58 -38 
  -58 -20 
  -58 -19 
  -58 -4 
  -58 -3 
  -58 10 
  -58 13 
  -58 14 
  -58 40 
  -57 -46 
  -57 -36 
  -57 -34 
  -57 -9 
  -57 -8 
  -57 0 
  -57 12 
  -57 15 
  -57 16 
  -57 29 
  -57 34 
  -57 39 
  -57 44 
  -57 45 
  -56 -46 
  -56 -42 
  -56 -38 
  -56 -35 
  -56 -30 
  -56 -19 
  -56 -18 
  -56 5 
  -56 19 
  -56 26 
  -56 27 
  -56 46 
  -55 -51 
  -55 -46 
  -55 -38 
  -55 -19 
  -55 -14 
  -55 7 
  -55 22 
  -55 51 
  -54 -50 
  -54 -17 
  -54 -5 
  -54 1 
  -54 2 
  -54 6 
  -54 19 
  -54 24 
  -54 30 
  -54 31 
  -54 50 
  -54 54 
  -53 -56 
  -53 -54 
  -53 -41 
  -53 -37 
  -53 -13 
  -53 -11 
  -53 -10 
  -53 -8 
  -53 2 
  -53 5 
  -53 6 
  -53 16 
  -53 32 
  -53 33 
  -52 -59 
  -52 -44 
  -52 -34 
  -52 -30 
  -52 -15 
  -52 13 
  -52 14 
  -52 17 
  -52 22 
  -52 32 
  -52 34 
  -52 41 
  -51 -59 
  -51 -58 
  -51 -54 
  -51 -51 
  -51 -50 
  -51 -45 
  -51 -43 
  -51 -36 
  -51 -23 
  -51 -21 
  -51 -20 
  -51 -17 
  -51 4 
  -51 8 
  -51 10 
  -51 11 
  -51 16 
  -51 17 
  -51 26 
  -51 31 
  -51 34 
  -51 39 
  -51 45 
  -50 -57 
  -50 -34 
  -50 -19 
  -50 -10 
  -50 -7 
  -50 -5 
  -50 1 
  -50 9 
  -50 13 
  -50 14 
  -50 20 
  -50 21 
  -50 43 
  -50 47 
  -50 53 
  -49 -57 
  -49 -54 
  -49 -50 
  -49 -37 
  -49 -26 
  -49 -24 
  -49 2 
  -49 8 
  -49 12 
  -49 26 
  -49 30 
  -49 36 
  -49 42 
  -49 50 
  -49 52 
  -49 57 
  -49 63 
  -48 -66 
  -48 -62 
  -48 -52 
  -48 -42 
  -48 -39 
  -48 -24 
  -48 -20 
  -48 -19 
  -48 12 
  -48 23 
  -48 34 
  -48 38 
  -48 42 
  -48 47 
  -48 58 
  -48 61 
  -48 62 
  -47 -63 
  -47 -51 
  -47 -38 
  -47 -32 
  -47 -24 
  -47 -20 
  -47 -18 
  -47 -17 
  -47 6 
  -47 11 
  -47 21 
  -47 27 
  -47 28 
  -47 43 
  -47 56 
  -47 59 
  -47 65 
  -46 -65 
  -46 -64 
  -46 -50 
  -46 -48 
  -46 -46 
  -46 -40 
  -46 -32 
  -46 -25 
  -46 -18 
  -46 -15 
  -46 -3 
  -46 10 
  -46 27 
  -46 33 
  -46 47 
  -46 57 
  -46 61 
  -46 68 
  -45 -70 
  -45 -54 
  -45 -48 
  -45 -47 
  -45 -42 
  -45 -40 
  -45 -37 
  -45 -33 
  -45 -31 
  -45 -26 
  -45 -25 
  -45 -20 
  -45 -16 
  -45 -15 
  -45 -6 
  -45 19 
  -45 37 
  -45 40 
  -45 43 
  -45 45 
  -45 57 
  -44 -75 
  -44 -66 
  -44 -65 
  -44 -63 
  -44 -61 
  -44 -52 
  -44 -49 
  -44 -47 
  -44 -40 
  -44 -26 
  -44 -21 
  -44 -14 
  -44 -10 
  -44 -3 
  -44 4 
  -44 37 
  -44 38 
  -44 48 
  -44 52 
  -44 53 
  -44 58 
  -44 68 
  -43 -68 
  -43 -64 
  -43 -57 
  -43 -54 
  -43 -43 
  -43 -29 
  -43 -17 
  -43 -7 
  -43 0 
  -43 1 
  -43 2 
  -43 3 
  -43 15 
  -43 21 
  -43 22 
  -43 30 
  -43 31 
  -43 42 
  -43 51 
  -43 64 
  -42 -69 
  -42 -59 
  -42 -48 
  -42 -43 
  -42 -39 
  -42 -38 
  -42 -37 
  -42 -29 
  -42 -26 
  -42 -2 
  -42 -1 
  -42 12 
  -42 22 
  -42 31 
  -42 46 
  -42 61 
  -42 67 
  -42 71 
  -42 76 
  -41 -59 
  -41 -58 
  -41 -54 
  -41 -22 
  -41 -11 
  -41 1 
  -41 31 
  -41 37 
  -41 38 
  -41 41 
  -41 46 
  -41 47 
  -41 55 
  -41 58 
  -41 76 
  -40 -75 
  -40 -74 
  -40 -64 
  -40 -52 
  -40 -47 
  -40 -26 
  -40 -14 
  -40 -13 
  -40 -12 
  -40 -11 
  -40 0 
  -40 35 
  -40 40 
  -40 47 
  -40 50 
  -40 51 
  -40 64 
  -40 70 
  -39 -80 
  -39 -74 
  -39 -67 
  -39 -61 
  -39 -56 
  -39 -52 
  -39 -51 
  -39 -48 
  -39 -39 
  -39 -26 
  -39 -20 
  -39 -12 
  -39 -11 
  -39 -8 
  -39 2 
  -39 9 
  -39 16 
  -39 17 
  -39 18 
  -39 52 
  -39 53 
  -39 70 
  -39 71 
  -39 72 
  -39 79 
  -38 -83 
  -38 -80 
  -38 -73 
  -38 -66 
  -38 -63 
  -38 -55 
  -38 -51 
  -38 -41 
  -38 -39 
  -38 -38 
  -38 -37 
  -38 -23 
  -38 -18 
  -38 -16 
  -38 -14 
  -38 -11 
  -38 4 
  -38 6 
  -38 16 
  -38 27 
  -38 28 
  -38 33 
  -38 35 
  -38 36 
  -38 38 
  -38 41 
  -38 44 
  -38 46 
  -38 50 
  -38 65 
  -38 67 
  -37 -81 
  -37 -80 
  -37 -65 
  -37 -51 
  -37 -46 
  -37 -7 
  -37 2 
  -37 6 
  -37 20 
  -37 24 
  -37 39 
  -37 50 
  -37 69 
  -37 75 
  -37 79 
  -36 -67 
  -36 -62 
  -36 -61 
  -36 -57 
  -36 -47 
  -36 -42 
  -36 -28 
  -36 -22 
  -36 -19 
  -36 -10 
  -36 -9 
  -36 -8 
  -36 -4 
  -36 8 
  -36 11 
  -36 15 
  -36 17 
  -36 23 
  -36 36 
  -36 41 
  -36 47 
  -36 48 
  -36 49 
  -36 72 
  -36 73 
  -35 -78 
  -35 -64 
  -35 -62 
  -35 -57 
  -35 -54 
  -35 -44 
  -35 -41 
  -35 -25 
  -35 -24 
  -35 -5 
  -35 1 
  -35 6 
  -35 25 
  -35 34 
  -35 46 
  -35 48 
  -35 51 
  -35 53 
  -35 61 
  -35 69 
  -35 71 
  -35 74 
  -35 85 
  -34 -82 
  -34 -80 
  -34 -77 
  -34 -62 
  -34 -61 
  -34 -53 
  -34 -38 
  -34 -37 
  -34 -32 
  -34 -18 
  -34 -11 
  -34 -8 
  -34 11 
  -34 20 
  -34 37 
  -34 46 
  -34 54 
  -34 63 
  -34 67 
  -34 68 
  -33 -88 
  -33 -82 
  -33 -80 
  -33 -76 
  -33 -75 
  -33 -74 
  -33 -69 
  -33 -52 
  -33 -47 
  -33 -43 
  -33 -32 
  -33 -7 
  -33 -3 
  -33 8 
  -33 13 
  -33 17 
  -33 43 
  -33 45 
  -33 46 
  -33 57 
  -33 58 
  -33 63 
  -33 82 
  -32 -74 
  -32 -72 
  -32 -70 
  -32 -63 
  -32 -49 
  -32 -39 
  -32 -35 
  -32 -31 
  -32 -30 
  -32 -25 
  -32 -21 
  -32 -8 
  -32 -4 
  -32 6 
  -32 7 
  -32 27 
  -32 31 
  -32 36 
  -32 49 
  -32 58 
  -32 77 
  -32 78 
  -32 80 
  -32 85 
  -32 86 
  -31 -89 
  -31 -85 
  -31 -81 
  -31 -78 
  -31 -77 
  -31 -69 
  -31 -59 
  -31 -56 
  -31 -37 
  -31 -30 
  -31 -21 
  -31 6 
  -31 13 
  -31 18 
  -31 22 
  -31 28 
  -31 32 
  -31 33 
  -31 36 
  -31 39 
  -31 46 
  -31 77 
  -30 -88 
  -30 -77 
  -30 -70 
  -30 -65 
  -30 -51 
  -30 -38 
  -30 -20 
  -30 -8 
  -30 10 
  -30 14 
  -30 18 
  -30 23 
  -30 24 
  -30 30 
  -30 33 
  -30 37 
  -30 38 
  -30 48 
  -30 56 
  -30 67 
  -30 69 
  -30 72 
  -29 -91 
  -29 -88 
  -29 -87 
  -29 -67 
  -29 -49 
  -29 -48 
  -29 -41 
  -29 -40 
  -29 -38 
  -29 -37 
  -29 -22 
  -29 -21 
  -29 -20 
  -29 -12 
  -29 -1 
  -29 4 
  -29 8 
  -29 12 
  -29 17 
  -29 26 
  -29 27 
  -29 39 
  -29 49 
  -29 54 
  -29 58 
  -29 74 
  -29 81 
  -28 -93 
  -28 -86 
  -28 -76 
  -28 -64 
  -28 -62 
  -28 -38 
  -28 -28 
  -28 -11 
  -28 10 
  -28 40 
  -28 42 
  -28 47 
  -28 53 
  -28 57 
  -28 59 
  -28 61 
  -28 62 
  -28 74 
  -28 82 
  -27 -86 
  -27 -75 
  -27 -59 
  -27 -49 
  -27 -39 
  -27 -32 
  -27 -26 
  -27 -17 
  -27 -12 
  -27 -9 
  -27 -6 
  -27 -5 
  -27 2 
  -27 7 
  -27 9 
  -27 23 
  -27 32 
  -27 48 
  -27 56 
  -27 66 
  -27 73 
  -27 75 
  -27 80 
  -27 88 
  -27 91 
  -26 -94 
  -26 -91 
  -26 -87 
  -26 -84 
  -26 -83 
  -26 -66 
  -26 -62 
  -26 -60 
  -26 -32 
  -26 -14 
  -26 -1 
  -26 23 
  -26 30 
  -26 31 
  -26 38 
  -26 39 
  -26 42 
  -26 45 
  -26 47 
  -26 51 
  -26 62 
  -26 68 
  -26 75 
  -26 83 
  -26 92 
  -25 -91 
  -25 -85 
  -25 -71 
  -25 -70 
  -25 -61 
  -25 -59 
  -25 -58 
  -25 -51 
  -25 -49 
  -25 -30 
  -25 -22 
  -25 -2 
  -25 0 
  -25 1 
  -25 5 
  -25 10 
  -25 26 
  -25 40 
  -25 46 
  -25 63 
  -25 69 
  -25 75 
  -25 76 
  -25 77 
  -24 -92 
  -24 -87 
  -24 -84 
  -24 -83 
  -24 -78 
  -24 -70 
  -24 -57 
  -24 -52 
  -24 -33 
  -24 -29 
  -24 -18 
  -24 -17 
  -24 -6 
  -24 -3 
  -24 6 
  -24 13 
  -24 25 
  -24 31 
  -24 37 
  -24 52 
  -24 63 
  -24 66 
  -24 72 
  -24 74 
  -24 75 
  -24 84 
  -24 85 
  -23 -85 
  -23 -75 
  -23 -68 
  -23 -65 
  -23 -64 
  -23 -51 
  -23 -48 
  -23 -46 
  -23 -45 
  -23 -29 
  -23 -28 
  -23 -26 
  -23 -18 
  -23 -13 
  -23 -2 
  -23 10 
  -23 15 
  -23 19 
  -23 25 
  -23 46 
  -23 49 
  -23 50 
  -23 51 
  -23 66 
  -23 70 
  -23 75 
  -23 80 
  -23 90 
  -22 -97 
  -22 -94 
  -22 -91 
  -22 -83 
  -22 -67 
  -22 -65 
  -22 -57 
  -22 -56 
  -22 -52 
  -22 -31 
  -22 -30 
  -22 -25 
  -22 -8 
  -22 3 
  -22 14 
  -22 16 
  -22 20 
  -22 24 
  -22 28 
  -22 37 
  -22 42 
  -22 49 
  -22 63 
  -22 68 
  -22 85 
  -22 87 
  -22 95 
  -21 -87 
  -21 -82 
  -21 -78 
  -21 -63 
  -21 -48 
  -21 -30 
  -21 -22 
  -21 -21 
  -21 -18 
  -21 -16 
  -21 15 
  -21 17 
  -21 33 
  -21 38 
  -21 46 
  -21 57 
  -21 82 
  -20 -74 
  -20 -57 
  -20 -48 
  -20 -38 
  -20 -26 
  -20 -21 
  -20 -17 
  -20 -8 
  -20 14 
  -20 19 
  -20 22 
  -20 23 
  -20 31 
  -20 44 
  -20 53 
  -20 60 
  -20 62 
  -20 64 
  -20 67 
  -20 73 
  -20 74 
  -20 87 
  -20 89 
  -20 93 
  -19 -90 
  -19 -76 
  -19 -75 
  -19 -67 
  -19 -56 
  -19 -54 
  -19 -41 
  -19 -36 
  -19 -27 
  -19 -26 
  -19 -22 
  -19 -18 
  -19 -14 
  -19 -11 
  -19 -5 
  -19 -1 
  -19 4 
  -19 10 
  -19 17 
  -19 40 
  -19 53 
  -19 62 
  -19 65 
  -19 67 
  -19 88 
  -18 -97 
  -18 -93 
  -18 -92 
  -18 -90 
  -18 -86 
  -18 -79 
  -18 -66 
  -18 -63 
  -18 -62 
  -18 -58 
  -18 -49 
  -18 -45 
  -18 -42 
  -18 -18 
  -18 -16 
  -18 -1 
  -18 2 
  -18 7 
  -18 8 
  -18 9 
  -18 14 
  -18 16 
  -18 32 
  -18 42 
  -18 47 
  -18 51 
  -18 52 
  -18 58 
  -18 63 
  -18 64 
  -18 68 
  -18 77 
  -18 78 
  -18 89 
  -18 94 
  -18 98 
  -17 -97 
  -17 -91 
  -17 -81 
  -17 -53 
  -17 -43 
  -17 -42 
  -17 -36 
  -17 -34 
  -17 -10 
  -17 2 
  -17 4 
  -17 7 
  -17 14 
  -17 23 
  -17 31 
  -17 32 
  -17 37 
  -17 42 
  -17 54 
  -17 58 
  -17 63 
  -17 70 
  -17 74 
  -17 78 
  -16 -93 
  -16 -90 
  -16 -81 
  -16 -77 
  -16 -76 
  -16 -62 
  -16 -59 
  -16 -58 
  -16 -51 
  -16 -48 
  -16 -46 
  -16 -45 
  -16 -41 
  -16 -39 
  -16 -36 
  -16 -33 
  -16 -31 
  -16 -26 
  -16 -18 
  -16 -17 
  -16 -14 
  -16 -8 
  -16 -4 
  -16 2 
  -16 18 
  -16 27 
  -16 48 
  -16 49 
  -16 70 
  -16 82 
  -16 86 
  -15 -96 
  -15 -94 
  -15 -92 
  -15 -82 
  -15 -63 
  -15 -59 
  -15 -51 
  -15 -34 
  -15 -23 
  -15 -18 
  -15 17 
  -15 18 
  -15 25 
  -15 29 
  -15 33 
  -15 44 
  -15 47 
  -15 54 
  -15 63 
  -15 66 
  -15 70 
  -15 75 
  -15 81 
  -15 82 
  -14 -100 
  -14 -81 
  -14 -60 
  -14 -48 
  -14 -27 
  -14 -7 
  -14 5 
  -14 15 
  -14 25 
  -14 41 
  -14 43 
  -14 49 
  -14 53 
  -14 68 
  -14 72 
  -14 85 
  -14 90 
  -13 -100 
  -13 -85 
  -13 -83 
  -13 -57 
  -13 -47 
  -13 -46 
  -13 -45 
  -13 -42 
  -13 -8 
  -13 -6 
  -13 1 
  -13 4 
  -13 10 
  -13 15 
  -13 31 
  -13 43 
  -13 44 
  -13 45 
  -13 48 
  -13 52 
  -13 53 
  -13 73 
  -13 80 
  -13 88 
  -12 -99 
  -12 -93 
  -12 -88 
  -12 -71 
  -12 -21 
  -12 -1 
  -12 4 
  -12 8 
  -12 12 
  -12 14 
  -12 19 
  -12 20 
  -12 24 
  -12 32 
  -12 35 
  -12 36 
  -12 41 
  -12 45 
  -12 48 
  -12 55 
  -12 70 
  -12 77 
  -12 81 
  -12 87 
  -11 -83 
  -11 -80 
  -11 -70 
  -11 -68 
  -11 -66 
  -11 -65 
  -11 -59 
  -11 -51 
  -11 -50 
  -11 -49 
  -11 -30 
  -11 -7 
  -11 -6 
  -11 12 
  -11 29 
  -11 33 
  -11 41 
  -11 49 
  -11 59 
  -11 60 
  -11 64 
  -11 65 
  -11 72 
  -11 73 
  -11 79 
  -11 99 
  -10 -90 
  -10 -89 
  -10 -74 
  -10 -49 
  -10 -45 
  -10 -20 
  -10 -18 
  -10 -13 
  -10 -7 
  -10 -5 
  -10 -2 
  -10 3 
  -10 9 
  -10 13 
  -10 24 
  -10 28 
  -10 31 
  -10 36 
  -10 37 
  -10 50 
  -10 58 
  -10 65 
  -10 66 
  -10 73 
  -10 83 
  -10 97 
  -10 98 
  -9 -100 
  -9 -99 
  -9 -73 
  -9 -62 
  -9 -52 
  -9 -49 
  -9 -17 
  -9 -2 
  -9 3 
  -9 5 
  -9 9 
  -9 11 
  -9 15 
  -9 18 
  -9 29 
  -9 30 
  -9 32 
  -9 36 
  -9 38 
  -9 39 
  -9 48 
  -9 52 
  -9 63 
  -9 65 
  -9 67 
  -9 69 
  -9 87 
  -9 90 
  -8 -70 
  -8 -62 
  -8 -53 
  -8 -36 
  -8 -29 
  -8 -25 
  -8 -18 
  -8 -11 
  -8 -6 
  -8 -2 
  -8 -1 
  -8 55 
  -8 65 
  -8 70 
  -8 73 
  -8 89 
  -7 -91 
  -7 -87 
  -7 -79 
  -7 -70 
  -7 -65 
  -7 -46 
  -7 -45 
  -7 -43 
  -7 -39 
  -7 -26 
  -7 -21 
  -7 -13 
  -7 16 
  -7 22 
  -7 27 
  -7 32 
  -7 34 
  -7 57 
  -7 59 
  -7 76 
  -7 83 
  -7 84 
  -7 87 
  -7 92 
  -7 94 
  -7 96 
  -6 -103 
  -6 -96 
  -6 -87 
  -6 -72 
  -6 -68 
  -6 -52 
  -6 -46 
  -6 -41 
  -6 -38 
  -6 -34 
  -6 -33 
  -6 -32 
  -6 -21 
  -6 -20 
  -6 -16 
  -6 -7 
  -6 -5 
  -6 -2 
  -6 -1 
  -6 12 
  -6 14 
  -6 15 
  -6 16 
  -6 33 
  -6 42 
  -6 43 
  -6 47 
  -6 53 
  -6 56 
  -6 72 
  -6 83 
  -6 84 
  -5 -86 
  -5 -80 
  -5 -71 
  -5 -68 
  -5 -61 
  -5 -42 
  -5 -12 
  -5 -7 
  -5 -6 
  -5 -3 
  -5 0 
  -5 1 
  -5 3 
  -5 22 
  -5 36 
  -5 37 
  -5 39 
  -5 60 
  -5 66 
  -5 79 
  -5 82 
  -5 92 
  -4 -98 
  -4 -97 
  -4 -95 
  -4 -91 
  -4 -90 
  -4 -88 
  -4 -69 
  -4 -67 
  -4 -53 
  -4 -50 
  -4 -49 
  -4 -44 
  -4 -42 
  -4 -36 
  -4 -27 
  -4 -24 
  -4 -17 
  -4 -14 
  -4 -3 
  -4 0 
  -4 1 
  -4 4 
  -4 12 
  -4 19 
  -4 22 
  -4 46 
  -4 49 
  -4 50 
  -4 70 
  -4 72 
  -4 89 
  -4 91 
  -4 92 
  -4 96 
  -3 -95 
  -3 -90 
  -3 -81 
  -3 -67 
  -3 -58 
  -3 -55 
  -3 -41 
  -3 -35 
  -3 -33 
  -3 -20 
  -3 -15 
  -3 -11 
  -3 -7 
  -3 10 
  -3 19 
  -3 21 
  -3 22 
  -3 41 
  -3 52 
  -3 61 
  -3 75 
  -3 78 
  -3 87 
  -3 92 
  -3 95 
  -3 99 
  -2 -88 
  -2 -82 
  -2 -81 
  -2 -79 
  -2 -78 
  -2 -71 
  -2 -62 
  -2 -50 
  -2 -46 
  -2 -37 
  -2 -36 
  -2 -29 
  -2 -19 
  -2 -14 
  -2 -3 
  -2 25 
  -2 34 
  -2 35 
  -2 42 
  -2 62 
  -2 74 
  -2 84 
  -2 89 
  -1 -81 
  -1 -72 
  -1 -50 
  -1 -44 
  -1 -28 
  -1 -27 
  -1 -18 
  -1 -13 
  -1 -11 
  -1 -8 
  -1 7 
  -1 14 
  -1 19 
  -1 25 
  -1 27 
  -1 33 
  -1 38 
  -1 40 
  -1 41 
  -1 80 
  -1 84 
  -1 100 
  0 -104 
  0 -99 
  0 -94 
  0 -67 
  0 -53 
  0 -52 
  0 -50 
  0 -39 
  0 -31 
  0 -27 
  0 -5 
  0 -4 
  0 -2 
  0 2 
  0 5 
  0 6 
  0 7 
  0 10 
  0 11 
  0 13 
  0 20 
  0 28 
  0 31 
  0 35 
  0 36 
  0 47 
  0 55 
  0 67 
  0 81 
  0 91 
  0 93 
  1 -100 
  1 -96 
  1 -90 
  1 -86 
  1 -78 
  1 -70 
  1 -69 
  1 -57 
  1 -50 
  1 -46 
  1 -37 
  1 -27 
  1 -21 
  1 -8 
  1 -2 
  1 1 
  1 14 
  1 19 
  1 21 
  1 26 
  1 34 
  1 46 
  1 50 
  1 54 
  1 63 
  1 64 
  1 70 
  1 81 
  1 91 
  2 -104 
  2 -95 
  2 -92 
  2 -89 
  2 -67 
  2 -33 
  2 -22 
  2 -16 
  2 -12 
  2 -10 
  2 -8 
  2 -4 
  2 -3 
  2 0 
  2 5 
  2 20 
  2 23 
  2 29 
  2 31 
  2 34 
  2 37 
  2 38 
  2 44 
  2 46 
  2 48 
  2 55 
  2 71 
  2 98 
  3 -92 
  3 -82 
  3 -77 
  3 -69 
  3 -65 
  3 -57 
  3 -56 
  3 -35 
  3 -20 
  3 -18 
  3 -15 
  3 -14 
  3 -12 
  3 -8 
  3 -5 
  3 -2 
  3 4 
  3 11 
  3 17 
  3 19 
  3 45 
  3 49 
  3 50 
  3 54 
  3 61 
  3 66 
  4 -101 
  4 -100 
  4 -97 
  4 -90 
  4 -83 
  4 -50 
  4 -40 
  4 -39 
  4 -37 
  4 -21 
  4 -8 
  4 -7 
  4 3 
  4 6 
  4 11 
  4 13 
  4 16 
  4 26 
  4 41 
  4 70 
  4 72 
  4 73 
  4 75 
  4 87 
  4 89 
  4 94 
  4 96 
  4 98 
  5 -102 
  5 -91 
  5 -87 
  5 -85 
  5 -81 
  5 -78 
  5 -73 
  5 -71 
  5 -63 
  5 -54 
  5 -52 
  5 -50 
  5 -32 
  5 -30 
  5 -24 
  5 -21 
  5 -9 
  5 -6 
  5 -1 
  5 15 
  5 19 
  5 23 
  5 28 
  5 38 
  5 40 
  5 43 
  5 48 
  5 55 
  5 61 
  5 71 
  5 88 
  5 95 
  5 99 
  6 -98 
  6 -97 
  6 -95 
  6 -88 
  6 -87 
  6 -84 
  6 -83 
  6 -77 
  6 -69 
  6 -59 
  6 -45 
  6 -31 
  6 -29 
  6 -24 
  6 -7 
  6 -6 
  6 -4 
  6 7 
  6 35 
  6 39 
  6 40 
  6 42 
  6 70 
  6 73 
  6 76 
  6 79 
  6 83 
  7 -96 
  7 -94 
  7 -91 
  7 -83 
  7 -75 
  7 -55 
  7 -53 
  7 -50 
  7 -32 
  7 -13 
  7 -7 
  7 2 
  7 10 
  7 26 
  7 29 
  7 49 
  7 54 
  7 64 
  7 71 
  7 73 
  7 75 
  7 77 
  7 86 
  7 100 
  8 -103 
  8 -87 
  8 -84 
  8 -80 
  8 -76 
  8 -69 
  8 -66 
  8 -39 
  8 -38 
  8 -29 
  8 -25 
  8 -12 
  8 0 
  8 3 
  8 10 
  8 13 
  8 15 
  8 27 
  8 35 
  8 38 
  8 40 
  8 45 
  8 46 
  8 50 
  8 54 
  8 56 
  8 87 
  8 91 
  8 93 
  8 99 
  9 -101 
  9 -94 
  9 -83 
  9 -82 
  9 -80 
  9 -78 
  9 -72 
  9 -67 
  9 -66 
  9 -63 
  9 -47 
  9 -44 
  9 -24 
  9 -12 
  9 -3 
  9 2 
  9 5 
  9 6 
  9 8 
  9 12 
  9 32 
  9 34 
  9 43 
  9 57 
  9 59 
  9 81 
  9 88 
  10 -101 
  10 -97 
  10 -91 
  10 -84 
  10 -79 
  10 -72 
  10 -64 
  10 -58 
  10 -57 
  10 -55 
  10 -54 
  10 -49 
  10 -40 
  10 -36 
  10 -34 
  10 -32 
  10 -31 
  10 -21 
  10 -13 
  10 10 
  10 34 
  10 43 
  10 62 
  10 73 
  10 84 
  10 85 
  10 89 
  10 96 
  10 100 
  11 -100 
  11 -93 
  11 -87 
  11 -86 
  11 -75 
  11 -72 
  11 -63 
  11 -34 
  11 3 
  11 7 
  11 15 
  11 16 
  11 20 
  11 23 
  11 29 
  11 33 
  11 47 
  11 57 
  11 67 
  11 97 
  12 -94 
  12 -89 
  12 -72 
  12 -64 
  12 -38 
  12 -37 
  12 -20 
  12 -17 
  12 -15 
  12 -10 
  12 -8 
  12 -5 
  12 -2 
  12 17 
  12 25 
  12 26 
  12 34 
  12 42 
  12 45 
  12 53 
  12 57 
  12 64 
  12 84 
  13 -52 
  13 -50 
  13 -44 
  13 -32 
  13 -25 
  13 -10 
  13 -8 
  13 -2 
  13 2 
  13 16 
  13 18 
  13 24 
  13 25 
  13 45 
  13 50 
  13 56 
  13 70 
  13 73 
  13 82 
  13 89 
  13 98 
  13 99 
  14 -85 
  14 -81 
  14 -73 
  14 -71 
  14 -66 
  14 -58 
  14 -51 
  14 -47 
  14 -46 
  14 -39 
  14 -27 
  14 -26 
  14 -3 
  14 -1 
  14 13 
  14 17 
  14 35 
  14 36 
  14 37 
  14 46 
  14 51 
  14 64 
  14 68 
  14 71 
  14 75 
  14 86 
  14 93 
  14 94 
  14 97 
  15 -95 
  15 -81 
  15 -80 
  15 -77 
  15 -74 
  15 -70 
  15 -64 
  15 -57 
  15 -49 
  15 -42 
  15 -34 
  15 -26 
  15 -13 
  15 -11 
  15 -5 
  15 -2 
  15 -1 
  15 0 
  15 14 
  15 19 
  15 26 
  15 30 
  15 48 
  15 59 
  15 66 
  15 71 
  15 81 
  15 83 
  15 93 
  15 94 
  16 -95 
  16 -94 
  16 -92 
  16 -90 
  16 -81 
  16 -77 
  16 -70 
  16 -62 
  16 -58 
  16 -43 
  16 -38 
  16 -7 
  16 24 
  16 33 
  16 38 
  16 39 
  16 45 
  16 48 
  16 51 
  16 69 
  16 71 
  16 73 
  16 77 
  16 82 
  16 87 
  16 92 
  16 95 
  17 -91 
  17 -81 
  17 -62 
  17 -54 
  17 -49 
  17 -48 
  17 -37 
  17 -21 
  17 -10 
  17 3 
  17 26 
  17 30 
  17 34 
  17 35 
  17 42 
  17 48 
  17 49 
  17 53 
  17 57 
  17 65 
  17 81 
  17 88 
  18 -88 
  18 -84 
  18 -80 
  18 -77 
  18 -70 
  18 -59 
  18 -54 
  18 -27 
  18 -19 
  18 -10 
  18 2 
  18 9 
  18 25 
  18 36 
  18 39 
  18 50 
  18 66 
  18 85 
  19 -85 
  19 -63 
  19 -48 
  19 -43 
  19 -19 
  19 -12 
  19 -7 
  19 4 
  19 25 
  19 29 
  19 37 
  19 38 
  19 43 
  19 49 
  19 50 
  19 57 
  19 71 
  19 74 
  19 76 
  19 77 
  19 80 
  19 92 
  19 93 
  20 -98 
  20 -88 
  20 -87 
  20 -80 
  20 -78 
  20 -72 
  20 -68 
  20 -53 
  20 -51 
  20 -43 
  20 -42 
  20 -41 
  20 -39 
  20 -33 
  20 -14 
  20 -11 
  20 0 
  20 6 
  20 22 
  20 53 
  20 54 
  20 60 
  20 78 
  20 83 
  20 97 
  21 -89 
  21 -80 
  21 -78 
  21 -68 
  21 -64 
  21 -57 
  21 -56 
  21 -49 
  21 -44 
  21 -13 
  21 10 
  21 14 
  21 20 
  21 21 
  21 28 
  21 34 
  21 39 
  21 46 
  21 57 
  21 59 
  21 73 
  21 87 
  21 94 
  21 96 
  22 -91 
  22 -79 
  22 -67 
  22 -65 
  22 -63 
  22 -60 
  22 -57 
  22 -56 
  22 -34 
  22 -30 
  22 -20 
  22 -16 
  22 -15 
  22 -11 
  22 -7 
  22 -2 
  22 9 
  22 19 
  22 31 
  22 44 
  22 52 
  22 55 
  22 59 
  22 60 
  22 68 
  23 -69 
  23 -64 
  23 -43 
  23 -41 
  23 -40 
  23 -22 
  23 -20 
  23 -19 
  23 -15 
  23 -7 
  23 -4 
  23 11 
  23 13 
  23 22 
  23 24 
  23 29 
  23 31 
  23 32 
  23 51 
  23 53 
  23 56 
  23 58 
  23 59 
  23 60 
  23 64 
  23 67 
  23 81 
  23 83 
  24 -91 
  24 -79 
  24 -74 
  24 -61 
  24 -57 
  24 -54 
  24 -45 
  24 -44 
  24 -43 
  24 -17 
  24 -16 
  24 0 
  24 11 
  24 19 
  24 35 
  24 37 
  24 42 
  24 43 
  24 49 
  24 53 
  24 54 
  24 57 
  24 60 
  24 68 
  24 73 
  24 77 
  24 81 
  24 87 
  24 95 
  25 -95 
  25 -93 
  25 -86 
  25 -85 
  25 -69 
  25 -62 
  25 -57 
  25 -41 
  25 -37 
  25 -35 
  25 -33 
  25 -25 
  25 -12 
  25 -1 
  25 0 
  25 11 
  25 30 
  25 32 
  25 44 
  25 57 
  25 58 
  25 72 
  25 77 
  26 -91 
  26 -82 
  26 -77 
  26 -66 
  26 -65 
  26 -60 
  26 -52 
  26 -35 
  26 -24 
  26 -18 
  26 1 
  26 10 
  26 14 
  26 17 
  26 23 
  26 31 
  26 32 
  26 38 
  26 43 
  26 49 
  26 54 
  26 63 
  26 71 
  26 88 
  26 90 
  27 -87 
  27 -83 
  27 -79 
  27 -65 
  27 -64 
  27 -55 
  27 -54 
  27 -53 
  27 -49 
  27 -37 
  27 -26 
  27 -15 
  27 -7 
  27 -3 
  27 11 
  27 12 
  27 18 
  27 19 
  27 23 
  27 53 
  27 58 
  27 59 
  27 64 
  27 65 
  27 66 
  27 70 
  27 71 
  27 76 
  27 92 
  28 -86 
  28 -84 
  28 -74 
  28 -73 
  28 -72 
  28 -64 
  28 -63 
  28 -30 
  28 -23 
  28 -22 
  28 -17 
  28 -4 
  28 21 
  28 27 
  28 42 
  28 43 
  28 44 
  28 49 
  28 50 
  28 51 
  28 58 
  28 59 
  28 68 
  28 78 
  29 -85 
  29 -84 
  29 -81 
  29 -77 
  29 -59 
  29 -58 
  29 -54 
  29 -53 
  29 -46 
  29 -42 
  29 -25 
  29 -23 
  29 -7 
  29 0 
  29 18 
  29 19 
  29 22 
  29 51 
  29 52 
  29 56 
  29 59 
  29 60 
  29 63 
  29 68 
  30 -89 
  30 -85 
  30 -84 
  30 -76 
  30 -54 
  30 -50 
  30 -46 
  30 -42 
  30 -31 
  30 -30 
  30 -27 
  30 -23 
  30 -12 
  30 -10 
  30 -8 
  30 5 
  30 11 
  30 16 
  30 19 
  30 22 
  30 30 
  30 31 
  30 32 
  30 35 
  30 37 
  30 48 
  30 52 
  30 64 
  30 70 
  30 85 
  30 86 
  30 89 
  31 -90 
  31 -81 
  31 -80 
  31 -68 
  31 -63 
  31 -51 
  31 -41 
  31 -29 
  31 -23 
  31 -19 
  31 -17 
  31 -4 
  31 9 
  31 22 
  31 39 
  31 47 
  31 54 
  31 67 
  31 71 
  31 73 
  31 77 
  32 -81 
  32 -80 
  32 -53 
  32 -49 
  32 -42 
  32 -41 
  32 -36 
  32 -25 
  32 -20 
  32 -18 
  32 -16 
  32 -11 
  32 5 
  32 11 
  32 17 
  32 30 
  32 40 
  32 52 
  32 55 
  32 63 
  32 72 
  32 77 
  33 -89 
  33 -72 
  33 -68 
  33 -55 
  33 -54 
  33 -47 
  33 -42 
  33 -39 
  33 -33 
  33 -20 
  33 -18 
  33 -11 
  33 10 
  33 12 
  33 24 
  33 26 
  33 27 
  33 28 
  33 30 
  33 43 
  33 64 
  33 66 
  33 73 
  33 76 
  33 81 
  33 82 
  33 88 
  34 -82 
  34 -81 
  34 -80 
  34 -78 
  34 -76 
  34 -69 
  34 -65 
  34 -54 
  34 -47 
  34 -35 
  34 -31 
  34 -30 
  34 -26 
  34 -24 
  34 -20 
  34 -10 
  34 -8 
  34 7 
  34 11 
  34 21 
  34 32 
  34 34 
  34 51 
  34 52 
  34 53 
  34 56 
  34 62 
  34 73 
  34 76 
  34 79 
  35 -87 
  35 -79 
  35 -71 
  35 -51 
  35 -28 
  35 -24 
  35 -22 
  35 -21 
  35 -20 
  35 3 
  35 10 
  35 11 
  35 12 
  35 23 
  35 26 
  35 27 
  35 32 
  35 79 
  35 82 
  36 -69 
  36 -67 
  36 -65 
  36 -52 
  36 -47 
  36 -40 
  36 -20 
  36 -18 
  36 -17 
  36 -8 
  36 -3 
  36 8 
  36 16 
  36 30 
  36 34 
  36 47 
  36 51 
  36 53 
  36 55 
  36 70 
  36 72 
  36 75 
  37 -81 
  37 -80 
  37 -79 
  37 -78 
  37 -63 
  37 -33 
  37 -28 
  37 -27 
  37 -26 
  37 -21 
  37 -10 
  37 -8 
  37 -6 
  37 5 
  37 27 
  37 33 
  37 37 
  37 55 
  37 57 
  37 66 
  37 73 
  37 78 
  38 -84 
  38 -73 
  38 -68 
  38 -63 
  38 -55 
  38 -46 
  38 -42 
  38 -37 
  38 -36 
  38 -22 
  38 -17 
  38 -16 
  38 -7 
  38 5 
  38 22 
  38 23 
  38 24 
  38 26 
  38 29 
  38 43 
  38 46 
  38 47 
  38 54 
  38 55 
  38 66 
  38 74 
  38 79 
  39 -79 
  39 -67 
  39 -66 
  39 -65 
  39 -49 
  39 -48 
  39 -23 
  39 -21 
  39 -15 
  39 -10 
  39 -5 
  39 4 
  39 12 
  39 15 
  39 20 
  39 34 
  39 36 
  39 42 
  39 46 
  39 60 
  39 67 
  39 72 
  39 76 
  40 -78 
  40 -75 
  40 -72 
  40 -59 
  40 -53 
  40 -47 
  40 -38 
  40 -26 
  40 -24 
  40 -10 
  40 -7 
  40 -6 
  40 -3 
  40 23 
  40 29 
  40 33 
  40 42 
  40 44 
  40 49 
  40 53 
  40 63 
  40 70 
  40 79 
  40 80 
  41 -79 
  41 -72 
  41 -65 
  41 -60 
  41 -52 
  41 -42 
  41 -29 
  41 -14 
  41 5 
  41 6 
  41 14 
  41 24 
  41 33 
  41 36 
  41 41 
  41 42 
  41 52 
  41 59 
  41 63 
  41 65 
  41 70 
  42 -77 
  42 -75 
  42 -68 
  42 -66 
  42 -60 
  42 -58 
  42 -50 
  42 -28 
  42 -27 
  42 -23 
  42 -16 
  42 -8 
  42 5 
  42 9 
  42 15 
  42 24 
  42 29 
  42 30 
  42 37 
  42 40 
  42 77 
  43 -78 
  43 -71 
  43 -62 
  43 -55 
  43 -52 
  43 -49 
  43 -45 
  43 -42 
  43 -23 
  43 -19 
  43 -14 
  43 -2 
  43 3 
  43 8 
  43 19 
  43 36 
  43 39 
  43 43 
  43 50 
  43 52 
  43 55 
  43 60 
  43 61 
  44 -75 
  44 -56 
  44 -41 
  44 -21 
  44 -18 
  44 -3 
  44 4 
  44 5 
  44 6 
  44 11 
  44 23 
  44 36 
  44 45 
  44 47 
  44 52 
  44 57 
  44 66 
  44 73 
  45 -72 
  45 -62 
  45 -60 
  45 -58 
  45 -54 
  45 -53 
  45 -46 
  45 -35 
  45 -31 
  45 -29 
  45 -25 
  45 -23 
  45 -15 
  45 -10 
  45 -1 
  45 6 
  45 17 
  45 35 
  45 70 
  45 74 
  46 -53 
  46 -49 
  46 -42 
  46 -29 
  46 -17 
  46 -10 
  46 -3 
  46 -2 
  46 13 
  46 15 
  46 31 
  46 41 
  46 53 
  46 59 
  46 60 
  46 67 
  47 -70 
  47 -48 
  47 -44 
  47 -26 
  47 -23 
  47 -12 
  47 12 
  47 31 
  47 32 
  47 33 
  47 35 
  47 37 
  47 66 
  48 -66 
  48 -63 
  48 -57 
  48 -49 
  48 -38 
  48 -28 
  48 -8 
  48 -2 
  48 11 
  48 18 
  48 28 
  48 42 
  48 44 
  48 55 
  48 59 
  48 62 
  48 63 
  49 -68 
  49 -64 
  49 -63 
  49 -60 
  49 -56 
  49 -47 
  49 -45 
  49 -43 
  49 -41 
  49 -30 
  49 -19 
  49 13 
  49 15 
  49 18 
  49 19 
  49 21 
  49 22 
  49 38 
  49 51 
  49 63 
  50 -66 
  50 -59 
  50 -43 
  50 -37 
  50 -36 
  50 -29 
  50 -17 
  50 -2 
  50 1 
  50 12 
  50 13 
  50 21 
  50 26 
  50 29 
  50 32 
  50 51 
  51 -62 
  51 -57 
  51 -52 
  51 -49 
  51 -30 
  51 -12 
  51 -2 
  51 14 
  51 17 
  51 24 
  51 39 
  51 49 
  51 52 
  51 59 
  52 -61 
  52 -57 
  52 -34 
  52 -32 
  52 -31 
  52 -17 
  52 26 
  52 28 
  52 29 
  52 45 
  52 49 
  52 53 
  52 55 
  53 -57 
  53 -55 
  53 -13 
  53 2 
  53 9 
  53 20 
  53 24 
  53 27 
  53 35 
  53 47 
  53 48 
  53 50 
  53 59 
  54 -55 
  54 -40 
  54 -33 
  54 -32 
  54 -25 
  54 -22 
  54 -18 
  54 -16 
  54 -11 
  54 -9 
  54 7 
  54 18 
  54 29 
  54 32 
  54 35 
  54 37 
  54 47 
  54 54 
  55 -52 
  55 -48 
  55 -45 
  55 -40 
  55 -31 
  55 -27 
  55 -20 
  55 -11 
  55 -6 
  55 -3 
  55 -2 
  55 7 
  55 15 
  55 23 
  55 31 
  55 35 
  56 -52 
  56 -46 
  56 -40 
  56 -37 
  56 -22 
  56 -20 
  56 -16 
  56 -3 
  56 -2 
  56 0 
  56 1 
  56 2 
  56 3 
  56 9 
  56 10 
  56 19 
  56 21 
  56 30 
  56 39 
  56 40 
  56 41 
  57 -37 
  57 -36 
  57 -26 
  57 -17 
  57 -14 
  57 -5 
  57 6 
  57 13 
  57 27 
  57 32 
  57 35 
  57 36 
  57 47 
  58 -46 
  58 -45 
  58 -41 
  58 -39 
  58 -34 
  58 -30 
  58 -17 
  58 -14 
  58 -9 
  58 27 
  58 38 
  58 43 
  58 45 
  59 -41 
  59 -9 
  59 -2 
  59 6 
  59 27 
  59 28 
  60 -32 
  60 -27 
  60 -19 
  60 -9 
  60 -2 
  60 2 
  60 4 
  60 10 
  60 16 
  60 23 
  60 25 
  60 38 
  61 -28 
  61 -24 
  61 -23 
  61 -22 
  61 -16 
  61 -14 
  61 -7 
  61 4 
  61 9 
  61 15 
  61 35 
  62 -20 
  62 -17 
  62 4 
  62 8 
  62 17 
  62 18 
  63 -18 
  63 -7 
  63 4 
  63 9 
  63 18 
  63 20 
  63 21 
  63 25 
  64 -16 
  64 8 
  64 15 
  65 4 
  65 8 
  -64 -3 
  -64 5 
  -63 -19 
  -63 -17 
  -63 -16 
  -63 -13 
  -63 -12 
  -63 -11 
  -63 -3 
  -63 0 
  -63 1 
  -63 5 
  -62 -18 
  -62 -8 
  -62 -4 
  -62 -3 
  -62 10 
  -62 12 
  -62 14 
  -61 -23 
  -61 -11 
  -61 -8 
  -61 0 
  -61 7 
  -61 9 
  -61 13 
  -61 21 
  -60 -31 
  -60 -30 
  -60 -11 
  -60 -2 
  -60 0 
  -60 13 
  -59 -40 
  -59 -37 
  -59 -32 
  -59 -30 
  -59 -28 
  -59 -20 
  -59 -2 
  -59 8 
  -59 20 
  -59 21 
  -59 23 
  -59 24 
  -59 25 
  -59 31 
  -59 34 
  -58 -37 
  -58 -35 
  -58 -28 
  -58 -23 
  -58 -15 
  -58 -11 
  -58 1 
  -58 6 
  -58 12 
  -58 21 
  -58 22 
  -58 27 
  -58 29 
  -58 32 
  -58 35 
  -58 37 
  -57 -44 
  -57 -41 
  -57 -27 
  -57 9 
  -57 13 
  -57 20 
  -57 28 
  -57 35 
  -56 -45 
  -56 -31 
  -56 -25 
  -56 -17 
  -56 -16 
  -56 1 
  -56 24 
  -56 34 
  -55 -16 
  -55 -9 
  -55 -4 
  -55 3 
  -55 6 
  -55 18 
  -55 31 
  -55 38 
  -55 42 
  -54 -55 
  -54 -42 
  -54 -39 
  -54 -30 
  -54 -24 
  -54 -21 
  -54 -19 
  -54 -1 
  -54 0 
  -54 3 
  -54 25 
  -54 34 
  -54 42 
  -54 45 
  -54 51 
  -54 52 
  -53 -55 
  -53 -50 
  -53 -20 
  -53 -9 
  -53 -6 
  -53 0 
  -53 22 
  -53 25 
  -53 36 
  -53 37 
  -53 49 
  -52 -51 
  -52 -38 
  -52 -37 
  -52 -33 
  -52 -28 
  -52 -22 
  -52 -17 
  -52 -12 
  -52 -10 
  -52 -7 
  -52 -3 
  -52 -2 
  -52 0 
  -52 2 
  -52 5 
  -52 6 
  -52 38 
  -52 39 
  -52 46 
  -52 50 
  -52 54 
  -51 -57 
  -51 -47 
  -51 -37 
  -51 -32 
  -51 -30 
  -51 -29 
  -51 -28 
  -51 -27 
  -51 -22 
  -51 -16 
  -51 -6 
  -51 -2 
  -51 30 
  -51 47 
  -51 48 
  -51 56 
  -51 61 
  -50 -64 
  -50 -60 
  -50 -53 
  -50 -49 
  -50 -48 
  -50 -47 
  -50 -44 
  -50 -38 
  -50 -15 
  -50 -9 
  -50 2 
  -50 27 
  -50 37 
  -50 39 
  -50 42 
  -50 48 
  -50 55 
  -50 59 
  -49 -46 
  -49 -39 
  -49 -31 
  -49 -22 
  -49 -15 
  -49 -13 
  -49 -6 
  -49 1 
  -49 10 
  -49 13 
  -49 16 
  -49 17 
  -49 40 
  -49 65 
  -48 -44 
  -48 -25 
  -48 -22 
  -48 -21 
  -48 -18 
  -48 -16 
  -48 -11 
  -48 -7 
  -48 -2 
  -48 -1 
  -48 2 
  -48 25 
  -48 31 
  -48 54 
  -48 63 
  -47 -70 
  -47 -57 
  -47 -48 
  -47 -47 
  -47 -39 
  -47 -31 
  -47 -29 
  -47 -1 
  -47 0 
  -47 5 
  -47 10 
  -47 12 
  -47 13 
  -47 15 
  -47 18 
  -47 22 
  -47 45 
  -47 49 
  -47 54 
  -47 55 
  -46 -66 
  -46 -62 
  -46 -41 
  -46 -24 
  -46 -16 
  -46 -9 
  -46 -6 
  -46 45 
  -45 -67 
  -45 -60 
  -45 -29 
  -45 -19 
  -45 -3 
  -45 2 
  -45 4 
  -45 13 
  -45 15 
  -45 23 
  -45 29 
  -45 53 
  -45 65 
  -45 71 
  -45 72 
  -44 -58 
  -44 -42 
  -44 -32 
  -44 -30 
  -44 -25 
  -44 -17 
  -44 -16 
  -44 2 
  -44 10 
  -44 15 
  -44 25 
  -44 30 
  -44 47 
  -44 59 
  -43 -71 
  -43 -52 
  -43 -24 
  -43 -11 
  -43 4 
  -43 25 
  -43 27 
  -43 34 
  -43 55 
  -43 59 
  -42 -57 
  -42 -54 
  -42 -30 
  -42 -19 
  -42 -17 
  -42 2 
  -42 19 
  -42 42 
  -42 43 
  -42 45 
  -42 48 
  -41 -68 
  -41 -61 
  -41 -48 
  -41 -43 
  -41 -42 
  -41 -41 
  -41 -35 
  -41 -34 
  -41 -32 
  -41 -14 
  -41 -6 
  -41 15 
  -41 23 
  -41 24 
  -41 29 
  -41 30 
  -41 40 
  -41 42 
  -41 53 
  -41 59 
  -41 69 
  -41 71 
  -41 78 
  -40 -80 
  -40 -79 
  -40 -76 
  -40 -72 
  -40 -67 
  -40 -59 
  -40 -54 
  -40 -50 
  -40 -30 
  -40 -28 
  -40 -21 
  -40 -18 
  -40 23 
  -40 37 
  -40 43 
  -40 61 
  -40 62 
  -40 65 
  -40 73 
  -40 77 
  -40 78 
  -40 79 
  -39 -76 
  -39 -47 
  -39 -13 
  -39 -9 
  -39 -1 
  -39 20 
  -39 25 
  -39 29 
  -39 55 
  -39 56 
  -39 60 
  -39 62 
  -39 68 
  -39 73 
  -38 -81 
  -38 -77 
  -38 -75 
  -38 -48 
  -38 -47 
  -38 -34 
  -38 -33 
  -38 -21 
  -38 -20 
  -38 -19 
  -38 -9 
  -38 -6 
  -38 0 
  -38 20 
  -38 29 
  -38 30 
  -38 39 
  -38 60 
  -38 64 
  -38 75 
  -37 -73 
  -37 -57 
  -37 -48 
  -37 -42 
  -37 -39 
  -37 -37 
  -37 -24 
  -37 -14 
  -37 -10 
  -37 -9 
  -37 -6 
  -37 -2 
  -37 18 
  -37 26 
  -37 28 
  -37 37 
  -37 55 
  -37 56 
  -37 59 
  -37 78 
  -36 -82 
  -36 -79 
  -36 -78 
  -36 -76 
  -36 -59 
  -36 -58 
  -36 -48 
  -36 -32 
  -36 -29 
  -36 -18 
  -36 -16 
  -36 -15 
  -36 -12 
  -36 -3 
  -36 2 
  -36 12 
  -36 14 
  -36 20 
  -36 56 
  -36 77 
  -35 -59 
  -35 -51 
  -35 -46 
  -35 -39 
  -35 -36 
  -35 -27 
  -35 -17 
  -35 3 
  -35 5 
  -35 13 
  -35 17 
  -35 22 
  -35 24 
  -35 28 
  -35 30 
  -35 36 
  -35 40 
  -35 42 
  -35 43 
  -35 47 
  -35 49 
  -35 63 
  -35 77 
  -35 79 
  -35 80 
  -35 81 
  -34 -86 
  -34 -84 
  -34 -79 
  -34 -75 
  -34 -65 
  -34 -56 
  -34 -35 
  -34 -30 
  -34 -7 
  -34 21 
  -34 29 
  -34 31 
  -34 32 
  -34 33 
  -34 42 
  -34 47 
  -34 60 
  -34 62 
  -34 66 
  -34 77 
  -34 82 
  -33 -81 
  -33 -77 
  -33 -53 
  -33 -51 
  -33 -48 
  -33 -20 
  -33 -4 
  -33 11 
  -33 19 
  -33 35 
  -33 81 
  -32 -88 
  -32 -83 
  -32 -82 
  -32 -54 
  -32 -48 
  -32 -46 
  -32 -33 
  -32 -24 
  -32 -23 
  -32 -12 
  -32 -9 
  -32 3 
  -32 4 
  -32 14 
  -32 25 
  -32 33 
  -32 40 
  -32 44 
  -32 46 
  -32 47 
  -32 53 
  -32 56 
  -32 60 
  -32 67 
  -32 83 
  -31 -57 
  -31 -48 
  -31 -43 
  -31 -40 
  -31 -39 
  -31 -38 
  -31 -26 
  -31 -23 
  -31 -22 
  -31 -9 
  -31 -6 
  -31 -4 
  -31 -1 
  -31 1 
  -31 23 
  -31 30 
  -31 38 
  -31 49 
  -31 61 
  -31 70 
  -31 84 
  -31 86 
  -30 -86 
  -30 -75 
  -30 -71 
  -30 -61 
  -30 -40 
  -30 -36 
  -30 -23 
  -30 -21 
  -30 -16 
  -30 -4 
  -30 0 
  -30 13 
  -30 26 
  -30 29 
  -30 31 
  -30 41 
  -30 45 
  -30 47 
  -30 49 
  -30 50 
  -30 55 
  -30 59 
  -30 65 
  -30 80 
  -29 -83 
  -29 -80 
  -29 -78 
  -29 -73 
  -29 -70 
  -29 -64 
  -29 -54 
  -29 -45 
  -29 -32 
  -29 -30 
  -29 -18 
  -29 -13 
  -29 -10 
  -29 -8 
  -29 3 
  -29 5 
  -29 10 
  -29 11 
  -29 15 
  -29 31 
  -29 37 
  -29 45 
  -29 56 
  -29 60 
  -29 80 
  -29 83 
  -29 89 
  -28 -79 
  -28 -66 
  -28 -61 
  -28 -30 
  -28 -25 
  -28 -22 
  -28 -21 
  -28 -17 
  -28 -4 
  -28 -2 
  -28 3 
  -28 14 
  -28 26 
  -28 32 
  -28 37 
  -28 45 
  -28 50 
  -28 52 
  -28 54 
  -28 63 
  -28 67 
  -28 68 
  -28 70 
  -27 -93 
  -27 -80 
  -27 -77 
  -27 -52 
  -27 -29 
  -27 -14 
  -27 -10 
  -27 18 
  -27 24 
  -27 27 
  -27 31 
  -27 38 
  -27 45 
  -27 46 
  -27 55 
  -27 62 
  -27 70 
  -27 86 
  -27 89 
  -27 90 
  -26 -89 
  -26 -81 
  -26 -69 
  -26 -58 
  -26 -46 
  -26 -45 
  -26 -44 
  -26 -38 
  -26 -36 
  -26 -25 
  -26 -24 
  -26 -20 
  -26 -19 
  -26 -15 
  -26 0 
  -26 7 
  -26 12 
  -26 16 
  -26 21 
  -26 24 
  -26 43 
  -26 61 
  -26 67 
  -26 70 
  -26 72 
  -25 -74 
  -25 -73 
  -25 -45 
  -25 -39 
  -25 -38 
  -25 -34 
  -25 -31 
  -25 -21 
  -25 -17 
  -25 -10 
  -25 -6 
  -25 4 
  -25 19 
  -25 28 
  -25 35 
  -25 43 
  -25 54 
  -25 56 
  -25 65 
  -25 66 
  -25 83 
  -25 84 
  -25 87 
  -25 89 
  -25 92 
  -25 94 
  -24 -88 
  -24 -77 
  -24 -76 
  -24 -66 
  -24 -65 
  -24 -64 
  -24 -61 
  -24 -50 
  -24 -46 
  -24 -44 
  -24 -41 
  -24 -37 
  -24 -35 
  -24 3 
  -24 4 
  -24 15 
  -24 21 
  -24 26 
  -24 42 
  -24 45 
  -24 46 
  -24 56 
  -24 62 
  -24 78 
  -24 87 
  -23 -92 
  -23 -90 
  -23 -89 
  -23 -86 
  -23 -84 
  -23 -82 
  -23 -80 
  -23 -76 
  -23 -73 
  -23 -54 
  -23 -39 
  -23 -27 
  -23 -24 
  -23 -23 
  -23 -8 
  -23 -4 
  -23 -1 
  -23 2 
  -23 6 
  -23 20 
  -23 41 
  -23 42 
  -23 62 
  -23 74 
  -23 84 
  -23 85 
  -23 92 
  -22 -95 
  -22 -81 
  -22 -70 
  -22 -62 
  -22 -59 
  -22 -48 
  -22 -42 
  -22 -36 
  -22 -32 
  -22 -28 
  -22 -27 
  -22 -26 
  -22 -9 
  -22 5 
  -22 8 
  -22 10 
  -22 11 
  -22 15 
  -22 27 
  -22 35 
  -22 36 
  -22 45 
  -22 65 
  -22 75 
  -22 82 
  -22 93 
  -21 -96 
  -21 -93 
  -21 -88 
  -21 -86 
  -21 -81 
  -21 -73 
  -21 -69 
  -21 -68 
  -21 -60 
  -21 -57 
  -21 -53 
  -21 -49 
  -21 -47 
  -21 -31 
  -21 -23 
  -21 -17 
  -21 -9 
  -21 -6 
  -21 -4 
  -21 -1 
  -21 5 
  -21 8 
  -21 24 
  -21 30 
  -21 41 
  -21 44 
  -21 50 
  -21 52 
  -21 53 
  -21 55 
  -21 68 
  -21 71 
  -21 73 
  -21 74 
  -21 77 
  -21 81 
  -21 95 
  -20 -97 
  -20 -94 
  -20 -87 
  -20 -82 
  -20 -77 
  -20 -59 
  -20 -39 
  -20 -33 
  -20 -30 
  -20 -9 
  -20 -7 
  -20 0 
  -20 6 
  -20 7 
  -20 25 
  -20 26 
  -20 35 
  -20 38 
  -20 43 
  -20 45 
  -20 57 
  -20 66 
  -20 77 
  -20 83 
  -20 86 
  -20 96 
  -19 -98 
  -19 -97 
  -19 -95 
  -19 -94 
  -19 -91 
  -19 -89 
  -19 -63 
  -19 -53 
  -19 -39 
  -19 -17 
  -19 2 
  -19 26 
  -19 37 
  -19 39 
  -19 43 
  -19 44 
  -19 50 
  -19 73 
  -19 84 
  -19 96 
  -18 -85 
  -18 -78 
  -18 -57 
  -18 -56 
  -18 -52 
  -18 -44 
  -18 -37 
  -18 -33 
  -18 -10 
  -18 -6 
  -18 -4 
  -18 17 
  -18 21 
  -18 29 
  -18 35 
  -18 36 
  -18 48 
  -18 80 
  -17 -85 
  -17 -79 
  -17 -55 
  -17 -54 
  -17 -45 
  -17 -41 
  -17 -37 
  -17 -17 
  -17 -7 
  -17 -2 
  -17 3 
  -17 6 
  -17 15 
  -17 16 
  -17 22 
  -17 47 
  -17 53 
  -17 75 
  -17 80 
  -17 82 
  -17 98 
  -16 -92 
  -16 -73 
  -16 -65 
  -16 -60 
  -16 -56 
  -16 -53 
  -16 -50 
  -16 -43 
  -16 -23 
  -16 -2 
  -16 10 
  -16 16 
  -16 31 
  -16 32 
  -16 36 
  -16 41 
  -16 47 
  -16 50 
  -16 52 
  -16 60 
  -16 62 
  -16 63 
  -16 71 
  -16 77 
  -16 83 
  -16 89 
  -16 90 
  -16 93 
  -15 -98 
  -15 -79 
  -15 -64 
  -15 -57 
  -15 -50 
  -15 -48 
  -15 -45 
  -15 -41 
  -15 -28 
  -15 -13 
  -15 -6 
  -15 4 
  -15 9 
  -15 24 
  -15 28 
  -15 40 
  -15 53 
  -15 56 
  -15 60 
  -15 68 
  -15 69 
  -15 71 
  -15 78 
  -15 84 
  -15 85 
  -15 92 
  -15 93 
  -15 99 
  -14 -98 
  -14 -89 
  -14 -85 
  -14 -82 
  -14 -66 
  -14 -61 
  -14 -40 
  -14 -22 
  -14 -11 
  -14 -2 
  -14 0 
  -14 9 
  -14 10 
  -14 11 
  -14 18 
  -14 23 
  -14 26 
  -14 29 
  -14 44 
  -14 51 
  -14 61 
  -14 77 
  -14 81 
  -14 83 
  -14 87 
  -14 92 
  -14 100 
  -13 -80 
  -13 -72 
  -13 -68 
  -13 -66 
  -13 -60 
  -13 -48 
  -13 -38 
  -13 -26 
  -13 -15 
  -13 9 
  -13 27 
  -13 30 
  -13 47 
  -13 51 
  -13 59 
  -13 67 
  -13 83 
  -13 84 
  -13 91 
  -13 97 
  -12 -95 
  -12 -90 
  -12 -78 
  -12 -76 
  -12 -73 
  -12 -70 
  -12 -49 
  -12 -39 
  -12 -28 
  -12 -20 
  -12 -18 
  -12 -9 
  -12 -5 
  -12 5 
  -12 17 
  -12 29 
  -12 49 
  -12 58 
  -12 66 
  -12 71 
  -12 91 
  -12 95 
  -12 96 
  -11 -97 
  -11 -95 
  -11 -87 
  -11 -81 
  -11 -71 
  -11 -69 
  -11 -61 
  -11 -55 
  -11 -52 
  -11 -24 
  -11 -18 
  -11 -12 
  -11 -5 
  -11 -4 
  -11 2 
  -11 21 
  -11 24 
  -11 50 
  -11 74 
  -11 93 
  -10 -95 
  -10 -76 
  -10 -62 
  -10 -56 
  -10 -55 
  -10 -52 
  -10 -50 
  -10 -35 
  -10 -28 
  -10 -25 
  -10 -17 
  -10 -16 
  -10 -10 
  -10 -8 
  -10 -3 
  -10 -1 
  -10 0 
  -10 5 
  -10 10 
  -10 16 
  -10 18 
  -10 19 
  -10 20 
  -10 33 
  -10 42 
  -10 57 
  -10 75 
  -10 76 
  -10 89 
  -10 94 
  -10 95 
  -9 -75 
  -9 -56 
  -9 -51 
  -9 -47 
  -9 -40 
  -9 -39 
  -9 -29 
  -9 -18 
  -9 -5 
  -9 1 
  -9 6 
  -9 10 
  -9 14 
  -9 17 
  -9 44 
  -9 57 
  -9 70 
  -9 71 
  -9 81 
  -9 86 
  -9 89 
  -9 91 
  -9 93 
  -8 -91 
  -8 -83 
  -8 -82 
  -8 -81 
  -8 -73 
  -8 -56 
  -8 -33 
  -8 -24 
  -8 -14 
  -8 -7 
  -8 0 
  -8 9 
  -8 10 
  -8 14 
  -8 22 
  -8 24 
  -8 29 
  -8 37 
  -8 58 
  -8 63 
  -8 75 
  -8 81 
  -8 82 
  -8 83 
  -8 95 
  -8 96 
  -8 100 
  -7 -95 
  -7 -86 
  -7 -71 
  -7 -67 
  -7 -58 
  -7 -54 
  -7 -52 
  -7 -33 
  -7 -15 
  -7 -8 
  -7 -7 
  -7 8 
  -7 11 
  -7 14 
  -7 37 
  -7 44 
  -7 46 
  -7 49 
  -7 68 
  -7 74 
  -7 80 
  -7 86 
  -7 93 
  -6 -101 
  -6 -90 
  -6 -77 
  -6 -76 
  -6 -74 
  -6 -73 
  -6 -71 
  -6 -64 
  -6 -60 
  -6 -45 
  -6 -42 
  -6 -39 
  -6 -28 
  -6 -17 
  -6 -12 
  -6 -3 
  -6 17 
  -6 23 
  -6 30 
  -6 35 
  -6 55 
  -6 65 
  -6 76 
  -6 77 
  -6 79 
  -6 88 
  -6 89 
  -6 95 
  -5 -88 
  -5 -82 
  -5 -79 
  -5 -67 
  -5 -64 
  -5 -31 
  -5 -29 
  -5 -21 
  -5 -19 
  -5 -13 
  -5 14 
  -5 18 
  -5 20 
  -5 24 
  -5 27 
  -5 29 
  -5 33 
  -5 45 
  -5 47 
  -5 51 
  -5 52 
  -5 54 
  -5 64 
  -5 73 
  -5 77 
  -5 83 
  -5 90 
  -5 95 
  -4 -87 
  -4 -83 
  -4 -81 
  -4 -76 
  -4 -66 
  -4 -64 
  -4 -54 
  -4 -52 
  -4 -38 
  -4 -29 
  -4 -26 
  -4 -25 
  -4 -21 
  -4 -16 
  -4 -15 
  -4 -13 
  -4 -5 
  -4 2 
  -4 21 
  -4 25 
  -4 27 
  -4 36 
  -4 42 
  -4 54 
  -4 60 
  -4 67 
  -4 68 
  -4 69 
  -4 71 
  -4 81 
  -4 83 
  -3 -101 
  -3 -92 
  -3 -68 
  -3 -61 
  -3 -59 
  -3 -56 
  -3 18 
  -3 39 
  -3 40 
  -3 43 
  -3 50 
  -3 55 
  -3 77 
  -3 81 
  -3 84 
  -3 96 
  -2 -101 
  -2 -97 
  -2 -80 
  -2 -75 
  -2 -39 
  -2 -38 
  -2 -35 
  -2 -32 
  -2 -11 
  -2 -8 
  -2 16 
  -2 18 
  -2 23 
  -2 27 
  -2 46 
  -2 52 
  -2 56 
  -2 58 
  -2 59 
  -2 69 
  -2 73 
  -2 83 
  -2 85 
  -2 88 
  -1 -103 
  -1 -84 
  -1 -76 
  -1 -56 
  -1 -48 
  -1 -34 
  -1 -22 
  -1 -20 
  -1 1 
  -1 11 
  -1 15 
  -1 18 
  -1 21 
  -1 26 
  -1 28 
  -1 32 
  -1 34 
  -1 52 
  -1 55 
  -1 61 
  -1 65 
  -1 91 
  -1 94 
  -1 97 
  0 -88 
  0 -79 
  0 -66 
  0 -40 
  0 -37 
  0 -28 
  0 -24 
  0 -11 
  0 16 
  0 41 
  0 57 
  0 62 
  0 65 
  0 87 
  1 -91 
  1 -88 
  1 -65 
  1 -53 
  1 -43 
  1 -19 
  1 -11 
  1 -3 
  1 5 
  1 18 
  1 36 
  1 42 
  1 52 
  1 56 
  1 73 
  1 75 
  1 78 
  1 82 
  1 86 
  1 96 
  2 -97 
  2 -82 
  2 -65 
  2 -49 
  2 -41 
  2 -24 
  2 -23 
  2 -14 
  2 -1 
  2 16 
  2 42 
  2 57 
  2 62 
  2 64 
  2 70 
  2 84 
  2 89 
  2 92 
  3 -102 
  3 -101 
  3 -98 
  3 -94 
  3 -91 
  3 -63 
  3 -62 
  3 -44 
  3 -34 
  3 1 
  3 14 
  3 28 
  3 44 
  3 53 
  3 56 
  3 58 
  3 70 
  3 74 
  3 81 
  4 -79 
  4 -69 
  4 -59 
  4 -58 
  4 -53 
  4 -31 
  4 -23 
  4 2 
  4 7 
  4 8 
  4 9 
  4 15 
  4 18 
  4 32 
  4 38 
  4 46 
  4 52 
  4 56 
  4 57 
  4 58 
  4 79 
  4 86 
  4 93 
  4 95 
  4 100 
  5 -96 
  5 -95 
  5 -72 
  5 -70 
  5 -43 
  5 -42 
  5 -31 
  5 -29 
  5 -23 
  5 -19 
  5 -18 
  5 -13 
  5 -12 
  5 -2 
  5 1 
  5 10 
  5 31 
  5 42 
  5 52 
  5 54 
  5 64 
  5 67 
  5 68 
  5 78 
  5 81 
  5 84 
  6 -64 
  6 -62 
  6 -60 
  6 -54 
  6 -48 
  6 -42 
  6 -15 
  6 -10 
  6 -3 
  6 -2 
  6 4 
  6 20 
  6 23 
  6 28 
  6 44 
  6 50 
  6 54 
  6 56 
  6 71 
  6 82 
  6 100 
  7 -89 
  7 -84 
  7 -81 
  7 -80 
  7 -77 
  7 -60 
  7 -52 
  7 -41 
  7 -34 
  7 -12 
  7 11 
  7 21 
  7 36 
  7 40 
  7 41 
  7 45 
  7 48 
  7 50 
  7 79 
  7 97 
  8 -102 
  8 -101 
  8 -99 
  8 -96 
  8 -81 
  8 -79 
  8 -71 
  8 -68 
  8 -67 
  8 -65 
  8 -48 
  8 -45 
  8 -44 
  8 -36 
  8 -34 
  8 -20 
  8 8 
  8 19 
  8 24 
  8 31 
  8 32 
  8 34 
  8 66 
  8 71 
  8 79 
  8 83 
  8 86 
  8 97 
  8 98 
  8 100 
  9 -97 
  9 -89 
  9 -88 
  9 -85 
  9 -84 
  9 -75 
  9 -61 
  9 -55 
  9 -48 
  9 -42 
  9 -27 
  9 -26 
  9 -18 
  9 -13 
  9 -10 
  9 9 
  9 16 
  9 19 
  9 29 
  9 40 
  9 45 
  9 62 
  9 64 
  9 69 
  9 71 
  9 80 
  9 94 
  10 -90 
  10 -86 
  10 -85 
  10 -76 
  10 -66 
  10 -60 
  10 -29 
  10 -20 
  10 -18 
  10 -1 
  10 0 
  10 9 
  10 14 
  10 17 
  10 20 
  10 28 
  10 31 
  10 47 
  10 51 
  10 67 
  10 71 
  10 72 
  10 79 
  10 81 
  11 -102 
  11 -92 
  11 -90 
  11 -79 
  11 -65 
  11 -62 
  11 -38 
  11 -33 
  11 -31 
  11 -15 
  11 -6 
  11 -5 
  11 -3 
  11 -2 
  11 8 
  11 13 
  11 26 
  11 35 
  11 37 
  11 43 
  11 70 
  11 92 
  11 93 
  11 95 
  11 99 
  11 100 
  12 -96 
  12 -95 
  12 -90 
  12 -82 
  12 -62 
  12 -59 
  12 -57 
  12 -46 
  12 -34 
  12 -19 
  12 -13 
  12 -12 
  12 -11 
  12 1 
  12 7 
  12 8 
  12 12 
  12 15 
  12 16 
  12 24 
  12 40 
  12 48 
  12 58 
  12 59 
  12 61 
  12 62 
  12 66 
  12 82 
  12 89 
  13 -95 
  13 -89 
  13 -76 
  13 -75 
  13 -69 
  13 -66 
  13 -63 
  13 -42 
  13 -34 
  13 -17 
  13 -12 
  13 14 
  13 22 
  13 26 
  13 30 
  13 35 
  13 38 
  13 39 
  13 44 
  13 58 
  13 78 
  13 100 
  14 -101 
  14 -99 
  14 -89 
  14 -82 
  14 -76 
  14 -72 
  14 -69 
  14 -67 
  14 -56 
  14 -52 
  14 -24 
  14 -20 
  14 -18 
  14 -14 
  14 -13 
  14 -11 
  14 -7 
  14 8 
  14 15 
  14 18 
  14 20 
  14 21 
  14 27 
  14 47 
  14 54 
  14 61 
  14 67 
  14 81 
  14 98 
  15 -98 
  15 -89 
  15 -88 
  15 -78 
  15 -59 
  15 -54 
  15 -48 
  15 -35 
  15 -19 
  15 -18 
  15 -9 
  15 -7 
  15 13 
  15 17 
  15 21 
  15 24 
  15 25 
  15 31 
  15 34 
  15 45 
  15 61 
  15 76 
  15 79 
  15 84 
  15 88 
  15 98 
  16 -100 
  16 -83 
  16 -76 
  16 -68 
  16 -66 
  16 -61 
  16 -57 
  16 -54 
  16 -32 
  16 -11 
  16 -10 
  16 13 
  16 17 
  16 21 
  16 35 
  16 37 
  16 40 
  16 56 
  16 70 
  16 99 
  17 -83 
  17 -76 
  17 -75 
  17 -59 
  17 -55 
  17 -51 
  17 -45 
  17 -40 
  17 -29 
  17 -24 
  17 -19 
  17 -17 
  17 -2 
  17 1 
  17 2 
  17 12 
  17 33 
  17 37 
  17 38 
  17 40 
  17 50 
  17 66 
  17 70 
  17 72 
  17 79 
  17 92 
  17 93 
  17 97 
  18 -87 
  18 -79 
  18 -74 
  18 -61 
  18 -47 
  18 -46 
  18 -29 
  18 -26 
  18 -17 
  18 -15 
  18 -2 
  18 0 
  18 6 
  18 11 
  18 26 
  18 27 
  18 40 
  18 51 
  18 52 
  18 54 
  18 58 
  18 72 
  18 74 
  18 86 
  18 93 
  19 -95 
  19 -94 
  19 -88 
  19 -76 
  19 -71 
  19 -66 
  19 -61 
  19 -57 
  19 -53 
  19 -31 
  19 -26 
  19 -9 
  19 1 
  19 2 
  19 5 
  19 6 
  19 23 
  19 32 
  19 42 
  19 46 
  19 54 
  19 60 
  19 62 
  19 65 
  19 69 
  19 81 
  19 82 
  20 -93 
  20 -77 
  20 -66 
  20 -30 
  20 -5 
  20 3 
  20 23 
  20 29 
  20 36 
  20 39 
  20 50 
  20 52 
  20 59 
  20 79 
  20 93 
  21 -96 
  21 -85 
  21 -81 
  21 -75 
  21 -74 
  21 -73 
  21 -69 
  21 -46 
  21 -30 
  21 -21 
  21 -20 
  21 -12 
  21 -10 
  21 1 
  21 4 
  21 6 
  21 17 
  21 26 
  21 29 
  21 37 
  21 43 
  21 68 
  21 70 
  21 72 
  21 86 
  21 88 
  21 89 
  21 95 
  22 -94 
  22 -92 
  22 -87 
  22 -74 
  22 -73 
  22 -70 
  22 -36 
  22 -35 
  22 -25 
  22 -23 
  22 -19 
  22 4 
  22 21 
  22 53 
  22 57 
  22 63 
  22 73 
  22 80 
  22 82 
  22 88 
  22 91 
  22 95 
  23 -93 
  23 -91 
  23 -88 
  23 -78 
  23 -77 
  23 -74 
  23 -67 
  23 -62 
  23 -45 
  23 -44 
  23 -38 
  23 -13 
  23 -1 
  23 3 
  23 10 
  23 12 
  23 14 
  23 43 
  23 54 
  23 55 
  23 57 
  23 65 
  23 78 
  23 86 
  23 90 
  23 95 
  24 -92 
  24 -86 
  24 -76 
  24 -72 
  24 -67 
  24 -66 
  24 -63 
  24 -58 
  24 -55 
  24 -51 
  24 -37 
  24 -24 
  24 -23 
  24 -12 
  24 -9 
  24 -8 
  24 -6 
  24 -4 
  24 9 
  24 18 
  24 31 
  24 36 
  24 46 
  24 48 
  24 59 
  24 74 
  24 78 
  24 80 
  24 85 
  25 -84 
  25 -78 
  25 -72 
  25 -56 
  25 -46 
  25 -32 
  25 -9 
  25 -7 
  25 8 
  25 33 
  25 39 
  25 63 
  25 66 
  25 69 
  25 74 
  25 78 
  25 81 
  25 90 
  25 95 
  26 -95 
  26 -94 
  26 -92 
  26 -88 
  26 -68 
  26 -56 
  26 -48 
  26 -47 
  26 -45 
  26 -41 
  26 -39 
  26 -37 
  26 -34 
  26 -32 
  26 -25 
  26 -14 
  26 -10 
  26 -4 
  26 3 
  26 16 
  26 21 
  26 24 
  26 26 
  26 29 
  26 39 
  26 42 
  26 51 
  26 55 
  26 56 
  26 69 
  26 81 
  26 91 
  26 92 
  26 94 
  27 -93 
  27 -72 
  27 -70 
  27 -58 
  27 -39 
  27 -35 
  27 -31 
  27 -17 
  27 -13 
  27 -9 
  27 4 
  27 8 
  27 36 
  27 39 
  27 48 
  27 50 
  27 52 
  27 57 
  27 78 
  27 81 
  28 -91 
  28 -82 
  28 -79 
  28 -71 
  28 -67 
  28 -58 
  28 -57 
  28 -52 
  28 -49 
  28 -48 
  28 -43 
  28 -41 
  28 -36 
  28 -28 
  28 -27 
  28 -21 
  28 -20 
  28 -13 
  28 -10 
  28 0 
  28 5 
  28 7 
  28 11 
  28 15 
  28 18 
  28 19 
  28 20 
  28 26 
  28 53 
  28 56 
  28 62 
  28 71 
  28 75 
  28 80 
  28 85 
  28 88 
  28 91 
  29 -93 
  29 -91 
  29 -90 
  29 -82 
  29 -75 
  29 -70 
  29 -68 
  29 -67 
  29 -66 
  29 -64 
  29 -62 
  29 -44 
  29 -41 
  29 -27 
  29 -14 
  29 9 
  29 23 
  29 24 
  29 36 
  29 74 
  29 76 
  29 77 
  29 86 
  30 -83 
  30 -79 
  30 -63 
  30 -62 
  30 -45 
  30 -38 
  30 -28 
  30 3 
  30 10 
  30 38 
  30 45 
  30 47 
  30 49 
  30 51 
  30 55 
  30 56 
  30 62 
  30 71 
  30 72 
  30 90 
  31 -77 
  31 -75 
  31 -74 
  31 -60 
  31 -58 
  31 -57 
  31 -44 
  31 -42 
  31 -35 
  31 -31 
  31 -27 
  31 -26 
  31 -8 
  31 -2 
  31 -1 
  31 2 
  31 21 
  31 25 
  31 37 
  31 46 
  31 56 
  31 68 
  31 69 
  31 70 
  31 86 
  31 88 
  31 89 
  32 -90 
  32 -84 
  32 -77 
  32 -76 
  32 -66 
  32 -61 
  32 -47 
  32 -43 
  32 -37 
  32 -27 
  32 -22 
  32 -7 
  32 4 
  32 8 
  32 13 
  32 20 
  32 24 
  32 27 
  32 33 
  32 44 
  32 46 
  32 47 
  32 58 
  32 65 
  32 81 
  33 -87 
  33 -62 
  33 -53 
  33 -48 
  33 -31 
  33 -29 
  33 -22 
  33 -10 
  33 0 
  33 9 
  33 31 
  33 32 
  33 38 
  33 42 
  33 47 
  33 49 
  33 55 
  33 63 
  33 71 
  33 72 
  33 85 
  34 -83 
  34 -73 
  34 -66 
  34 -52 
  34 -42 
  34 -21 
  34 -11 
  34 -3 
  34 1 
  34 10 
  34 20 
  34 22 
  34 23 
  34 33 
  34 35 
  34 41 
  34 42 
  34 44 
  34 50 
  34 55 
  34 60 
  34 82 
  34 84 
  35 -77 
  35 -75 
  35 -73 
  35 -70 
  35 -68 
  35 -63 
  35 -55 
  35 -50 
  35 -47 
  35 -39 
  35 -30 
  35 -29 
  35 -26 
  35 -13 
  35 -8 
  35 -1 
  35 0 
  35 6 
  35 20 
  35 22 
  35 25 
  35 33 
  35 39 
  35 41 
  35 44 
  35 46 
  35 48 
  35 50 
  35 60 
  35 65 
  35 66 
  36 -83 
  36 -77 
  36 -75 
  36 -74 
  36 -71 
  36 -66 
  36 -56 
  36 -42 
  36 -30 
  36 -28 
  36 -25 
  36 -15 
  36 -10 
  36 11 
  36 15 
  36 46 
  36 54 
  36 61 
  36 65 
  36 66 
  36 78 
  36 79 
  36 83 
  37 -76 
  37 -74 
  37 -73 
  37 -60 
  37 -59 
  37 -57 
  37 -52 
  37 -36 
  37 -30 
  37 -24 
  37 -17 
  37 -5 
  37 0 
  37 3 
  37 6 
  37 10 
  37 14 
  37 22 
  37 29 
  37 38 
  37 51 
  37 56 
  37 60 
  37 61 
  37 62 
  37 71 
  38 -66 
  38 -61 
  38 -58 
  38 -54 
  38 -44 
  38 -30 
  38 -13 
  38 -8 
  38 1 
  38 7 
  38 11 
  38 63 
  38 68 
  39 -83 
  39 -80 
  39 -72 
  39 -69 
  39 -45 
  39 -40 
  39 -35 
  39 -4 
  39 -3 
  39 31 
  39 44 
  39 47 
  39 49 
  39 54 
  39 63 
  39 75 
  39 82 
  40 -80 
  40 -79 
  40 -76 
  40 -67 
  40 -50 
  40 -21 
  40 -17 
  40 -12 
  40 5 
  40 37 
  40 45 
  40 46 
  40 47 
  40 52 
  40 59 
  40 61 
  40 68 
  40 71 
  41 -74 
  41 -71 
  41 -61 
  41 -58 
  41 -56 
  41 -45 
  41 -31 
  41 -21 
  41 3 
  41 4 
  41 7 
  41 25 
  41 26 
  41 37 
  41 40 
  41 43 
  41 48 
  41 58 
  41 60 
  41 67 
  41 78 
  42 -76 
  42 -51 
  42 -47 
  42 -44 
  42 -40 
  42 -36 
  42 -33 
  42 -32 
  42 -31 
  42 -22 
  42 -19 
  42 -13 
  42 -12 
  42 -10 
  42 -7 
  42 -6 
  42 3 
  42 8 
  42 27 
  42 42 
  42 49 
  42 52 
  42 58 
  42 63 
  42 65 
  42 66 
  42 73 
  42 76 
  43 -70 
  43 -66 
  43 -43 
  43 -39 
  43 -35 
  43 -3 
  43 15 
  43 22 
  43 41 
  43 54 
  43 62 
  43 63 
  43 70 
  43 71 
  43 74 
  43 76 
  44 -74 
  44 -62 
  44 -39 
  44 -36 
  44 -32 
  44 -31 
  44 -30 
  44 -19 
  44 -15 
  44 -12 
  44 3 
  44 9 
  44 14 
  44 15 
  44 21 
  44 29 
  44 30 
  44 38 
  44 42 
  44 44 
  44 55 
  45 -65 
  45 -64 
  45 -63 
  45 -61 
  45 -56 
  45 -48 
  45 -43 
  45 -36 
  45 -17 
  45 -13 
  45 5 
  45 8 
  45 15 
  45 18 
  45 21 
  45 25 
  45 26 
  45 27 
  45 32 
  45 36 
  45 38 
  45 43 
  45 46 
  45 47 
  45 48 
  45 49 
  45 52 
  45 67 
  45 72 
  46 -62 
  46 -59 
  46 -55 
  46 -46 
  46 -36 
  46 -35 
  46 -30 
  46 -28 
  46 -23 
  46 -21 
  46 -11 
  46 -9 
  46 -6 
  46 -5 
  46 3 
  46 18 
  46 28 
  46 30 
  46 33 
  46 36 
  46 49 
  46 64 
  46 66 
  47 -62 
  47 -56 
  47 -54 
  47 -51 
  47 -49 
  47 -45 
  47 -38 
  47 -20 
  47 -10 
  47 9 
  47 11 
  47 13 
  47 24 
  47 43 
  47 60 
  47 61 
  47 62 
  47 63 
  47 67 
  48 -64 
  48 -56 
  48 -51 
  48 -42 
  48 -41 
  48 -40 
  48 -18 
  48 -9 
  48 -4 
  48 0 
  48 3 
  48 20 
  48 23 
  48 31 
  48 34 
  48 37 
  48 48 
  48 51 
  48 61 
  48 65 
  49 -67 
  49 -55 
  49 -36 
  49 -34 
  49 -29 
  49 -8 
  49 1 
  49 14 
  49 25 
  49 26 
  49 31 
  49 33 
  49 43 
  49 61 
  49 65 
  50 -64 
  50 -53 
  50 -51 
  50 -46 
  50 -44 
  50 -40 
  50 -23 
  50 -21 
  50 -20 
  50 11 
  50 17 
  50 24 
  50 27 
  50 34 
  50 35 
  50 57 
  50 59 
  51 -54 
  51 -50 
  51 -43 
  51 -38 
  51 -31 
  51 -28 
  51 -25 
  51 -14 
  51 -8 
  51 9 
  51 12 
  51 30 
  51 36 
  51 44 
  51 58 
  52 -54 
  52 -47 
  52 -45 
  52 -43 
  52 -27 
  52 -21 
  52 -19 
  52 -18 
  52 -15 
  52 -14 
  52 -10 
  52 6 
  52 10 
  52 17 
  52 25 
  52 32 
  52 58 
  53 -58 
  53 -52 
  53 -45 
  53 -44 
  53 -39 
  53 -32 
  53 -12 
  53 -5 
  53 1 
  53 6 
  53 18 
  53 19 
  53 26 
  53 31 
  53 41 
  53 42 
  53 55 
  54 -49 
  54 -27 
  54 -23 
  54 8 
  54 20 
  54 25 
  54 53 
  55 -55 
  55 -22 
  55 -21 
  55 -19 
  55 -15 
  55 -14 
  55 -12 
  55 -8 
  55 -5 
  55 2 
  55 4 
  55 8 
  55 10 
  55 13 
  55 16 
  55 32 
  55 44 
  55 48 
  56 -42 
  56 -41 
  56 -38 
  56 -19 
  56 -9 
  56 -8 
  56 -5 
  56 14 
  56 18 
  56 20 
  56 23 
  56 27 
  56 33 
  56 45 
  57 -16 
  57 -4 
  57 1 
  57 12 
  57 15 
  57 20 
  57 34 
  57 42 
  58 -40 
  58 -37 
  58 -31 
  58 -23 
  58 -13 
  58 -10 
  58 25 
  58 28 
  58 29 
  58 39 
  59 -30 
  59 -17 
  59 -3 
  59 5 
  59 17 
  59 19 
  59 20 
  59 26 
  59 40 
  60 -28 
  60 -25 
  60 -13 
  60 -3 
  60 6 
  60 18 
  60 19 
  60 24 
  60 31 
  61 -34 
  61 -32 
  61 -20 
  61 7 
  61 14 
  61 20 
  61 27 
  61 29 
  61 31 
  61 33 
  62 -32 
  62 -22 
  62 -19 
  62 -13 
  62 -9 
  62 -4 
  62 11 
  62 12 
  62 15 
  62 22 
  63 -8 
  63 0 
  63 7 
  63 15 
  63 26 
  64 -20 
  64 -17 
  64 -3 
  64 0 
  64 9 
  64 11 
  65 -9 
  65 -7 ;
AreaPerTest 1.6797599915e+10;
DefectRecordSpec 12 DEFECTID XREL YREL XINDEX YINDEX XSIZE YSIZE DEFECTAREA DSIZE CLASSNUMBER TEST IMAGECOUNT ;
DefectList
 1 48.593 866.086 15 100 1.000 0.431 0.431430 1.000 0 1 0
 2 511.594 450.409 -35 71 1.000 0.431 0.431430 1.000 0 1 0
 3 26.095 388.022 19 59 3.000 1.725 5.177160 3.000 0 1 0
 4 844.096 251.690 -13 59 1.000 0.862 0.862860 1.000 0 1 0
 5 175.097 753.443 -22 59 2.000 1.294 2.588580 2.000 0 1 0
 6 1220.096 724.425 35 55 2.000 0.862 1.725720 2.000 0 1 0
 7 561.096 782.033 -55 51 108.000 135.469 14630.653952 135.469 0 1 0
 8 541.096 666.410 -55 51 3.000 2.157 6.471450 3.000 0 1 0
 9 496.096 631.033 -55 51 65.000 41.848 2720.166144 65.000 0 1 0
 10 467.096 802.310 -55 51 2.000 0.431 0.862860 2.000 0 1 0
 11 466.096 607.304 -55 51 2.000 1.725 3.451440 2.000 0 1 0
 12 451.096 794.976 -55 51 8.000 3.882 31.062960 8.000 0 1 0
 13 444.096 639.230 -55 51 9.000 6.902 62.125920 9.000 0 1 0
 14 447.096 633.190 -55 51 1.000 0.431 0.431430 1.000 0 1 0
 15 434.096 647.858 -55 51 3.000 1.725 5.177160 3.000 0 1 0
 16 285.096 231.097 -55 51 7.000 6.902 48.320160 7.000 0 1 0
 17 229.096 392.020 -55 51 13.000 6.902 89.737440 13.000 0 1 0
 18 222.096 184.934 -55 51 42.000 16.394 688.562304 42.000 0 1 0
 19 163.096 354.917 -55 51 67.000 42.280 2832.769280 67.000 0 1 0
 20 176.096 211.251 -55 51 6.000 10.354 62.125920 10.354 0 1 0
 21 162.096 240.588 -55 51 19.000 43.143 819.716992 43.143 0 1 0
 22 164.096 324.286 -55 51 2.000 0.862 1.725720 2.000 0 1 0
 23 159.096 316.951 -55 51 3.000 5.177 15.531480 5.177 0 1 0
 24 154.096 266.043 -55 51 6.000 42.280 253.680832 42.280 0 1 0
 25 1403.593 317.088 -26 49 4.000 2.588 10.354320 4.000 0 1 0
 26 828.594 96.403 -24 50 1.000 0.431 0.431430 1.000 0 1 0
 27 222.096 98.752 45 49 12.000 22.434 269.212320 22.434 0 1 0
 28 1403.096 317.487 -26 49 4.000 2.157 8.628600 4.000 0 1 0
 29 955.096 731.656 -52 36 2.000 1.725 3.451440 2.000 0 1 0
 30 207.593 413.230 21 32 1.000 0.862 0.862860 1.000 0 1 0
 31 1338.096 820.318 -56 26 3.000 2.157 6.471450 3.000 0 1 0
 32 457.095 192.043 32 22 37.000 19.845 734.293888 37.000 0 1 0
 33 937.095 371.726 50 7 1.000 2.588 2.588580 2.588 0 1 0
 34 847.095 716.007 26 7 2.000 0.431 0.862860 2.000 0 1 0
 35 54.096 94.852 -58 5 3.000 1.294 3.882870 3.000 0 1 0
 36 566.594 322.513 0 3 1.000 0.431 0.431430 1.000 0 1 0
 37 135.096 94.100 53 0 3.000 0.862 2.588580 3.000 0 1 0
 38 247.095 852.040 11 -8 19.000 17.257 327.886784 19.000 0 1 0
 39 244.095 871.886 11 -8 15.000 10.354 155.314800 15.000 0 1 0
 40 150.095 293.836 25 -14 1.000 0.862 0.862860 1.000 0 1 0
 41 1299.096 850.294 -2 -19 1.000 0.431 0.431430 1.000 0 1 0
 42 1196.594 725.908 -4 -21 3.000 3.020 9.060030 3.020 0 1 0
 43 1364.593 687.183 -19 -23 4.000 3.882 15.531480 4.000 0 1 0
 44 126.593 615.790 11 -24 48.000 39.691 1905.194880 48.000 0 1 0
 45 53.592 225.777 13 -24 3.000 1.294 3.882870 3.000 0 1 0
 46 502.592 275.033 27 -27 1.000 0.431 0.431430 1.000 0 1 0
 47 70.095 547.217 18 -29 2.000 1.725 3.451440 2.000 0 1 0
 48 891.096 836.163 -24 -33 2.000 1.294 2.588580 2.000 0 1 0
 49 777.096 724.854 -24 -33 3.000 2.588 7.765740 3.000 0 1 0
 50 93.095 180.617 33 -37 1.000 0.431 0.431430 1.000 0 1 0
 51 1180.593 441.140 -44 -41 3.000 1.294 3.882870 3.000 0 1 0
 52 237.095 350.580 48 -48 3.000 3.020 9.060030 3.020 0 1 0
 53 595.594 723.504 -45 -50 24.000 20.277 486.653024 24.000 0 1 0
 54 571.095 584.743 1 -51 2.000 1.294 2.588580 2.000 0 1 0
 55 101.593 552.372 50 -57 1.000 2.588 2.588580 2.588 0 1 0
 56 103.593 544.606 50 -57 2.000 2.157 4.314300 2.157 0 1 0
 57 117.593 596.809 50 -57 6.000 4.314 25.885800 6.000 0 1 0
 58 125.593 602.418 50 -57 4.000 1.725 6.902880 4.000 0 1 0
 59 162.593 604.144 50 -57 10.000 7.765 77.657400 10.000 0 1 0
 60 170.593 551.078 50 -57 4.000 6.902 27.611520 6.902 0 1 0
 61 482.592 124.581 34 -67 18.000 10.785 194.143504 18.000 0 1 0
 62 1300.594 192.758 -36 -78 10.000 7.765 77.657400 10.000 0 1 0
 63 566.594 903.620 -28 -82 4.000 6.471 25.885800 6.471 0 1 0
 64 511.096 665.310 31 -88 2.000 1.725 3.451440 2.000 0 1 0
 65 569.096 79.215 -19 -98 4.000 1.725 6.902880 4.000 0 1 0
 66 882.593 305.784 -12 -100 1.000 1.725 1.725720 1.725 0 1 0
 67 534.096 239.072 -6 -102 1.000 0.431 0.431430 1.000 0 1 0;
SummarySpec 5
  TESTNO    NDEFECT    DEFDENSITY    NDIE    NDEFDIE  ;
SummaryList 
  1    67    3.9886558056e-01    20924    42  ;
EndOfFile;
