FileVersion 1 2;
FileTimestamp 07-30-19 17:00:01;
InspectionStationID "NONE" "2360" "IPS204";
SampleType WAFER;
ResultTimestamp 04-15-19 10:04:21;
LotID "193805";
SampleSize 1 200;
DeviceID "TL09B";
SetupID "TL09B_3039M2DM" 02-09-18 15:15:12;
StepID "3039M2DM";
SampleOrientationMarkType NOTCH;
OrientationMarkLocation RIGHT;
DiePitch 5.6000000000e+02 1.6580116000e+04;
DieOrigin 0.0000000000e+00 0.0000000000e+00;
WaferID "@01";
Slot 1;
SampleCenterLocation 4.5479800000e+02 8.2892090000e+03;
ClassLookup 74
  0 "Uncategorized"
  1 "Small PT"
  2 "Medium PT"
  3 "Large PT"
  4 "Polymer"
  5 "Flake PT"
  6 "Scratch"
  9 "Other Defect"
  10 "Other Residue"
  11 "Wet Residue"
  13 "W Residue"
  14 "PR Residue"
  15 "Liquid Mark"
  16 "Thread Defect"
  20 "Pits"
  22 "Pattern Deformed"
  23 "Defocus"
  24 "PR BUBBLE"
  25 "Crown Defect"
  27 "Bead Defect"
  30 "CMP Scratch"
  31 "Minor CMP Scratch"
  35 "Rip Out"
  40 "Protrusion"
  42 "Top Blocked"
  43 "Bottom Blocked"
  44 "Line broken"
  45 "Metal Corrosion"
  46 "Galvanic Corrosion"
  51 "PR Popping"
  52 "Salicide Bad"
  53 "STI Dimple"
  59 "W Void"
  60 "AA Dep PT"
  61 "GC Dep PT"
  62 "CVD Dep PT"
  63 "Metal Dep PT"
  73 "Cone Defect"
  74 "Metal Depression"
  77 "Underlayer"
  78 "NUISANCE/FALSE"
  79 "Metal Grain"
  80 "Don't Care/Minor"
  95 "Missing AI"
  99 "test2"
  100 "Cluster"
  101 "CU CMP Scratch"
  102 "CU Void"
  103 "2_PO Missing"
  104 "CU Pattern Open"
  105 "CU Remain"
  106 "Circle CU Remain"
  107 "CU CVD PT"
  108 "CU Eclips"
  109 "CU CMP Residue"
  110 "Minor CU CMP Scratch"
  111 "CMP PT"
  112 "CU SEAM PT"
  113 "CU Ox"
  114 "CU Pattern Open(Minor)"
  116 "1_PO Missing"
  117 "PAD Abnormality"
  150 "Guard Ring Circle Defect"
  151 "EBR Circle Defect"
  152 "PAD Hillock"
  153 "PAD Residue"
  154 "PAD Hole"
  155 "Color PR Residue"
  201 "Bin 1"
  202 "Bin 2"
  203 "Bin 3"
  204 "Bin 4"
  205 "Bin 5"
  206 "Bin 6"  ;
OrientationInstructions "";
InspectionTest 1;
SampleTestPlan 2817
  56 -5 
  55 -5 
  31 -5 
  29 -5 
  19 -5 
  17 -5 
  8 -5 
  -4 -5 
  -8 -5 
  -12 -5 
  -37 -5 
  -39 -5 
  106 -4 
  103 -4 
  92 -4 
  67 -4 
  66 -4 
  62 -4 
  57 -4 
  53 -4 
  49 -4 
  45 -4 
  42 -4 
  38 -4 
  22 -4 
  18 -4 
  17 -4 
  14 -4 
  2 -4 
  1 -4 
  -1 -4 
  -5 -4 
  -21 -4 
  -35 -4 
  -39 -4 
  -46 -4 
  -53 -4 
  -73 -4 
  -97 -4 
  -107 -4 
  -108 -4 
  134 -3 
  127 -3 
  118 -3 
  106 -3 
  105 -3 
  76 -3 
  54 -3 
  29 -3 
  17 -3 
  -1 -3 
  -4 -3 
  -22 -3 
  -23 -3 
  -27 -3 
  -40 -3 
  -73 -3 
  -79 -3 
  -86 -3 
  -99 -3 
  -107 -3 
  -108 -3 
  -133 -3 
  141 -2 
  131 -2 
  130 -2 
  119 -2 
  117 -2 
  113 -2 
  111 -2 
  101 -2 
  95 -2 
  64 -2 
  61 -2 
  58 -2 
  45 -2 
  21 -2 
  19 -2 
  8 -2 
  6 -2 
  3 -2 
  -31 -2 
  -40 -2 
  -45 -2 
  -49 -2 
  -54 -2 
  -57 -2 
  -70 -2 
  -76 -2 
  -81 -2 
  -85 -2 
  -94 -2 
  -102 -2 
  -105 -2 
  -108 -2 
  -111 -2 
  -114 -2 
  -131 -2 
  -132 -2 
  -141 -2 
  -147 -2 
  -148 -2 
  165 -1 
  160 -1 
  153 -1 
  152 -1 
  139 -1 
  135 -1 
  133 -1 
  132 -1 
  118 -1 
  111 -1 
  109 -1 
  100 -1 
  93 -1 
  76 -1 
  67 -1 
  53 -1 
  46 -1 
  40 -1 
  14 -1 
  -5 -1 
  -8 -1 
  -19 -1 
  -27 -1 
  -45 -1 
  -49 -1 
  -53 -1 
  -55 -1 
  -57 -1 
  -63 -1 
  -84 -1 
  -92 -1 
  -103 -1 
  -111 -1 
  -118 -1 
  -125 -1 
  -128 -1 
  -132 -1 
  -137 -1 
  -159 -1 
  166 0 
  147 0 
  137 0 
  136 0 
  131 0 
  117 0 
  112 0 
  111 0 
  97 0 
  96 0 
  88 0 
  81 0 
  70 0 
  27 0 
  25 0 
  16 0 
  7 0 
  2 0 
  -1 0 
  -7 0 
  -9 0 
  -13 0 
  -21 0 
  -25 0 
  -53 0 
  -55 0 
  -59 0 
  -65 0 
  -66 0 
  -75 0 
  -83 0 
  -93 0 
  -101 0 
  -110 0 
  -124 0 
  -129 0 
  -153 0 
  -155 0 
  -165 0 
  -168 0 
  150 1 
  143 1 
  126 1 
  125 1 
  113 1 
  111 1 
  110 1 
  93 1 
  92 1 
  91 1 
  85 1 
  84 1 
  76 1 
  74 1 
  63 1 
  57 1 
  55 1 
  52 1 
  38 1 
  37 1 
  34 1 
  16 1 
  15 1 
  -5 1 
  -12 1 
  -22 1 
  -27 1 
  -34 1 
  -54 1 
  -69 1 
  -81 1 
  -97 1 
  -99 1 
  -109 1 
  -116 1 
  -119 1 
  -125 1 
  -150 1 
  -155 1 
  -161 1 
  143 2 
  136 2 
  133 2 
  131 2 
  130 2 
  126 2 
  125 2 
  105 2 
  86 2 
  72 2 
  65 2 
  59 2 
  57 2 
  55 2 
  49 2 
  42 2 
  36 2 
  33 2 
  18 2 
  12 2 
  11 2 
  -3 2 
  -8 2 
  -11 2 
  -57 2 
  -60 2 
  -62 2 
  -63 2 
  -64 2 
  -79 2 
  -81 2 
  -94 2 
  -107 2 
  131 3 
  122 3 
  121 3 
  120 3 
  104 3 
  96 3 
  89 3 
  88 3 
  87 3 
  73 3 
  62 3 
  41 3 
  38 3 
  37 3 
  30 3 
  22 3 
  19 3 
  8 3 
  4 3 
  2 3 
  -17 3 
  -22 3 
  -43 3 
  -46 3 
  -56 3 
  -73 3 
  -107 3 
  -115 3 
  -123 3 
  -124 3 
  -125 3 
  -126 3 
  -134 3 
  -136 3 
  93 4 
  83 4 
  82 4 
  65 4 
  60 4 
  57 4 
  48 4 
  44 4 
  38 4 
  34 4 
  24 4 
  -1 4 
  -9 4 
  -17 4 
  -27 4 
  -31 4 
  -34 4 
  -35 4 
  -46 4 
  -54 4 
  -57 4 
  -61 4 
  -69 4 
  -81 4 
  -89 4 
  54 5 
  53 5 
  48 5 
  23 5 
  9 5 
  7 5 
  3 5 
  -6 5 
  -14 5 
  -15 5 
  -21 5 
  -30 5 
  -36 5 
  -50 5 
  -51 5 
  47 -5 
  46 -5 
  30 -5 
  24 -5 
  18 -5 
  11 -5 
  -2 -5 
  -15 -5 
  -17 -5 
  -18 -5 
  -53 -5 
  -56 -5 
  107 -4 
  102 -4 
  96 -4 
  88 -4 
  85 -4 
  81 -4 
  73 -4 
  63 -4 
  55 -4 
  52 -4 
  44 -4 
  41 -4 
  34 -4 
  31 -4 
  25 -4 
  19 -4 
  8 -4 
  7 -4 
  5 -4 
  -16 -4 
  -19 -4 
  -27 -4 
  -43 -4 
  -47 -4 
  -50 -4 
  -70 -4 
  -72 -4 
  -83 -4 
  130 -3 
  125 -3 
  108 -3 
  99 -3 
  94 -3 
  91 -3 
  73 -3 
  67 -3 
  64 -3 
  60 -3 
  56 -3 
  30 -3 
  26 -3 
  8 -3 
  5 -3 
  3 -3 
  2 -3 
  -2 -3 
  -5 -3 
  -6 -3 
  -15 -3 
  -25 -3 
  -28 -3 
  -35 -3 
  -45 -3 
  -47 -3 
  -55 -3 
  -61 -3 
  -69 -3 
  -88 -3 
  -100 -3 
  -102 -3 
  -104 -3 
  -111 -3 
  -113 -3 
  -121 -3 
  -125 -3 
  -132 -3 
  152 -2 
  150 -2 
  144 -2 
  142 -2 
  118 -2 
  105 -2 
  99 -2 
  72 -2 
  59 -2 
  56 -2 
  51 -2 
  44 -2 
  -2 -2 
  -3 -2 
  -23 -2 
  -25 -2 
  -42 -2 
  -56 -2 
  -78 -2 
  -88 -2 
  -113 -2 
  -126 -2 
  -133 -2 
  158 -1 
  156 -1 
  148 -1 
  146 -1 
  142 -1 
  140 -1 
  136 -1 
  121 -1 
  119 -1 
  114 -1 
  112 -1 
  110 -1 
  106 -1 
  103 -1 
  102 -1 
  101 -1 
  98 -1 
  82 -1 
  78 -1 
  70 -1 
  66 -1 
  63 -1 
  62 -1 
  50 -1 
  41 -1 
  38 -1 
  35 -1 
  30 -1 
  26 -1 
  23 -1 
  0 -1 
  -3 -1 
  -13 -1 
  -22 -1 
  -33 -1 
  -62 -1 
  -78 -1 
  -79 -1 
  -90 -1 
  -129 -1 
  -145 -1 
  -150 -1 
  -151 -1 
  -154 -1 
  -157 -1 
  -163 -1 
  165 0 
  154 0 
  148 0 
  145 0 
  140 0 
  134 0 
  125 0 
  123 0 
  120 0 
  115 0 
  108 0 
  98 0 
  83 0 
  75 0 
  74 0 
  68 0 
  59 0 
  51 0 
  46 0 
  45 0 
  43 0 
  29 0 
  10 0 
  5 0 
  1 0 
  -8 0 
  -23 0 
  -26 0 
  -27 0 
  -31 0 
  -54 0 
  -61 0 
  -63 0 
  -81 0 
  -92 0 
  -99 0 
  -100 0 
  -102 0 
  -103 0 
  -104 0 
  -106 0 
  -117 0 
  -120 0 
  -122 0 
  -126 0 
  -127 0 
  -132 0 
  -134 0 
  -138 0 
  -146 0 
  -149 0 
  -159 0 
  -161 0 
  163 1 
  151 1 
  141 1 
  138 1 
  137 1 
  133 1 
  131 1 
  127 1 
  122 1 
  108 1 
  104 1 
  98 1 
  96 1 
  90 1 
  88 1 
  68 1 
  64 1 
  32 1 
  30 1 
  26 1 
  25 1 
  20 1 
  8 1 
  6 1 
  5 1 
  1 1 
  -2 1 
  -3 1 
  -6 1 
  -7 1 
  -8 1 
  -10 1 
  -18 1 
  -24 1 
  -35 1 
  -36 1 
  -52 1 
  -59 1 
  -61 1 
  -67 1 
  -71 1 
  -74 1 
  -86 1 
  -87 1 
  -105 1 
  -113 1 
  -121 1 
  -123 1 
  -128 1 
  -132 1 
  -144 1 
  -147 1 
  -160 1 
  121 2 
  120 2 
  119 2 
  107 2 
  102 2 
  96 2 
  90 2 
  68 2 
  67 2 
  60 2 
  58 2 
  54 2 
  53 2 
  44 2 
  25 2 
  20 2 
  10 2 
  8 2 
  -2 2 
  -5 2 
  -7 2 
  -9 2 
  -15 2 
  -24 2 
  -28 2 
  -45 2 
  -70 2 
  -73 2 
  -80 2 
  -84 2 
  -87 2 
  -92 2 
  -104 2 
  -105 2 
  -109 2 
  -110 2 
  -111 2 
  -118 2 
  -120 2 
  -131 2 
  -139 2 
  -141 2 
  130 3 
  128 3 
  115 3 
  101 3 
  100 3 
  98 3 
  85 3 
  72 3 
  71 3 
  68 3 
  46 3 
  35 3 
  -6 3 
  -7 3 
  -14 3 
  -15 3 
  -16 3 
  -19 3 
  -21 3 
  -34 3 
  -51 3 
  -59 3 
  -63 3 
  -81 3 
  -84 3 
  -85 3 
  -86 3 
  -87 3 
  -100 3 
  -108 3 
  -111 3 
  -129 3 
  -133 3 
  102 4 
  95 4 
  94 4 
  91 4 
  87 4 
  85 4 
  75 4 
  67 4 
  53 4 
  46 4 
  41 4 
  25 4 
  22 4 
  17 4 
  10 4 
  6 4 
  5 4 
  -4 4 
  -15 4 
  -37 4 
  -44 4 
  -53 4 
  -59 4 
  -60 4 
  -65 4 
  -70 4 
  -77 4 
  -83 4 
  -88 4 
  -98 4 
  50 5 
  46 5 
  39 5 
  29 5 
  28 5 
  18 5 
  10 5 
  5 5 
  4 5 
  -9 5 
  -10 5 
  -17 5 
  -23 5 
  -29 5 
  -33 5 
  -37 5 
  -41 5 
  -54 5 
  -55 5 
  57 -5 
  48 -5 
  38 -5 
  36 -5 
  28 -5 
  23 -5 
  20 -5 
  6 -5 
  3 -5 
  1 -5 
  -24 -5 
  -27 -5 
  -29 -5 
  -30 -5 
  -35 -5 
  -36 -5 
  -44 -5 
  90 -4 
  86 -4 
  84 -4 
  78 -4 
  77 -4 
  69 -4 
  68 -4 
  50 -4 
  30 -4 
  28 -4 
  24 -4 
  -2 -4 
  -11 -4 
  -12 -4 
  -18 -4 
  -26 -4 
  -30 -4 
  -33 -4 
  -55 -4 
  -59 -4 
  -71 -4 
  -77 -4 
  -81 -4 
  -84 -4 
  -85 -4 
  -89 -4 
  -90 -4 
  -100 -4 
  -104 -4 
  123 -3 
  122 -3 
  100 -3 
  98 -3 
  87 -3 
  82 -3 
  79 -3 
  68 -3 
  51 -3 
  50 -3 
  42 -3 
  41 -3 
  39 -3 
  37 -3 
  35 -3 
  27 -3 
  16 -3 
  -13 -3 
  -34 -3 
  -39 -3 
  -54 -3 
  -63 -3 
  -67 -3 
  -71 -3 
  -89 -3 
  -128 -3 
  -131 -3 
  148 -2 
  146 -2 
  134 -2 
  121 -2 
  116 -2 
  109 -2 
  104 -2 
  94 -2 
  80 -2 
  75 -2 
  73 -2 
  68 -2 
  67 -2 
  62 -2 
  57 -2 
  55 -2 
  49 -2 
  38 -2 
  26 -2 
  23 -2 
  22 -2 
  12 -2 
  1 -2 
  -6 -2 
  -11 -2 
  -19 -2 
  -38 -2 
  -43 -2 
  -58 -2 
  -59 -2 
  -71 -2 
  -96 -2 
  -97 -2 
  -104 -2 
  -106 -2 
  -107 -2 
  -110 -2 
  -119 -2 
  -122 -2 
  -134 -2 
  -143 -2 
  -153 -2 
  163 -1 
  155 -1 
  154 -1 
  141 -1 
  134 -1 
  124 -1 
  116 -1 
  87 -1 
  86 -1 
  84 -1 
  68 -1 
  58 -1 
  32 -1 
  27 -1 
  24 -1 
  15 -1 
  3 -1 
  -10 -1 
  -18 -1 
  -20 -1 
  -21 -1 
  -28 -1 
  -40 -1 
  -41 -1 
  -73 -1 
  -76 -1 
  -77 -1 
  -89 -1 
  -95 -1 
  -105 -1 
  -120 -1 
  -130 -1 
  -141 -1 
  -144 -1 
  -162 -1 
  159 0 
  151 0 
  113 0 
  105 0 
  104 0 
  101 0 
  76 0 
  65 0 
  60 0 
  56 0 
  54 0 
  48 0 
  39 0 
  37 0 
  28 0 
  26 0 
  13 0 
  -6 0 
  -15 0 
  -20 0 
  -44 0 
  -46 0 
  -49 0 
  -51 0 
  -64 0 
  -68 0 
  -90 0 
  -113 0 
  -114 0 
  -116 0 
  -131 0 
  -142 0 
  -144 0 
  -148 0 
  -154 0 
  -160 0 
  -164 0 
  -167 0 
  -169 0 
  157 1 
  142 1 
  115 1 
  99 1 
  97 1 
  95 1 
  86 1 
  72 1 
  66 1 
  50 1 
  48 1 
  41 1 
  28 1 
  27 1 
  21 1 
  18 1 
  10 1 
  9 1 
  -16 1 
  -29 1 
  -30 1 
  -42 1 
  -49 1 
  -62 1 
  -70 1 
  -72 1 
  -73 1 
  -79 1 
  -84 1 
  -90 1 
  -94 1 
  -102 1 
  -110 1 
  -111 1 
  -117 1 
  -118 1 
  -120 1 
  -136 1 
  -148 1 
  -156 1 
  -158 1 
  140 2 
  118 2 
  85 2 
  83 2 
  80 2 
  75 2 
  62 2 
  39 2 
  38 2 
  26 2 
  21 2 
  13 2 
  6 2 
  2 2 
  0 2 
  -1 2 
  -6 2 
  -17 2 
  -22 2 
  -27 2 
  -31 2 
  -32 2 
  -33 2 
  -35 2 
  -38 2 
  -54 2 
  -67 2 
  -69 2 
  -76 2 
  -77 2 
  -122 2 
  -127 2 
  -128 2 
  -134 2 
  -135 2 
  -142 2 
  -149 2 
  110 3 
  97 3 
  95 3 
  84 3 
  83 3 
  81 3 
  77 3 
  76 3 
  69 3 
  66 3 
  60 3 
  56 3 
  55 3 
  53 3 
  52 3 
  51 3 
  43 3 
  27 3 
  16 3 
  7 3 
  -2 3 
  -23 3 
  -26 3 
  -29 3 
  -32 3 
  -41 3 
  -52 3 
  -53 3 
  -57 3 
  -71 3 
  -74 3 
  -75 3 
  -78 3 
  -82 3 
  -88 3 
  -90 3 
  -93 3 
  -97 3 
  -98 3 
  -109 3 
  -135 3 
  106 4 
  78 4 
  74 4 
  72 4 
  69 4 
  66 4 
  64 4 
  49 4 
  47 4 
  35 4 
  31 4 
  29 4 
  8 4 
  -6 4 
  -16 4 
  -24 4 
  -32 4 
  -38 4 
  -40 4 
  -41 4 
  -42 4 
  -49 4 
  -52 4 
  -55 4 
  -63 4 
  -71 4 
  -72 4 
  -84 4 
  -87 4 
  -94 4 
  -96 4 
  -101 4 
  42 5 
  31 5 
  26 5 
  24 5 
  21 5 
  20 5 
  17 5 
  -1 5 
  -8 5 
  -24 5 
  -31 5 
  52 -5 
  44 -5 
  43 -5 
  41 -5 
  39 -5 
  27 -5 
  14 -5 
  12 -5 
  9 -5 
  0 -5 
  -16 -5 
  -23 -5 
  -48 -5 
  -49 -5 
  -52 -5 
  -57 -5 
  -58 -5 
  109 -4 
  108 -4 
  104 -4 
  100 -4 
  99 -4 
  95 -4 
  79 -4 
  75 -4 
  72 -4 
  65 -4 
  56 -4 
  35 -4 
  12 -4 
  -3 -4 
  -9 -4 
  -10 -4 
  -22 -4 
  -24 -4 
  -38 -4 
  -41 -4 
  -51 -4 
  -65 -4 
  -66 -4 
  -82 -4 
  -87 -4 
  -93 -4 
  -95 -4 
  -101 -4 
  -106 -4 
  -109 -4 
  128 -3 
  120 -3 
  114 -3 
  111 -3 
  97 -3 
  93 -3 
  85 -3 
  81 -3 
  80 -3 
  75 -3 
  69 -3 
  65 -3 
  59 -3 
  57 -3 
  48 -3 
  47 -3 
  28 -3 
  18 -3 
  14 -3 
  13 -3 
  -14 -3 
  -21 -3 
  -33 -3 
  -44 -3 
  -52 -3 
  -75 -3 
  -78 -3 
  -91 -3 
  -112 -3 
  -116 -3 
  -123 -3 
  -126 -3 
  151 -2 
  108 -2 
  96 -2 
  93 -2 
  89 -2 
  81 -2 
  77 -2 
  76 -2 
  53 -2 
  48 -2 
  46 -2 
  34 -2 
  32 -2 
  29 -2 
  16 -2 
  -7 -2 
  -9 -2 
  -17 -2 
  -21 -2 
  -33 -2 
  -48 -2 
  -52 -2 
  -66 -2 
  -74 -2 
  -79 -2 
  -92 -2 
  -93 -2 
  -103 -2 
  -115 -2 
  -136 -2 
  -145 -2 
  -146 -2 
  159 -1 
  151 -1 
  138 -1 
  126 -1 
  117 -1 
  115 -1 
  104 -1 
  90 -1 
  83 -1 
  81 -1 
  73 -1 
  64 -1 
  54 -1 
  47 -1 
  45 -1 
  42 -1 
  25 -1 
  20 -1 
  17 -1 
  12 -1 
  5 -1 
  -4 -1 
  -6 -1 
  -7 -1 
  -9 -1 
  -26 -1 
  -34 -1 
  -36 -1 
  -38 -1 
  -39 -1 
  -46 -1 
  -47 -1 
  -48 -1 
  -52 -1 
  -68 -1 
  -71 -1 
  -75 -1 
  -85 -1 
  -86 -1 
  -97 -1 
  -104 -1 
  -110 -1 
  -117 -1 
  -123 -1 
  -136 -1 
  -143 -1 
  -146 -1 
  -161 -1 
  167 0 
  163 0 
  157 0 
  150 0 
  143 0 
  138 0 
  132 0 
  129 0 
  128 0 
  99 0 
  93 0 
  87 0 
  77 0 
  57 0 
  55 0 
  40 0 
  35 0 
  23 0 
  20 0 
  4 0 
  -4 0 
  -24 0 
  -29 0 
  -34 0 
  -37 0 
  -45 0 
  -78 0 
  -84 0 
  -86 0 
  -87 0 
  -105 0 
  -109 0 
  -139 0 
  159 1 
  147 1 
  144 1 
  139 1 
  134 1 
  116 1 
  114 1 
  83 1 
  79 1 
  65 1 
  46 1 
  45 1 
  43 1 
  42 1 
  40 1 
  39 1 
  4 1 
  -26 1 
  -47 1 
  -48 1 
  -57 1 
  -63 1 
  -65 1 
  -82 1 
  -88 1 
  -95 1 
  -138 1 
  151 2 
  149 2 
  148 2 
  146 2 
  137 2 
  134 2 
  112 2 
  106 2 
  104 2 
  98 2 
  92 2 
  87 2 
  78 2 
  35 2 
  22 2 
  15 2 
  9 2 
  7 2 
  5 2 
  -12 2 
  -18 2 
  -25 2 
  -26 2 
  -29 2 
  -47 2 
  -56 2 
  -58 2 
  -66 2 
  -68 2 
  -72 2 
  -74 2 
  -83 2 
  -97 2 
  -113 2 
  -116 2 
  -117 2 
  -121 2 
  -124 2 
  -130 2 
  -132 2 
  -133 2 
  -143 2 
  -150 2 
  -151 2 
  125 3 
  117 3 
  114 3 
  112 3 
  107 3 
  103 3 
  80 3 
  67 3 
  33 3 
  20 3 
  18 3 
  15 3 
  14 3 
  -11 3 
  -13 3 
  -31 3 
  -38 3 
  -77 3 
  -79 3 
  -89 3 
  -92 3 
  -99 3 
  -104 3 
  -106 3 
  -132 3 
  97 4 
  90 4 
  88 4 
  84 4 
  76 4 
  73 4 
  68 4 
  40 4 
  39 4 
  21 4 
  19 4 
  14 4 
  4 4 
  0 4 
  -2 4 
  -3 4 
  -8 4 
  -11 4 
  -12 4 
  -45 4 
  -47 4 
  -56 4 
  -79 4 
  -85 4 
  -86 4 
  -99 4 
  51 5 
  49 5 
  36 5 
  35 5 
  34 5 
  33 5 
  30 5 
  27 5 
  16 5 
  12 5 
  2 5 
  1 5 
  0 5 
  -18 5 
  -19 5 
  -38 5 
  -45 5 
  -49 5 
  58 -5 
  45 -5 
  21 -5 
  10 -5 
  2 -5 
  -1 -5 
  -6 -5 
  -7 -5 
  -14 -5 
  -21 -5 
  -25 -5 
  -31 -5 
  -34 -5 
  -42 -5 
  -45 -5 
  -46 -5 
  105 -4 
  98 -4 
  93 -4 
  80 -4 
  71 -4 
  58 -4 
  20 -4 
  11 -4 
  10 -4 
  4 -4 
  -7 -4 
  -14 -4 
  -25 -4 
  -31 -4 
  -54 -4 
  -58 -4 
  -61 -4 
  -62 -4 
  -74 -4 
  -75 -4 
  -76 -4 
  -78 -4 
  -96 -4 
  124 -3 
  121 -3 
  115 -3 
  110 -3 
  103 -3 
  92 -3 
  89 -3 
  83 -3 
  72 -3 
  71 -3 
  62 -3 
  55 -3 
  53 -3 
  44 -3 
  36 -3 
  34 -3 
  22 -3 
  19 -3 
  11 -3 
  9 -3 
  0 -3 
  -3 -3 
  -24 -3 
  -36 -3 
  -38 -3 
  -41 -3 
  -42 -3 
  -48 -3 
  -50 -3 
  -51 -3 
  -56 -3 
  -58 -3 
  -60 -3 
  -70 -3 
  -84 -3 
  -85 -3 
  -90 -3 
  -96 -3 
  -98 -3 
  -106 -3 
  154 -2 
  133 -2 
  132 -2 
  128 -2 
  126 -2 
  122 -2 
  115 -2 
  106 -2 
  92 -2 
  91 -2 
  85 -2 
  63 -2 
  54 -2 
  52 -2 
  43 -2 
  42 -2 
  27 -2 
  10 -2 
  0 -2 
  -15 -2 
  -53 -2 
  -63 -2 
  -69 -2 
  -72 -2 
  -73 -2 
  -75 -2 
  -80 -2 
  -86 -2 
  -100 -2 
  -112 -2 
  -117 -2 
  -121 -2 
  -123 -2 
  -125 -2 
  -129 -2 
  -130 -2 
  -135 -2 
  -137 -2 
  -140 -2 
  -151 -2 
  -154 -2 
  164 -1 
  157 -1 
  143 -1 
  130 -1 
  123 -1 
  91 -1 
  56 -1 
  52 -1 
  48 -1 
  44 -1 
  36 -1 
  22 -1 
  19 -1 
  18 -1 
  16 -1 
  10 -1 
  9 -1 
  8 -1 
  -14 -1 
  -25 -1 
  -43 -1 
  -61 -1 
  -67 -1 
  -91 -1 
  -101 -1 
  -107 -1 
  -114 -1 
  -131 -1 
  -148 -1 
  -149 -1 
  -153 -1 
  -156 -1 
  -164 -1 
  -165 -1 
  161 0 
  133 0 
  130 0 
  127 0 
  121 0 
  118 0 
  100 0 
  92 0 
  91 0 
  80 0 
  72 0 
  47 0 
  36 0 
  18 0 
  11 0 
  0 0 
  -11 0 
  -14 0 
  -28 0 
  -60 0 
  -69 0 
  -70 0 
  -71 0 
  -73 0 
  -91 0 
  -112 0 
  -121 0 
  -125 0 
  -135 0 
  -136 0 
  -141 0 
  -145 0 
  -147 0 
  -151 0 
  -152 0 
  -158 0 
  -163 0 
  161 1 
  156 1 
  152 1 
  140 1 
  136 1 
  132 1 
  130 1 
  129 1 
  124 1 
  121 1 
  117 1 
  107 1 
  100 1 
  94 1 
  80 1 
  78 1 
  77 1 
  62 1 
  60 1 
  54 1 
  53 1 
  24 1 
  22 1 
  13 1 
  0 1 
  -1 1 
  -17 1 
  -23 1 
  -28 1 
  -39 1 
  -43 1 
  -46 1 
  -51 1 
  -53 1 
  -58 1 
  -68 1 
  -78 1 
  -83 1 
  -89 1 
  -91 1 
  -92 1 
  -100 1 
  -114 1 
  -115 1 
  -130 1 
  -140 1 
  -145 1 
  -146 1 
  -159 1 
  138 2 
  124 2 
  109 2 
  97 2 
  77 2 
  69 2 
  52 2 
  43 2 
  34 2 
  32 2 
  31 2 
  27 2 
  24 2 
  16 2 
  4 2 
  -23 2 
  -30 2 
  -39 2 
  -40 2 
  -42 2 
  -43 2 
  -46 2 
  -93 2 
  -96 2 
  -98 2 
  -136 2 
  -140 2 
  -148 2 
  133 3 
  127 3 
  123 3 
  93 3 
  48 3 
  47 3 
  45 3 
  28 3 
  21 3 
  13 3 
  12 3 
  6 3 
  5 3 
  -1 3 
  -4 3 
  -18 3 
  -25 3 
  -33 3 
  -35 3 
  -36 3 
  -50 3 
  -54 3 
  -60 3 
  -62 3 
  -68 3 
  -83 3 
  -94 3 
  -110 3 
  -117 3 
  -120 3 
  -128 3 
  104 4 
  101 4 
  96 4 
  89 4 
  86 4 
  70 4 
  63 4 
  28 4 
  18 4 
  16 4 
  2 4 
  -10 4 
  -14 4 
  -18 4 
  -50 4 
  -58 4 
  -66 4 
  -68 4 
  -80 4 
  -97 4 
  -104 4 
  -105 4 
  55 5 
  40 5 
  -11 5 
  -16 5 
  -25 5 
  -26 5 
  -27 5 
  -34 5 
  -39 5 
  -52 5 
  49 -5 
  33 -5 
  25 -5 
  16 -5 
  15 -5 
  5 -5 
  4 -5 
  -3 -5 
  -5 -5 
  -10 -5 
  -13 -5 
  -19 -5 
  -32 -5 
  -38 -5 
  87 -4 
  76 -4 
  70 -4 
  64 -4 
  61 -4 
  59 -4 
  48 -4 
  40 -4 
  39 -4 
  36 -4 
  29 -4 
  23 -4 
  16 -4 
  -13 -4 
  -23 -4 
  -29 -4 
  -34 -4 
  -37 -4 
  -40 -4 
  -52 -4 
  -56 -4 
  -57 -4 
  -67 -4 
  -79 -4 
  -91 -4 
  -92 -4 
  -94 -4 
  -102 -4 
  117 -3 
  113 -3 
  102 -3 
  84 -3 
  49 -3 
  45 -3 
  38 -3 
  31 -3 
  25 -3 
  20 -3 
  -18 -3 
  -19 -3 
  -26 -3 
  -29 -3 
  -46 -3 
  -53 -3 
  -64 -3 
  -65 -3 
  -66 -3 
  -68 -3 
  -77 -3 
  -80 -3 
  -92 -3 
  -94 -3 
  -95 -3 
  -103 -3 
  -105 -3 
  -119 -3 
  -124 -3 
  -127 -3 
  -129 -3 
  -134 -3 
  149 -2 
  147 -2 
  137 -2 
  127 -2 
  114 -2 
  112 -2 
  103 -2 
  98 -2 
  79 -2 
  60 -2 
  50 -2 
  41 -2 
  40 -2 
  18 -2 
  4 -2 
  -4 -2 
  -5 -2 
  -14 -2 
  -16 -2 
  -24 -2 
  -29 -2 
  -32 -2 
  -34 -2 
  -36 -2 
  -41 -2 
  -65 -2 
  -82 -2 
  -95 -2 
  -98 -2 
  -120 -2 
  -127 -2 
  -128 -2 
  -138 -2 
  -150 -2 
  166 -1 
  162 -1 
  161 -1 
  147 -1 
  145 -1 
  129 -1 
  128 -1 
  107 -1 
  97 -1 
  95 -1 
  92 -1 
  85 -1 
  80 -1 
  72 -1 
  71 -1 
  60 -1 
  55 -1 
  51 -1 
  49 -1 
  31 -1 
  28 -1 
  -2 -1 
  -12 -1 
  -15 -1 
  -31 -1 
  -32 -1 
  -35 -1 
  -50 -1 
  -51 -1 
  -54 -1 
  -56 -1 
  -60 -1 
  -64 -1 
  -69 -1 
  -74 -1 
  -80 -1 
  -83 -1 
  -99 -1 
  -102 -1 
  -108 -1 
  -112 -1 
  -119 -1 
  -124 -1 
  -133 -1 
  -135 -1 
  -140 -1 
  -152 -1 
  -160 -1 
  168 0 
  158 0 
  155 0 
  146 0 
  144 0 
  139 0 
  135 0 
  126 0 
  119 0 
  116 0 
  109 0 
  103 0 
  95 0 
  90 0 
  89 0 
  85 0 
  84 0 
  73 0 
  69 0 
  67 0 
  53 0 
  49 0 
  42 0 
  34 0 
  21 0 
  3 0 
  -10 0 
  -12 0 
  -16 0 
  -18 0 
  -30 0 
  -36 0 
  -41 0 
  -43 0 
  -62 0 
  -72 0 
  -80 0 
  -88 0 
  -94 0 
  -119 0 
  -123 0 
  -137 0 
  -140 0 
  -156 0 
  154 1 
  135 1 
  123 1 
  119 1 
  112 1 
  109 1 
  106 1 
  87 1 
  75 1 
  70 1 
  69 1 
  59 1 
  51 1 
  47 1 
  29 1 
  19 1 
  17 1 
  11 1 
  2 1 
  -9 1 
  -14 1 
  -15 1 
  -19 1 
  -20 1 
  -25 1 
  -32 1 
  -38 1 
  -44 1 
  -45 1 
  -80 1 
  -104 1 
  -108 1 
  -127 1 
  -129 1 
  -131 1 
  -134 1 
  -135 1 
  -137 1 
  -139 1 
  -143 1 
  -149 1 
  142 2 
  141 2 
  139 2 
  135 2 
  122 2 
  116 2 
  115 2 
  114 2 
  110 2 
  100 2 
  94 2 
  93 2 
  89 2 
  88 2 
  79 2 
  76 2 
  74 2 
  71 2 
  56 2 
  45 2 
  29 2 
  28 2 
  17 2 
  -10 2 
  -13 2 
  -21 2 
  -36 2 
  -41 2 
  -50 2 
  -53 2 
  -55 2 
  -65 2 
  -78 2 
  -85 2 
  -88 2 
  -100 2 
  -112 2 
  -119 2 
  -126 2 
  -129 2 
  -144 2 
  129 3 
  116 3 
  105 3 
  102 3 
  92 3 
  79 3 
  78 3 
  64 3 
  63 3 
  54 3 
  40 3 
  32 3 
  29 3 
  26 3 
  11 3 
  9 3 
  -5 3 
  -10 3 
  -12 3 
  -30 3 
  -37 3 
  -42 3 
  -45 3 
  -48 3 
  -49 3 
  -58 3 
  -66 3 
  -72 3 
  -80 3 
  -96 3 
  -102 3 
  -113 3 
  -118 3 
  -119 3 
  -127 3 
  -130 3 
  103 4 
  100 4 
  99 4 
  92 4 
  81 4 
  77 4 
  61 4 
  54 4 
  52 4 
  50 4 
  45 4 
  33 4 
  30 4 
  23 4 
  20 4 
  7 4 
  1 4 
  -7 4 
  -19 4 
  -20 4 
  -21 4 
  -22 4 
  -26 4 
  -28 4 
  -29 4 
  -33 4 
  -43 4 
  -64 4 
  -74 4 
  -76 4 
  -82 4 
  -92 4 
  -106 4 
  43 5 
  41 5 
  38 5 
  32 5 
  22 5 
  15 5 
  -2 5 
  -4 5 
  -7 5 
  -13 5 
  54 -5 
  50 -5 
  40 -5 
  35 -5 
  32 -5 
  26 -5 
  22 -5 
  7 -5 
  -11 -5 
  -26 -5 
  -28 -5 
  -33 -5 
  -40 -5 
  -41 -5 
  -50 -5 
  -51 -5 
  -54 -5 
  94 -4 
  82 -4 
  51 -4 
  15 -4 
  13 -4 
  -15 -4 
  -17 -4 
  -20 -4 
  -28 -4 
  -32 -4 
  -45 -4 
  -48 -4 
  -49 -4 
  -60 -4 
  -63 -4 
  -64 -4 
  -68 -4 
  -88 -4 
  -99 -4 
  -103 -4 
  133 -3 
  132 -3 
  119 -3 
  109 -3 
  104 -3 
  101 -3 
  96 -3 
  95 -3 
  90 -3 
  86 -3 
  78 -3 
  77 -3 
  70 -3 
  63 -3 
  52 -3 
  43 -3 
  40 -3 
  32 -3 
  24 -3 
  23 -3 
  21 -3 
  12 -3 
  6 -3 
  4 -3 
  -7 -3 
  -8 -3 
  -12 -3 
  -16 -3 
  -17 -3 
  -43 -3 
  -49 -3 
  -57 -3 
  -72 -3 
  -82 -3 
  -83 -3 
  -87 -3 
  -93 -3 
  -97 -3 
  -101 -3 
  -109 -3 
  -114 -3 
  -115 -3 
  -122 -3 
  -135 -3 
  -136 -3 
  153 -2 
  145 -2 
  140 -2 
  139 -2 
  138 -2 
  123 -2 
  120 -2 
  110 -2 
  102 -2 
  86 -2 
  78 -2 
  69 -2 
  65 -2 
  47 -2 
  36 -2 
  35 -2 
  31 -2 
  24 -2 
  15 -2 
  9 -2 
  7 -2 
  5 -2 
  -1 -2 
  -13 -2 
  -20 -2 
  -22 -2 
  -26 -2 
  -28 -2 
  -35 -2 
  -37 -2 
  -47 -2 
  -55 -2 
  -62 -2 
  -64 -2 
  -68 -2 
  -77 -2 
  -84 -2 
  -89 -2 
  -90 -2 
  -101 -2 
  -109 -2 
  -116 -2 
  -118 -2 
  -124 -2 
  -142 -2 
  -144 -2 
  -152 -2 
  150 -1 
  149 -1 
  144 -1 
  137 -1 
  131 -1 
  125 -1 
  120 -1 
  113 -1 
  99 -1 
  96 -1 
  94 -1 
  88 -1 
  77 -1 
  69 -1 
  65 -1 
  29 -1 
  21 -1 
  13 -1 
  7 -1 
  6 -1 
  2 -1 
  -17 -1 
  -24 -1 
  -30 -1 
  -42 -1 
  -44 -1 
  -58 -1 
  -59 -1 
  -65 -1 
  -70 -1 
  -72 -1 
  -81 -1 
  -88 -1 
  -93 -1 
  -98 -1 
  -106 -1 
  -109 -1 
  -115 -1 
  -116 -1 
  -121 -1 
  -126 -1 
  -127 -1 
  -139 -1 
  -147 -1 
  -155 -1 
  -158 -1 
  164 0 
  160 0 
  156 0 
  152 0 
  141 0 
  124 0 
  122 0 
  107 0 
  106 0 
  102 0 
  86 0 
  78 0 
  66 0 
  63 0 
  61 0 
  52 0 
  44 0 
  41 0 
  33 0 
  31 0 
  30 0 
  19 0 
  14 0 
  12 0 
  9 0 
  8 0 
  6 0 
  -2 0 
  -19 0 
  -33 0 
  -38 0 
  -42 0 
  -47 0 
  -74 0 
  -76 0 
  -77 0 
  -82 0 
  -85 0 
  -89 0 
  -95 0 
  -96 0 
  -98 0 
  -108 0 
  -111 0 
  -118 0 
  -128 0 
  -133 0 
  -143 0 
  160 1 
  153 1 
  145 1 
  128 1 
  105 1 
  103 1 
  89 1 
  81 1 
  67 1 
  61 1 
  56 1 
  49 1 
  44 1 
  36 1 
  35 1 
  31 1 
  14 1 
  12 1 
  -11 1 
  -21 1 
  -37 1 
  -41 1 
  -55 1 
  -60 1 
  -77 1 
  -85 1 
  -96 1 
  -98 1 
  -101 1 
  -126 1 
  -152 1 
  -157 1 
  -162 1 
  -163 1 
  153 2 
  145 2 
  144 2 
  117 2 
  95 2 
  84 2 
  82 2 
  81 2 
  70 2 
  66 2 
  64 2 
  61 2 
  41 2 
  30 2 
  19 2 
  3 2 
  -4 2 
  -14 2 
  -19 2 
  -37 2 
  -44 2 
  -49 2 
  -52 2 
  -59 2 
  -82 2 
  -89 2 
  -95 2 
  -101 2 
  -102 2 
  -106 2 
  -114 2 
  -137 2 
  -146 2 
  -147 2 
  132 3 
  126 3 
  118 3 
  113 3 
  111 3 
  109 3 
  91 3 
  90 3 
  75 3 
  74 3 
  61 3 
  58 3 
  57 3 
  31 3 
  24 3 
  17 3 
  10 3 
  0 3 
  -3 3 
  -24 3 
  -28 3 
  -39 3 
  -40 3 
  -47 3 
  -55 3 
  -64 3 
  -65 3 
  -67 3 
  -76 3 
  -103 3 
  -105 3 
  -112 3 
  -116 3 
  -121 3 
  105 4 
  80 4 
  79 4 
  71 4 
  59 4 
  56 4 
  55 4 
  42 4 
  37 4 
  32 4 
  27 4 
  26 4 
  -13 4 
  -23 4 
  -25 4 
  -30 4 
  -48 4 
  -75 4 
  -78 4 
  -90 4 
  -93 4 
  -100 4 
  -102 4 
  52 5 
  45 5 
  44 5 
  25 5 
  19 5 
  13 5 
  11 5 
  8 5 
  -3 5 
  -20 5 
  -35 5 
  -46 5 
  -47 5 
  53 -5 
  51 -5 
  42 -5 
  37 -5 
  34 -5 
  13 -5 
  -9 -5 
  -20 -5 
  -22 -5 
  -43 -5 
  -47 -5 
  -55 -5 
  101 -4 
  97 -4 
  91 -4 
  89 -4 
  83 -4 
  74 -4 
  60 -4 
  54 -4 
  47 -4 
  46 -4 
  43 -4 
  37 -4 
  33 -4 
  32 -4 
  27 -4 
  26 -4 
  21 -4 
  9 -4 
  6 -4 
  3 -4 
  0 -4 
  -4 -4 
  -6 -4 
  -8 -4 
  -36 -4 
  -42 -4 
  -44 -4 
  -69 -4 
  -80 -4 
  -86 -4 
  -98 -4 
  -105 -4 
  136 -3 
  135 -3 
  131 -3 
  129 -3 
  126 -3 
  116 -3 
  112 -3 
  107 -3 
  88 -3 
  74 -3 
  66 -3 
  61 -3 
  58 -3 
  46 -3 
  33 -3 
  15 -3 
  10 -3 
  7 -3 
  1 -3 
  -9 -3 
  -10 -3 
  -11 -3 
  -20 -3 
  -30 -3 
  -31 -3 
  -32 -3 
  -37 -3 
  -59 -3 
  -62 -3 
  -74 -3 
  -76 -3 
  -81 -3 
  -110 -3 
  -117 -3 
  -118 -3 
  -120 -3 
  -130 -3 
  143 -2 
  136 -2 
  135 -2 
  129 -2 
  125 -2 
  124 -2 
  107 -2 
  100 -2 
  97 -2 
  90 -2 
  88 -2 
  87 -2 
  84 -2 
  83 -2 
  82 -2 
  74 -2 
  71 -2 
  70 -2 
  66 -2 
  39 -2 
  37 -2 
  33 -2 
  30 -2 
  28 -2 
  25 -2 
  20 -2 
  17 -2 
  14 -2 
  13 -2 
  11 -2 
  2 -2 
  -8 -2 
  -10 -2 
  -12 -2 
  -18 -2 
  -27 -2 
  -30 -2 
  -39 -2 
  -44 -2 
  -46 -2 
  -50 -2 
  -51 -2 
  -60 -2 
  -61 -2 
  -67 -2 
  -83 -2 
  -87 -2 
  -91 -2 
  -99 -2 
  -139 -2 
  -149 -2 
  127 -1 
  122 -1 
  108 -1 
  105 -1 
  89 -1 
  79 -1 
  75 -1 
  74 -1 
  61 -1 
  59 -1 
  57 -1 
  43 -1 
  39 -1 
  37 -1 
  34 -1 
  33 -1 
  11 -1 
  4 -1 
  1 -1 
  -1 -1 
  -11 -1 
  -16 -1 
  -23 -1 
  -29 -1 
  -37 -1 
  -66 -1 
  -82 -1 
  -87 -1 
  -94 -1 
  -96 -1 
  -100 -1 
  -113 -1 
  -122 -1 
  -134 -1 
  -138 -1 
  -142 -1 
  -166 -1 
  169 0 
  162 0 
  153 0 
  149 0 
  142 0 
  114 0 
  110 0 
  94 0 
  82 0 
  79 0 
  71 0 
  64 0 
  62 0 
  58 0 
  50 0 
  38 0 
  32 0 
  24 0 
  22 0 
  17 0 
  15 0 
  -3 0 
  -5 0 
  -17 0 
  -22 0 
  -32 0 
  -35 0 
  -39 0 
  -40 0 
  -48 0 
  -50 0 
  -52 0 
  -56 0 
  -57 0 
  -58 0 
  -67 0 
  -79 0 
  -97 0 
  -107 0 
  -115 0 
  -130 0 
  -150 0 
  -157 0 
  -162 0 
  -166 0 
  162 1 
  158 1 
  155 1 
  149 1 
  148 1 
  146 1 
  120 1 
  118 1 
  102 1 
  101 1 
  82 1 
  73 1 
  71 1 
  58 1 
  33 1 
  23 1 
  7 1 
  3 1 
  -4 1 
  -13 1 
  -31 1 
  -33 1 
  -40 1 
  -50 1 
  -56 1 
  -64 1 
  -66 1 
  -75 1 
  -76 1 
  -93 1 
  -103 1 
  -106 1 
  -107 1 
  -112 1 
  -122 1 
  -124 1 
  -133 1 
  -141 1 
  -142 1 
  -151 1 
  -153 1 
  -154 1 
  154 2 
  152 2 
  150 2 
  147 2 
  132 2 
  129 2 
  128 2 
  127 2 
  123 2 
  113 2 
  111 2 
  108 2 
  103 2 
  101 2 
  99 2 
  91 2 
  73 2 
  63 2 
  51 2 
  50 2 
  48 2 
  47 2 
  46 2 
  40 2 
  37 2 
  23 2 
  14 2 
  1 2 
  -16 2 
  -20 2 
  -34 2 
  -48 2 
  -51 2 
  -61 2 
  -71 2 
  -75 2 
  -86 2 
  -90 2 
  -91 2 
  -99 2 
  -103 2 
  -108 2 
  -115 2 
  -123 2 
  -125 2 
  -138 2 
  -145 2 
  124 3 
  119 3 
  108 3 
  106 3 
  99 3 
  94 3 
  86 3 
  82 3 
  70 3 
  65 3 
  59 3 
  50 3 
  49 3 
  44 3 
  42 3 
  39 3 
  36 3 
  34 3 
  25 3 
  23 3 
  3 3 
  1 3 
  -8 3 
  -9 3 
  -20 3 
  -27 3 
  -44 3 
  -61 3 
  -69 3 
  -70 3 
  -91 3 
  -95 3 
  -101 3 
  -114 3 
  -122 3 
  -131 3 
  98 4 
  62 4 
  58 4 
  51 4 
  43 4 
  36 4 
  15 4 
  13 4 
  12 4 
  11 4 
  9 4 
  3 4 
  -5 4 
  -36 4 
  -39 4 
  -51 4 
  -62 4 
  -67 4 
  -73 4 
  -91 4 
  -95 4 
  -103 4 
  47 5 
  37 5 
  14 5 
  6 5 
  -5 5 
  -12 5 
  -22 5 
  -28 5 
  -32 5 
  -40 5 
  -42 5 
  -43 5 
  -44 5 
  -48 5 
  -53 5 ;
AreaPerTest 1.9325800201e+10;
DefectRecordSpec 12 DEFECTID XREL YREL XINDEX YINDEX XSIZE YSIZE DEFECTAREA DSIZE CLASSNUMBER TEST IMAGECOUNT ;
DefectList
 1 75.947 3408.135 0 4 0.389 0.779 0.326248 0.779 0 1 0
 2 393.897 14223.633 -18 3 0.389 0.779 0.295830 0.779 0 1 0
 3 61.221 11568.409 1 3 0.389 0.389 0.204576 0.389 0 1 0
 4 38.991 11569.384 1 3 1.169 1.559 0.696036 1.559 0 1 0
 5 39.187 11559.829 1 3 0.779 1.949 0.602993 1.949 0 1 0
 6 81.269 6845.470 -42 3 0.779 0.779 0.312530 0.779 0 1 0
 7 151.337 6361.694 47 3 1.559 1.169 0.467603 1.559 0 1 0
 8 51.839 5052.437 1 3 0.779 0.779 0.229626 0.779 0 1 0
 9 141.618 9024.710 -76 2 3.119 3.899 1.613945 3.899 0 1 0
 10 34.562 8677.428 153 2 0.779 1.169 0.499214 1.169 0 1 0
 11 219.247 5706.898 138 2 3.119 4.289 1.191671 4.289 0 1 0
 12 177.932 12621.943 -151 1 2.339 3.119 0.851705 3.119 0 1 0
 13 182.611 12612.973 -151 1 0.779 0.779 0.372770 0.779 0 1 0
 14 41.872 11569.760 1 1 1.169 13.259 3.187333 13.259 0 1 0
 15 40.898 11386.857 1 1 0.779 2.339 0.446131 2.339 0 1 0
 16 184.498 16446.662 -169 0 1.169 1.559 1.168410 1.559 0 1 0
 17 177.673 16458.557 -169 0 1.559 2.729 2.088705 2.729 0 1 0
 18 169.875 16455.437 -169 0 9.359 8.969 10.970771 9.359 0 1 0
 19 160.709 16456.997 -169 0 3.509 2.729 4.163096 3.509 0 1 0
 20 157.589 16451.732 -169 0 3.509 2.339 1.761264 3.509 0 1 0
 21 154.860 16456.997 -169 0 3.509 2.729 4.311011 3.509 0 1 0
 22 143.159 16457.777 -169 0 14.429 4.289 17.717014 14.429 0 1 0
 23 131.265 16457.972 -169 0 2.339 3.899 2.996475 3.899 0 1 0
 24 123.075 16458.557 -169 0 7.019 2.729 5.715012 7.019 0 1 0
 25 113.130 16458.947 -169 0 2.729 1.949 1.624084 2.729 0 1 0
 26 190.784 15757.305 -169 0 0.389 0.779 0.540367 0.779 0 1 0
 27 190.394 15704.657 -169 0 0.389 1.559 0.992463 1.559 0 1 0
 28 189.615 15566.992 -169 0 0.389 0.779 0.669793 0.779 0 1 0
 29 188.834 15429.133 -169 0 0.389 0.389 0.333406 0.389 0 1 0
 30 204.779 15015.285 -169 0 0.389 0.779 0.638779 0.779 0 1 0
 31 42.391 11569.293 1 0 0.389 1.949 0.389470 1.949 0 1 0
 32 45.110 11569.293 -55 0 0.389 0.389 0.226048 0.389 0 1 0
 33 43.939 11416.809 -55 0 1.169 0.389 0.202787 1.169 0 1 0
 34 202.634 2779.698 -169 0 1.559 2.339 2.138805 2.339 0 1 0
 35 201.659 2503.589 -169 0 0.389 0.779 0.647129 0.779 0 1 0
 36 190.784 2383.150 -169 0 0.389 0.389 0.425852 0.389 0 1 0
 37 190.394 2324.457 -169 0 1.169 5.459 3.166458 5.459 0 1 0
 38 190.784 2318.802 -169 0 0.389 0.389 0.509353 0.389 0 1 0
 39 190.394 2291.503 -169 0 0.389 0.389 0.439570 0.389 0 1 0
 40 190.005 2227.741 -169 0 1.169 3.119 1.714146 3.119 0 1 0
 41 189.615 2186.207 -169 0 1.169 4.289 2.046955 4.289 0 1 0
 42 189.224 2107.820 -169 0 0.389 0.389 0.438974 0.389 0 1 0
 43 189.029 2089.880 -169 0 1.559 3.509 2.177573 3.509 0 1 0
 44 189.029 2048.348 -169 0 1.559 3.899 1.595456 3.899 0 1 0
 45 188.834 2015.784 -169 0 0.389 0.389 0.420485 0.389 0 1 0
 46 189.224 1997.454 -169 0 0.389 0.389 0.521878 0.389 0 1 0
 47 188.834 1951.826 -169 0 0.389 1.169 0.852301 1.169 0 1 0
 48 188.055 1813.577 -169 0 0.389 0.779 0.657268 0.779 0 1 0
 49 188.055 1770.873 -169 0 0.389 1.169 0.717508 1.169 0 1 0
 50 187.274 1675.132 -169 0 0.389 0.779 0.651304 0.779 0 1 0
 51 204.194 1587.772 -169 0 1.559 0.779 0.700211 1.559 0 1 0
 52 204.389 1537.074 -169 0 0.389 0.779 0.638182 0.779 0 1 0
 53 203.608 1352.806 -169 0 0.389 0.389 0.485496 0.389 0 1 0
 54 202.048 1306.397 -169 0 0.389 0.389 0.498617 0.389 0 1 0
 55 202.243 1220.211 -169 0 1.559 4.289 2.647562 4.289 0 1 0
 56 202.048 1083.911 -169 0 0.389 0.779 0.644743 0.779 0 1 0
 57 202.048 1080.206 -169 0 0.389 0.389 0.479531 0.389 0 1 0
 58 201.074 985.050 -169 0 1.559 1.949 1.748739 1.949 0 1 0
 59 201.269 945.271 -169 0 0.389 0.389 0.483706 0.389 0 1 0
 60 201.269 941.761 -169 0 0.389 0.389 0.458060 0.389 0 1 0
 61 200.099 939.032 -169 0 0.389 0.389 0.477146 0.389 0 1 0
 62 35.178 834.512 -169 0 0.389 1.169 0.992463 1.169 0 1 0
 63 35.568 824.567 -169 0 1.169 10.139 5.927938 10.139 0 1 0
 64 35.178 722.001 -169 0 1.169 0.779 1.225071 1.169 0 1 0
 65 36.740 805.263 -169 0 3.509 17.549 15.490533 17.549 0 1 0
 66 37.519 782.449 -169 0 5.849 17.939 20.862596 17.939 0 1 0
 67 38.494 759.635 -169 0 7.799 17.549 25.510592 17.549 0 1 0
 68 38.688 736.626 -169 0 8.189 17.549 29.028348 17.549 0 1 0
 69 84.512 750.275 -169 0 0.779 1.169 0.429431 1.169 0 1 0
 70 84.317 746.180 -169 0 0.389 1.559 0.501003 1.559 0 1 0
 71 84.122 725.316 -169 0 0.779 5.849 1.438594 5.849 0 1 0
 72 191.175 897.494 -169 0 0.389 0.779 0.639972 0.779 0 1 0
 73 191.175 892.230 -169 0 0.389 1.169 0.833812 1.169 0 1 0
 74 190.784 846.991 -169 0 0.389 0.389 0.517107 0.389 0 1 0
 75 190.200 806.043 -169 0 1.559 5.069 3.233258 5.069 0 1 0
 76 190.784 800.778 -169 0 0.389 0.779 0.648918 0.779 0 1 0
 77 34.984 705.232 -169 0 0.779 0.779 0.951309 0.779 0 1 0
 78 34.788 659.409 -169 0 1.169 1.169 1.169603 1.169 0 1 0
 79 35.374 582.582 -169 0 0.779 1.169 0.396627 1.169 0 1 0
 80 35.178 571.857 -169 0 0.389 5.459 1.229246 5.459 0 1 0
 81 34.788 564.252 -169 0 1.169 1.949 2.230656 1.949 0 1 0
 82 38.688 614.170 -169 0 2.729 0.389 1.893672 2.729 0 1 0
 83 36.348 552.553 -169 0 2.729 14.429 11.308352 14.429 0 1 0
 84 35.958 541.438 -169 0 3.509 2.339 5.352381 3.509 0 1 0
 85 38.298 690.802 -169 0 8.189 17.939 25.709204 17.939 0 1 0
 86 38.298 674.423 -169 0 8.189 4.679 7.079648 8.189 0 1 0
 87 38.105 645.369 -169 0 7.799 16.769 14.601849 16.769 0 1 0
 88 37.908 629.965 -169 0 6.629 1.559 4.100470 6.629 0 1 0
 89 40.249 607.541 -169 0 1.949 0.389 1.560266 1.949 0 1 0
 90 41.223 584.142 -169 0 1.559 1.169 1.514341 1.559 0 1 0
 91 40.639 580.047 -169 0 0.389 3.119 1.957490 3.119 0 1 0
 92 48.243 661.944 -169 0 1.559 98.276 81.961696 98.276 0 1 0
 93 47.658 608.126 -169 0 0.389 4.679 2.710784 4.679 0 1 0
 94 55.848 621.580 -169 0 3.509 17.549 14.835651 17.549 0 1 0
 95 57.214 598.766 -169 0 6.239 17.939 22.672768 17.939 0 1 0
 96 57.993 575.757 -169 0 7.799 17.939 29.781044 17.939 0 1 0
 97 58.188 552.748 -169 0 8.189 17.939 28.158154 17.939 0 1 0
 98 83.733 633.280 -169 0 0.779 5.069 2.979775 5.069 0 1 0
 99 83.733 610.271 -169 0 0.779 5.069 2.911185 5.069 0 1 0
 100 83.733 587.261 -169 0 0.779 5.069 2.970828 5.069 0 1 0
 101 83.538 564.252 -169 0 1.169 5.069 3.163476 5.069 0 1 0
 102 82.757 552.553 -169 0 1.169 8.189 6.105675 8.189 0 1 0
 103 83.343 541.438 -169 0 0.779 5.459 2.966057 5.459 0 1 0
 104 84.122 679.298 -169 0 0.779 5.069 2.880170 5.069 0 1 0
 105 84.122 656.289 -169 0 0.779 5.069 2.929078 5.069 0 1 0
 106 190.005 668.183 -169 0 0.389 4.679 2.064848 4.679 0 1 0
 107 189.615 571.272 -169 0 0.389 2.729 1.433226 2.729 0 1 0
 108 190.394 713.812 -169 0 0.389 0.779 0.499810 0.779 0 1 0
 109 67.158 523.889 -169 0 0.389 2.339 1.405194 2.339 0 1 0
 110 67.548 506.535 -169 0 1.169 16.769 11.891066 16.769 0 1 0
 111 67.743 483.915 -169 0 1.559 17.549 14.770640 17.549 0 1 0
 112 66.962 377.255 -169 0 0.779 0.779 0.978149 0.779 0 1 0
 113 66.572 367.505 -169 0 0.779 14.819 7.886621 14.819 0 1 0
 114 66.962 352.685 -169 0 1.559 3.899 2.569429 3.899 0 1 0
 115 70.473 460.906 -169 0 7.019 17.549 18.881250 17.549 0 1 0
 116 70.668 437.897 -169 0 8.189 17.549 30.226580 17.549 0 1 0
 117 70.668 414.888 -169 0 8.189 17.549 22.075144 17.549 0 1 0
 118 70.668 392.269 -169 0 8.189 16.769 19.991806 16.769 0 1 0
 119 73.593 377.060 -169 0 1.559 1.169 1.782735 1.559 0 1 0
 120 73.593 373.355 -169 0 0.779 2.339 1.677763 2.339 0 1 0
 121 71.058 361.460 -169 0 4.289 1.169 2.747166 4.289 0 1 0
 122 73.593 353.855 -169 0 1.559 1.559 1.867429 1.559 0 1 0
 123 83.343 527.984 -169 0 0.779 1.949 1.785718 1.949 0 1 0
 124 83.343 518.234 -169 0 0.779 5.069 3.019139 5.069 0 1 0
 125 83.147 495.420 -169 0 1.169 5.459 3.065661 5.459 0 1 0
 126 82.952 472.411 -169 0 0.779 5.459 2.972617 5.459 0 1 0
 127 82.952 449.402 -169 0 0.779 5.459 3.076993 5.459 0 1 0
 128 82.952 426.393 -169 0 0.779 5.459 3.108604 5.459 0 1 0
 129 81.197 398.119 -169 0 0.389 1.169 1.108171 1.169 0 1 0
 130 82.562 403.383 -169 0 0.779 5.459 3.012578 5.459 0 1 0
 131 188.834 433.412 -169 0 0.389 1.559 0.863037 1.559 0 1 0
 132 188.445 390.319 -169 0 0.389 0.389 0.486689 0.389 0 1 0
 133 81.783 333.966 -169 0 2.339 10.919 5.063708 10.919 0 1 0
 134 81.197 306.667 -169 0 3.509 19.499 12.236400 19.499 0 1 0
 135 81.783 288.143 -169 0 2.339 10.529 4.991540 10.529 0 1 0
 136 81.783 265.524 -169 0 1.559 8.969 4.289539 8.969 0 1 0
 137 80.613 229.645 -169 0 3.119 33.928 21.691638 33.928 0 1 0
 138 81.587 196.691 -169 0 1.169 3.899 2.185923 3.899 0 1 0
 139 86.658 323.437 -169 0 0.389 17.159 10.041530 17.159 0 1 0
 140 86.658 299.842 -169 0 0.389 1.949 1.634820 1.949 0 1 0
 141 85.877 208.976 -169 0 0.389 7.409 3.432466 7.409 0 1 0
 142 85.877 191.817 -169 0 0.389 5.069 2.710187 5.069 0 1 0
 143 85.877 183.237 -169 0 0.389 0.389 0.614325 0.389 0 1 0
 144 87.048 270.399 -169 0 1.949 35.878 27.353566 35.878 0 1 0
 145 87.437 175.047 -169 0 0.389 0.389 0.668600 0.389 0 1 0
 146 98.358 184.407 -169 0 1.949 4.289 5.073847 4.289 0 1 0
 147 100.502 249.144 -169 0 2.339 3.509 3.333459 3.509 0 1 0
 148 100.308 224.770 -169 0 2.729 38.218 45.839976 38.218 0 1 0
 149 98.942 179.337 -169 0 4.679 0.389 2.552729 4.679 0 1 0
 150 104.401 184.407 -169 0 2.339 4.289 3.600064 4.289 0 1 0
 151 104.791 193.962 -169 0 27.299 10.919 44.749700 27.299 0 1 0
 152 120.197 274.688 -169 0 0.389 4.679 2.458493 4.679 0 1 0
 153 123.317 189.087 -169 0 0.389 0.389 0.403188 0.389 0 1 0
 154 126.046 298.088 -169 0 0.389 0.779 0.551103 0.779 0 1 0
 155 125.461 217.361 -169 0 0.779 7.799 6.086589 7.799 0 1 0
 156 126.242 189.477 -169 0 0.779 0.389 0.672179 0.779 0 1 0
 157 133.262 298.088 -169 0 0.779 2.339 1.089085 2.339 0 1 0
 158 132.676 206.831 -169 0 0.389 0.779 0.545735 0.779 0 1 0
 159 132.872 195.522 -169 0 24.959 7.799 38.348792 24.959 0 1 0
 160 148.081 189.477 -169 0 0.779 0.389 0.609554 0.779 0 1 0
 161 148.276 194.937 -169 0 1.949 6.629 5.397710 6.629 0 1 0
 162 153.541 189.477 -169 0 0.779 0.389 0.608957 0.779 0 1 0
 163 154.125 193.182 -169 0 1.949 3.119 2.561079 3.119 0 1 0
 164 159.586 190.452 -169 0 2.729 1.559 2.747166 2.729 0 1 0
 165 188.055 295.163 -169 0 0.389 1.169 0.823673 1.169 0 1 0
 166 267.028 202.931 -169 0 17.939 2.339 9.541720 17.939 0 1 0
 167 284.188 203.906 -169 0 3.119 0.389 1.731442 3.119 0 1 0
 168 345.806 189.867 -169 0 0.779 0.389 0.718701 0.779 0 1 0
 169 40.053 713.617 -169 0 5.459 17.549 22.085878 17.549 0 1 0
 170 83.147 533.053 -169 0 1.169 1.169 1.628856 1.169 0 1 0
 171 189.224 531.884 -169 0 0.389 0.389 0.336388 0.389 0 1 0
 172 81.587 365.750 -169 0 3.509 40.948 28.195132 40.948 0 1 0
 173 86.658 344.886 -169 0 0.389 17.159 9.400366 17.159 0 1 0
 174 165.974 118.818 -169 0 1.559 0.779 1.307975 1.559 0 1 0
 175 161.099 118.818 -169 0 1.169 0.779 1.039581 1.169 0 1 0
 176 122.880 118.818 -169 0 1.949 1.559 2.206202 1.949 0 1 0
 177 118.786 118.818 -169 0 1.559 1.559 2.079759 1.559 0 1 0
 178 107.865 118.818 -169 0 1.559 1.559 1.922301 1.559 0 1 0
 179 101.430 118.818 -169 0 6.629 1.559 6.375859 6.629 0 1 0
 180 44.490 11202.377 1 -1 0.779 7.799 1.170200 7.799 0 1 0
 181 350.231 5792.995 -2 -1 1.169 2.339 0.600011 2.339 0 1 0
 182 43.321 5051.240 1 -1 0.779 4.679 0.981131 4.679 0 1 0
 183 62.372 2094.679 -8 -1 0.389 1.169 0.261834 1.169 0 1 0
 184 64.003 11569.030 1 -2 0.389 0.389 0.180122 0.389 0 1 0
 185 175.265 8769.368 -71 -2 0.779 1.559 0.590468 1.559 0 1 0
 186 62.430 7708.020 -45 -2 0.389 1.169 0.158054 1.169 0 1 0
 187 160.510 6769.904 -68 -2 1.559 1.559 0.759258 1.559 0 1 0
 188 52.608 5052.598 1 -2 1.559 0.389 0.418099 1.559 0 1 0
 189 150.885 8475.632 19 -3 0.779 1.169 0.182508 1.169 0 1 0
 190 64.317 5052.591 1 -3 0.779 0.389 0.237976 0.779 0 1 0
 191 41.504 5052.786 1 -3 1.169 0.779 0.346527 1.169 0 1 0
 192 32.814 11205.406 1 -4 1.169 2.729 0.530228 2.729 0 1 0
 193 299.181 5520.764 97 -4 0.779 3.119 0.543350 3.119 0 1 0
 194 395.928 2259.231 -58 -4 1.169 1.169 0.495635 1.169 0 1 0
 195 143.394 1007.181 109 -4 0.779 1.559 0.478339 1.559 0 1 0
 196 81.581 1063.144 109 -4 0.389 0.389 0.199208 0.389 0 1 0
 197 390.365 14561.893 54 -5 0.389 1.169 0.286287 1.169 0 1 0
 198 246.189 2551.202 -57 -5 0.389 0.389 0.155072 0.389 0 1 0
 199 39.754 11332.851 1 2 0.389 0.389 0.140162 0.389 0 1 0
 200 78.250 334.808 -169 0 88.917 457.062 5251.915264 457.062 0 1 0
 201 150.959 153.331 -169 0 2.729 1.949 3.391313 2.729 0 1 0
 202 143.550 153.331 -169 0 8.189 1.949 12.070592 8.189 0 1 0
 203 135.945 153.331 -169 0 2.339 1.949 3.581574 2.339 0 1 0
 204 128.536 153.331 -169 0 7.799 1.949 11.834405 7.799 0 1 0
 205 33.260 11332.568 -55 0 0.779 0.389 0.232609 0.779 0 1 0
 206 33.260 11328.278 -55 0 0.779 0.389 0.295830 0.779 0 1 0
 207 201.269 15802.407 -169 0 0.389 0.779 0.637586 0.779 0 1 0
 208 190.394 15802.543 -169 0 1.949 3.119 3.286937 3.119 0 1 0
 209 191.175 15797.863 -169 0 0.389 0.779 0.546928 0.779 0 1 0
 210 33.182 11330.430 -55 1 1.169 4.679 1.248929 4.679 0 1 0;
SummarySpec 5
  TESTNO    NDEFECT    DEFDENSITY    NDIE    NDEFDIE  ;
SummaryList 
  1    210    1.0866305828e+00    939    30  ;
DieOrigin 0.0000000000e+00 0.0000000000e+00;
WaferID "@02";
Slot 2;
SampleCenterLocation 4.5479800000e+02 8.2892090000e+03;
OrientationInstructions "";
InspectionTest 1;
AreaPerTest 1.9325800201e+10;
DefectRecordSpec 12 DEFECTID XREL YREL XINDEX YINDEX XSIZE YSIZE DEFECTAREA DSIZE CLASSNUMBER TEST IMAGECOUNT ;
DefectList
 1 35.759 8679.028 29 5 0.389 0.389 0.237976 0.389 78 1 0
 2 37.206 8682.148 2 5 0.389 1.949 0.533210 1.949 78 1 0
 3 37.547 11569.089 1 4 0.389 0.389 0.185490 0.389 78 1 0
 4 39.990 8678.046 -96 4 0.779 0.779 0.363824 0.779 78 1 0
 5 45.033 8685.449 -111 3 0.779 2.339 1.099821 2.339 0 1 0
 6 42.303 8685.449 -111 3 1.559 3.119 0.909559 3.119 78 1 0
 7 41.718 8680.769 -111 3 0.389 0.779 0.357859 0.779 0 1 0
 8 196.832 118.801 -38 3 0.389 0.389 0.174755 0.389 78 1 0
 9 387.234 16531.391 13 2 1.949 0.389 0.243941 1.949 78 1 0
 10 52.779 11747.688 1 2 0.389 0.389 0.133004 0.389 0 1 0
 11 52.779 11730.529 1 2 0.389 0.389 0.118690 0.389 0 1 0
 12 62.724 11563.616 1 2 0.779 10.529 1.647942 10.529 0 1 0
 13 40.495 11578.435 1 2 0.779 1.169 0.392452 1.169 0 1 0
 14 40.302 11570.050 1 2 1.169 3.899 1.095049 3.899 0 1 0
 15 40.692 11560.496 1 2 0.389 1.949 0.582118 1.949 0 1 0
 16 40.302 11497.708 1 2 0.389 0.389 0.246923 0.389 0 1 0
 17 40.302 11485.229 1 2 0.389 3.509 0.687686 3.509 78 1 0
 18 39.130 11393.972 1 2 0.389 3.509 0.791465 3.509 0 1 0
 19 39.520 11382.273 1 2 1.169 11.309 2.236620 11.309 0 1 0
 20 52.562 11200.466 1 2 0.779 9.359 1.873990 9.359 0 1 0
 21 40.862 5023.004 1 2 0.779 6.629 0.681722 6.629 0 1 0
 22 40.668 5008.965 1 2 0.389 4.289 0.452095 4.289 0 1 0
 23 40.668 4989.271 1 2 0.389 0.779 0.220680 0.779 0 1 0
 24 37.944 4939.158 57 2 0.389 0.389 0.205173 0.389 0 1 0
 25 38.139 4925.508 57 2 0.779 0.389 0.234994 0.779 78 1 0
 26 37.554 4879.880 57 2 0.389 0.389 0.226048 0.389 0 1 0
 27 444.615 4194.478 21 2 0.779 0.779 0.215312 0.779 78 1 0
 28 223.474 118.724 40 2 0.389 0.779 0.148512 0.779 78 1 0
 29 180.098 118.724 26 2 0.779 0.779 0.133601 0.779 78 1 0
 30 287.431 118.529 -25 2 0.389 0.389 0.173562 0.389 78 1 0
 31 151.048 16531.384 69 1 0.389 0.389 0.116901 0.389 78 1 0
 32 304.652 16531.384 41 1 0.389 0.389 0.165808 0.389 78 1 0
 33 140.048 16531.384 14 1 0.389 0.389 0.229030 0.389 0 1 0
 34 114.113 16531.384 14 1 2.339 0.389 0.300602 2.339 78 1 0
 35 365.551 16531.384 13 1 1.169 0.389 0.268394 1.169 78 1 0
 36 364.090 16531.189 -38 1 0.779 0.779 0.160440 0.779 78 1 0
 37 398.595 16531.384 -43 1 0.389 0.389 0.115111 0.389 0 1 0
 38 380.070 16531.384 -43 1 0.779 0.389 0.190262 0.779 0 1 0
 39 43.028 12408.640 -59 1 0.779 0.779 0.177737 0.779 78 1 0
 40 167.920 12788.095 94 1 1.949 1.559 0.577943 1.949 63 1 0
 41 39.283 11568.803 57 1 0.389 1.169 0.270780 1.169 0 1 0
 42 38.501 11385.900 57 1 0.389 0.389 0.119883 0.389 78 1 0
 43 44.059 11568.803 -55 1 0.779 1.169 0.381120 1.169 0 1 0
 44 42.889 11388.825 -55 1 0.779 9.359 1.551916 9.359 78 1 0
 45 254.916 10628.156 -42 1 7.019 9.749 7.786420 9.749 13 1 0
 46 257.611 10309.075 161 1 0.779 0.779 0.246923 0.779 0 1 0
 47 248.447 10325.259 161 1 2.729 1.169 0.723472 2.729 78 1 0
 48 35.317 7761.432 109 1 0.779 0.779 0.229030 0.779 1 1 0
 49 171.233 6703.840 -28 1 3.899 3.509 2.006397 3.899 13 1 0
 50 448.374 4119.983 -56 1 0.389 0.779 0.283902 0.779 78 1 0
 51 109.106 16531.112 -169 0 1.169 1.169 0.725261 1.169 100 1 0
 52 103.060 16463.255 -169 0 0.779 5.849 3.945398 5.849 100 1 0
 53 97.990 16453.310 -169 0 0.779 4.679 2.425093 4.679 100 1 0
 54 97.795 16433.616 -169 0 0.389 1.169 0.861248 1.169 100 1 0
 55 97.795 16428.741 -169 0 0.389 1.559 0.907770 1.559 100 1 0
 56 97.601 16410.997 -169 0 0.779 0.389 0.508160 0.779 100 1 0
 57 97.795 16405.927 -169 0 0.389 1.169 0.889280 1.169 100 1 0
 58 163.553 14932.237 86 0 2.339 2.339 0.325055 2.339 13 1 0
 59 37.415 11568.796 113 0 0.389 0.389 0.193244 0.389 0 1 0
 60 38.798 11386.478 57 0 0.779 2.339 0.526650 2.339 78 1 0
 61 44.573 11568.796 -55 0 0.779 1.169 0.484303 1.169 0 1 0
 62 44.379 11542.667 -55 0 0.389 0.389 0.284498 0.389 0 1 0
 63 44.379 11528.823 -55 0 1.169 0.779 0.407960 1.169 0 1 0
 64 44.183 11514.588 -55 0 0.779 0.389 0.317898 0.779 0 1 0
 65 44.183 11500.549 -55 0 0.779 0.389 0.288673 0.779 0 1 0
 66 43.990 11486.510 -55 0 0.389 0.389 0.268991 0.389 0 1 0
 67 43.793 11430.352 -55 0 0.779 0.389 0.311338 0.779 0 1 0
 68 43.793 11416.312 -55 0 0.779 0.389 0.304777 0.779 0 1 0
 69 43.404 11385.698 -55 0 0.779 0.779 0.248712 0.779 0 1 0
 70 43.598 11360.544 -55 0 0.389 0.389 0.280919 0.389 0 1 0
 71 43.404 11356.840 -55 0 0.779 1.559 0.521282 1.559 78 1 0
 72 43.404 11343.385 -55 0 0.779 0.389 0.291655 0.779 0 1 0
 73 33.240 11205.062 -55 0 1.169 1.949 0.620289 1.949 0 1 0
 74 32.851 11119.850 -55 0 1.169 1.559 0.534403 1.559 0 1 0
 75 32.851 11107.955 -55 0 0.389 3.509 0.465813 3.509 0 1 0
 76 32.851 11080.072 -55 0 0.389 3.119 0.702001 3.119 0 1 0
 77 107.183 9296.663 -58 0 0.779 0.779 0.110340 0.779 78 1 0
 78 54.507 8674.118 -169 0 3.509 0.779 1.039581 3.509 100 1 0
 79 97.795 1510.183 -169 0 0.389 0.779 0.407363 0.779 100 1 0
 80 97.601 1486.979 -169 0 0.779 1.169 0.595836 1.169 100 1 0
 81 39.884 1510.963 -169 0 3.119 2.339 1.550127 3.119 100 1 0
 82 39.884 1503.553 -169 0 3.119 3.119 2.994089 3.119 100 1 0
 83 39.884 1488.149 -169 0 3.119 2.729 2.957110 3.119 100 1 0
 84 39.884 1480.544 -169 0 3.119 3.119 3.098465 3.119 100 1 0
 85 97.211 1438.816 -169 0 0.779 5.459 1.189882 5.459 100 1 0
 86 97.211 1415.612 -169 0 0.779 5.849 1.241772 5.849 100 1 0
 87 97.015 1392.603 -169 0 1.169 5.849 3.613185 5.849 100 1 0
 88 97.015 1369.594 -169 0 1.169 5.849 5.154962 5.849 100 1 0
 89 97.015 1346.584 -169 0 1.169 5.849 5.226534 5.849 100 1 0
 90 96.625 1323.575 -169 0 1.169 5.849 5.180609 5.849 100 1 0
 91 96.625 1300.566 -169 0 1.169 5.849 5.172259 5.849 100 1 0
 92 49.046 1411.322 -169 0 0.389 0.389 0.542753 0.389 100 1 0
 93 49.437 1388.703 -169 0 0.389 0.389 0.542753 0.389 100 1 0
 94 48.461 1396.503 -169 0 2.339 1.949 1.519709 2.339 100 1 0
 95 48.266 1377.588 -169 0 2.729 10.919 6.783818 10.919 100 1 0
 96 50.411 1358.089 -169 0 7.019 17.939 17.063324 17.939 100 1 0
 97 50.411 1335.275 -169 0 7.019 18.329 24.779366 18.329 100 1 0
 98 50.801 1312.266 -169 0 8.579 18.329 24.154304 18.329 100 1 0
 99 50.801 1289.257 -169 0 8.579 18.329 27.444820 18.329 100 1 0
 100 40.467 1457.925 -169 0 4.289 2.339 4.326518 4.289 100 1 0
 101 40.077 1441.936 -169 0 3.509 2.339 3.547578 3.509 100 1 0
 102 40.077 1427.116 -169 0 3.509 17.939 11.857069 17.939 100 1 0
 103 40.273 1404.107 -169 0 3.899 17.939 18.635518 17.939 100 1 0
 104 40.273 1385.388 -169 0 3.899 9.359 8.292195 9.359 100 1 0
 105 40.077 1372.908 -169 0 3.509 1.559 2.515154 3.509 100 1 0
 106 40.077 1365.889 -169 0 3.509 2.339 4.047388 3.509 100 1 0
 107 40.077 1353.799 -169 0 3.509 9.359 6.335301 9.359 100 1 0
 108 40.077 1335.275 -169 0 3.509 18.329 13.858099 18.329 100 1 0
 109 40.077 1312.266 -169 0 3.509 18.329 14.799269 18.329 100 1 0
 110 39.884 1296.666 -169 0 3.119 3.509 4.414194 3.509 100 1 0
 111 39.492 1282.432 -169 0 2.339 4.679 4.423737 4.679 100 1 0
 112 96.430 1254.743 -169 0 1.559 5.459 5.084583 5.459 100 1 0
 113 96.235 1231.929 -169 0 1.169 5.849 5.081005 5.849 100 1 0
 114 96.235 1208.920 -169 0 1.169 5.849 5.140648 5.849 100 1 0
 115 96.041 1185.911 -169 0 1.559 5.849 5.158541 5.849 100 1 0
 116 95.846 1162.902 -169 0 1.169 5.849 5.095915 5.849 100 1 0
 117 95.846 1139.892 -169 0 1.169 5.849 5.005854 5.849 100 1 0
 118 95.651 1116.883 -169 0 1.559 5.849 5.265302 5.849 100 1 0
 119 68.546 1204.630 -169 0 0.389 0.389 0.501599 0.389 100 1 0
 120 67.961 1166.411 -169 0 3.119 2.729 3.035839 3.119 100 1 0
 121 68.156 1159.197 -169 0 1.169 2.339 1.764246 2.339 100 1 0
 122 69.327 1146.522 -169 0 6.629 8.969 8.579675 8.969 100 1 0
 123 69.521 1128.193 -169 0 7.019 18.329 17.443252 18.329 100 1 0
 124 69.521 1105.184 -169 0 7.019 18.329 22.026236 18.329 100 1 0
 125 60.551 1220.034 -169 0 1.559 53.037 32.837162 53.037 100 1 0
 126 60.161 1148.862 -169 0 1.559 54.207 33.744336 54.207 100 1 0
 127 50.411 1243.238 -169 0 8.579 18.329 27.079208 18.329 100 1 0
 128 50.411 1220.229 -169 0 8.579 18.329 31.443300 18.329 100 1 0
 129 50.216 1197.220 -169 0 8.189 18.329 27.712022 18.329 100 1 0
 130 50.021 1174.211 -169 0 8.579 18.329 30.449048 18.329 100 1 0
 131 50.021 1151.202 -169 0 8.579 18.329 33.109136 18.329 100 1 0
 132 49.437 1128.193 -169 0 7.409 18.329 30.664958 18.329 100 1 0
 133 49.827 1105.184 -169 0 8.189 18.329 30.641100 18.329 100 1 0
 134 39.687 1152.372 -169 0 0.389 9.749 4.979611 9.749 100 1 0
 135 39.884 1243.238 -169 0 3.119 18.329 21.699988 18.329 100 1 0
 136 39.687 1220.229 -169 0 2.729 18.329 13.268227 18.329 100 1 0
 137 39.687 1197.220 -169 0 2.729 18.329 12.869811 18.329 100 1 0
 138 39.687 1174.211 -169 0 2.729 18.329 14.168840 18.329 100 1 0
 139 39.687 1159.002 -169 0 2.729 2.729 2.078566 2.729 100 1 0
 140 39.884 1136.773 -169 0 1.559 1.169 1.531041 1.559 100 1 0
 141 39.298 1128.973 -169 0 0.389 1.169 0.933416 1.169 100 1 0
 142 39.884 1113.763 -169 0 1.559 1.169 1.114135 1.559 100 1 0
 143 95.456 1070.670 -169 0 1.169 6.239 5.256952 6.239 100 1 0
 144 95.456 1047.466 -169 0 1.169 5.849 5.385781 5.849 100 1 0
 145 95.065 1024.457 -169 0 1.169 5.849 5.208641 5.849 100 1 0
 146 95.065 1001.448 -169 0 1.169 5.849 5.341645 5.849 100 1 0
 147 95.065 978.439 -169 0 1.169 5.849 5.440653 5.849 100 1 0
 148 94.481 954.650 -169 0 1.559 7.409 5.748412 7.409 100 1 0
 149 94.481 931.250 -169 0 1.559 10.529 6.282219 10.529 100 1 0
 150 80.051 1042.201 -169 0 2.339 3.119 1.368812 3.119 100 1 0
 151 80.637 1028.747 -169 0 0.389 0.389 0.544542 0.389 100 1 0
 152 81.026 1020.557 -169 0 0.389 0.389 0.540964 0.389 100 1 0
 153 80.051 1005.348 -169 0 2.339 1.949 1.137396 2.339 100 1 0
 154 80.247 997.743 -169 0 2.729 2.339 2.493086 2.729 100 1 0
 155 82.002 985.458 -169 0 7.019 9.749 10.190638 9.749 100 1 0
 156 82.002 966.739 -169 0 7.019 18.329 18.491182 18.329 100 1 0
 157 82.002 943.730 -169 0 7.019 18.329 28.895940 18.329 100 1 0
 158 82.002 920.721 -169 0 7.799 18.329 23.381328 18.329 100 1 0
 159 69.911 1059.166 -169 0 8.579 18.329 29.365928 18.329 100 1 0
 160 69.716 1035.961 -169 0 8.189 17.939 29.309266 17.939 100 1 0
 161 69.716 1012.952 -169 0 8.189 17.939 22.628632 17.939 100 1 0
 162 69.521 989.748 -169 0 8.579 18.329 31.940726 18.329 100 1 0
 163 69.327 966.739 -169 0 8.189 18.329 29.620604 18.329 100 1 0
 164 69.132 943.730 -169 0 8.579 18.329 31.558412 18.329 100 1 0
 165 69.132 920.721 -169 0 8.579 18.329 39.266104 18.329 100 1 0
 166 59.382 1004.568 -169 0 1.559 62.007 52.849844 62.007 100 1 0
 167 52.557 990.918 -169 0 1.169 8.969 5.092933 8.969 100 1 0
 168 52.557 952.310 -169 0 0.389 0.389 0.640568 0.389 100 1 0
 169 52.361 998.523 -169 0 1.559 0.779 1.462451 1.559 100 1 0
 170 52.361 975.319 -169 0 1.559 1.169 1.593666 1.559 100 1 0
 171 49.632 1059.166 -169 0 7.799 18.329 20.899576 18.329 100 1 0
 172 49.632 1035.961 -169 0 7.799 17.939 17.978252 17.939 100 1 0
 173 50.997 1012.952 -169 0 5.069 17.939 19.585038 17.939 100 1 0
 174 46.706 937.100 -169 0 0.389 0.389 0.463428 0.389 100 1 0
 175 47.486 920.526 -169 0 1.949 14.039 10.731005 14.039 100 1 0
 176 42.028 989.163 -169 0 1.949 14.039 10.538954 14.039 100 1 0
 177 42.222 966.739 -169 0 2.339 15.989 20.415272 15.989 100 1 0
 178 42.028 943.730 -169 0 2.729 15.989 21.653466 15.989 100 1 0
 179 42.028 920.721 -169 0 2.729 15.989 23.034206 15.989 100 1 0
 180 38.712 1024.457 -169 0 0.779 1.949 1.408176 1.949 100 1 0
 181 38.712 1001.448 -169 0 0.779 1.949 1.651520 1.949 100 1 0
 182 38.712 978.439 -169 0 0.779 1.949 1.582931 1.949 100 1 0
 183 38.712 955.235 -169 0 0.779 2.339 1.713549 2.339 100 1 0
 184 38.712 932.225 -169 0 0.779 2.339 1.552513 2.339 100 1 0
 185 97.601 1464.165 -169 0 0.779 0.779 0.383506 0.779 100 1 0
 186 40.467 1466.115 -169 0 4.289 4.679 4.674238 4.679 100 1 0
 187 96.625 1277.752 -169 0 1.169 6.239 5.347013 6.239 100 1 0
 188 95.456 1093.679 -169 0 1.169 5.459 5.112019 5.459 100 1 0
 189 69.327 1082.175 -169 0 7.409 18.329 22.213514 18.329 100 1 0
 190 59.771 1074.570 -169 0 1.559 53.817 34.151700 53.817 100 1 0
 191 50.606 1266.248 -169 0 8.189 18.329 28.963336 18.329 100 1 0
 192 49.632 1082.175 -169 0 8.579 18.329 36.600648 18.329 100 1 0
 193 39.884 1266.248 -169 0 3.119 18.329 14.314369 18.329 100 1 0
 194 72.812 874.504 -169 0 8.579 17.939 50.261924 17.939 100 1 0
 195 72.618 851.495 -169 0 8.189 17.939 45.294840 17.939 100 1 0
 196 72.618 828.486 -169 0 8.189 17.939 39.969892 17.939 100 1 0
 197 72.423 805.672 -169 0 8.579 18.329 35.336212 18.329 100 1 0
 198 72.423 782.662 -169 0 8.579 18.329 30.798558 18.329 100 1 0
 199 72.228 759.653 -169 0 8.189 18.329 24.757894 18.329 100 1 0
 200 72.033 736.839 -169 0 8.579 17.939 26.274620 17.939 100 1 0
 201 84.317 885.619 -169 0 2.729 11.309 9.213682 11.309 100 1 0
 202 83.733 850.910 -169 0 3.119 37.828 31.575112 37.828 100 1 0
 203 83.733 789.487 -169 0 3.899 66.297 62.800120 66.297 100 1 0
 204 83.343 748.149 -169 0 3.899 11.699 11.041150 11.699 100 1 0
 205 92.897 752.244 -169 0 0.389 2.729 1.745757 2.729 100 1 0
 206 92.897 744.054 -169 0 0.389 5.849 3.300655 5.849 100 1 0
 207 122.536 734.109 -169 0 0.389 1.559 1.330640 1.559 100 1 0
 208 82.757 644.803 -169 0 3.509 35.098 26.808428 35.098 100 1 0
 209 82.952 610.094 -169 0 2.339 11.699 8.709697 11.699 100 1 0
 210 82.368 565.636 -169 0 3.509 53.817 35.507984 53.817 100 1 0
 211 83.147 678.926 -169 0 2.729 11.309 7.593176 11.309 100 1 0
 212 88.413 618.674 -169 0 1.559 40.558 23.470794 40.558 100 1 0
 213 92.507 658.842 -169 0 0.389 38.218 19.293980 38.218 100 1 0
 214 103.426 679.706 -169 0 0.389 1.169 0.855284 1.169 100 1 0
 215 108.106 556.471 -169 0 0.389 5.069 2.188906 5.069 100 1 0
 216 127.411 652.602 -169 0 0.779 3.119 2.494279 3.119 100 1 0
 217 127.801 679.706 -169 0 0.779 3.509 2.817545 3.509 100 1 0
 218 134.432 593.715 -169 0 0.779 21.059 16.400092 21.059 100 1 0
 219 134.432 560.761 -169 0 0.779 8.969 7.439893 8.969 100 1 0
 220 134.041 549.646 -169 0 0.779 9.359 6.532720 9.359 100 1 0
 221 87.632 468.920 -169 0 1.559 39.778 23.550716 39.778 100 1 0
 222 87.437 390.143 -169 0 1.169 11.699 7.817435 11.699 100 1 0
 223 87.243 369.278 -169 0 1.559 3.509 3.861898 3.509 100 1 0
 224 107.911 484.909 -169 0 0.779 3.119 2.239602 3.119 100 1 0
 225 107.911 468.335 -169 0 0.779 19.889 10.042723 19.889 100 1 0
 226 107.521 399.112 -169 0 0.779 12.479 6.766522 12.479 100 1 0
 227 119.807 441.621 -169 0 0.389 7.019 4.452962 7.019 100 1 0
 228 119.807 430.701 -169 0 0.389 7.799 5.004065 7.799 100 1 0
 229 119.807 419.976 -169 0 0.389 5.069 2.778777 5.069 100 1 0
 230 123.512 434.016 -169 0 0.779 75.267 45.168992 75.267 100 1 0
 231 123.317 377.468 -169 0 0.389 33.148 18.282432 33.148 100 1 0
 232 123.122 358.749 -169 0 0.779 2.729 1.763053 2.729 100 1 0
 233 122.926 353.289 -169 0 0.389 0.389 0.639375 0.389 100 1 0
 234 126.437 408.472 -169 0 1.169 2.339 1.798839 2.339 100 1 0
 235 126.632 370.253 -169 0 2.339 9.359 7.253210 9.359 100 1 0
 236 127.801 436.161 -169 0 1.559 25.739 17.770096 25.739 100 1 0
 237 127.801 419.001 -169 0 1.559 1.559 1.831046 1.559 100 1 0
 238 127.021 390.338 -169 0 2.339 23.009 20.578694 23.009 100 1 0
 239 147.495 190.275 -169 0 1.169 1.949 0.474163 1.949 100 1 0
 240 153.151 190.275 -169 0 1.559 1.949 0.601204 1.949 100 1 0
 241 156.075 321.895 -169 0 0.389 6.239 3.391909 6.239 100 1 0
 242 161.341 265.542 -169 0 0.779 4.289 3.501056 4.289 100 1 0
 243 161.146 238.243 -169 0 1.169 3.509 3.079975 3.509 100 1 0
 244 158.611 190.275 -169 0 1.559 1.949 0.607168 1.949 100 1 0
 245 168.166 228.104 -169 0 0.389 1.169 0.908366 1.169 100 1 0
 246 168.166 224.204 -169 0 0.389 2.729 1.802418 2.729 100 1 0
 247 185.909 341.005 -169 0 1.559 2.339 0.844548 2.339 100 1 0
 248 186.690 254.428 -169 0 3.899 6.239 6.975869 6.239 100 1 0
 249 326.360 16531.496 74 -1 0.389 0.389 0.143740 0.389 78 1 0
 250 43.615 11778.212 -55 -1 0.779 1.169 0.309548 1.169 0 1 0
 251 42.836 11617.928 -55 -1 0.779 0.389 0.188473 0.779 0 1 0
 252 41.879 11205.906 57 -1 0.779 0.779 0.330423 0.779 0 1 0
 253 46.482 11207.271 -55 -1 0.779 7.409 1.468416 7.409 78 1 0
 254 52.017 5022.399 57 -1 0.779 0.779 0.262430 0.779 78 1 0
 255 214.351 678.654 67 -1 1.169 1.169 0.298216 1.169 13 1 0
 256 124.985 118.509 -42 -1 0.779 0.389 0.273762 0.779 78 1 0
 257 153.310 16531.629 70 -2 0.389 0.389 0.172369 0.389 0 1 0
 258 440.950 15686.263 134 -2 0.779 1.169 0.440167 1.169 13 1 0
 259 53.240 11625.331 1 -2 0.389 0.389 0.195033 0.389 0 1 0
 260 53.240 11613.437 1 -2 0.389 6.239 0.722279 6.239 0 1 0
 261 41.539 11570.148 1 -2 1.169 6.239 1.426665 6.239 0 1 0
 262 41.539 11513.991 1 -2 0.389 1.559 0.496231 1.559 0 1 0
 263 41.149 11500.536 1 -2 1.169 0.389 0.251098 1.169 78 1 0
 264 41.345 11496.831 1 -2 0.779 1.559 0.499214 1.559 0 1 0
 265 41.149 11486.497 1 -2 1.169 0.389 0.221873 1.169 0 1 0
 266 41.345 11482.792 1 -2 0.779 1.559 0.476549 1.559 0 1 0
 267 40.759 11472.457 1 -2 0.389 0.389 0.248116 0.389 0 1 0
 268 40.956 11469.337 1 -2 0.779 0.389 0.251098 0.779 0 1 0
 269 41.149 11458.418 1 -2 0.389 0.389 0.281516 0.389 0 1 0
 270 40.956 11455.298 1 -2 0.779 0.389 0.285095 0.779 0 1 0
 271 41.149 11444.378 1 -2 0.389 0.389 0.270780 0.389 0 1 0
 272 40.370 11390.365 1 -2 0.389 6.239 1.165428 6.239 0 1 0
 273 40.564 11383.346 1 -2 0.779 8.579 1.612156 8.579 0 1 0
 274 32.173 11330.764 1 -2 0.779 5.069 1.075367 5.069 0 1 0
 275 36.870 8683.980 141 -2 1.169 1.559 0.329230 1.559 0 1 0
 276 362.543 8745.402 153 -2 3.119 19.889 24.663658 19.889 0 1 0
 277 353.183 8753.007 153 -2 7.799 20.279 40.531136 20.279 0 1 0
 278 327.054 8767.632 153 -2 3.119 15.989 31.166556 15.989 0 1 0
 279 318.084 8771.336 153 -2 8.579 17.159 18.207280 17.159 0 1 0
 280 283.960 8788.106 153 -2 34.709 28.858 172.361712 34.709 0 1 0
 281 263.681 8800.195 153 -2 1.169 0.779 0.871387 1.169 0 1 0
 282 262.706 8803.705 153 -2 3.119 1.559 3.028086 3.119 0 1 0
 283 236.187 8828.859 153 -2 7.799 1.949 3.379384 7.799 0 1 0
 284 399.202 8683.200 153 -2 1.559 53.037 42.081264 53.037 0 1 0
 285 395.496 8689.440 153 -2 1.169 47.578 30.658992 47.578 0 1 0
 286 395.302 8655.121 153 -2 0.779 12.479 8.507507 12.479 0 1 0
 287 386.528 8711.084 153 -2 1.169 12.089 12.188089 12.089 0 1 0
 288 386.332 8657.656 153 -2 1.559 4.289 3.788536 4.289 0 1 0
 289 380.873 8638.546 153 -2 0.779 23.009 16.258141 23.009 0 1 0
 290 375.803 8632.112 153 -2 0.779 21.059 12.585909 21.059 0 1 0
 291 372.097 8636.597 153 -2 0.389 2.729 1.355690 2.729 0 1 0
 292 372.097 8626.067 153 -2 0.389 9.749 4.430297 9.749 0 1 0
 293 372.097 8618.462 153 -2 0.389 0.779 0.486092 0.779 0 1 0
 294 361.763 8619.047 153 -2 3.119 19.109 38.852180 19.109 0 1 0
 295 352.988 8613.977 153 -2 8.189 18.329 23.130230 18.329 0 1 0
 296 326.079 8604.423 153 -2 2.729 3.899 2.641001 3.899 0 1 0
 297 326.079 8595.258 153 -2 2.729 9.749 10.602176 9.749 0 1 0
 298 318.669 8595.843 153 -2 5.849 14.039 18.370108 14.039 0 1 0
 299 270.701 8584.534 153 -2 58.888 26.518 306.927520 58.888 0 1 0
 300 238.916 8573.809 153 -2 1.559 1.169 1.359865 1.559 0 1 0
 301 235.601 8573.809 153 -2 1.169 1.169 1.386705 1.169 0 1 0
 302 232.481 8573.809 153 -2 1.169 1.169 1.455891 1.169 0 1 0
 303 229.361 8573.809 153 -2 1.169 1.169 1.543566 1.169 0 1 0
 304 226.046 8573.809 153 -2 1.559 1.169 1.788700 1.559 13 1 0
 305 224.486 8568.154 153 -2 7.019 3.899 13.689308 7.019 0 1 0
 306 215.712 8568.544 153 -2 4.289 5.459 7.981454 5.459 0 1 0
 307 381.457 8726.293 153 -2 1.169 23.009 17.210046 23.009 0 1 0
 308 376.582 8732.338 153 -2 0.779 21.059 12.771400 21.059 0 1 0
 309 372.488 8728.243 153 -2 0.389 5.069 2.324296 5.069 0 1 0
 310 175.331 8161.466 -116 -2 1.559 1.169 0.592257 1.559 63 1 0
 311 30.071 7696.994 153 -2 0.779 18.329 12.906193 18.329 0 1 0
 312 35.140 7694.264 153 -2 1.559 19.109 16.788966 19.109 0 1 0
 313 45.279 7691.534 153 -2 10.139 19.109 36.159288 19.109 0 1 0
 314 58.344 7688.414 153 -2 10.529 12.869 23.087884 12.869 0 1 0
 315 68.680 7684.320 153 -2 0.779 4.679 3.614975 4.679 0 1 0
 316 68.485 7670.670 153 -2 1.169 11.699 9.004931 11.699 0 1 0
 317 77.454 7668.330 153 -2 10.529 27.298 44.498004 27.298 0 1 0
 318 87.399 7656.241 153 -2 3.899 0.779 2.810984 3.899 0 1 0
 319 98.709 7656.241 153 -2 2.339 0.779 1.578159 2.339 0 1 0
 320 97.538 7642.591 153 -2 0.779 1.559 1.569213 1.559 0 1 0
 321 103.194 7628.942 153 -2 1.949 0.779 1.797050 1.949 0 1 0
 322 103.389 7615.292 153 -2 0.779 1.559 1.511359 1.559 0 1 0
 323 109.433 7642.396 153 -2 0.389 0.389 0.462235 0.389 0 1 0
 324 111.969 7628.942 153 -2 0.779 0.779 0.923873 0.779 0 1 0
 325 126.209 7588.115 153 -2 0.779 1.559 1.285311 1.559 0 1 0
 326 118.605 7574.660 153 -2 0.389 0.389 0.640568 0.389 0 1 0
 327 114.120 7588.115 153 -2 0.779 1.559 1.360462 1.559 0 1 0
 328 105.539 7574.465 153 -2 1.559 0.779 1.457680 1.559 0 1 0
 329 98.324 7550.481 153 -2 0.389 1.949 1.264436 1.949 0 1 0
 330 91.695 7556.721 153 -2 0.389 0.389 0.454481 0.389 0 1 0
 331 93.449 7564.325 153 -2 10.139 10.919 21.281888 10.919 0 1 0
 332 91.110 7545.216 153 -2 5.459 5.459 7.803717 5.459 0 1 0
 333 84.675 7556.331 153 -2 1.169 6.629 5.720976 6.629 0 1 0
 334 84.480 7540.341 153 -2 0.779 2.729 2.559290 2.729 0 1 0
 335 50.745 7536.832 153 -2 1.169 1.949 2.163259 1.949 0 1 0
 336 50.940 7530.397 153 -2 0.779 2.339 1.500623 2.339 0 1 0
 337 50.745 7524.937 153 -2 1.169 3.899 2.635633 3.899 0 1 0
 338 449.097 7501.148 152 -2 3.119 2.339 4.253157 3.119 0 1 0
 339 448.902 7491.788 152 -2 3.509 6.239 8.317245 6.239 0 1 0
 340 441.102 7492.568 152 -2 1.169 12.479 11.605375 12.479 0 1 0
 341 433.107 7489.253 152 -2 3.899 10.529 12.094449 10.529 0 1 0
 342 427.452 7486.718 152 -2 1.169 10.919 10.677327 10.919 0 1 0
 343 421.017 7483.989 152 -2 1.559 10.139 9.298972 10.139 0 1 0
 344 415.557 7481.454 152 -2 3.899 7.409 8.425199 7.409 0 1 0
 345 406.198 7478.919 152 -2 3.119 5.459 5.298106 5.459 0 1 0
 346 129.134 7601.959 153 -2 0.389 0.389 0.594643 0.389 0 1 0
 347 119.190 7601.764 153 -2 1.559 0.779 1.573984 1.559 0 1 0
 348 155.817 6855.399 152 -2 0.389 0.389 0.638779 0.389 0 1 0
 349 164.007 6853.059 152 -2 1.169 1.949 2.206202 1.949 0 1 0
 350 205.152 6847.014 152 -2 1.559 1.559 2.130455 1.559 0 1 0
 351 205.346 6837.850 152 -2 1.949 8.189 8.639318 8.189 0 1 0
 352 216.851 6840.775 152 -2 13.259 2.339 19.582654 13.259 0 1 0
 353 250.000 6793.391 152 -2 79.557 83.846 612.186816 83.846 0 1 0
 354 288.805 6742.888 152 -2 1.169 7.019 4.983786 7.019 0 1 0
 355 302.649 6743.863 152 -2 0.779 1.169 0.668600 1.169 13 1 0
 356 302.259 6740.159 152 -2 0.779 1.559 1.124871 1.559 0 1 0
 357 81.134 6639.152 152 -2 0.779 0.779 0.577943 0.779 0 1 0
 358 85.425 6640.907 152 -2 3.899 8.189 15.742228 8.189 0 1 0
 359 96.539 6643.247 152 -2 0.389 8.189 4.763703 8.189 0 1 0
 360 104.925 6645.587 152 -2 4.679 12.089 33.585684 12.089 0 1 0
 361 117.598 6649.097 152 -2 1.949 8.189 6.524370 8.189 0 1 0
 362 118.183 6642.272 152 -2 0.779 1.559 1.519112 1.559 0 1 0
 363 123.839 6648.122 152 -2 3.509 12.479 30.695972 12.479 0 1 0
 364 135.539 6649.487 152 -2 0.389 12.089 6.515424 12.089 0 1 0
 365 147.433 6650.657 152 -2 10.919 14.429 80.785528 14.429 0 1 0
 366 163.618 6652.607 152 -2 4.289 13.649 32.151862 13.649 0 1 0
 367 169.663 6653.582 152 -2 3.119 14.039 27.754370 14.039 0 1 0
 368 177.462 6654.557 152 -2 0.779 13.649 11.036379 13.649 0 1 0
 369 197.742 6658.457 152 -2 2.339 14.429 14.091900 14.429 0 1 0
 370 204.177 6663.526 152 -2 5.069 8.189 28.891764 8.189 0 1 0
 371 204.177 6654.557 152 -2 5.069 5.069 19.090002 5.069 0 1 0
 372 249.221 6696.480 152 -2 80.337 81.116 542.377408 81.116 0 1 0
 373 172.789 6862.158 152 -2 1.169 5.069 4.908039 5.069 0 1 0
 374 168.303 6862.548 152 -2 2.339 7.409 10.178709 7.409 0 1 0
 375 153.774 6865.018 152 -2 21.839 23.789 75.244080 23.789 0 1 0
 376 185.457 6846.624 152 -2 19.109 23.399 138.233264 23.399 0 1 0
 377 293.678 1038.092 141 -2 0.779 1.949 0.358456 1.949 77 1 0
 378 222.500 1107.315 -117 -2 0.389 0.779 0.104972 0.779 78 1 0
 379 41.389 11595.420 1 -3 0.779 0.389 0.158054 0.779 78 1 0
 380 93.911 16352.542 -12 -4 0.779 0.779 0.104376 0.779 0 1 0
 381 93.716 16344.548 -12 -4 1.169 2.729 0.351298 2.729 78 1 0
 382 100.469 9443.535 80 -4 1.949 1.559 1.647942 1.949 0 1 0
 383 102.029 9440.025 80 -4 0.389 0.779 0.862441 0.779 0 1 0
 384 104.759 9456.210 80 -4 3.509 2.729 1.748142 3.509 0 1 0
 385 105.733 9443.535 80 -4 1.559 0.779 0.993656 1.559 0 1 0
 386 105.149 9432.031 80 -4 1.169 0.389 0.391259 1.169 0 1 0
 387 109.048 9460.500 80 -4 0.389 1.169 0.440167 1.169 0 1 0
 388 111.779 9462.839 80 -4 1.169 1.169 0.422274 1.169 0 1 0
 389 115.094 9462.644 80 -4 0.779 0.779 0.434799 0.779 0 1 0
 390 113.533 9429.496 80 -4 3.899 1.559 2.541993 3.899 42 1 0
 391 115.678 9451.530 80 -4 5.849 0.389 2.537222 5.849 0 1 0
 392 116.069 9441.195 80 -4 0.389 0.779 0.647725 0.779 0 1 0
 393 115.678 9443.730 80 -4 5.069 0.389 2.483543 5.069 0 1 0
 394 121.529 9426.181 80 -4 0.389 0.389 0.194437 0.389 0 1 0
 395 129.719 9439.050 80 -4 8.189 5.069 12.043156 8.189 0 1 0
 396 126.793 9429.496 80 -4 4.679 1.559 0.663829 4.679 0 1 0
 397 128.548 9449.775 80 -4 9.749 12.479 10.126223 12.479 0 1 0
 398 224.635 5767.643 -101 -4 4.679 5.459 6.229136 5.459 13 1 0
 399 394.157 967.491 109 -4 0.779 1.169 0.256466 1.169 78 1 0
 400 423.403 275.264 107 -4 0.389 0.389 0.122865 0.389 0 1 0
 401 181.421 12648.634 -34 -5 1.169 4.289 1.155289 4.289 0 1 0
 402 108.029 9850.801 25 -5 0.779 0.779 0.300602 0.779 63 1 0
 403 379.000 1627.144 16 -5 0.389 0.779 0.094833 0.779 1 1 0
 404 123.925 134.631 -169 0 171.205 56.547 2965.312768 171.205 100 1 0
 405 89.582 563.493 -169 0 111.927 817.408 11584.805888 817.408 100 1 0
 406 33.826 11330.247 -55 0 0.779 5.069 1.438594 5.069 0 1 0;
SummarySpec 5
  TESTNO    NDEFECT    DEFDENSITY    NDIE    NDEFDIE  ;
SummaryList 
  1    406    2.1008191109e+00    939    56  ;
DieOrigin 0.0000000000e+00 0.0000000000e+00;
WaferID "@03";
Slot 3;
SampleCenterLocation 4.5479800000e+02 8.2892090000e+03;
OrientationInstructions "";
InspectionTest 1;
AreaPerTest 1.9325800201e+10;
DefectRecordSpec 12 DEFECTID XREL YREL XINDEX YINDEX XSIZE YSIZE DEFECTAREA DSIZE CLASSNUMBER TEST IMAGECOUNT ;
DefectList
 1 36.759 8677.447 -27 5 2.729 1.949 1.531638 2.729 0 1 0
 2 38.375 8684.662 -55 5 1.559 3.119 1.055088 3.119 0 1 0
 3 39.374 11569.257 1 3 0.779 0.779 0.210541 0.779 0 1 0
 4 303.673 11429.252 -98 3 1.169 0.779 0.224258 1.169 0 1 0
 5 208.031 6073.029 30 3 0.389 0.779 0.305373 0.779 0 1 0
 6 205.106 6077.319 30 3 0.779 3.119 0.804587 3.119 0 1 0
 7 205.106 6072.834 30 3 0.779 1.169 0.396031 1.169 0 1 0
 8 171.966 118.906 -14 3 0.389 0.389 0.107358 0.389 0 1 0
 9 38.361 11569.250 57 2 0.389 0.779 0.189665 0.779 0 1 0
 10 40.308 11576.660 1 2 0.389 3.119 0.578539 3.119 0 1 0
 11 40.698 11569.055 1 2 1.169 2.729 0.702001 2.729 0 1 0
 12 39.723 11387.907 1 2 0.779 4.679 1.002006 4.679 0 1 0
 13 35.110 8677.621 141 2 2.339 2.339 1.272786 2.339 0 1 0
 14 34.927 8685.664 161 1 2.339 4.679 1.489887 4.679 0 1 0
 15 34.927 8680.984 161 1 2.339 0.779 0.945345 2.339 0 1 0
 16 35.121 8677.669 161 1 2.729 1.949 1.805400 2.729 0 1 0
 17 234.813 7676.059 -58 1 0.779 0.389 0.169983 0.779 0 1 0
 18 39.985 11569.361 57 0 0.779 0.779 0.314916 0.779 0 1 0
 19 44.605 11569.556 -55 0 0.779 1.169 0.425256 1.169 0 1 0
 20 52.654 8665.963 -167 0 0.389 0.389 0.211137 0.389 0 1 0
 21 35.178 797.461 -169 0 1.169 1.169 1.193461 1.169 0 1 0
 22 35.764 790.637 -169 0 2.339 0.779 1.245350 2.339 0 1 0
 23 37.129 776.792 -169 0 5.849 5.849 6.779643 5.849 0 1 0
 24 37.908 737.014 -169 0 7.409 17.549 18.903914 17.549 0 1 0
 25 37.519 759.828 -169 0 6.629 17.939 22.928042 17.939 0 1 0
 26 84.512 840.165 -169 0 0.779 5.459 2.404814 5.459 0 1 0
 27 84.512 817.156 -169 0 0.779 5.459 2.385132 5.459 0 1 0
 28 84.317 794.342 -169 0 1.169 5.849 3.381770 5.849 0 1 0
 29 84.317 771.332 -169 0 1.169 5.849 4.449980 5.849 0 1 0
 30 84.317 748.518 -169 0 1.169 5.459 4.541234 5.459 0 1 0
 31 83.928 725.509 -169 0 1.169 5.459 4.420754 5.459 0 1 0
 32 35.958 630.743 -169 0 4.289 0.779 2.871820 4.289 0 1 0
 33 34.593 607.929 -169 0 0.779 0.389 0.818901 0.779 0 1 0
 34 34.593 541.631 -169 0 1.559 2.729 2.772813 2.729 0 1 0
 35 36.933 613.973 -169 0 5.459 1.559 2.994089 5.459 0 1 0
 36 37.908 591.549 -169 0 2.729 0.389 1.915740 2.729 0 1 0
 37 40.249 576.340 -169 0 0.389 12.869 6.952608 12.869 0 1 0
 38 40.249 557.816 -169 0 0.389 1.559 1.197039 1.559 0 1 0
 39 37.908 691.190 -169 0 8.189 17.939 23.407572 17.939 0 1 0
 40 37.908 668.181 -169 0 8.189 17.939 17.097918 17.939 0 1 0
 41 37.908 645.172 -169 0 8.189 17.939 15.975433 17.939 0 1 0
 42 40.639 630.158 -169 0 1.169 1.949 1.396844 1.949 0 1 0
 43 39.274 607.344 -169 0 4.679 1.559 2.471614 4.679 0 1 0
 44 40.639 584.920 -169 0 0.389 0.389 0.629832 0.389 0 1 0
 45 41.029 561.520 -169 0 1.169 1.169 1.150517 1.169 0 1 0
 46 47.658 670.521 -169 0 0.389 47.578 26.135056 47.578 0 1 0
 47 47.855 620.603 -169 0 1.559 47.578 34.157068 47.578 0 1 0
 48 54.288 613.778 -169 0 0.389 0.389 0.617904 0.389 0 1 0
 49 55.459 598.959 -169 0 3.509 17.549 12.604399 17.549 0 1 0
 50 56.628 576.145 -169 0 5.849 17.939 20.754642 17.939 0 1 0
 51 57.214 560.741 -169 0 7.019 2.729 6.654392 7.019 0 1 0
 52 57.214 546.701 -169 0 7.019 5.069 9.050260 7.019 0 1 0
 53 83.928 679.491 -169 0 1.169 5.459 4.627716 5.459 0 1 0
 54 83.538 656.482 -169 0 1.169 5.459 4.494116 5.459 0 1 0
 55 83.538 633.668 -169 0 1.169 5.849 4.432683 5.849 0 1 0
 56 83.538 610.659 -169 0 1.169 5.849 4.503062 5.849 0 1 0
 57 83.147 587.649 -169 0 1.169 5.849 4.667677 5.849 0 1 0
 58 83.147 564.640 -169 0 1.169 5.849 4.492326 5.849 0 1 0
 59 83.147 541.631 -169 0 1.169 5.849 4.619963 5.849 0 1 0
 60 83.928 702.500 -169 0 1.169 5.459 4.480398 5.459 0 1 0
 61 66.767 489.568 -169 0 0.389 3.119 1.939597 3.119 0 1 0
 62 67.548 469.289 -169 0 1.949 1.559 1.704006 1.949 0 1 0
 63 67.743 418.981 -169 0 3.119 10.139 9.086642 10.139 0 1 0
 64 68.522 475.919 -169 0 3.899 1.559 2.957110 3.899 0 1 0
 65 69.692 456.810 -169 0 6.239 9.359 7.726181 9.359 0 1 0
 66 69.692 438.090 -169 0 7.019 17.939 18.053998 17.939 0 1 0
 67 70.277 407.476 -169 0 8.189 2.729 8.762183 8.189 0 1 0
 68 70.277 392.072 -169 0 8.189 17.939 19.991806 17.939 0 1 0
 69 70.082 369.063 -169 0 8.579 17.939 20.243500 17.939 0 1 0
 70 73.202 354.438 -169 0 1.559 1.169 1.641381 1.559 0 1 0
 71 82.952 518.817 -169 0 0.779 5.459 4.423737 5.459 0 1 0
 72 82.757 495.808 -169 0 1.169 5.459 4.545409 5.459 0 1 0
 73 82.757 472.799 -169 0 1.169 5.459 4.585370 5.459 0 1 0
 74 82.757 449.790 -169 0 1.169 5.459 4.688552 5.459 0 1 0
 75 82.368 426.781 -169 0 1.169 5.459 4.600280 5.459 0 1 0
 76 82.368 403.772 -169 0 1.169 5.459 4.584773 5.459 0 1 0
 77 81.002 367.893 -169 0 3.119 35.098 25.041200 35.098 0 1 0
 78 81.002 336.109 -169 0 3.119 8.189 3.653743 8.189 0 1 0
 79 80.613 310.565 -169 0 3.119 12.479 7.775685 12.479 0 1 0
 80 81.002 291.456 -169 0 3.899 20.279 18.633730 20.279 0 1 0
 81 81.392 266.497 -169 0 1.559 7.799 4.346797 7.799 0 1 0
 82 81.002 241.538 -169 0 1.559 10.919 4.855553 10.919 0 1 0
 83 80.223 220.869 -169 0 3.119 20.279 16.707851 20.279 0 1 0
 84 80.223 199.419 -169 0 3.119 8.579 4.952772 8.579 0 1 0
 85 85.488 208.389 -169 0 0.389 2.339 1.613945 2.339 0 1 0
 86 86.658 260.647 -169 0 1.949 42.118 25.806422 42.118 0 1 0
 87 98.747 194.545 -169 0 0.389 0.389 0.515317 0.389 0 1 0
 88 98.163 183.430 -169 0 1.559 1.559 1.505394 1.559 0 1 0
 89 99.723 206.829 -169 0 2.339 1.559 2.023098 2.339 0 1 0
 90 114.736 193.765 -169 0 1.169 1.949 1.500623 1.949 0 1 0
 91 120.002 275.077 -169 0 0.779 6.239 4.860921 6.239 0 1 0
 92 119.807 227.108 -169 0 0.389 0.779 0.846934 0.779 0 1 0
 93 125.072 215.019 -169 0 0.779 13.259 9.015667 13.259 0 1 0
 94 38.298 714.005 -169 0 8.189 17.549 20.728996 17.549 0 1 0
 95 118.317 118.231 -169 0 1.559 0.389 1.072981 1.559 0 1 0
 96 107.399 118.816 -169 0 1.559 1.559 1.808978 1.559 0 1 0
 97 98.819 152.159 -169 0 3.899 0.389 2.264653 3.899 0 1 0
 98 99.988 118.816 -169 0 7.799 1.559 9.353247 7.799 0 1 0
 99 94.529 152.159 -169 0 0.779 0.389 0.731226 0.779 0 1 0
 100 322.912 8545.062 84 -1 0.779 1.169 0.444342 1.169 0 1 0
 101 401.592 8136.104 79 -1 3.119 2.729 2.722712 3.119 0 1 0
 102 259.245 8151.313 79 -1 4.679 4.289 1.752914 4.679 0 1 0
 103 45.149 5052.603 -55 -1 0.389 0.389 0.152687 0.389 0 1 0
 104 113.844 16531.219 14 -2 0.389 0.389 0.134794 0.389 0 1 0
 105 41.562 11579.292 1 -2 0.389 0.389 0.187876 0.389 0 1 0
 106 41.562 11569.348 1 -2 1.169 14.819 4.378408 14.819 0 1 0
 107 40.586 11387.030 1 -2 0.779 1.949 0.481321 1.949 0 1 0
 108 445.372 4091.279 0 -2 0.779 1.169 0.278534 1.169 0 1 0
 109 130.670 15353.189 134 -3 5.849 5.069 5.021361 5.849 0 1 0
 110 93.625 5033.472 85 -4 0.779 1.949 0.463428 1.949 0 1 0
 111 290.241 414.913 109 -4 0.779 0.779 0.110936 0.779 0 1 0
 112 211.072 331.846 109 -4 0.779 0.779 0.198015 0.779 0 1 0
 113 394.368 297.918 109 -4 0.779 0.779 0.393049 0.779 0 1 0
 114 33.009 8677.698 29 -5 0.779 2.339 0.837391 2.339 0 1 0
 115 35.423 8677.893 -56 -5 3.119 1.949 1.392669 3.119 0 1 0
 116 92.481 6447.753 31 -5 1.169 0.779 0.447920 1.169 0 1 0
 117 75.481 333.051 -169 0 83.457 453.552 5241.149440 453.552 0 1 0
 118 158.096 153.524 -169 0 8.579 2.339 16.420371 8.579 0 1 0
 119 150.492 153.524 -169 0 2.729 2.339 4.956947 2.729 0 1 0
 120 140.743 153.524 -169 0 12.869 2.339 21.384474 12.869 0 1 0
 121 128.067 153.524 -169 0 8.579 2.339 16.493136 8.579 0 1 0
 122 120.462 153.524 -169 0 2.729 2.339 4.806646 2.729 0 1 0;
SummarySpec 5
  TESTNO    NDEFECT    DEFDENSITY    NDIE    NDEFDIE  ;
SummaryList 
  1    122    6.3128066063e-01    939    27  ;
DieOrigin 0.0000000000e+00 0.0000000000e+00;
WaferID "@24";
Slot 24;
SampleCenterLocation 4.5479800000e+02 8.2892090000e+03;
OrientationInstructions "";
InspectionTest 1;
AreaPerTest 1.9325800201e+10;
DefectRecordSpec 12 DEFECTID XREL YREL XINDEX YINDEX XSIZE YSIZE DEFECTAREA DSIZE CLASSNUMBER TEST IMAGECOUNT ;
DefectList
 1 213.065 7400.521 7 4 0.389 1.169 0.277937 1.169 0 1 0
 2 94.926 8558.122 -135 3 0.389 0.389 0.054872 0.389 0 1 0
 3 34.196 8677.457 133 3 0.779 1.949 0.700808 1.949 0 1 0
 4 34.172 8677.457 132 3 0.779 1.949 0.628043 1.949 0 1 0
 5 39.732 4985.451 17 3 0.389 0.389 0.152090 0.389 0 1 0
 6 248.933 2387.161 -93 3 0.779 0.779 0.225451 0.779 0 1 0
 7 41.110 12484.307 -30 2 0.779 0.779 0.131215 0.779 0 1 0
 8 40.260 11569.079 1 2 0.779 0.389 0.137179 0.779 0 1 0
 9 39.735 4879.103 1 2 0.389 0.389 0.254676 0.389 0 1 0
 10 53.259 4272.353 -8 2 0.779 0.779 0.177737 0.779 0 1 0
 11 217.540 1176.372 -125 2 0.779 0.779 0.220083 0.779 0 1 0
 12 430.951 12486.640 52 1 0.779 0.779 0.222469 0.779 0 1 0
 13 95.846 9590.207 -151 1 0.389 0.779 0.111533 0.779 0 1 0
 14 35.511 8678.348 161 1 0.389 1.169 0.381120 1.169 0 1 0
 15 51.659 4302.110 57 1 0.779 0.779 0.208155 0.779 0 1 0
 16 443.771 4209.488 56 1 0.389 0.389 0.188473 0.389 0 1 0
 17 305.638 3311.544 -163 1 0.779 3.119 0.965623 3.119 0 1 0
 18 39.442 16543.790 -169 0 1.559 12.479 6.671092 12.479 0 1 0
 19 39.495 11569.190 57 0 0.389 0.389 0.157458 0.389 0 1 0
 20 59.959 10863.898 -114 0 0.779 4.679 2.793688 4.679 0 1 0
 21 63.469 10864.093 -114 0 1.559 4.289 3.422327 4.289 0 1 0
 22 201.471 6768.255 -161 0 0.779 0.779 0.501003 0.779 0 1 0
 23 56.591 4210.582 -56 0 0.779 0.779 0.226048 0.779 0 1 0
 24 237.325 1016.270 -73 0 0.779 1.169 0.223066 1.169 0 1 0
 25 40.028 1510.576 -169 0 2.729 0.779 0.993656 2.729 0 1 0
 26 40.221 1503.167 -169 0 3.119 2.339 2.089898 3.119 0 1 0
 27 40.221 1488.152 -169 0 3.119 2.729 2.474597 3.119 0 1 0
 28 53.675 1387.926 -169 0 0.389 0.389 0.555875 0.389 0 1 0
 29 49.385 1419.125 -169 0 0.389 0.389 0.540964 0.389 0 1 0
 30 49.776 1410.935 -169 0 0.389 0.389 0.542753 0.389 0 1 0
 31 49.776 1395.531 -169 0 1.949 2.339 2.178766 2.339 0 1 0
 32 48.605 1388.706 -169 0 1.949 1.949 2.032640 1.949 0 1 0
 33 50.750 1372.327 -169 0 6.239 1.949 4.369461 6.239 0 1 0
 34 50.750 1357.507 -169 0 7.019 18.329 15.008020 18.329 0 1 0
 35 50.750 1334.693 -169 0 7.019 17.939 19.390006 17.939 0 1 0
 36 51.336 1311.684 -169 0 8.189 17.939 18.250224 17.939 0 1 0
 37 51.140 1288.675 -169 0 8.579 17.939 21.362406 17.939 0 1 0
 38 40.028 1457.343 -169 0 2.729 1.949 3.555928 2.729 0 1 0
 39 40.221 1441.159 -169 0 3.119 1.559 3.365666 3.119 0 1 0
 40 40.611 1434.334 -169 0 3.899 1.949 4.070649 3.899 0 1 0
 41 40.611 1418.735 -169 0 3.899 2.729 4.483976 3.899 0 1 0
 42 40.611 1403.330 -169 0 3.899 17.939 16.787176 17.939 0 1 0
 43 40.611 1385.976 -169 0 3.899 7.409 6.174265 7.409 0 1 0
 44 39.831 1372.522 -169 0 2.339 2.339 2.340996 2.339 0 1 0
 45 40.418 1365.697 -169 0 3.509 1.949 3.165861 3.509 0 1 0
 46 40.611 1349.707 -169 0 3.119 2.729 2.371414 3.119 0 1 0
 47 40.418 1335.278 -169 0 3.509 16.769 10.615298 16.769 0 1 0
 48 40.418 1319.679 -169 0 3.509 1.949 3.146776 3.509 0 1 0
 49 40.418 1309.734 -169 0 3.509 11.699 5.865313 11.699 0 1 0
 50 40.221 1296.670 -169 0 3.119 1.949 2.867049 3.119 0 1 0
 51 40.028 1280.875 -169 0 2.729 2.339 2.212166 2.729 0 1 0
 52 68.106 1179.869 -169 0 2.729 3.119 1.695656 3.119 0 1 0
 53 68.495 1158.420 -169 0 3.509 0.779 1.619313 3.509 0 1 0
 54 67.716 1196.443 -169 0 1.949 14.429 7.040880 14.429 0 1 0
 55 68.106 1165.830 -169 0 1.949 2.339 1.667028 2.339 0 1 0
 56 68.885 1142.625 -169 0 4.289 1.949 3.498670 4.289 0 1 0
 57 69.860 1127.611 -169 0 7.019 17.939 17.105074 17.939 0 1 0
 58 69.860 1104.602 -169 0 7.019 17.939 21.636168 17.939 0 1 0
 59 60.890 1214.773 -169 0 1.559 40.948 27.972066 40.948 0 1 0
 60 60.500 1140.871 -169 0 1.559 37.438 21.117870 37.438 0 1 0
 61 50.945 1265.666 -169 0 8.189 17.939 19.397162 17.939 0 1 0
 62 50.945 1242.657 -169 0 8.189 17.939 18.843078 17.939 0 1 0
 63 50.750 1219.648 -169 0 8.579 17.939 24.933244 17.939 0 1 0
 64 50.555 1196.638 -169 0 8.189 17.939 20.889436 17.939 0 1 0
 65 50.360 1173.629 -169 0 7.799 17.939 18.440486 17.939 0 1 0
 66 50.360 1150.620 -169 0 8.579 17.939 26.778606 17.939 0 1 0
 67 50.166 1129.756 -169 0 8.189 13.649 13.981560 13.649 0 1 0
 68 49.581 1119.811 -169 0 7.019 2.339 5.125737 7.019 0 1 0
 69 49.776 1105.187 -169 0 7.409 16.769 16.050583 16.769 0 1 0
 70 40.807 1182.014 -169 0 1.169 1.169 1.279943 1.169 0 1 0
 71 40.028 1177.919 -169 0 0.389 3.119 1.950333 3.119 0 1 0
 72 40.611 1159.200 -169 0 0.779 0.779 0.926855 0.779 0 1 0
 73 39.831 1266.251 -169 0 2.339 16.769 9.912104 16.769 0 1 0
 74 40.221 1242.657 -169 0 3.119 17.939 16.889762 17.939 0 1 0
 75 40.028 1228.227 -169 0 2.729 0.779 2.010572 2.729 0 1 0
 76 38.856 1212.043 -169 0 0.389 0.389 0.597028 0.389 0 1 0
 77 40.221 1205.218 -169 0 2.339 0.779 1.783928 2.339 0 1 0
 78 94.235 935.543 -169 0 0.389 0.389 0.530228 0.389 0 1 0
 79 94.235 913.509 -169 0 1.169 2.339 1.417123 2.339 0 1 0
 80 80.974 1034.598 -169 0 3.509 16.769 9.023421 16.769 0 1 0
 81 82.730 1004.571 -169 0 7.019 2.729 4.565091 7.019 0 1 0
 82 82.339 997.551 -169 0 6.239 1.949 4.023531 6.239 0 1 0
 83 82.534 981.172 -169 0 6.629 1.949 5.817598 6.629 0 1 0
 84 82.339 966.157 -169 0 7.019 17.939 19.184832 17.939 0 1 0
 85 82.730 943.148 -169 0 7.799 17.939 22.927444 17.939 0 1 0
 86 82.925 919.944 -169 0 8.189 18.329 21.997606 18.329 0 1 0
 87 70.250 1058.389 -169 0 8.579 18.329 20.520244 18.329 0 1 0
 88 70.055 1035.380 -169 0 8.189 18.329 21.578912 18.329 0 1 0
 89 70.055 1012.371 -169 0 8.189 18.329 19.432352 18.329 0 1 0
 90 69.860 989.166 -169 0 8.579 17.939 23.068202 17.939 0 1 0
 91 69.666 966.157 -169 0 8.189 17.939 21.050474 17.939 0 1 0
 92 69.276 943.148 -169 0 7.409 17.939 21.856850 17.939 0 1 0
 93 69.471 919.944 -169 0 8.579 18.329 32.189438 18.329 0 1 0
 94 59.721 996.771 -169 0 1.559 40.948 29.809078 40.948 0 1 0
 95 58.745 942.173 -169 0 0.389 1.169 1.041370 1.169 0 1 0
 96 52.505 1034.405 -169 0 0.389 10.139 5.669683 10.139 0 1 0
 97 52.896 1021.145 -169 0 1.169 0.779 1.041967 1.169 0 1 0
 98 52.115 1043.959 -169 0 3.509 1.169 2.571219 3.509 0 1 0
 99 51.140 1067.163 -169 0 5.459 0.779 3.510599 5.459 0 1 0
 100 50.750 1054.099 -169 0 4.679 6.629 4.847800 6.629 0 1 0
 101 47.240 972.787 -169 0 0.779 0.779 0.640568 0.779 0 1 0
 102 47.630 959.918 -169 0 1.559 1.559 1.461855 1.559 0 1 0
 103 47.045 954.653 -169 0 1.949 1.949 2.879574 1.949 0 1 0
 104 48.216 943.148 -169 0 2.729 14.039 15.103449 14.039 0 1 0
 105 48.995 919.944 -169 0 5.069 14.429 32.806744 14.429 0 1 0
 106 47.630 931.644 -169 0 3.899 1.949 4.914004 3.899 0 1 0
 107 42.951 1012.371 -169 0 2.339 15.989 16.092333 15.989 0 1 0
 108 42.755 989.361 -169 0 2.729 15.989 22.435984 15.989 0 1 0
 109 42.562 966.352 -169 0 2.339 15.989 21.166180 15.989 0 1 0
 110 42.365 943.148 -169 0 2.729 16.379 22.923268 16.379 0 1 0
 111 42.365 920.139 -169 0 2.729 16.379 24.168022 16.379 0 1 0
 112 38.856 1078.473 -169 0 0.389 1.559 0.348316 1.559 0 1 0
 113 38.856 1075.158 -169 0 0.389 0.389 0.440167 0.389 0 1 0
 114 39.052 1047.079 -169 0 0.779 1.949 1.695060 1.949 0 1 0
 115 39.052 1023.875 -169 0 0.779 2.339 1.792875 2.339 0 1 0
 116 39.052 1000.866 -169 0 0.779 2.339 1.832239 2.339 0 1 0
 117 39.052 977.857 -169 0 0.779 2.339 1.826871 2.339 0 1 0
 118 39.052 954.848 -169 0 0.779 2.339 1.811961 2.339 0 1 0
 119 39.052 931.644 -169 0 0.779 1.949 1.624084 1.949 0 1 0
 120 40.611 1472.358 -169 0 3.899 17.939 10.611719 17.939 0 1 0
 121 70.055 1081.593 -169 0 7.409 17.939 17.252990 17.939 0 1 0
 122 50.360 1082.178 -169 0 7.799 16.769 18.966538 16.769 0 1 0
 123 60.110 1065.408 -169 0 1.559 47.968 29.031330 47.968 0 1 0
 124 67.937 732.748 -169 0 0.389 0.389 0.589275 0.389 0 1 0
 125 68.913 757.122 -169 0 2.339 12.479 7.740495 12.479 0 1 0
 126 73.397 751.662 -169 0 2.729 2.339 1.465434 2.729 0 1 0
 127 71.252 729.043 -169 0 7.019 2.339 4.618770 7.019 0 1 0
 128 72.618 874.507 -169 0 8.189 17.939 29.577662 17.939 0 1 0
 129 72.618 851.498 -169 0 8.189 17.939 30.295766 17.939 0 1 0
 130 72.228 828.489 -169 0 8.189 17.939 26.936660 17.939 0 1 0
 131 72.228 811.330 -169 0 8.189 6.239 7.760177 8.189 0 1 0
 132 72.228 798.070 -169 0 8.189 3.119 6.092553 8.189 0 1 0
 133 72.228 782.471 -169 0 8.189 17.939 14.822529 17.939 0 1 0
 134 72.228 767.846 -169 0 8.189 1.949 5.443039 8.189 0 1 0
 135 71.447 740.547 -169 0 7.409 10.529 9.942522 10.529 0 1 0
 136 83.343 789.490 -169 0 1.559 1.559 1.193461 1.559 0 1 0
 137 83.538 880.942 -169 0 2.729 1.949 3.023911 2.729 0 1 0
 138 83.928 867.682 -169 0 1.949 1.169 1.961665 1.949 0 1 0
 139 83.343 857.933 -169 0 3.119 1.949 2.986335 3.119 0 1 0
 140 83.147 845.063 -169 0 2.729 4.289 4.705252 4.289 0 1 0
 141 83.733 817.374 -169 0 3.899 40.168 33.177726 40.168 0 1 0
 142 83.343 759.462 -169 0 3.899 35.098 32.927822 35.098 0 1 0
 143 88.608 792.805 -169 0 0.389 43.288 23.859072 43.288 0 1 0
 144 92.897 751.077 -169 0 0.389 0.389 0.517703 0.389 0 1 0
 145 83.538 706.619 -169 0 0.389 0.389 0.595239 0.389 0 1 0
 146 82.368 697.064 -169 0 2.729 2.339 2.700644 2.729 0 1 0
 147 83.147 628.232 -169 0 0.389 1.169 0.948923 1.169 0 1 0
 148 82.173 601.518 -169 0 3.119 33.538 19.824804 33.538 0 1 0
 149 83.147 564.469 -169 0 1.169 5.459 4.129696 5.459 0 1 0
 150 83.147 541.460 -169 0 1.169 5.459 4.693324 5.459 0 1 0
 151 82.952 682.245 -169 0 3.899 17.939 15.532283 17.939 0 1 0
 152 83.928 657.870 -169 0 1.169 7.409 3.069836 7.409 0 1 0
 153 83.733 634.471 -169 0 1.559 7.409 4.804260 7.409 0 1 0
 154 87.827 658.845 -169 0 0.389 25.739 14.081164 25.739 0 1 0
 155 87.437 583.383 -169 0 0.389 33.928 18.300920 33.928 0 1 0
 156 87.437 554.914 -169 0 0.389 13.649 8.138315 13.649 0 1 0
 157 92.507 699.599 -169 0 0.389 29.248 13.810384 29.248 0 1 0
 158 108.106 580.068 -169 0 0.389 19.499 8.710294 19.499 0 1 0
 159 107.716 542.045 -169 0 0.389 1.949 1.076560 1.949 0 1 0
 160 127.411 679.710 -169 0 0.779 1.949 1.920511 1.949 0 1 0
 161 134.236 599.568 -169 0 1.169 9.359 7.439893 9.359 0 1 0
 162 134.236 588.453 -169 0 1.169 8.189 5.987581 8.189 0 1 0
 163 94.067 423.879 -169 0 0.389 0.389 0.321477 0.389 0 1 0
 164 96.993 523.520 -169 0 0.779 0.779 0.737786 0.779 0 1 0
 165 97.187 520.791 -169 0 0.389 0.779 0.575557 0.779 0 1 0
 166 96.603 425.244 -169 0 0.779 0.779 0.773572 0.779 0 1 0
 167 96.603 422.515 -169 0 0.779 0.779 0.731822 0.779 0 1 0
 168 107.911 520.596 -169 0 0.779 17.549 8.324402 17.549 0 1 0
 169 110.836 394.046 -169 0 1.169 42.898 24.122098 42.898 0 1 0
 170 119.807 466.388 -169 0 0.389 1.949 0.645936 1.949 0 1 0
 171 119.807 452.543 -169 0 0.389 6.239 3.073414 6.239 0 1 0
 172 119.416 379.421 -169 0 0.389 12.869 6.492759 12.869 0 1 0
 173 123.707 490.957 -169 0 0.389 15.989 8.833755 15.989 0 1 0
 174 123.707 472.043 -169 0 0.389 11.699 6.496338 11.699 0 1 0
 175 123.512 452.543 -169 0 0.779 0.779 0.641761 0.779 0 1 0
 176 123.122 416.470 -169 0 0.779 16.769 9.922244 16.769 0 1 0
 177 126.046 407.890 -169 0 0.389 1.169 0.735997 1.169 0 1 0
 178 127.216 379.031 -169 0 0.389 1.169 1.063438 1.169 0 1 0
 179 127.411 436.554 -169 0 1.559 38.218 29.843670 38.218 0 1 0
 180 127.216 389.366 -169 0 1.949 14.039 8.644090 14.039 0 1 0
 181 156.075 367.917 -169 0 0.389 5.459 3.118743 5.459 0 1 0
 182 106.156 265.741 -169 0 0.389 0.779 0.481321 0.779 0 1 0
 183 133.652 179.359 -169 0 10.919 0.389 5.760341 10.919 0 1 0
 184 160.950 265.936 -169 0 0.779 1.949 1.770210 1.949 0 1 0
 185 167.971 238.247 -169 0 0.779 8.969 6.998534 8.969 0 1 0
 186 167.971 227.132 -169 0 0.779 9.359 7.736320 9.359 0 1 0
 187 107.911 532.100 -169 0 0.779 0.779 0.605379 0.779 0 1 0
 188 111.226 477.697 -169 0 1.949 169.643 103.352728 169.643 0 1 0
 189 127.606 278.220 -169 0 38.608 192.652 434.221024 192.652 0 1 0
 190 178.827 9872.547 151 -1 1.949 3.899 0.920295 3.899 0 1 0
 191 182.142 9862.602 151 -1 1.559 2.729 0.509949 2.729 0 1 0
 192 185.457 9851.487 151 -1 0.389 0.779 0.168790 0.779 0 1 0
 193 275.561 3525.758 -21 -1 4.679 4.679 1.586509 4.679 0 1 0
 194 309.895 2241.210 34 -1 1.559 1.169 0.561243 1.559 0 1 0
 195 42.636 12453.666 -37 -2 0.779 1.169 0.164019 1.169 0 1 0
 196 41.693 11571.251 1 -2 1.169 5.849 1.283522 5.849 0 1 0
 197 31.825 11330.767 1 -2 0.389 3.509 0.478935 3.509 0 1 0
 198 253.060 7269.695 -124 -2 1.559 1.169 0.293445 1.559 0 1 0
 199 53.262 4212.978 10 -2 0.389 0.389 0.162230 0.389 0 1 0
 200 54.281 12515.277 -27 -3 0.389 1.169 0.272569 1.169 0 1 0
 201 343.725 15353.470 -100 -4 0.779 0.389 0.283902 0.779 0 1 0
 202 384.853 10135.695 25 -4 2.339 3.509 1.295450 3.509 0 1 0
 203 449.317 924.596 108 -4 1.169 1.169 0.537385 1.169 0 1 0
 204 243.791 931.226 108 -4 0.389 0.389 0.142547 0.389 0 1 0
 205 267.385 585.500 107 -4 0.779 0.779 0.128829 0.779 0 1 0
 206 340.508 664.667 107 -4 0.389 0.779 0.159844 0.779 0 1 0
 207 245.154 351.314 107 -4 0.779 0.389 0.127636 0.779 0 1 0
 208 34.745 8687.152 -55 -5 0.389 0.389 0.284498 0.389 0 1 0
 209 35.721 8677.402 -55 -5 3.119 1.949 1.674185 3.119 0 1 0
 210 97.355 134.634 -169 0 117.776 56.547 2908.653568 117.776 0 1 0
 211 68.913 532.297 -169 0 70.198 755.010 9903.297536 755.010 0 1 0
 212 33.321 11327.785 -55 0 0.779 0.389 0.252887 0.779 0 1 0;
SummarySpec 5
  TESTNO    NDEFECT    DEFDENSITY    NDIE    NDEFDIE  ;
SummaryList 
  1    212    1.0969794989e+00    939    36  ;
DieOrigin 0.0000000000e+00 0.0000000000e+00;
WaferID "@25";
Slot 25;
SampleCenterLocation 4.5479800000e+02 8.2892090000e+03;
OrientationInstructions "";
InspectionTest 1;
AreaPerTest 1.9325800201e+10;
DefectRecordSpec 12 DEFECTID XREL YREL XINDEX YINDEX XSIZE YSIZE DEFECTAREA DSIZE CLASSNUMBER TEST IMAGECOUNT ;
DefectList
 1 34.979 8681.837 29 5 1.949 11.699 5.853384 11.699 0 1 0
 2 35.452 8685.932 2 5 2.339 2.729 0.859459 2.729 0 1 0
 3 35.452 8676.962 2 5 2.339 1.949 1.358076 2.339 0 1 0
 4 35.372 8686.433 114 3 0.389 1.949 0.382313 1.949 0 1 0
 5 34.957 8682.143 113 3 1.949 11.309 4.189339 11.309 0 1 0
 6 199.574 14325.638 -31 2 1.559 1.949 0.581521 1.949 0 1 0
 7 62.536 11567.330 1 2 0.389 2.339 0.563628 2.339 0 1 0
 8 40.307 11542.761 1 2 1.169 1.559 0.498617 1.559 0 1 0
 9 40.307 11569.280 1 2 1.169 20.279 5.295124 20.279 0 1 0
 10 40.307 11501.227 1 2 0.389 0.389 0.260044 0.389 0 1 0
 11 39.918 11416.991 1 2 0.389 0.389 0.248116 0.389 0 1 0
 12 39.528 11386.962 1 2 1.169 1.949 0.557068 1.949 0 1 0
 13 42.725 11568.890 -55 2 0.779 0.779 0.237380 0.779 0 1 0
 14 41.554 11386.767 -55 2 0.779 2.339 0.373366 2.339 0 1 0
 15 52.166 11204.640 1 2 0.779 1.559 0.280323 1.559 0 1 0
 16 40.271 4957.106 1 2 0.389 0.389 0.192051 0.389 0 1 0
 17 52.200 4167.453 1 2 0.779 1.559 0.331020 1.559 0 1 0
 18 43.677 11569.008 -55 1 0.779 0.779 0.301795 0.779 0 1 0
 19 294.325 16531.777 -48 0 0.389 0.389 0.145529 0.389 0 1 0
 20 43.619 11360.944 -55 0 0.389 0.389 0.238573 0.389 0 1 0
 21 32.645 11205.266 -55 0 0.779 2.339 0.499214 2.339 0 1 0
 22 101.353 9261.059 31 0 0.779 1.559 0.434203 1.559 0 1 0
 23 98.606 1622.898 -169 0 1.169 4.679 1.905004 4.679 0 1 0
 24 98.216 1599.499 -169 0 1.169 5.459 1.981347 5.459 0 1 0
 25 98.021 1576.490 -169 0 0.779 5.459 1.862657 5.459 0 1 0
 26 98.021 1553.481 -169 0 0.779 5.459 3.068046 5.459 0 1 0
 27 97.825 1530.472 -169 0 1.169 5.459 3.855337 5.459 0 1 0
 28 97.825 1507.853 -169 0 1.169 5.459 4.029495 5.459 0 1 0
 29 97.825 1484.843 -169 0 1.169 5.459 4.089138 5.459 0 1 0
 30 97.437 1438.825 -169 0 1.169 5.459 4.037845 5.459 0 1 0
 31 97.437 1415.816 -169 0 1.169 5.459 4.058124 5.459 0 1 0
 32 97.046 1392.807 -169 0 1.169 5.459 3.954345 5.459 0 1 0
 33 97.242 1369.798 -169 0 0.779 5.459 3.815376 5.459 0 1 0
 34 97.046 1346.984 -169 0 1.169 5.849 3.922734 5.849 0 1 0
 35 96.851 1324.170 -169 0 0.779 5.459 3.795694 5.459 0 1 0
 36 96.656 1301.161 -169 0 1.169 5.459 3.851162 5.459 0 1 0
 37 96.461 1255.142 -169 0 0.779 5.459 3.756925 5.459 0 1 0
 38 96.267 1232.133 -169 0 1.169 5.459 3.866669 5.459 0 1 0
 39 96.267 1209.124 -169 0 1.169 5.459 3.889333 5.459 0 1 0
 40 96.072 1186.115 -169 0 0.779 5.459 3.712193 5.459 0 1 0
 41 95.877 1163.106 -169 0 1.169 5.459 3.835058 5.459 0 1 0
 42 95.877 1140.097 -169 0 1.169 5.459 4.013988 5.459 0 1 0
 43 95.877 1117.088 -169 0 1.169 5.459 3.830287 5.459 0 1 0
 44 95.486 1094.079 -169 0 1.169 5.459 3.780186 5.459 0 1 0
 45 95.682 1071.069 -169 0 0.779 5.459 3.815972 5.459 0 1 0
 46 95.486 1047.865 -169 0 1.169 5.849 3.964484 5.849 0 1 0
 47 95.291 1024.661 -169 0 0.779 5.459 3.765276 5.459 0 1 0
 48 95.291 1001.652 -169 0 0.779 5.459 3.826112 5.459 0 1 0
 49 95.096 978.643 -169 0 1.169 5.459 3.941819 5.459 0 1 0
 50 94.901 955.634 -169 0 0.779 5.459 3.846987 5.459 0 1 0
 51 94.901 932.625 -169 0 0.779 5.459 3.937644 5.459 0 1 0
 52 97.437 1461.834 -169 0 1.169 5.459 4.026513 5.459 0 1 0
 53 96.656 1278.151 -169 0 1.169 5.459 3.992516 5.459 0 1 0
 54 85.098 886.408 -169 0 1.169 5.849 4.081981 5.849 0 1 0
 55 84.902 863.594 -169 0 0.779 5.459 3.901262 5.459 0 1 0
 56 84.902 840.585 -169 0 0.779 5.459 4.030688 5.459 0 1 0
 57 84.707 817.575 -169 0 1.169 5.459 4.064088 5.459 0 1 0
 58 84.707 794.566 -169 0 1.169 5.459 4.012198 5.459 0 1 0
 59 84.512 771.557 -169 0 0.779 5.459 4.019952 5.459 0 1 0
 60 84.317 748.938 -169 0 1.169 5.459 3.914384 5.459 0 1 0
 61 84.317 725.929 -169 0 1.169 5.459 4.107031 5.459 0 1 0
 62 128.971 850.529 -169 0 0.779 0.389 0.384102 0.779 0 1 0
 63 128.387 758.688 -169 0 0.389 0.779 0.463428 0.779 0 1 0
 64 135.992 850.529 -169 0 0.779 2.729 1.196443 2.729 0 1 0
 65 135.601 758.883 -169 0 0.779 2.729 0.917909 2.729 0 1 0
 66 83.928 656.902 -169 0 1.169 5.459 4.092120 5.459 0 1 0
 67 83.733 633.893 -169 0 0.779 5.459 3.900069 5.459 0 1 0
 68 83.733 610.883 -169 0 0.779 5.459 3.916173 5.459 0 1 0
 69 83.538 587.874 -169 0 1.169 5.459 3.915576 5.459 0 1 0
 70 83.343 565.255 -169 0 0.779 5.459 3.876212 5.459 0 1 0
 71 83.343 542.051 -169 0 0.779 5.849 4.034266 5.849 0 1 0
 72 84.122 702.920 -169 0 0.779 5.459 3.965677 5.459 0 1 0
 73 83.928 679.911 -169 0 1.169 5.459 4.000270 5.459 0 1 0
 74 135.212 666.846 -169 0 0.779 2.729 1.122485 2.729 0 1 0
 75 134.432 575.005 -169 0 0.779 2.339 1.050317 2.339 0 1 0
 76 163.875 712.864 -169 0 0.389 0.389 0.368595 0.389 0 1 0
 77 170.505 621.023 -169 0 0.389 2.339 0.873773 2.339 0 1 0
 78 35.178 498.958 -169 0 2.729 0.779 2.198449 2.729 0 1 0
 79 35.178 485.893 -169 0 2.729 15.209 9.365176 15.209 0 1 0
 80 36.154 469.709 -169 0 4.679 1.559 3.725315 4.679 0 1 0
 81 36.348 476.144 -169 0 5.069 1.169 4.753563 5.069 0 1 0
 82 36.933 454.109 -169 0 6.239 3.119 7.518026 6.239 0 1 0
 83 37.713 354.858 -169 0 5.459 1.169 3.807026 5.459 0 1 0
 84 37.323 438.510 -169 0 7.019 17.939 24.178162 17.939 0 1 0
 85 37.323 415.501 -169 0 7.019 17.939 24.782944 17.939 0 1 0
 86 37.323 392.492 -169 0 7.019 17.939 25.064460 17.939 0 1 0
 87 37.713 369.678 -169 0 6.239 17.549 19.327978 17.549 0 1 0
 88 52.728 347.449 -169 0 0.389 1.169 0.960852 1.169 0 1 0
 89 83.147 519.236 -169 0 1.169 5.459 3.890526 5.459 0 1 0
 90 82.952 496.228 -169 0 0.779 5.459 3.734858 5.459 0 1 0
 91 82.952 473.219 -169 0 0.779 5.459 3.916769 5.459 0 1 0
 92 82.757 450.210 -169 0 1.169 5.459 3.928101 5.459 0 1 0
 93 82.757 427.201 -169 0 1.169 5.459 4.115381 5.459 0 1 0
 94 82.562 404.191 -169 0 0.779 5.459 4.011006 5.459 0 1 0
 95 82.368 381.182 -169 0 1.169 5.459 4.071245 5.459 0 1 0
 96 82.368 358.173 -169 0 1.169 5.459 4.093910 5.459 0 1 0
 97 186.495 527.622 -169 0 0.389 2.729 1.337201 2.729 0 1 0
 98 186.690 435.975 -169 0 0.779 0.389 0.629236 0.779 0 1 0
 99 186.495 392.687 -169 0 1.169 4.289 1.867429 4.289 0 1 0
 100 191.954 468.344 -169 0 1.169 1.169 1.550723 1.169 0 1 0
 101 191.760 447.870 -169 0 0.779 0.779 0.905384 0.779 0 1 0
 102 195.855 404.191 -169 0 1.169 5.459 2.926096 5.459 0 1 0
 103 198.000 370.068 -169 0 0.779 1.169 0.904787 1.169 0 1 0
 104 196.829 360.513 -169 0 3.119 1.559 1.887111 3.119 0 1 0
 105 34.009 238.058 -169 0 0.389 0.779 0.561243 0.779 0 1 0
 106 34.399 226.943 -169 0 1.169 5.849 3.560103 5.849 0 1 0
 107 34.399 219.729 -169 0 1.169 2.339 2.241988 2.339 0 1 0
 108 35.568 196.524 -169 0 3.509 2.729 5.512821 3.509 0 1 0
 109 36.740 331.264 -169 0 5.849 2.339 4.246596 5.849 0 1 0
 110 36.740 320.735 -169 0 5.069 10.139 7.761967 10.139 0 1 0
 111 37.129 301.040 -169 0 6.629 16.769 15.603259 16.769 0 1 0
 112 37.713 285.831 -169 0 4.679 1.169 3.619150 4.679 0 1 0
 113 39.078 282.711 -169 0 0.389 1.169 1.022285 1.169 0 1 0
 114 38.688 262.822 -169 0 2.729 1.169 2.318331 2.729 0 1 0
 115 38.884 254.632 -169 0 0.779 10.529 7.156588 10.529 0 1 0
 116 39.468 239.423 -169 0 0.389 1.169 0.969799 1.169 0 1 0
 117 35.958 208.224 -169 0 4.289 14.429 19.287420 14.429 0 1 0
 118 35.958 184.825 -169 0 4.289 14.429 32.395206 14.429 0 1 0
 119 46.098 320.735 -169 0 0.389 3.119 2.252127 3.119 0 1 0
 120 45.708 286.026 -169 0 0.389 45.238 22.733604 45.238 0 1 0
 121 45.318 218.559 -169 0 0.389 38.998 22.822472 38.998 0 1 0
 122 45.514 179.365 -169 0 0.779 15.989 11.370977 15.989 0 1 0
 123 45.708 167.276 -169 0 0.389 1.169 0.941170 1.169 0 1 0
 124 53.313 322.880 -169 0 1.559 16.769 10.654662 16.769 0 1 0
 125 54.288 300.455 -169 0 3.509 17.939 17.829142 17.939 0 1 0
 126 55.654 277.446 -169 0 7.019 17.939 27.558142 17.939 0 1 0
 127 56.238 254.437 -169 0 8.189 17.939 39.264912 17.939 0 1 0
 128 56.238 231.233 -169 0 8.189 18.329 33.550496 18.329 0 1 0
 129 56.043 208.029 -169 0 8.579 17.939 34.920500 17.939 0 1 0
 130 55.848 185.410 -169 0 8.189 17.159 30.119818 17.159 0 1 0
 131 66.767 184.825 -169 0 3.509 17.549 19.577882 17.549 0 1 0
 132 82.173 335.164 -169 0 0.779 5.459 3.996095 5.459 0 1 0
 133 81.783 324.244 -169 0 1.559 2.339 1.470205 2.339 0 1 0
 134 81.978 311.960 -169 0 1.169 5.849 4.145203 5.849 0 1 0
 135 81.978 288.756 -169 0 1.169 5.459 4.015777 5.459 0 1 0
 136 81.783 265.747 -169 0 0.779 5.459 3.890526 5.459 0 1 0
 137 81.783 242.738 -169 0 0.779 5.459 4.048581 5.459 0 1 0
 138 81.587 219.729 -169 0 1.169 5.459 4.064088 5.459 0 1 0
 139 81.392 197.499 -169 0 0.779 3.899 2.878978 3.899 0 1 0
 140 92.118 190.285 -169 0 1.169 1.169 1.259068 1.169 0 1 0
 141 98.553 191.065 -169 0 0.779 2.729 1.231632 2.729 0 1 0
 142 104.207 190.090 -169 0 1.169 0.779 0.967413 1.169 0 1 0
 143 109.666 190.090 -169 0 1.169 0.779 0.987691 1.169 0 1 0
 144 115.127 190.090 -169 0 1.169 0.779 0.887491 1.169 0 1 0
 145 115.906 193.795 -169 0 3.509 2.729 2.453125 3.509 0 1 0
 146 133.067 298.895 -169 0 0.389 2.339 0.872580 2.339 0 1 0
 147 141.450 196.134 -169 0 42.118 12.869 95.141056 42.118 0 1 0
 148 185.909 297.920 -169 0 0.779 0.389 0.502196 0.779 0 1 0
 149 185.714 254.242 -169 0 1.169 4.289 1.752317 4.289 0 1 0
 150 191.175 308.060 -169 0 2.729 1.169 2.175188 2.729 0 1 0
 151 193.320 263.992 -169 0 0.779 2.729 1.467819 2.729 0 1 0
 152 197.610 301.040 -169 0 0.779 1.169 0.880930 1.169 0 1 0
 153 197.610 296.751 -169 0 0.779 1.169 0.864230 1.169 0 1 0
 154 197.415 278.031 -169 0 0.389 1.169 0.793851 1.169 0 1 0
 155 197.415 273.351 -169 0 0.389 1.169 0.729436 1.169 0 1 0
 156 197.219 232.013 -169 0 0.779 1.169 0.909559 1.169 0 1 0
 157 197.024 208.809 -169 0 0.389 0.779 0.659057 0.779 0 1 0
 158 198.390 203.739 -169 0 46.018 3.119 94.861328 46.018 0 1 0
 159 46.683 355.053 -169 0 1.559 61.617 44.609540 61.617 0 1 0
 160 81.587 346.474 -169 0 1.169 9.359 7.052809 9.359 0 1 0
 161 37.129 341.014 -169 0 5.069 4.679 5.001083 5.069 0 1 0
 162 52.728 341.989 -169 0 0.389 5.069 2.818141 5.069 0 1 0
 163 76.961 119.236 -169 0 24.179 0.779 15.692127 24.179 0 1 0
 164 46.112 11205.330 -55 -1 0.779 2.729 0.512335 2.729 0 1 0
 165 40.913 5052.827 57 -1 0.389 0.779 0.192051 0.779 0 1 0
 166 39.384 11569.378 57 -2 0.779 0.779 0.367999 0.779 0 1 0
 167 53.839 11680.523 1 -2 0.779 1.559 0.258255 1.559 0 1 0
 168 41.749 11577.957 1 -2 0.779 2.339 0.573171 2.339 0 1 0
 169 41.749 11569.183 1 -2 0.779 1.949 0.596432 1.949 0 1 0
 170 41.943 11561.188 1 -2 0.389 2.339 0.600607 2.339 0 1 0
 171 40.384 11393.884 1 -2 0.389 3.899 0.733015 3.899 0 1 0
 172 40.774 11384.330 1 -2 1.169 8.189 1.763053 8.189 0 1 0
 173 43.999 11569.183 -55 -2 0.779 1.169 0.393049 1.169 0 1 0
 174 53.610 11204.223 1 -2 0.779 1.559 0.285691 1.559 0 1 0
 175 316.202 6531.066 3 -2 0.389 0.389 0.097218 0.389 0 1 0
 176 40.307 11205.121 57 -3 0.779 2.339 0.566610 2.339 0 1 0
 177 42.673 11205.316 1 -3 0.779 1.949 0.535000 1.949 0 1 0
 178 41.504 5050.864 1 -3 0.779 5.459 0.586889 5.459 0 1 0
 179 119.231 9464.144 47 -4 0.389 0.389 0.228433 0.389 0 1 0
 180 46.807 140.623 -169 0 26.129 68.637 714.403328 68.637 0 1 0
 181 217.942 153.359 -169 0 8.189 1.949 14.322719 8.189 0 1 0
 182 210.534 153.359 -169 0 2.729 1.949 4.303257 2.729 0 1 0
 183 202.928 153.359 -169 0 8.579 1.949 14.159893 8.579 0 1 0
 184 195.324 153.359 -169 0 2.729 1.949 4.346200 2.729 0 1 0
 185 187.914 153.359 -169 0 8.189 1.949 14.399659 8.189 0 1 0
 186 180.504 153.359 -169 0 2.729 1.949 4.339640 2.729 0 1 0
 187 172.899 153.359 -169 0 8.579 1.949 14.282758 8.579 0 1 0
 188 165.295 153.359 -169 0 2.729 1.949 4.289539 2.729 0 1 0
 189 157.885 153.359 -169 0 8.189 1.949 14.319737 8.189 0 1 0
 190 150.474 153.359 -169 0 2.729 1.949 4.364093 2.729 0 1 0
 191 142.870 153.359 -169 0 8.579 1.949 14.275005 8.579 0 1 0
 192 135.461 153.359 -169 0 2.339 1.949 4.357533 2.339 0 1 0
 193 127.856 153.359 -169 0 8.189 1.949 14.424709 8.189 0 1 0
 194 120.445 153.359 -169 0 2.729 1.949 4.296697 2.729 0 1 0
 195 113.036 153.359 -169 0 8.189 1.949 14.355523 8.189 0 1 0
 196 105.430 153.359 -169 0 2.339 1.949 4.304450 2.339 0 1 0
 197 94.707 909.421 -169 0 1.169 5.849 3.886948 5.849 0 1 0
 198 85.098 907.272 -169 0 1.169 1.559 1.086699 1.559 0 1 0
 199 33.230 11329.671 -55 0 1.169 3.899 0.631025 3.899 0 1 0
 200 33.534 11331.503 -55 1 0.779 0.779 0.362631 0.779 0 1 0
 201 33.340 11328.383 -55 1 1.169 0.779 0.413327 1.169 0 1 0;
SummarySpec 5
  TESTNO    NDEFECT    DEFDENSITY    NDIE    NDEFDIE  ;
SummaryList 
  1    201    1.0400607586e+00    939    21  ;
EndOfFile;
