FileVersion 1 2;
FileTimestamp 06-06-19 18:19:49;
InspectionStationID "NONE" "2365 WITH 10.4 SW" "IPS205";
SampleType WAFER;
ResultTimestamp 03-31-18 08:14:21;
LotID "182M54";
SampleSize 1 200;
DeviceID "MA65";
SetupID "MA65_M5CWCMP" 03-12-18 10:28:37;
StepID "M5CWCMP";
SampleOrientationMarkType NOTCH;
OrientationMarkLocation DOWN;
DiePitch 5.0438820000e+03 4.2533320000e+03;
DieOrigin 0.0000000000e+00 0.0000000000e+00;
WaferID "@07";
Slot 7;
SampleCenterLocation 5.1854660000e+03 -1.9998830000e+03;
ClassLookup 74
  0 "Uncategorized"
  1 "Small PT"
  2 "Medium PT"
  3 "Large PT"
  4 "Polymer"
  5 "Flake PT"
  6 "Scratch"
  9 "Other Defect"
  10 "Other Residue"
  11 "Wet Residue"
  13 "W Residue"
  14 "PR Residue"
  15 "Liquid Mark"
  16 "Thread Defect"
  20 "Pits"
  22 "Pattern Deformed"
  23 "Defocus"
  24 "PR BUBBLE"
  25 "Crown Defect"
  27 "Bead Defect"
  30 "CMP Scratch"
  31 "Minor CMP Scratch"
  35 "Rip Out"
  40 "Protrusion"
  42 "Top Blocked"
  43 "Bottom Blocked"
  44 "Line broken"
  45 "Metal Corrosion"
  46 "Galvanic Corrosion"
  51 "PR Popping"
  52 "Salicide Bad"
  53 "STI Dimple"
  59 "W Void"
  60 "AA Dep PT"
  61 "GC Dep PT"
  62 "CVD Dep PT"
  63 "Metal Dep PT"
  73 "Cone Defect"
  74 "Metal Depression"
  77 "Underlayer"
  78 "NUISANCE/FALSE"
  79 "Metal Grain"
  80 "Don't Care/Minor"
  95 "Missing AI"
  99 "test2"
  100 "Cluster"
  101 "CU CMP Scratch"
  102 "CU Void"
  103 "2_PO Missing"
  104 "CU Pattern Open"
  105 "CU Remain"
  106 "Circle CU Remain"
  107 "CU CVD PT"
  108 "CU Eclips"
  109 "CU CMP Residue"
  110 "Minor CU CMP Scratch"
  111 "CMP PT"
  112 "CU SEAM PT"
  113 "CU Ox"
  114 "CU Pattern Open(Minor)"
  116 "1_PO Missing"
  117 "PAD Abnormality"
  150 "Guard Ring Circle Defect"
  151 "EBR Circle Defect"
  152 "PAD Hillock"
  153 "PAD Residue"
  154 "PAD Hole"
  155 "Color PR Residue"
  201 "Bin 1"
  202 "Bin 2"
  203 "Bin 3"
  204 "Bin 4"
  205 "Bin 5"
  206 "Bin 6"  ;
OrientationInstructions "";
InspectionTest 1;
SampleTestPlan 1295
  -18 -2 
  -17 -5 
  -17 0 
  -16 -8 
  -16 -7 
  -16 -2 
  -16 2 
  -15 2 
  -15 3 
  -15 9 
  -14 -13 
  -14 -10 
  -14 -5 
  -14 -3 
  -13 -7 
  -13 -5 
  -13 1 
  -13 5 
  -13 10 
  -13 13 
  -12 -16 
  -12 -10 
  -12 -8 
  -12 9 
  -12 12 
  -11 -14 
  -11 4 
  -11 12 
  -11 15 
  -10 -19 
  -10 -16 
  -10 -6 
  -10 3 
  -10 5 
  -10 8 
  -10 9 
  -10 15 
  -9 -17 
  -9 -13 
  -9 -1 
  -9 6 
  -9 11 
  -8 -11 
  -8 5 
  -8 7 
  -8 10 
  -8 14 
  -7 -18 
  -7 -2 
  -7 4 
  -7 15 
  -7 18 
  -6 -13 
  -6 -7 
  -6 -2 
  -6 -1 
  -6 0 
  -6 3 
  -6 6 
  -6 9 
  -6 10 
  -6 11 
  -6 12 
  -5 -18 
  -5 -16 
  -5 -12 
  -5 -9 
  -5 5 
  -5 8 
  -5 10 
  -4 -19 
  -4 -6 
  -3 -22 
  -3 -10 
  -3 -1 
  -3 12 
  -3 14 
  -2 -19 
  -2 -18 
  -2 -12 
  -2 -1 
  -2 1 
  -2 4 
  -2 11 
  -1 -20 
  -1 8 
  -1 9 
  0 -9 
  0 -3 
  0 4 
  0 10 
  0 12 
  0 17 
  1 -12 
  1 6 
  1 15 
  2 -22 
  2 -5 
  2 8 
  2 20 
  3 -21 
  3 -20 
  3 -19 
  3 0 
  3 12 
  3 21 
  4 -21 
  4 -11 
  4 -10 
  4 11 
  4 12 
  4 14 
  5 -14 
  5 -6 
  5 -1 
  5 15 
  5 16 
  6 -13 
  6 -10 
  6 -3 
  6 7 
  6 10 
  6 13 
  7 -11 
  7 -6 
  7 0 
  7 7 
  7 8 
  7 13 
  8 -18 
  8 -17 
  8 1 
  8 6 
  9 -19 
  9 -17 
  9 -6 
  10 -16 
  10 1 
  10 7 
  10 18 
  11 -19 
  11 -14 
  11 -12 
  11 -8 
  11 -7 
  11 -2 
  11 1 
  12 -6 
  12 -2 
  12 1 
  12 14 
  12 15 
  13 -15 
  13 -5 
  13 14 
  14 -13 
  14 -8 
  14 13 
  15 -13 
  15 -4 
  15 12 
  16 -10 
  16 1 
  16 8 
  17 2 
  17 7 
  18 -7 
  18 -1 
  -17 6 
  -16 -4 
  -16 -1 
  -16 0 
  -16 1 
  -15 -12 
  -15 10 
  -14 1 
  -13 -1 
  -13 8 
  -12 2 
  -12 13 
  -11 -18 
  -11 -9 
  -11 -7 
  -11 -5 
  -11 -3 
  -11 0 
  -11 16 
  -10 -7 
  -10 16 
  -9 -8 
  -9 -6 
  -9 0 
  -9 3 
  -8 -13 
  -8 17 
  -7 -9 
  -7 2 
  -7 7 
  -7 10 
  -7 11 
  -7 19 
  -6 -8 
  -6 -6 
  -6 8 
  -5 -11 
  -5 -7 
  -5 -2 
  -4 -11 
  -4 -2 
  -4 -1 
  -4 7 
  -4 18 
  -3 -18 
  -3 -17 
  -3 2 
  -2 2 
  -2 5 
  -2 13 
  -2 19 
  -1 -19 
  -1 -18 
  -1 -17 
  -1 19 
  -1 20 
  0 -19 
  0 -16 
  0 -11 
  0 -1 
  1 -10 
  1 -8 
  1 -6 
  1 10 
  1 12 
  1 18 
  2 -20 
  2 -19 
  2 -18 
  2 -9 
  2 9 
  2 13 
  2 15 
  3 15 
  4 -19 
  4 -5 
  4 4 
  4 9 
  5 0 
  5 3 
  5 20 
  6 -9 
  6 3 
  6 8 
  6 12 
  6 14 
  6 16 
  6 17 
  7 -5 
  7 -4 
  7 12 
  7 16 
  8 3 
  8 4 
  8 10 
  9 -20 
  9 -13 
  9 -10 
  10 -14 
  10 -1 
  10 5 
  11 0 
  11 15 
  12 -18 
  12 -17 
  12 -5 
  12 0 
  12 6 
  12 10 
  13 -12 
  13 -10 
  13 -7 
  13 -3 
  13 0 
  13 1 
  13 10 
  13 15 
  14 4 
  14 8 
  15 -7 
  15 -6 
  15 2 
  15 7 
  16 -5 
  16 6 
  16 10 
  17 -7 
  17 -5 
  17 0 
  17 8 
  18 -3 
  18 0 
  18 2 
  -18 -1 
  -17 1 
  -16 -5 
  -16 4 
  -16 6 
  -16 8 
  -15 -3 
  -15 -1 
  -15 4 
  -15 6 
  -15 8 
  -15 11 
  -14 3 
  -13 -3 
  -13 3 
  -13 7 
  -12 -9 
  -12 -6 
  -12 6 
  -11 -17 
  -11 -16 
  -11 2 
  -10 -17 
  -10 -3 
  -10 1 
  -10 10 
  -9 -18 
  -9 7 
  -8 -18 
  -8 -17 
  -8 -15 
  -8 -7 
  -8 -4 
  -8 3 
  -7 -17 
  -7 12 
  -7 13 
  -7 16 
  -6 -20 
  -6 -14 
  -6 -9 
  -6 4 
  -6 7 
  -6 15 
  -6 18 
  -5 -21 
  -5 -19 
  -5 -14 
  -5 -8 
  -5 20 
  -4 -8 
  -4 -4 
  -4 12 
  -4 13 
  -4 17 
  -3 -16 
  -3 -15 
  -3 0 
  -3 11 
  -3 15 
  -3 16 
  -2 -15 
  -2 -3 
  -2 9 
  -2 21 
  -1 -14 
  -1 -11 
  -1 16 
  0 -21 
  0 -20 
  0 -12 
  0 2 
  0 8 
  0 19 
  0 20 
  0 21 
  1 -21 
  1 -17 
  1 -5 
  1 -3 
  1 11 
  1 21 
  2 -21 
  2 -12 
  2 -11 
  2 -10 
  2 -4 
  2 11 
  2 18 
  2 19 
  2 21 
  3 -17 
  3 -6 
  3 -2 
  4 -22 
  4 -18 
  4 -14 
  4 -6 
  4 -1 
  4 10 
  4 17 
  4 18 
  5 -19 
  5 -17 
  5 -16 
  5 -15 
  5 -5 
  5 4 
  5 8 
  5 10 
  5 19 
  6 9 
  6 15 
  7 -15 
  7 -14 
  7 -2 
  7 6 
  8 -13 
  8 -8 
  8 -6 
  8 16 
  9 -7 
  9 4 
  9 6 
  9 9 
  9 17 
  10 -6 
  10 -5 
  10 -4 
  10 -3 
  10 11 
  10 12 
  10 13 
  11 -11 
  11 -9 
  11 2 
  11 6 
  11 7 
  12 -13 
  12 -9 
  12 4 
  12 9 
  13 -17 
  13 13 
  14 9 
  15 -9 
  15 11 
  16 -11 
  16 -2 
  16 0 
  17 -6 
  17 -3 
  17 6 
  18 -8 
  18 -5 
  18 6 
  -18 1 
  -17 -4 
  -17 2 
  -16 -10 
  -16 -6 
  -14 -7 
  -14 9 
  -14 11 
  -13 -14 
  -12 -17 
  -12 3 
  -12 14 
  -11 -13 
  -11 -11 
  -11 6 
  -11 14 
  -10 -13 
  -10 -12 
  -10 -11 
  -10 -2 
  -10 0 
  -10 2 
  -10 17 
  -9 -12 
  -8 -12 
  -8 -10 
  -8 -8 
  -8 8 
  -8 11 
  -8 13 
  -7 -20 
  -7 -13 
  -7 -1 
  -7 3 
  -6 -12 
  -6 1 
  -6 13 
  -5 2 
  -5 14 
  -5 15 
  -5 17 
  -4 -22 
  -4 -20 
  -4 -18 
  -4 -14 
  -4 3 
  -4 15 
  -3 -13 
  -3 -2 
  -2 -8 
  -2 0 
  -2 3 
  -2 20 
  -1 -22 
  0 -10 
  0 -6 
  0 5 
  0 7 
  1 -4 
  1 14 
  2 -8 
  2 -6 
  2 4 
  3 -22 
  3 -7 
  3 -1 
  3 8 
  3 19 
  4 -15 
  4 3 
  4 5 
  4 8 
  4 16 
  5 -21 
  5 -9 
  5 9 
  6 2 
  6 19 
  7 -16 
  7 -12 
  7 2 
  8 -19 
  8 -7 
  8 -5 
  8 0 
  8 8 
  8 11 
  8 12 
  9 -14 
  9 -4 
  9 2 
  9 3 
  9 8 
  9 14 
  10 -17 
  10 -8 
  10 14 
  10 15 
  11 -15 
  11 16 
  12 -10 
  12 -7 
  13 -11 
  13 -1 
  13 3 
  14 -11 
  14 -7 
  15 -8 
  15 -3 
  15 -1 
  15 1 
  15 3 
  16 -3 
  16 11 
  17 -9 
  17 3 
  18 4 
  -18 -3 
  -17 -8 
  -17 -2 
  -17 -1 
  -14 -11 
  -14 4 
  -14 8 
  -13 -13 
  -13 -12 
  -13 -11 
  -13 -8 
  -13 -6 
  -13 -4 
  -13 -2 
  -12 -15 
  -12 11 
  -11 -15 
  -11 3 
  -11 5 
  -11 11 
  -10 -10 
  -9 -15 
  -9 -7 
  -9 2 
  -9 13 
  -9 15 
  -9 16 
  -8 -14 
  -8 0 
  -8 1 
  -8 6 
  -8 9 
  -7 -11 
  -7 -10 
  -7 8 
  -6 -21 
  -6 -18 
  -6 -11 
  -5 0 
  -5 3 
  -5 6 
  -5 19 
  -4 -12 
  -4 2 
  -4 6 
  -4 16 
  -4 19 
  -3 -21 
  -3 -14 
  -3 8 
  -3 20 
  -2 -20 
  -2 -13 
  -2 -9 
  -2 17 
  -1 -9 
  -1 2 
  -1 6 
  -1 7 
  -1 12 
  0 -18 
  0 -4 
  1 -18 
  1 -15 
  1 -2 
  1 -1 
  1 2 
  1 3 
  1 20 
  2 -15 
  2 -13 
  2 -7 
  2 2 
  2 12 
  3 -18 
  3 -11 
  3 -9 
  3 -8 
  3 -5 
  3 3 
  4 -12 
  4 -7 
  4 7 
  5 -22 
  5 -20 
  5 -18 
  5 -13 
  5 1 
  5 6 
  5 7 
  5 13 
  6 -19 
  6 -18 
  6 -11 
  6 -1 
  6 0 
  6 6 
  7 -18 
  7 -7 
  7 4 
  8 -16 
  8 13 
  8 14 
  9 -9 
  9 -8 
  9 -1 
  10 -18 
  10 8 
  10 9 
  10 16 
  11 -4 
  11 -1 
  11 4 
  12 -15 
  12 -14 
  12 -3 
  12 -1 
  12 3 
  12 8 
  13 -8 
  13 8 
  14 -6 
  14 0 
  14 1 
  14 6 
  15 0 
  15 5 
  16 -1 
  16 7 
  18 5 
  -16 9 
  -14 -6 
  -14 0 
  -13 -15 
  -12 -14 
  -12 -13 
  -12 -11 
  -12 -7 
  -12 -5 
  -12 -4 
  -12 4 
  -11 7 
  -11 13 
  -10 12 
  -9 -10 
  -9 -9 
  -9 -5 
  -9 -2 
  -8 15 
  -7 -14 
  -7 -8 
  -7 -4 
  -6 -10 
  -6 -4 
  -6 17 
  -5 -4 
  -4 -17 
  -4 20 
  -3 -19 
  -3 -11 
  -2 -22 
  -2 -11 
  -2 -10 
  -2 -4 
  -2 10 
  -2 16 
  -1 -10 
  -1 -4 
  -1 4 
  -1 13 
  -1 17 
  0 -7 
  0 1 
  1 -22 
  2 -1 
  2 16 
  3 -14 
  3 10 
  4 -20 
  4 -17 
  5 11 
  6 -20 
  6 -17 
  6 1 
  6 20 
  7 -21 
  7 -8 
  7 14 
  8 -15 
  8 18 
  9 13 
  9 15 
  9 18 
  10 -2 
  10 0 
  10 2 
  10 3 
  11 -16 
  11 5 
  12 -4 
  12 5 
  13 -2 
  13 2 
  13 9 
  14 -16 
  15 -12 
  15 6 
  17 -2 
  17 1 
  17 9 
  18 -2 
  19 -3 
  19 -2 
  19 0 
  -18 0 
  -17 3 
  -15 0 
  -14 -8 
  -13 -9 
  -13 2 
  -13 6 
  -13 9 
  -10 -8 
  -9 -16 
  -9 -4 
  -9 4 
  -9 14 
  -8 -20 
  -8 -6 
  -8 -3 
  -8 2 
  -8 18 
  -7 -7 
  -7 -3 
  -7 9 
  -7 14 
  -6 -19 
  -6 -3 
  -6 14 
  -6 19 
  -5 -13 
  -5 11 
  -4 -15 
  -4 -9 
  -4 0 
  -3 -6 
  -3 -4 
  -3 1 
  -3 4 
  -3 10 
  -2 -7 
  -2 15 
  -2 18 
  -1 -16 
  -1 11 
  0 -17 
  0 -15 
  0 -13 
  0 3 
  1 -20 
  2 -2 
  2 1 
  3 -15 
  3 9 
  3 14 
  3 20 
  4 -13 
  4 -4 
  4 0 
  4 6 
  4 20 
  5 -12 
  6 -14 
  6 -7 
  7 -20 
  7 -17 
  7 -13 
  7 11 
  7 15 
  7 18 
  8 -20 
  8 -2 
  8 -1 
  8 2 
  8 9 
  9 7 
  9 11 
  11 -18 
  11 -6 
  11 -5 
  11 12 
  11 14 
  11 17 
  12 13 
  13 -6 
  13 4 
  13 12 
  14 -14 
  14 -12 
  14 -5 
  14 3 
  15 9 
  16 -4 
  17 -10 
  18 1 
  -17 -7 
  -16 3 
  -15 -6 
  -15 -2 
  -14 -2 
  -14 2 
  -14 5 
  -12 8 
  -11 -10 
  -11 -8 
  -11 -6 
  -11 -2 
  -10 -15 
  -9 -19 
  -9 17 
  -8 -16 
  -8 -9 
  -8 -5 
  -7 -16 
  -7 -6 
  -6 -15 
  -6 5 
  -5 -22 
  -5 9 
  -5 12 
  -4 5 
  -3 18 
  -2 -17 
  -2 -14 
  -2 -2 
  -2 8 
  -1 -21 
  -1 -7 
  -1 1 
  -1 3 
  0 -8 
  0 0 
  0 6 
  0 13 
  0 14 
  1 0 
  1 5 
  1 13 
  1 19 
  2 -3 
  2 5 
  2 6 
  3 -3 
  3 2 
  3 18 
  4 -16 
  4 2 
  4 15 
  5 5 
  6 -21 
  6 -12 
  6 -4 
  6 -2 
  6 18 
  7 9 
  8 -11 
  8 5 
  10 -19 
  10 -11 
  10 -9 
  10 6 
  11 -13 
  11 -3 
  11 3 
  12 -12 
  12 7 
  12 11 
  14 -9 
  14 -3 
  14 2 
  16 -8 
  17 -4 
  17 4 
  18 -4 
  19 1 
  -17 5 
  -16 -9 
  -15 -4 
  -15 5 
  -14 -12 
  -13 -10 
  -12 -12 
  -12 1 
  -11 -12 
  -11 1 
  -11 10 
  -10 -18 
  -10 6 
  -10 11 
  -9 -14 
  -9 8 
  -8 -1 
  -8 4 
  -7 -19 
  -7 17 
  -6 -5 
  -6 2 
  -6 16 
  -5 -17 
  -4 -16 
  -4 -13 
  -4 -5 
  -4 1 
  -4 8 
  -4 14 
  -3 3 
  -3 5 
  -3 6 
  -3 13 
  -3 19 
  -2 -6 
  -2 7 
  -2 12 
  -1 -3 
  -1 14 
  -1 15 
  0 -2 
  0 11 
  0 15 
  1 -19 
  1 -13 
  1 4 
  1 7 
  2 -17 
  2 -16 
  2 -14 
  2 10 
  3 -16 
  3 -12 
  3 1 
  4 -8 
  4 13 
  5 -10 
  5 -7 
  5 -4 
  5 17 
  6 -22 
  6 -15 
  6 -8 
  6 -5 
  6 11 
  7 -19 
  7 10 
  8 -12 
  8 -9 
  8 7 
  9 -18 
  9 -5 
  9 1 
  9 10 
  9 16 
  11 -10 
  11 9 
  12 -11 
  12 -8 
  14 10 
  15 -5 
  15 4 
  16 -6 
  16 3 
  17 5 
  18 3 
  19 -1 
  -15 -11 
  -14 -1 
  -13 14 
  -12 -2 
  -12 -1 
  -10 -14 
  -10 -1 
  -9 -11 
  -9 9 
  -9 12 
  -8 12 
  -8 16 
  -7 -21 
  -7 5 
  -6 -16 
  -5 -15 
  -5 -6 
  -5 -5 
  -5 -3 
  -5 18 
  -4 -10 
  -4 4 
  -4 10 
  -3 -8 
  -3 -7 
  -3 7 
  -1 -6 
  -1 10 
  -1 18 
  0 -22 
  0 9 
  0 18 
  1 -11 
  1 -9 
  1 8 
  1 16 
  2 0 
  2 3 
  2 17 
  3 5 
  3 7 
  3 17 
  4 -3 
  4 -2 
  4 1 
  5 14 
  5 18 
  7 -1 
  7 1 
  7 5 
  8 -21 
  8 -14 
  8 -3 
  9 -3 
  9 0 
  9 5 
  9 12 
  10 -10 
  10 17 
  11 -17 
  11 11 
  12 16 
  13 -14 
  13 7 
  13 11 
  14 -15 
  14 -1 
  14 5 
  14 7 
  16 -13 
  16 2 
  16 4 
  17 -1 
  -17 -6 
  -17 -3 
  -16 5 
  -16 7 
  -15 -10 
  -15 -7 
  -14 -14 
  -14 -9 
  -14 7 
  -13 0 
  -13 11 
  -12 7 
  -11 8 
  -11 9 
  -10 -9 
  -10 4 
  -10 14 
  -8 -19 
  -7 -12 
  -7 -5 
  -7 0 
  -5 7 
  -5 16 
  -3 -20 
  -2 6 
  -1 -13 
  -1 -12 
  -1 -5 
  -1 -2 
  -1 0 
  0 -14 
  1 -14 
  1 -7 
  3 6 
  3 16 
  5 -11 
  5 -8 
  5 -2 
  5 2 
  7 17 
  7 19 
  8 -10 
  9 -11 
  10 -12 
  12 -16 
  12 2 
  12 12 
  13 -16 
  14 12 
  14 14 
  15 -14 
  15 -2 
  15 10 
  17 -11 
  -17 4 
  -15 -13 
  -15 1 
  -14 6 
  -14 12 
  -13 -16 
  -13 4 
  -13 12 
  -11 -1 
  -10 -4 
  -8 -2 
  -5 -1 
  -5 1 
  -5 4 
  -5 13 
  -4 -21 
  -4 -7 
  0 16 
  1 -16 
  1 1 
  2 14 
  3 -13 
  3 -10 
  3 -4 
  5 -3 
  7 -9 
  7 -3 
  8 17 
  9 -16 
  9 -15 
  10 -7 
  13 6 
  14 -10 
  15 -11 
  16 -9 
  -16 -3 
  -15 -8 
  -15 7 
  -14 -4 
  -12 0 
  -10 -5 
  -10 7 
  -9 -3 
  -9 1 
  -9 5 
  -9 10 
  -7 1 
  -5 -20 
  -5 -10 
  -4 -3 
  -3 -12 
  -3 17 
  -2 -21 
  -2 -16 
  -2 -5 
  -2 14 
  -1 5 
  -1 21 
  4 -9 
  4 19 
  6 -16 
  7 3 
  8 -4 
  8 15 
  9 -12 
  10 -15 
  10 -13 
  11 10 
  11 13 
  13 -9 
  15 -10 
  16 -7 
  16 5 
  18 -6 
  -15 -9 
  -15 -5 
  -12 5 
  -11 -4 
  -10 13 
  -7 -15 
  -7 6 
  -6 -17 
  -4 11 
  -3 -9 
  -3 -5 
  -3 9 
  -1 -15 
  -1 -8 
  -1 -1 
  0 -5 
  2 7 
  3 4 
  3 11 
  6 5 
  9 -2 
  10 4 
  14 -4 
  14 -2 
  -14 10 
  -12 -3 
  -12 10 
  -4 9 
  -3 -3 
  1 9 
  1 17 
  3 13 
  5 12 
  6 -6 
  6 4 
  7 -10 
  8 19 
  10 10 
  11 8 
  13 -13 
  13 -4 
  13 5 
  14 11 
  15 8 
  16 -12 
  16 9 
  17 -8 ;
AreaPerTest 2.3310900639e+10;
InspectionTest 2;
SampleTestPlan 1298
  -18 -2 
  -17 -5 
  -17 0 
  -16 -8 
  -16 -7 
  -16 -2 
  -16 2 
  -15 2 
  -15 3 
  -15 9 
  -14 -13 
  -14 -10 
  -14 -5 
  -14 -3 
  -13 -7 
  -13 -5 
  -13 1 
  -13 5 
  -13 10 
  -13 13 
  -12 -16 
  -12 -10 
  -12 -8 
  -12 9 
  -12 12 
  -11 -14 
  -11 4 
  -11 12 
  -11 15 
  -10 -19 
  -10 -16 
  -10 -6 
  -10 3 
  -10 5 
  -10 8 
  -10 9 
  -10 15 
  -9 -17 
  -9 -13 
  -9 -1 
  -9 6 
  -9 11 
  -8 -11 
  -8 5 
  -8 7 
  -8 10 
  -8 14 
  -7 -18 
  -7 -2 
  -7 4 
  -7 15 
  -7 18 
  -6 -13 
  -6 -7 
  -6 -2 
  -6 -1 
  -6 0 
  -6 3 
  -6 6 
  -6 9 
  -6 10 
  -6 11 
  -6 12 
  -5 -18 
  -5 -16 
  -5 -12 
  -5 -9 
  -5 5 
  -5 8 
  -5 10 
  -4 -19 
  -4 -6 
  -3 -22 
  -3 -10 
  -3 -1 
  -3 12 
  -3 14 
  -2 -19 
  -2 -18 
  -2 -12 
  -2 -1 
  -2 1 
  -2 4 
  -2 11 
  -1 -20 
  -1 8 
  -1 9 
  0 -9 
  0 -3 
  0 4 
  0 10 
  0 12 
  0 17 
  1 -12 
  1 6 
  1 15 
  2 -22 
  2 -5 
  2 8 
  2 20 
  3 -21 
  3 -20 
  3 -19 
  3 0 
  3 12 
  4 -21 
  4 -11 
  4 -10 
  4 11 
  4 12 
  4 14 
  5 -14 
  5 -6 
  5 -1 
  5 15 
  5 16 
  6 -13 
  6 -10 
  6 -3 
  6 7 
  6 10 
  6 13 
  7 -11 
  7 -6 
  7 0 
  7 7 
  7 8 
  7 13 
  8 -18 
  8 -17 
  8 1 
  8 6 
  9 -19 
  9 -17 
  9 -6 
  10 -16 
  10 1 
  10 7 
  10 18 
  11 -19 
  11 -14 
  11 -12 
  11 -8 
  11 -7 
  11 -2 
  11 1 
  12 -6 
  12 -2 
  12 1 
  12 14 
  12 15 
  13 -15 
  13 -5 
  13 14 
  14 -13 
  14 -8 
  14 13 
  15 -13 
  15 -4 
  15 12 
  16 -10 
  16 1 
  16 8 
  17 2 
  17 7 
  18 -7 
  18 -1 
  -17 6 
  -16 -4 
  -16 -1 
  -16 0 
  -16 1 
  -15 -12 
  -15 10 
  -14 1 
  -13 -1 
  -13 8 
  -12 2 
  -12 13 
  -11 -18 
  -11 -9 
  -11 -7 
  -11 -5 
  -11 -3 
  -11 0 
  -11 16 
  -10 -7 
  -10 16 
  -9 -8 
  -9 -6 
  -9 0 
  -9 3 
  -8 -13 
  -8 17 
  -7 -9 
  -7 2 
  -7 7 
  -7 10 
  -7 11 
  -7 19 
  -6 -8 
  -6 -6 
  -6 8 
  -5 -11 
  -5 -7 
  -5 -2 
  -4 -11 
  -4 -2 
  -4 -1 
  -4 7 
  -4 18 
  -3 -18 
  -3 -17 
  -3 2 
  -2 2 
  -2 5 
  -2 13 
  -2 19 
  -1 -19 
  -1 -18 
  -1 -17 
  -1 19 
  -1 20 
  0 -19 
  0 -16 
  0 -11 
  0 -1 
  1 -10 
  1 -8 
  1 -6 
  1 10 
  1 12 
  1 18 
  2 -20 
  2 -19 
  2 -18 
  2 -9 
  2 9 
  2 13 
  2 15 
  3 15 
  4 -19 
  4 -5 
  4 4 
  4 9 
  5 0 
  5 3 
  5 20 
  6 -9 
  6 3 
  6 8 
  6 12 
  6 14 
  6 16 
  6 17 
  7 -5 
  7 -4 
  7 12 
  7 16 
  8 3 
  8 4 
  8 10 
  9 -20 
  9 -13 
  9 -10 
  10 -14 
  10 -1 
  10 5 
  11 0 
  11 15 
  12 -18 
  12 -17 
  12 -5 
  12 0 
  12 6 
  12 10 
  13 -12 
  13 -10 
  13 -7 
  13 -3 
  13 0 
  13 1 
  13 10 
  13 15 
  14 4 
  14 8 
  15 -7 
  15 -6 
  15 2 
  15 7 
  16 -5 
  16 6 
  16 10 
  17 -7 
  17 -5 
  17 0 
  17 8 
  18 -3 
  18 0 
  18 2 
  -18 -1 
  -17 1 
  -16 -5 
  -16 4 
  -16 6 
  -16 8 
  -15 -3 
  -15 -1 
  -15 4 
  -15 6 
  -15 8 
  -15 11 
  -14 3 
  -13 -3 
  -13 3 
  -13 7 
  -12 -9 
  -12 -6 
  -12 6 
  -11 -17 
  -11 -16 
  -11 2 
  -10 -17 
  -10 -3 
  -10 1 
  -10 10 
  -9 -18 
  -9 7 
  -8 -18 
  -8 -17 
  -8 -15 
  -8 -7 
  -8 -4 
  -8 3 
  -7 -17 
  -7 12 
  -7 13 
  -7 16 
  -6 -20 
  -6 -14 
  -6 -9 
  -6 4 
  -6 7 
  -6 15 
  -6 18 
  -5 -21 
  -5 -19 
  -5 -14 
  -5 -8 
  -5 20 
  -4 -8 
  -4 -4 
  -4 12 
  -4 13 
  -4 17 
  -3 -16 
  -3 -15 
  -3 0 
  -3 11 
  -3 15 
  -3 16 
  -2 -15 
  -2 -3 
  -2 9 
  -1 -14 
  -1 -11 
  -1 16 
  0 -21 
  0 -20 
  0 -12 
  0 2 
  0 8 
  0 19 
  0 20 
  1 -21 
  1 -17 
  1 -5 
  1 -3 
  1 11 
  2 -21 
  2 -12 
  2 -11 
  2 -10 
  2 -4 
  2 11 
  2 18 
  2 19 
  3 -17 
  3 -6 
  3 -2 
  4 -22 
  4 -18 
  4 -14 
  4 -6 
  4 -1 
  4 10 
  4 17 
  4 18 
  5 -19 
  5 -17 
  5 -16 
  5 -15 
  5 -5 
  5 4 
  5 8 
  5 10 
  5 19 
  6 9 
  6 15 
  7 -15 
  7 -14 
  7 -2 
  7 6 
  8 -13 
  8 -8 
  8 -6 
  8 16 
  9 -7 
  9 4 
  9 6 
  9 9 
  9 17 
  10 -6 
  10 -5 
  10 -4 
  10 -3 
  10 11 
  10 12 
  10 13 
  11 -11 
  11 -9 
  11 2 
  11 6 
  11 7 
  12 -13 
  12 -9 
  12 4 
  12 9 
  13 -17 
  13 13 
  14 9 
  15 -9 
  15 11 
  16 -11 
  16 -2 
  16 0 
  17 -6 
  17 -3 
  17 6 
  18 -8 
  18 -5 
  18 6 
  -18 1 
  -17 -4 
  -17 2 
  -16 -11 
  -16 -10 
  -16 -6 
  -14 -7 
  -14 9 
  -14 11 
  -13 -14 
  -12 -17 
  -12 3 
  -12 14 
  -11 -13 
  -11 -11 
  -11 6 
  -11 14 
  -10 -13 
  -10 -12 
  -10 -11 
  -10 -2 
  -10 0 
  -10 2 
  -10 17 
  -9 -12 
  -8 -12 
  -8 -10 
  -8 -8 
  -8 8 
  -8 11 
  -8 13 
  -7 -20 
  -7 -13 
  -7 -1 
  -7 3 
  -6 -12 
  -6 1 
  -6 13 
  -5 2 
  -5 14 
  -5 15 
  -5 17 
  -4 -22 
  -4 -20 
  -4 -18 
  -4 -14 
  -4 3 
  -4 15 
  -3 -13 
  -3 -2 
  -2 -8 
  -2 0 
  -2 3 
  -2 20 
  -1 -22 
  0 -10 
  0 -6 
  0 5 
  0 7 
  1 -4 
  1 14 
  2 -8 
  2 -6 
  2 4 
  3 -22 
  3 -7 
  3 -1 
  3 8 
  3 19 
  4 -15 
  4 3 
  4 5 
  4 8 
  4 16 
  5 -21 
  5 -9 
  5 9 
  6 2 
  6 19 
  7 -16 
  7 -12 
  7 2 
  8 -19 
  8 -7 
  8 -5 
  8 0 
  8 8 
  8 11 
  8 12 
  9 -14 
  9 -4 
  9 2 
  9 3 
  9 8 
  9 14 
  10 -17 
  10 -8 
  10 14 
  10 15 
  11 -15 
  11 16 
  12 -10 
  12 -7 
  13 -11 
  13 -1 
  13 3 
  14 -11 
  14 -7 
  15 -8 
  15 -3 
  15 -1 
  15 1 
  15 3 
  16 -3 
  16 11 
  17 -9 
  17 3 
  18 4 
  -18 -3 
  -17 -8 
  -17 -2 
  -17 -1 
  -14 -11 
  -14 4 
  -14 8 
  -13 -13 
  -13 -12 
  -13 -11 
  -13 -8 
  -13 -6 
  -13 -4 
  -13 -2 
  -12 -15 
  -12 11 
  -11 -15 
  -11 3 
  -11 5 
  -11 11 
  -10 -10 
  -9 -15 
  -9 -7 
  -9 2 
  -9 13 
  -9 15 
  -9 16 
  -8 -14 
  -8 0 
  -8 1 
  -8 6 
  -8 9 
  -7 -11 
  -7 -10 
  -7 8 
  -6 -21 
  -6 -18 
  -6 -11 
  -5 0 
  -5 3 
  -5 6 
  -5 19 
  -4 -12 
  -4 2 
  -4 6 
  -4 16 
  -4 19 
  -3 -21 
  -3 -14 
  -3 8 
  -3 20 
  -2 -20 
  -2 -13 
  -2 -9 
  -2 17 
  -1 -9 
  -1 2 
  -1 6 
  -1 7 
  -1 12 
  0 -18 
  0 -4 
  1 -18 
  1 -15 
  1 -2 
  1 -1 
  1 2 
  1 3 
  1 20 
  2 -15 
  2 -13 
  2 -7 
  2 2 
  2 12 
  3 -18 
  3 -11 
  3 -9 
  3 -8 
  3 -5 
  3 3 
  4 -12 
  4 -7 
  4 7 
  5 -22 
  5 -20 
  5 -18 
  5 -13 
  5 1 
  5 6 
  5 7 
  5 13 
  6 -19 
  6 -18 
  6 -11 
  6 -1 
  6 0 
  6 6 
  7 -18 
  7 -7 
  7 4 
  8 -16 
  8 13 
  8 14 
  9 -9 
  9 -8 
  9 -1 
  10 -18 
  10 8 
  10 9 
  10 16 
  11 -4 
  11 -1 
  11 4 
  12 -15 
  12 -14 
  12 -3 
  12 -1 
  12 3 
  12 8 
  13 -8 
  13 8 
  14 -6 
  14 0 
  14 1 
  14 6 
  15 0 
  15 5 
  16 -1 
  16 7 
  18 5 
  -16 9 
  -14 -6 
  -14 0 
  -13 -15 
  -12 -14 
  -12 -13 
  -12 -11 
  -12 -7 
  -12 -5 
  -12 -4 
  -12 4 
  -12 15 
  -11 7 
  -11 13 
  -10 12 
  -9 -10 
  -9 -9 
  -9 -5 
  -9 -2 
  -8 15 
  -7 -14 
  -7 -8 
  -7 -4 
  -6 -10 
  -6 -4 
  -6 17 
  -5 -4 
  -4 -17 
  -4 20 
  -3 -19 
  -3 -11 
  -2 -22 
  -2 -11 
  -2 -10 
  -2 -4 
  -2 10 
  -2 16 
  -1 -10 
  -1 -4 
  -1 4 
  -1 13 
  -1 17 
  0 -7 
  0 1 
  1 -22 
  2 -23 
  2 -1 
  2 16 
  3 -14 
  3 10 
  4 -20 
  4 -17 
  5 11 
  6 -20 
  6 -17 
  6 1 
  6 20 
  7 -21 
  7 -8 
  7 14 
  8 -15 
  8 18 
  9 13 
  9 15 
  9 18 
  10 -2 
  10 0 
  10 2 
  10 3 
  11 -16 
  11 5 
  12 -4 
  12 5 
  13 -2 
  13 2 
  13 9 
  14 -16 
  15 -12 
  15 6 
  17 -2 
  17 1 
  17 9 
  18 -2 
  19 -3 
  19 -2 
  19 0 
  -18 0 
  -17 3 
  -15 0 
  -14 -8 
  -13 -9 
  -13 2 
  -13 6 
  -13 9 
  -10 -8 
  -9 -16 
  -9 -4 
  -9 4 
  -9 14 
  -8 -20 
  -8 -6 
  -8 -3 
  -8 2 
  -8 18 
  -7 -7 
  -7 -3 
  -7 9 
  -7 14 
  -6 -19 
  -6 -3 
  -6 14 
  -6 19 
  -5 -13 
  -5 11 
  -4 -15 
  -4 -9 
  -4 0 
  -3 -6 
  -3 -4 
  -3 1 
  -3 4 
  -3 10 
  -2 -7 
  -2 15 
  -2 18 
  -1 -16 
  -1 11 
  0 -17 
  0 -15 
  0 -13 
  0 3 
  1 -20 
  2 -2 
  2 1 
  3 -15 
  3 9 
  3 14 
  3 20 
  4 -13 
  4 -4 
  4 0 
  4 6 
  4 20 
  5 -12 
  6 -14 
  6 -7 
  7 -20 
  7 -17 
  7 -13 
  7 11 
  7 15 
  7 18 
  8 -20 
  8 -2 
  8 -1 
  8 2 
  8 9 
  9 7 
  9 11 
  11 -18 
  11 -6 
  11 -5 
  11 12 
  11 14 
  11 17 
  12 13 
  13 -6 
  13 4 
  13 12 
  14 -14 
  14 -12 
  14 -5 
  14 3 
  15 9 
  16 -4 
  17 -10 
  18 1 
  -17 -7 
  -16 3 
  -15 -6 
  -15 -2 
  -14 -2 
  -14 2 
  -14 5 
  -12 8 
  -11 -10 
  -11 -8 
  -11 -6 
  -11 -2 
  -10 -15 
  -9 -19 
  -9 17 
  -8 -16 
  -8 -9 
  -8 -5 
  -7 -16 
  -7 -6 
  -6 -15 
  -6 5 
  -5 -22 
  -5 9 
  -5 12 
  -4 5 
  -3 18 
  -2 -17 
  -2 -14 
  -2 -2 
  -2 8 
  -1 -21 
  -1 -7 
  -1 1 
  -1 3 
  0 -8 
  0 0 
  0 6 
  0 13 
  0 14 
  1 0 
  1 5 
  1 13 
  1 19 
  2 -3 
  2 5 
  2 6 
  3 -3 
  3 2 
  3 18 
  4 -16 
  4 2 
  4 15 
  5 5 
  6 -21 
  6 -12 
  6 -4 
  6 -2 
  6 18 
  7 9 
  8 -11 
  8 5 
  10 -19 
  10 -11 
  10 -9 
  10 6 
  11 -13 
  11 -3 
  11 3 
  12 -12 
  12 7 
  12 11 
  14 -9 
  14 -3 
  14 2 
  16 -8 
  17 -4 
  17 4 
  18 -4 
  19 1 
  -17 5 
  -16 -9 
  -15 -4 
  -15 5 
  -14 -12 
  -13 -10 
  -12 -12 
  -12 1 
  -11 -12 
  -11 1 
  -11 10 
  -10 -18 
  -10 6 
  -10 11 
  -9 -14 
  -9 8 
  -8 -1 
  -8 4 
  -7 -19 
  -7 17 
  -6 -5 
  -6 2 
  -6 16 
  -5 -17 
  -4 -16 
  -4 -13 
  -4 -5 
  -4 1 
  -4 8 
  -4 14 
  -3 3 
  -3 5 
  -3 6 
  -3 13 
  -3 19 
  -2 -6 
  -2 7 
  -2 12 
  -1 -3 
  -1 14 
  -1 15 
  0 -2 
  0 11 
  0 15 
  1 -19 
  1 -13 
  1 4 
  1 7 
  2 -17 
  2 -16 
  2 -14 
  2 10 
  3 -16 
  3 -12 
  3 1 
  4 -8 
  4 13 
  5 -10 
  5 -7 
  5 -4 
  5 17 
  6 -22 
  6 -15 
  6 -8 
  6 -5 
  6 11 
  7 -19 
  7 10 
  8 -12 
  8 -9 
  8 7 
  9 -18 
  9 -5 
  9 1 
  9 10 
  9 16 
  11 -10 
  11 9 
  12 -11 
  12 -8 
  14 10 
  15 -5 
  15 4 
  16 -6 
  16 3 
  17 5 
  18 3 
  19 -1 
  -15 -11 
  -14 -1 
  -13 14 
  -12 -2 
  -12 -1 
  -10 -14 
  -10 -1 
  -9 -11 
  -9 9 
  -9 12 
  -8 12 
  -8 16 
  -7 -21 
  -7 5 
  -6 -16 
  -5 -15 
  -5 -6 
  -5 -5 
  -5 -3 
  -5 18 
  -4 -10 
  -4 4 
  -4 10 
  -3 -8 
  -3 -7 
  -3 7 
  -1 -6 
  -1 10 
  -1 18 
  0 -22 
  0 9 
  0 18 
  1 -11 
  1 -9 
  1 8 
  1 16 
  2 0 
  2 3 
  2 17 
  3 5 
  3 7 
  3 17 
  4 -3 
  4 -2 
  4 1 
  5 14 
  5 18 
  7 -1 
  7 1 
  7 5 
  8 -21 
  8 -14 
  8 -3 
  9 -3 
  9 0 
  9 5 
  9 12 
  10 -10 
  10 17 
  11 -17 
  11 11 
  12 16 
  13 -14 
  13 7 
  13 11 
  14 -15 
  14 -1 
  14 5 
  14 7 
  16 -13 
  16 2 
  16 4 
  17 -1 
  -17 -6 
  -17 -3 
  -16 5 
  -16 7 
  -15 -10 
  -15 -7 
  -14 -14 
  -14 -9 
  -14 7 
  -13 0 
  -13 11 
  -12 7 
  -11 8 
  -11 9 
  -10 -9 
  -10 4 
  -10 14 
  -8 -19 
  -7 -12 
  -7 -5 
  -7 0 
  -5 7 
  -5 16 
  -3 -20 
  -2 6 
  -1 -13 
  -1 -12 
  -1 -5 
  -1 -2 
  -1 0 
  0 -14 
  1 -14 
  1 -7 
  3 6 
  3 16 
  5 -11 
  5 -8 
  5 -2 
  5 2 
  7 17 
  7 19 
  8 -10 
  9 -11 
  10 -12 
  12 -16 
  12 2 
  12 12 
  13 -16 
  14 12 
  14 14 
  15 -14 
  15 -2 
  15 10 
  17 -11 
  -17 4 
  -15 -13 
  -15 1 
  -14 6 
  -14 12 
  -13 -16 
  -13 4 
  -13 12 
  -11 -1 
  -10 -4 
  -8 -2 
  -5 -1 
  -5 1 
  -5 4 
  -5 13 
  -4 -21 
  -4 -7 
  -1 -23 
  0 -23 
  0 16 
  1 -16 
  1 1 
  2 14 
  3 -13 
  3 -10 
  3 -4 
  5 -3 
  7 -9 
  7 -3 
  8 17 
  9 -16 
  9 -15 
  10 -7 
  13 6 
  14 -10 
  15 -11 
  16 -9 
  -16 -3 
  -15 -8 
  -15 7 
  -14 -4 
  -12 0 
  -10 -5 
  -10 7 
  -9 -3 
  -9 1 
  -9 5 
  -9 10 
  -7 1 
  -5 -20 
  -5 -10 
  -4 -3 
  -3 -12 
  -3 17 
  -2 -21 
  -2 -16 
  -2 -5 
  -2 14 
  -1 5 
  4 -9 
  4 19 
  6 -16 
  7 3 
  8 -4 
  8 15 
  9 -12 
  10 -15 
  10 -13 
  11 10 
  11 13 
  13 -9 
  15 -10 
  16 -7 
  16 5 
  18 -6 
  -15 -9 
  -15 -5 
  -12 5 
  -11 -4 
  -10 13 
  -7 -15 
  -7 6 
  -6 -17 
  -4 11 
  -3 -9 
  -3 -5 
  -3 9 
  -1 -15 
  -1 -8 
  -1 -1 
  0 -5 
  2 7 
  3 4 
  3 11 
  6 5 
  9 -2 
  10 4 
  14 -4 
  14 -2 
  19 2 
  -14 10 
  -12 -3 
  -12 10 
  -4 9 
  -3 -3 
  1 9 
  1 17 
  3 13 
  5 12 
  6 -6 
  6 4 
  7 -10 
  8 19 
  10 10 
  11 8 
  13 -13 
  13 -4 
  13 5 
  14 11 
  15 8 
  16 -12 
  16 9 
  17 -8 
  1 -23 
  3 -23 
  19 -4 ;
AreaPerTest 1.4101599551e+10;
DefectRecordSpec 12 DEFECTID XREL YREL XINDEX YINDEX XSIZE YSIZE DEFECTAREA DSIZE CLASSNUMBER TEST IMAGECOUNT ;
DefectList
 1 4808.837 4065.875 -2 21 1.560 1.949 1.799613 1.949 0 1 0
 2 4787.777 4036.625 -2 21 43.681 23.009 284.436736 43.681 0 1 0
 3 4786.412 3934.055 -2 21 46.411 10.529 8.264383 46.411 0 1 0
 4 4794.212 3917.090 -2 21 30.811 7.799 31.789988 30.811 0 1 0
 5 4787.777 3844.160 -2 21 43.681 21.059 124.878376 43.681 0 1 0
 6 4751.117 3768.695 -2 21 117.004 121.289 28.947112 121.289 0 1 0
 7 4809.032 3702.590 -2 21 1.170 0.779 0.960947 1.170 0 1 0
 8 4787.777 3677.045 -2 21 43.681 15.989 66.774188 43.681 0 1 0
 9 4809.227 3663.980 -2 21 0.780 0.779 0.915614 0.780 0 1 0
 10 4805.132 3639.214 -2 21 8.970 8.189 20.091606 8.970 0 1 0
 11 4806.887 3623.614 -2 21 5.460 17.549 31.029462 17.549 0 1 0
 12 4806.887 3605.284 -2 21 5.460 11.309 15.591679 11.309 0 1 0
 13 4796.942 3593.389 -2 21 25.350 6.239 65.253136 25.350 0 1 0
 14 4749.557 3586.564 -2 21 120.124 1.949 187.393616 120.124 0 1 0
 15 4796.357 3562.189 -2 21 26.520 38.999 328.090944 38.999 0 1 0
 16 4804.157 3979.295 -2 21 10.140 1.949 9.898172 10.140 0 1 0
 17 4808.252 3699.470 -2 21 1.950 0.779 1.497789 1.950 0 1 0
 18 4801.427 3530.794 -2 21 15.600 2.729 16.427363 15.600 0 1 0
 19 4807.082 3654.425 -2 21 2.730 1.169 2.145578 2.730 0 1 0
 20 4804.937 3695.180 -2 21 5.460 3.899 4.066876 5.460 0 1 0
 21 4806.692 3687.380 -2 21 1.170 0.779 1.030140 1.170 0 1 0
 22 4803.962 3647.404 -2 21 6.630 1.949 3.667227 6.630 0 1 0
 23 4806.302 3516.949 -2 21 1.950 3.899 3.980981 3.899 0 1 0
 24 4803.182 3969.350 -2 21 6.630 3.119 3.976209 6.630 0 1 0
 25 4804.352 4004.255 -2 21 3.510 1.169 2.909683 3.510 0 1 0
 26 4804.157 3994.505 -2 21 3.900 1.169 2.900139 3.900 0 1 0
 27 4801.232 3983.975 -2 21 9.750 1.169 8.116453 9.750 0 1 0
 28 4804.352 3663.785 -2 21 2.730 1.169 2.408631 2.730 0 1 0
 29 4804.937 3858.590 -2 21 0.780 0.779 1.018807 0.780 0 1 0
 30 4804.157 3702.590 -2 21 1.560 0.779 1.398771 1.560 0 1 0
 31 4804.157 3657.740 -2 21 0.780 0.779 0.705052 0.780 0 1 0
 32 4802.012 3705.515 -2 21 1.170 0.389 0.953789 1.170 0 1 0
 33 4801.622 3654.620 -2 21 1.950 0.779 1.766806 1.950 0 1 0
 34 4801.037 3666.710 -2 21 1.560 0.779 1.167929 1.560 0 1 0
 35 4800.647 3858.590 -2 21 0.780 0.779 1.024772 0.780 0 1 0
 36 4799.282 3702.200 -2 21 1.170 0.779 0.982421 1.170 0 1 0
 37 4799.087 3663.590 -2 21 1.560 0.779 1.210877 1.560 0 1 0
 38 4797.917 3657.545 -2 21 3.900 1.169 2.873297 3.900 0 1 0
 39 4797.722 3696.545 -2 21 1.950 1.169 1.643929 1.950 0 1 0
 40 4796.552 3650.329 -2 21 4.290 3.899 5.543788 4.290 0 1 0
 41 4797.137 4065.875 -2 21 1.560 1.949 1.566385 1.949 0 1 0
 42 4796.747 3690.695 -2 21 1.560 1.169 1.416666 1.560 0 1 0
 43 4792.262 3978.515 -2 21 9.750 3.509 9.519997 9.750 0 1 0
 44 4794.407 3968.375 -2 21 5.460 1.169 3.494841 5.460 0 1 0
 45 4795.772 3666.515 -2 21 2.730 1.169 2.254140 2.730 0 1 0
 46 4795.187 3517.144 -2 21 3.120 3.509 6.591226 3.509 0 1 0
 47 4790.117 3603.529 -2 21 11.700 1.559 8.406945 11.700 0 1 0
 48 4794.212 3699.665 -2 21 2.730 1.169 2.489157 2.730 0 1 0
 49 4794.407 3660.665 -2 21 1.560 1.169 1.513894 1.560 0 1 0
 50 4794.212 3705.320 -2 21 1.170 0.779 0.893544 1.170 0 1 0
 51 4793.042 3693.815 -2 21 3.510 1.169 2.722385 3.510 0 1 0
 52 4793.432 4004.450 -2 21 1.170 0.779 1.583087 1.170 0 1 0
 53 4793.822 3861.125 -2 21 0.390 0.389 0.541017 0.390 0 1 0
 54 4793.627 3858.395 -2 21 0.780 1.169 1.007473 1.169 0 1 0
 55 4791.677 3657.350 -2 21 1.560 0.779 1.228772 1.560 0 1 0
 56 4791.677 3690.305 -2 21 0.780 0.389 0.724140 0.780 0 1 0
 57 4791.287 3663.980 -2 21 1.560 0.779 1.246666 1.560 0 1 0
 58 4788.947 3653.060 -2 21 6.240 3.899 4.557191 6.240 0 1 0
 59 4790.507 3613.669 -2 21 0.780 0.779 1.046245 0.780 0 1 0
 60 4789.337 3660.470 -2 21 1.560 0.779 1.256210 1.560 0 1 0
 61 4789.337 3858.590 -2 21 0.780 0.779 0.786772 0.780 0 1 0
 62 4788.752 3699.470 -2 21 1.950 0.779 1.736385 1.950 0 1 0
 63 4787.582 3693.620 -2 21 3.510 0.779 2.473648 3.510 0 1 0
 64 4788.167 3969.935 -2 21 1.560 3.509 2.487368 3.509 0 1 0
 65 4786.607 4065.875 -2 21 3.120 1.949 1.788280 3.120 0 1 0
 66 4786.802 3687.770 -2 21 1.170 0.779 1.017017 1.170 0 1 0
 67 4785.437 3663.785 -2 21 3.900 1.169 2.804104 3.900 0 1 0
 68 4785.242 3702.395 -2 21 3.510 1.169 2.381789 3.510 0 1 0
 69 4784.072 3696.545 -2 21 2.730 1.169 2.195087 2.730 0 1 0
 70 4780.172 3979.100 -2 21 9.750 1.559 9.085155 9.750 0 1 0
 71 4782.122 3654.425 -2 21 2.730 1.169 2.340034 2.730 0 1 0
 72 4781.342 3503.299 -2 21 4.290 1.559 4.457577 4.290 0 1 0
 73 4782.122 3968.570 -2 21 1.950 0.779 1.738175 1.950 0 1 0
 74 4782.122 3859.565 -2 21 1.170 3.509 1.983929 3.509 0 1 0
 75 4781.927 3687.575 -2 21 1.560 1.169 1.674947 1.560 0 1 0
 76 4781.732 3666.710 -2 21 1.950 0.779 1.651087 1.950 0 1 0
 77 4781.732 4004.255 -2 21 1.170 1.169 1.487649 1.170 0 1 0
 78 4781.537 3705.515 -2 21 1.560 1.169 1.283052 1.560 0 1 0
 79 4735.517 3592.219 -2 21 92.043 3.899 246.866752 92.043 0 1 0
 80 4779.002 3925.670 -2 21 3.510 2.339 3.408350 3.510 0 1 0
 81 4780.367 3902.075 -2 21 0.780 0.389 1.022386 0.780 0 1 0
 82 4779.197 3663.395 -2 21 1.560 1.169 1.478105 1.560 0 1 0
 83 4779.002 3657.545 -2 21 1.950 1.169 1.846140 1.950 0 1 0
 84 4778.612 3606.649 -2 21 2.730 0.779 1.475122 2.730 0 1 0
 85 4779.197 3702.200 -2 21 0.780 0.779 0.947824 0.780 0 1 0
 86 4778.612 3696.545 -2 21 1.950 1.169 1.644526 1.950 0 1 0
 87 4778.027 3570.769 -2 21 3.120 0.779 2.428315 3.120 0 1 0
 88 4774.322 3969.740 -2 21 9.750 3.899 7.240805 9.750 0 1 0
 89 4778.222 3651.694 -2 21 1.170 0.389 1.067719 1.170 0 1 0
 90 4777.637 3858.590 -2 21 0.780 0.779 1.012245 0.780 0 1 0
 91 4776.467 3666.515 -2 21 2.340 1.169 2.240420 2.340 0 1 0
 92 4776.662 3705.320 -2 21 1.170 0.779 1.058175 1.170 0 1 0
 93 4776.662 3690.890 -2 21 1.170 0.779 0.851193 1.170 0 1 0
 94 4774.907 3699.665 -2 21 3.120 1.169 2.533297 3.120 0 1 0
 95 4774.907 4065.875 -2 21 2.340 1.949 1.561017 2.340 0 1 0
 96 4774.127 3915.335 -2 21 3.900 4.289 7.741857 4.289 0 1 0
 97 4773.932 3693.620 -2 21 2.730 0.779 2.338245 2.730 0 1 0
 98 4773.932 3657.350 -2 21 1.950 0.779 1.721473 1.950 0 1 0
 99 4773.542 3503.299 -2 21 1.170 0.779 1.475122 1.170 0 1 0
 100 4768.277 3978.320 -2 21 10.140 3.119 11.512873 10.140 0 1 0
 101 4771.592 3702.590 -2 21 1.170 0.779 0.887579 1.170 0 1 0
 102 4770.812 3365.239 -2 21 1.950 3.119 4.063893 3.119 0 1 0
 103 4768.082 3999.770 -2 21 5.850 1.559 7.338033 5.850 0 1 0
 104 4770.617 3858.590 -2 21 0.780 0.779 0.814807 0.780 0 1 0
 105 4768.277 3925.670 -2 21 4.680 2.339 5.047507 4.680 0 1 0
 106 4770.227 3861.125 -2 21 0.780 0.389 0.539228 0.780 0 1 0
 107 4769.252 3654.425 -2 21 2.730 1.169 2.399087 2.730 0 1 0
 108 4769.252 3699.470 -2 21 1.950 0.779 1.602175 1.950 0 1 0
 109 4768.862 3693.620 -2 21 2.730 0.779 2.082947 2.730 0 1 0
 110 4769.447 3660.665 -2 21 1.560 0.389 1.113052 1.560 0 1 0
 111 4766.912 3663.590 -2 21 1.950 1.559 2.094280 1.950 0 1 0
 112 4728.692 3560.239 -2 21 78.392 42.119 837.491328 78.392 0 1 0
 113 4766.912 3973.835 -2 21 1.170 0.389 1.762631 1.170 0 1 0
 114 4766.717 3702.200 -2 21 1.560 0.779 1.379684 1.560 0 1 0
 115 4766.522 3968.570 -2 21 1.170 0.779 1.505543 1.170 0 1 0
 116 4766.522 3603.139 -2 21 1.170 0.779 1.182842 1.170 0 1 0
 117 4760.477 3503.299 -2 21 13.260 0.779 1.333754 13.260 0 1 0
 118 4765.937 4051.640 -2 21 1.560 1.559 2.094876 1.560 0 1 0
 119 4766.327 3984.170 -2 21 0.780 0.779 1.223403 0.780 0 1 0
 120 4766.327 3861.125 -2 21 0.780 0.389 1.139298 0.780 0 1 0
 121 4766.327 3858.590 -2 21 0.780 0.779 1.699403 0.780 0 1 0
 122 4762.622 3915.140 -2 21 3.510 3.899 7.346980 3.899 0 1 0
 123 4762.817 4065.875 -2 21 2.340 1.949 1.750701 2.340 0 1 0
 124 4753.262 3983.975 -2 21 21.450 1.169 11.255786 21.450 0 1 0
 125 4761.647 3705.905 -2 21 0.780 0.389 0.693123 0.780 0 1 0
 126 4756.187 3979.100 -2 21 10.140 1.559 9.357751 10.140 0 1 0
 127 4751.897 3935.030 -2 21 18.720 5.459 17.644204 18.720 0 1 0
 128 4756.967 3925.475 -2 21 4.680 2.729 5.173367 4.680 0 1 0
 129 4758.917 3858.590 -2 21 0.780 0.779 0.992561 0.780 0 1 0
 130 4758.332 3364.069 -2 21 0.390 0.779 0.821965 0.779 0 1 0
 131 4754.822 4004.450 -2 21 1.170 0.779 1.185824 1.170 0 1 0
 132 4754.822 3973.835 -2 21 1.170 0.389 1.340912 1.170 0 1 0
 133 4754.627 3912.020 -2 21 0.780 0.779 0.526105 0.780 0 1 0
 134 4754.627 3907.145 -2 21 0.780 0.389 0.700280 0.780 0 1 0
 135 4754.627 3859.565 -2 21 0.780 3.509 1.831824 3.509 0 1 0
 136 4751.312 4066.070 -2 21 1.950 2.339 1.636175 2.339 0 1 0
 137 4750.727 3912.215 -2 21 3.120 5.849 8.059190 5.849 0 1 0
 138 4747.217 3503.494 -2 21 9.360 1.169 8.730243 9.360 0 1 0
 139 4746.827 3999.770 -2 21 9.360 1.559 8.615716 9.360 0 1 0
 140 4744.292 3979.100 -2 21 9.750 1.559 9.381014 9.750 0 1 0
 141 4747.217 3858.590 -2 21 0.780 0.779 0.933508 0.780 0 1 0
 142 4740.977 3907.925 -2 21 9.360 15.209 8.669997 15.209 0 1 0
 143 4742.732 3973.835 -2 21 1.950 0.389 1.834806 1.950 0 1 0
 144 4742.927 3859.565 -2 21 0.780 3.509 1.708947 3.509 0 1 0
 145 4735.322 3984.170 -2 21 9.750 1.559 8.375927 9.750 0 1 0
 146 4739.027 3934.250 -2 21 2.340 3.119 3.997683 3.119 0 1 0
 147 4735.127 3999.770 -2 21 8.580 1.559 7.990594 8.580 0 1 0
 148 4732.202 3979.295 -2 21 9.750 1.949 9.632734 9.750 0 1 0
 149 4735.907 3858.590 -2 21 0.780 0.779 1.008070 0.780 0 1 0
 150 4732.397 3994.700 -2 21 3.900 0.779 3.061192 3.900 0 1 0
 151 4733.372 3503.299 -2 21 1.950 0.779 2.394315 1.950 0 1 0
 152 4731.422 3973.835 -2 21 1.950 0.389 1.275894 1.950 0 1 0
 153 4719.137 3503.299 -2 21 22.620 1.559 19.317362 22.620 0 1 0
 154 4726.937 3909.095 -2 21 5.460 4.289 7.141191 5.460 0 1 0
 155 4727.327 3933.860 -2 21 2.340 3.119 3.768034 3.119 0 1 0
 156 4717.382 3467.029 -2 21 22.230 19.499 42.437352 22.230 0 1 0
 157 4723.232 3983.975 -2 21 9.750 1.169 8.106910 9.750 0 1 0
 158 4726.352 3920.600 -2 21 1.170 1.559 2.088315 1.559 0 1 0
 159 4716.797 3979.295 -2 21 17.160 1.169 10.343154 17.160 0 1 0
 160 4724.207 3974.030 -2 21 1.560 0.779 1.652280 1.560 0 1 0
 161 4724.597 3859.760 -2 21 0.780 3.119 1.571157 3.119 0 1 0
 162 4724.402 3928.400 -2 21 0.390 1.559 0.870280 1.559 0 1 0
 163 4720.307 3994.700 -2 21 3.900 0.779 2.767718 3.900 0 1 0
 164 4720.307 3999.965 -2 21 2.340 1.169 3.417894 2.340 0 1 0
 165 4719.527 3516.949 -2 21 3.120 3.899 7.667296 3.899 0 1 0
 166 4719.917 3489.649 -2 21 1.560 2.339 3.098174 2.339 0 1 0
 167 4720.112 3858.590 -2 21 0.390 0.779 0.756351 0.779 0 1 0
 168 4709.777 3907.340 -2 21 19.500 7.799 13.385259 19.500 0 1 0
 169 4719.137 3705.320 -2 21 0.780 0.779 0.937087 0.780 0 1 0
 170 4712.702 3530.599 -2 21 13.650 0.779 7.148945 13.650 0 1 0
 171 4716.212 4065.875 -2 21 1.950 1.949 1.751894 1.950 0 1 0
 172 4716.602 3868.925 -2 21 0.390 0.389 0.707438 0.390 0 1 0
 173 4715.822 3932.885 -2 21 1.170 1.169 1.615298 1.170 0 1 0
 174 4714.067 3983.975 -2 21 3.900 1.169 3.846771 3.900 0 1 0
 175 4711.922 3933.080 -2 21 2.730 2.339 1.301543 2.730 0 1 0
 176 4712.897 3859.565 -2 21 0.780 3.509 1.794842 3.509 0 1 0
 177 4712.702 4020.050 -2 21 0.390 0.779 0.770666 0.779 0 1 0
 178 4708.022 3646.624 -2 21 7.410 0.389 5.124454 7.410 0 1 0
 179 4709.192 3487.699 -2 21 3.510 0.779 3.194806 3.510 0 1 0
 180 4708.997 3983.780 -2 21 2.340 1.559 2.416385 2.340 0 1 0
 181 4709.192 3928.400 -2 21 1.950 2.339 3.136946 2.339 0 1 0
 182 4708.802 3517.144 -2 21 2.730 4.289 5.031402 4.289 0 1 0
 183 4549.486 4014.785 -2 21 35.101 1.949 23.728412 35.101 0 1 0
 184 4566.841 3880.820 -2 21 0.390 0.779 0.807649 0.779 0 1 0
 185 4566.841 3869.120 -2 21 0.390 0.779 0.950210 0.779 0 1 0
 186 4549.681 3842.210 -2 21 34.711 3.899 40.003672 34.711 0 1 0
 187 4534.276 3617.569 -2 21 65.522 188.759 3.108911 188.759 0 1 0
 188 4564.306 3983.975 -2 21 3.900 1.169 3.776385 3.900 0 1 0
 189 4564.111 3846.695 -2 21 2.730 0.389 1.773964 2.730 0 1 0
 190 4561.186 3973.835 -2 21 4.680 0.389 2.483789 4.680 0 1 0
 191 4562.941 3968.375 -2 21 1.170 1.169 1.581298 1.170 0 1 0
 192 4558.846 3846.695 -2 21 3.120 1.169 2.109789 3.120 0 1 0
 193 4558.261 3983.975 -2 21 3.510 1.169 3.597437 3.510 0 1 0
 194 4559.236 3968.765 -2 21 1.560 0.389 0.991965 1.560 0 1 0
 195 4557.286 3837.725 -2 21 3.120 1.169 2.497508 3.120 0 1 0
 196 4558.066 3832.070 -2 21 1.560 1.559 2.851824 1.560 0 1 0
 197 4558.066 3824.075 -2 21 1.560 1.169 1.958877 1.560 0 1 0
 198 4557.286 3819.005 -2 21 3.120 2.729 4.035262 3.120 0 1 0
 199 4558.066 3806.135 -2 21 1.560 1.169 2.014350 1.560 0 1 0
 200 4557.286 3800.870 -2 21 3.120 2.339 3.853332 3.120 0 1 0
 201 4558.066 3788.195 -2 21 1.560 1.169 2.064455 1.560 0 1 0
 202 4558.066 3770.255 -2 21 1.560 1.169 2.249368 1.560 0 1 0
 203 4557.676 3764.795 -2 21 2.340 2.729 2.781438 2.729 0 1 0
 204 4557.481 3757.775 -2 21 2.730 1.949 2.465894 2.730 0 1 0
 205 4558.066 3752.120 -2 21 1.560 1.559 2.517192 1.560 0 1 0
 206 4557.676 3746.855 -2 21 2.340 2.729 2.276806 2.729 0 1 0
 207 4557.481 3739.835 -2 21 2.730 1.949 2.431297 2.730 0 1 0
 208 4558.066 3734.180 -2 21 1.560 1.559 2.615017 1.560 0 1 0
 209 4558.066 3728.135 -2 21 1.560 1.169 2.275017 1.560 0 1 0
 210 4557.481 3721.895 -2 21 2.730 1.949 2.688982 2.730 0 1 0
 211 4558.066 3716.240 -2 21 1.560 1.559 2.603683 1.560 0 1 0
 212 4557.091 3811.205 -2 21 2.730 2.729 3.341543 2.730 0 1 0
 213 4557.286 3793.655 -2 21 2.340 2.729 2.646631 2.729 0 1 0
 214 4557.091 3782.930 -2 21 2.730 2.339 3.357052 2.730 0 1 0
 215 4557.286 3775.520 -2 21 2.340 2.339 2.326911 2.340 0 1 0
 216 4555.336 3880.820 -2 21 0.780 0.779 1.058772 0.780 0 1 0
 217 4555.336 3869.120 -2 21 0.780 0.779 1.167333 0.780 0 1 0
 218 4554.166 3508.369 -2 21 3.120 0.779 2.734911 3.120 0 1 0
 219 4553.971 3517.339 -2 21 2.730 0.779 2.675262 2.730 0 1 0
 220 4552.216 3983.975 -2 21 3.900 1.169 3.726279 3.900 0 1 0
 221 4551.241 3968.570 -2 21 1.950 0.779 1.346877 1.950 0 1 0
 222 4545.976 3517.339 -2 21 7.020 0.779 6.759436 7.020 0 1 0
 223 4545.976 3508.369 -2 21 7.020 0.779 6.699191 7.020 0 1 0
 224 4545.976 3499.399 -2 21 6.240 0.779 6.021577 6.240 0 1 0
 225 4546.366 3983.975 -2 21 3.900 1.169 3.846771 3.900 0 1 0
 226 4547.731 3969.545 -2 21 1.170 2.729 1.995262 2.729 0 1 0
 227 4546.756 3837.725 -2 21 1.560 1.169 1.995262 1.560 0 1 0
 228 4546.561 3830.120 -2 21 1.950 3.899 2.593543 3.899 0 1 0
 229 4546.366 3819.590 -2 21 1.560 1.559 1.869403 1.560 0 1 0
 230 4546.366 3810.425 -2 21 1.560 1.169 1.754877 1.560 0 1 0
 231 4546.366 3801.455 -2 21 1.560 1.169 1.815719 1.560 0 1 0
 232 4546.366 3792.485 -2 21 1.560 1.169 1.709543 1.560 0 1 0
 233 4546.366 3783.515 -2 21 1.560 1.169 1.752491 1.560 0 1 0
 234 4546.366 3774.545 -2 21 1.560 1.169 1.572350 1.560 0 1 0
 235 4546.366 3764.990 -2 21 1.560 2.339 1.621263 2.339 0 1 0
 236 4546.366 3756.410 -2 21 1.560 0.779 1.398771 1.560 0 1 0
 237 4546.561 3747.050 -2 21 1.170 2.339 1.387438 2.339 0 1 0
 238 4546.561 3738.470 -2 21 1.170 0.779 1.172701 1.170 0 1 0
 239 4546.561 3729.110 -2 21 1.170 2.339 1.787087 2.339 0 1 0
 240 4546.561 3720.530 -2 21 1.170 0.779 1.122000 1.170 0 1 0
 241 4544.611 3846.890 -2 21 2.730 0.779 1.844350 2.730 0 1 0
 242 4543.831 3974.030 -2 21 1.950 0.779 0.996737 1.950 0 1 0
 243 4543.636 3880.820 -2 21 0.780 0.779 1.031929 0.780 0 1 0
 244 4543.636 3869.120 -2 21 0.780 0.779 1.087403 0.780 0 1 0
 245 4520.236 3485.944 -2 21 36.661 46.409 236.219392 46.409 0 1 0
 246 4535.641 3518.899 -2 21 3.510 3.119 3.805016 3.510 0 1 0
 247 4534.276 3511.684 -2 21 2.340 1.169 2.932946 2.340 0 1 0
 248 4531.546 3520.654 -2 21 0.780 0.389 1.021193 0.780 0 1 0
 249 4529.011 3517.729 -2 21 1.170 0.779 1.506140 1.170 0 1 0
 250 4528.231 3511.684 -2 21 1.950 1.169 2.502280 1.950 0 1 0
 251 4522.186 3511.684 -2 21 2.340 1.169 2.827367 2.340 0 1 0
 252 4521.991 3517.729 -2 21 1.170 0.779 1.410105 1.170 0 1 0
 253 4519.456 3520.654 -2 21 1.560 1.169 1.498982 1.560 0 1 0
 254 4516.336 3511.684 -2 21 2.340 1.169 2.482596 2.340 0 1 0
 255 4516.726 3517.729 -2 21 0.780 0.779 1.296175 0.780 0 1 0
 256 4513.996 3520.654 -2 21 0.780 0.389 0.991368 0.780 0 1 0
 257 4513.411 3514.609 -2 21 1.950 0.779 2.174210 1.950 0 1 0
 258 4510.096 3511.489 -2 21 1.560 0.779 1.831824 1.560 0 1 0
 259 4507.366 3514.609 -2 21 1.560 0.779 1.684491 1.560 0 1 0
 260 4506.976 3520.849 -2 21 1.560 0.779 1.702982 1.560 0 1 0
 261 4504.636 3511.879 -2 21 1.560 0.779 1.517473 1.560 0 1 0
 262 4354.486 4049.885 -2 21 25.740 111.929 652.379264 111.929 0 1 0
 263 4356.826 3984.950 -2 21 21.060 6.239 33.463146 21.060 0 1 0
 264 4357.996 3890.375 -2 21 18.720 5.849 28.747886 18.720 0 1 0
 265 4354.486 3860.345 -2 21 25.740 36.269 200.170464 36.269 0 1 0
 266 4366.186 3837.335 -2 21 2.340 0.389 1.596210 2.340 0 1 0
 267 4366.381 3828.755 -2 21 1.950 0.389 1.262772 1.950 0 1 0
 268 4354.486 3823.295 -2 21 25.740 2.729 15.058416 25.740 0 1 0
 269 4354.486 3695.960 -2 21 25.740 234.779 2408.890368 234.779 0 1 0
 270 4358.971 3559.264 -2 21 16.770 25.349 33.919460 25.349 0 1 0
 271 4358.971 3525.919 -2 21 16.770 36.659 106.017336 36.659 0 1 0
 272 4365.016 3816.860 -2 21 3.120 2.339 3.615332 3.120 0 1 0
 273 4365.406 3382.789 -2 21 1.560 0.779 1.850912 1.560 0 1 0
 274 4357.996 3475.804 -2 21 14.040 59.669 106.169440 59.669 0 1 0
 275 4352.536 3831.680 -2 21 21.840 6.239 32.094200 21.840 0 1 0
 276 4350.976 3837.335 -2 21 18.720 1.169 16.883680 18.720 0 1 0
 277 4355.656 3358.414 -2 21 5.460 1.949 8.331190 5.460 0 1 0
 278 4357.411 3441.874 -2 21 1.170 2.729 3.156631 2.729 0 1 0
 279 4153.830 4063.340 -2 21 27.690 85.019 230.287296 85.019 0 1 0
 280 4153.830 3990.215 -2 21 27.690 57.329 419.962496 57.329 0 1 0
 281 4160.460 3862.100 -2 21 14.430 32.759 160.318896 32.759 0 1 0
 282 4161.825 3832.265 -2 21 11.700 20.669 101.910488 20.669 0 1 0
 283 4153.830 3713.705 -2 21 27.690 198.509 2101.181440 198.509 0 1 0
 284 4158.120 3596.899 -2 21 19.110 30.419 426.198816 30.419 0 1 0
 285 4160.069 3563.359 -2 21 15.210 17.159 26.162096 17.159 0 1 0
 286 4165.920 3550.684 -2 21 3.510 3.509 5.306981 3.510 0 1 0
 287 4158.315 3537.424 -2 21 18.720 15.989 50.955244 18.720 0 1 0
 288 4158.315 3509.734 -2 21 18.720 28.469 59.777348 28.469 0 1 0
 289 4160.069 3471.904 -2 21 15.210 5.849 14.297890 15.210 0 1 0
 290 4165.529 3465.274 -2 21 4.290 3.509 7.023085 4.290 0 1 0
 291 4158.315 3445.969 -2 21 18.720 3.899 31.181568 18.720 0 1 0
 292 4165.335 3460.399 -2 21 1.560 0.779 2.041789 1.560 0 1 0
 293 4165.335 3421.984 -2 21 1.560 1.169 2.396104 1.560 0 1 0
 294 4165.529 3409.699 -2 21 1.170 0.779 1.050421 1.170 0 1 0
 295 4165.335 3432.709 -2 21 0.780 0.779 1.333157 0.780 0 1 0
 296 4162.605 3457.279 -2 21 2.340 1.559 3.147683 2.340 0 1 0
 297 4162.800 3405.994 -2 21 0.390 0.389 0.567859 0.390 0 1 0
 298 4161.045 3550.684 -2 21 2.340 3.509 4.462946 3.509 0 1 0
 299 4155.000 3464.494 -2 21 12.090 2.729 14.550206 12.090 0 1 0
 300 4158.899 3432.904 -2 21 3.510 7.409 5.704244 7.409 0 1 0
 301 4158.899 3485.164 -2 21 1.170 1.169 1.896245 1.170 0 1 0
 302 4155.975 3817.835 -2 21 1.560 3.509 2.381789 3.509 0 1 0
 303 4152.855 3550.879 -2 21 7.800 3.899 9.454383 7.800 0 1 0
 304 4152.075 3433.489 -2 21 6.240 4.679 10.864488 6.240 0 1 0
 305 4154.609 3422.764 -2 21 1.170 2.729 2.229087 2.729 0 1 0
 306 4152.855 3380.644 -2 21 3.120 2.729 4.380630 3.120 0 1 0
 307 3964.095 3912.995 -2 21 7.800 9.749 27.741604 9.749 0 1 0
 308 3959.805 3703.175 -2 21 16.379 242.969 2576.053760 242.969 0 1 0
 309 3960.390 3575.254 -2 21 15.210 1.169 6.996840 15.210 0 1 0
 310 3960.390 3569.599 -2 21 15.210 6.239 12.016312 15.210 0 1 0
 311 3961.560 3551.074 -2 21 12.870 8.189 10.038944 12.870 0 1 0
 312 3960.390 3537.619 -2 21 15.210 12.479 40.612092 15.210 0 1 0
 313 3967.800 3517.339 -2 21 0.390 0.779 0.906070 0.779 0 1 0
 314 3967.800 3508.369 -2 21 0.390 3.119 2.593543 3.119 0 1 0
 315 3961.560 3488.674 -2 21 12.870 8.189 15.058416 12.870 0 1 0
 316 3966.045 3429.589 -2 21 3.900 0.779 3.602806 3.900 0 1 0
 317 3966.240 3383.959 -2 21 3.510 0.779 3.293823 3.510 0 1 0
 318 3965.460 3504.079 -2 21 3.510 1.559 3.509753 3.510 0 1 0
 319 3960.000 3479.314 -2 21 14.430 4.289 21.598940 14.430 0 1 0
 320 3960.975 3525.724 -2 21 11.700 1.169 9.744277 11.700 0 1 0
 321 3966.630 3522.214 -2 21 0.390 0.389 0.748596 0.390 0 1 0
 322 3965.265 3499.399 -2 21 3.120 0.779 1.715508 3.120 0 1 0
 323 3966.435 3495.694 -2 21 0.780 0.389 1.023579 0.780 0 1 0
 324 3965.265 3844.940 -2 21 0.780 14.039 5.475788 14.039 0 1 0
 325 3962.340 3922.550 -2 21 1.950 2.339 4.052560 2.339 0 1 0
 326 3957.465 3560.629 -2 21 9.360 4.679 12.479189 9.360 0 1 0
 327 3957.660 3504.274 -2 21 8.189 1.949 7.444805 8.189 0 1 0
 328 3960.000 3495.889 -2 21 3.510 0.779 3.600420 3.510 0 1 0
 329 3960.195 3499.399 -2 21 2.340 0.779 1.994666 2.340 0 1 0
 330 3958.050 3434.464 -2 21 5.070 0.389 2.483192 5.070 0 1 0
 331 3756.614 4063.340 -2 21 23.400 85.019 177.050464 85.019 0 1 0
 332 3758.174 3662.420 -2 21 20.280 96.719 1066.409664 96.719 0 1 0
 333 3758.174 3593.974 -2 21 20.280 36.269 310.598848 36.269 0 1 0
 334 3767.729 3883.355 -2 21 0.390 0.389 0.769473 0.390 0 1 0
 335 3764.999 3444.409 -2 21 1.950 2.339 4.034665 2.339 0 1 0
 336 3764.414 3517.339 -2 21 0.780 0.779 0.697895 0.780 0 1 0
 337 3764.414 3494.134 -2 21 0.780 0.389 0.847017 0.780 0 1 0
 338 3764.414 3424.909 -2 21 0.780 0.779 0.932315 0.780 0 1 0
 339 3755.249 3926.255 -2 21 18.330 21.449 26.009990 21.449 0 1 0
 340 3764.219 3551.854 -2 21 0.390 0.389 0.598877 0.390 0 1 0
 341 3764.219 3540.349 -2 21 0.390 0.779 0.575614 0.779 0 1 0
 342 3764.219 3528.649 -2 21 0.390 0.779 0.641824 0.779 0 1 0
 343 3764.219 3505.639 -2 21 0.390 0.779 0.575614 0.779 0 1 0
 344 3764.219 3482.629 -2 21 0.390 0.779 0.688947 0.779 0 1 0
 345 3764.219 3470.929 -2 21 0.390 0.779 0.578000 0.779 0 1 0
 346 3755.249 3512.659 -2 21 13.650 120.119 151.040480 120.119 0 1 0
 347 3759.539 3883.160 -2 21 4.290 3.119 3.587297 4.290 0 1 0
 348 3760.709 3447.139 -2 21 1.170 0.779 1.418456 1.170 0 1 0
 349 3760.709 3435.049 -2 21 0.390 0.779 0.533859 0.779 0 1 0
 350 3752.714 3993.140 -2 21 15.600 35.099 113.470488 35.099 0 1 0
 351 3753.884 3450.064 -2 21 8.580 1.169 5.734665 8.580 0 1 0
 352 3755.834 3440.899 -2 21 0.780 0.779 1.016421 0.780 0 1 0
 353 3748.619 3876.335 -2 21 2.730 2.729 4.060314 2.730 0 1 0
 354 3562.784 3908.120 -2 21 11.700 59.279 208.840448 59.279 0 1 0
 355 3562.199 3850.010 -2 21 12.870 52.259 302.233056 52.259 0 1 0
 356 3561.224 3717.995 -2 21 14.820 207.869 2038.666112 207.869 0 1 0
 357 3561.224 3594.949 -2 21 14.820 34.319 347.408288 34.319 0 1 0
 358 3561.419 3569.404 -2 21 14.430 7.409 12.320522 14.430 0 1 0
 359 3567.854 3524.359 -2 21 1.560 0.779 1.459017 1.560 0 1 0
 360 3561.419 3507.784 -2 21 14.430 4.289 6.692629 14.430 0 1 0
 361 3561.419 3500.374 -2 21 14.430 5.849 24.641044 14.430 0 1 0
 362 3561.419 3469.564 -2 21 14.430 46.409 82.441024 46.409 0 1 0
 363 3561.419 3439.144 -2 21 14.430 10.529 22.511570 14.430 0 1 0
 364 3562.394 3524.359 -2 21 2.340 0.779 1.986315 2.340 0 1 0
 365 3556.934 3524.359 -2 21 1.560 0.779 0.947228 1.560 0 1 0
 366 3338.923 3961.355 -2 21 60.062 17.549 216.749920 60.062 0 1 0
 367 3334.243 3460.594 -2 21 0.780 0.389 1.033122 0.780 0 1 0
 368 3324.298 4086.155 -2 21 1.950 39.389 11.559996 39.389 0 1 0
 369 3311.818 3524.554 -2 21 3.510 1.169 3.513332 3.510 0 1 0
 370 3288.808 3516.949 -2 21 6.630 38.219 25.401570 38.219 0 1 0
 371 3177.073 3464.689 -2 21 2.340 2.339 3.490665 2.340 0 1 0
 372 2963.742 4065.290 -2 21 10.140 3.899 8.859681 10.140 0 1 0
 373 2767.767 3544.054 -2 21 1.950 1.169 2.740280 1.950 0 1 0
 374 2706.147 3507.784 -2 21 0.390 0.389 0.478386 0.390 0 1 0
 375 2563.796 3957.845 -2 21 12.870 7.409 19.317362 12.870 0 1 0
 376 2392.196 3540.739 -2 21 1.170 9.359 7.120910 9.359 0 1 0
 377 2392.391 3526.894 -2 21 0.780 5.069 3.241929 5.069 0 1 0
 378 2392.391 3490.234 -2 21 0.780 9.749 6.894243 9.749 0 1 0
 379 2392.001 3548.344 -2 21 0.780 1.949 1.769192 1.949 0 1 0
 380 2271.880 3456.499 -2 21 23.400 54.599 148.302576 54.599 0 1 0
 381 2281.046 3498.814 -2 21 2.730 26.129 59.473136 26.129 0 1 0
 382 2252.965 3675.680 -2 21 0.390 1.559 0.738456 1.559 0 1 0
 383 2241.850 3675.485 -2 21 0.780 1.949 0.913228 1.949 0 1 0
 384 2210.455 3684.845 -2 21 0.390 1.169 1.224596 1.169 0 1 0
 385 2199.535 3675.875 -2 21 0.390 3.509 2.201052 3.509 0 1 0
 386 2157.025 3839.480 -2 21 0.390 3.899 2.979473 3.899 0 1 0
 387 2146.105 3837.140 -2 21 0.390 6.239 3.913578 6.239 0 1 0
 388 2135.185 3684.650 -2 21 0.390 1.559 1.476912 1.559 0 1 0
 389 2131.285 3592.804 -2 21 2.730 1.169 3.131578 2.730 0 1 0
 390 2125.045 3592.999 -2 21 2.730 0.779 2.782034 2.730 0 1 0
 391 2123.485 3577.204 -2 21 1.170 2.729 3.356455 2.729 0 1 0
 392 2113.150 3592.804 -2 21 2.340 1.169 2.684210 2.340 0 1 0
 393 2113.150 3583.444 -2 21 1.560 1.169 1.627824 1.560 0 1 0
 394 2043.925 3573.304 -2 21 15.210 0.389 4.258946 15.210 0 1 0
 395 1979.965 3508.954 -2 21 3.510 0.389 2.765929 3.510 0 1 0
 396 1945.840 4063.340 -2 21 50.701 85.019 1108.086528 85.019 0 1 0
 397 1963.780 3428.614 -2 21 3.120 1.949 3.629648 3.120 0 1 0
 398 1963.195 3454.549 -2 21 0.390 4.679 3.195402 4.679 0 1 0
 399 1959.880 3433.879 -2 21 0.780 1.559 1.501964 1.559 0 1 0
 400 1955.980 3427.639 -2 21 2.340 3.899 4.635332 3.899 0 1 0
 401 1929.265 3794.045 -2 21 15.990 30.029 38.330512 30.029 0 1 0
 402 1922.635 3428.809 -2 21 1.950 2.339 4.106841 2.339 0 1 0
 403 1910.545 3681.335 -2 21 0.390 8.189 5.406595 8.189 0 1 0
 404 1900.600 3417.304 -2 21 4.680 3.509 9.146593 4.680 0 1 0
 405 1899.625 3685.235 -2 21 0.390 8.969 6.153998 8.969 0 1 0
 406 1882.074 3428.809 -2 21 1.950 2.339 4.397332 2.339 0 1 0
 407 1868.814 3428.809 -2 21 1.950 2.339 4.510665 2.339 0 1 0
 408 1781.454 3434.269 -2 21 1.170 2.339 3.004525 2.339 0 1 0
 409 1780.089 3428.809 -2 21 0.780 2.339 2.288140 2.339 0 1 0
 410 1761.174 3836.945 -2 21 0.390 6.629 4.418209 6.629 0 1 0
 411 1750.254 3834.020 -2 21 0.390 13.259 4.563156 13.259 0 1 0
 412 1744.209 3418.084 -2 21 1.560 2.729 3.131578 2.729 0 1 0
 413 1741.089 3423.349 -2 21 1.560 2.339 2.896560 2.339 0 1 0
 414 1739.334 3828.170 -2 21 0.390 5.459 2.685403 5.459 0 1 0
 415 1739.334 3817.055 -2 21 0.390 12.089 7.407226 12.089 0 1 0
 416 1732.314 3418.084 -2 21 1.950 2.729 4.478455 2.729 0 1 0
 417 1707.744 3838.700 -2 21 0.390 5.459 3.697051 5.459 0 1 0
 418 1707.744 3825.635 -2 21 0.390 13.649 3.954736 13.649 0 1 0
 419 1707.744 3811.595 -2 21 0.390 4.289 2.906104 4.289 0 1 0
 420 1686.684 3782.345 -2 21 28.470 51.089 81.224184 51.089 0 1 0
 421 1697.214 3423.349 -2 21 1.950 2.339 3.959507 2.339 0 1 0
 422 1696.824 3837.530 -2 21 0.390 8.579 5.910630 8.579 0 1 0
 423 1685.904 3837.920 -2 21 0.390 7.799 5.448349 7.799 0 1 0
 424 1685.904 3824.465 -2 21 0.390 5.849 3.661262 5.849 0 1 0
 425 1643.784 3993.920 -2 21 42.511 2.339 30.116832 42.511 0 1 0
 426 1624.869 3684.455 -2 21 0.780 1.169 1.539543 1.169 0 1 0
 427 1616.094 3423.349 -2 21 1.170 2.339 3.330806 2.339 0 1 0
 428 1614.339 3417.889 -2 21 1.560 2.339 2.767122 2.339 0 1 0
 429 1604.004 3679.970 -2 21 5.850 10.919 15.538591 10.919 0 1 0
 430 1593.084 3683.090 -2 21 2.730 12.479 22.489502 12.479 0 1 0
 431 1588.209 3384.349 -2 21 1.560 0.779 1.796034 1.560 0 1 0
 432 1579.629 3688.940 -2 21 17.160 28.079 103.431544 28.079 0 1 0
 433 1585.479 3394.099 -2 21 0.780 1.559 1.883719 1.559 0 1 0
 434 1532.244 4027.265 -2 21 79.172 19.889 296.148832 79.172 0 1 0
 435 1545.504 3964.670 -2 21 52.651 11.699 35.896832 52.651 0 1 0
 436 1556.034 3428.614 -2 21 2.730 2.729 6.441507 2.730 0 1 0
 437 1541.019 3715.460 -2 21 5.460 10.919 30.932234 10.919 0 1 0
 438 1539.849 3727.160 -2 21 0.780 0.779 1.252035 0.780 0 1 0
 439 1530.489 3721.895 -2 21 9.360 23.789 96.586808 23.789 0 1 0
 440 1507.479 3759.335 -2 21 28.861 98.669 381.023552 98.669 0 1 0
 441 1519.179 3509.149 -2 21 2.340 132.599 88.221024 132.599 0 1 0
 442 1512.939 3639.604 -2 21 0.780 32.369 16.427363 32.369 0 1 0
 443 1363.178 3984.560 -2 21 17.940 23.399 60.233664 23.399 0 1 0
 444 1353.818 3425.104 -2 21 36.661 31.589 141.914160 36.661 0 1 0
 445 1342.508 3765.965 -2 21 10.140 111.929 513.050880 111.929 0 1 0
 446 1323.398 3995.090 -2 21 42.901 2.339 37.417880 42.901 0 1 0
 447 1320.863 3481.849 -2 21 1.950 1.559 2.638876 1.950 0 1 0
 448 1320.863 3475.999 -2 21 1.950 1.559 2.493332 1.950 0 1 0
 449 1170.908 3846.110 -2 21 3.120 1.559 2.965157 3.120 0 1 0
 450 1138.733 3537.229 -2 21 1.170 0.779 1.422035 1.170 0 1 0
 451 958.162 3456.109 -2 21 1.170 171.599 115.295752 171.599 0 1 0
 452 954.457 3519.679 -2 21 1.560 9.359 5.424489 9.359 0 1 0
 453 955.042 3511.099 -2 21 0.390 0.779 0.982421 0.779 0 1 0
 454 955.042 3497.449 -2 21 0.390 0.779 0.984210 0.779 0 1 0
 455 955.042 3494.329 -2 21 0.390 1.559 1.477508 1.559 0 1 0
 456 916.237 3581.299 -2 21 3.120 2.339 4.805928 3.120 0 1 0
 457 761.407 4021.220 -2 21 23.400 81.899 726.758720 81.899 0 1 0
 458 714.607 3637.069 -2 21 58.502 59.279 620.132928 59.279 0 1 0
 459 724.357 3574.864 -2 21 3.120 1.949 5.892138 3.120 0 1 0
 460 567.381 4086.350 -2 21 12.090 38.999 329.916192 38.999 0 1 0
 461 564.066 3574.864 -2 21 4.680 1.169 4.687823 4.680 0 1 0
 462 554.316 4019.855 -2 21 20.280 83.849 651.770816 83.849 0 1 0
 463 369.261 4021.805 -2 21 8.970 79.949 253.863600 79.949 0 1 0
 464 355.611 4086.155 -2 21 27.690 39.389 414.943008 39.389 0 1 0
 465 344.886 4021.805 -2 21 11.700 80.729 343.453568 80.729 0 1 0
 466 348.981 3968.570 -2 21 1.950 1.559 1.987508 1.950 0 1 0
 467 343.716 3968.570 -2 21 2.340 1.559 2.972911 2.340 0 1 0
 468 4805.132 4052.615 -1 21 8.970 3.509 7.581401 8.970 0 1 0
 469 4750.727 3952.775 -1 21 117.004 24.569 10.705821 117.004 0 1 0
 470 4797.137 4053.785 -1 21 1.560 1.169 1.883122 1.560 0 1 0
 471 4774.127 3633.364 -1 21 34.321 19.889 12.888978 34.321 0 1 0
 472 4788.557 3983.390 -1 21 2.340 1.559 1.194772 2.340 0 1 0
 473 4782.122 4053.005 -1 21 8.970 2.729 6.892454 8.970 0 1 0
 474 4770.422 4053.005 -1 21 8.970 2.729 6.978945 8.970 0 1 0
 475 4682.476 4035.845 -1 21 168.485 11.309 464.681408 168.485 0 1 0
 476 4729.667 3842.210 -1 21 74.102 20.279 197.888880 74.102 0 1 0
 477 4736.297 3675.875 -1 21 60.842 54.209 204.581504 60.842 0 1 0
 478 4750.727 4052.810 -1 21 17.160 3.119 6.236314 17.160 0 1 0
 479 4754.627 3968.180 -1 21 1.560 1.559 1.715508 1.560 0 1 0
 480 4745.852 3633.949 -1 21 16.770 18.719 26.314202 18.719 0 1 0
 481 4738.247 4087.910 -1 21 3.900 1.559 2.224315 3.900 0 1 0
 482 4735.712 4051.640 -1 21 8.970 5.459 8.319260 8.970 0 1 0
 483 4735.712 3935.420 -1 21 1.950 0.779 1.455438 1.950 0 1 0
 484 4729.472 3632.779 -1 21 8.970 14.039 18.100520 14.039 0 1 0
 485 4724.012 4052.810 -1 21 8.970 3.119 8.331190 8.970 0 1 0
 486 4720.697 3971.105 -1 21 2.340 1.169 1.269929 2.340 0 1 0
 487 4718.552 3632.974 -1 21 2.730 1.169 3.323052 2.730 0 1 0
 488 4712.702 4051.445 -1 21 8.970 5.849 9.690593 8.970 0 1 0
 489 4710.947 3974.030 -1 21 10.920 0.779 6.836980 10.920 0 1 0
 490 4710.557 3628.879 -1 21 8.580 8.579 11.101891 8.580 0 1 0
 491 4706.462 3638.824 -1 21 1.170 5.069 6.251822 5.069 0 1 0
 492 4704.902 4088.300 -1 21 1.170 0.779 1.516877 1.170 0 1 0
 493 4704.902 4053.980 -1 21 1.170 0.779 1.487649 1.170 0 1 0
 494 4697.297 3974.030 -1 21 10.140 0.779 6.480875 10.140 0 1 0
 495 4699.247 4052.030 -1 21 4.680 0.779 4.783262 4.680 0 1 0
 496 4692.422 4087.910 -1 21 3.510 1.559 1.485859 3.510 0 1 0
 497 4693.397 4053.980 -1 21 1.560 0.779 1.703578 1.560 0 1 0
 498 4547.146 4080.500 -1 21 39.781 50.699 1432.374784 50.699 0 1 0
 499 4554.166 4041.695 -1 21 25.740 10.529 75.748392 25.740 0 1 0
 500 4556.896 3950.045 -1 21 20.280 7.409 25.249464 20.280 0 1 0
 501 4554.166 3936.590 -1 21 25.740 15.599 65.101032 25.740 0 1 0
 502 4555.336 3920.600 -1 21 20.280 8.579 38.634724 20.280 0 1 0
 503 4562.941 3962.720 -1 21 1.170 2.339 1.300350 2.339 0 1 0
 504 4559.236 3964.280 -1 21 0.780 1.559 0.740842 1.559 0 1 0
 505 4551.241 3963.110 -1 21 1.950 1.559 0.957368 1.950 0 1 0
 506 4544.416 4030.385 -1 21 6.240 1.169 4.991437 6.240 0 1 0
 507 4355.851 3961.160 -1 21 1.170 0.779 1.440526 1.170 0 1 0
 508 4355.851 3927.230 -1 21 0.390 0.779 0.905473 0.779 0 1 0
 509 4142.520 3944.195 -1 21 1.950 1.169 2.288140 1.950 0 1 0
 510 3958.050 4037.210 -1 21 19.890 137.279 1511.773696 137.279 0 1 0
 511 3965.070 3872.045 -1 21 5.850 24.569 86.699968 24.569 0 1 0
 512 3961.365 3950.240 -1 21 7.020 7.799 13.087610 7.799 0 1 0
 513 3756.614 4016.345 -1 21 23.400 5.069 36.505252 23.400 0 1 0
 514 3761.879 3835.385 -1 21 12.870 26.909 33.767356 26.909 0 1 0
 515 3756.614 3761.480 -1 21 23.400 102.959 997.658112 102.959 0 1 0
 516 3562.199 4024.535 -1 21 12.870 0.389 5.019472 12.870 0 1 0
 517 3521.249 4021.610 -1 21 94.773 1.559 85.787344 94.773 0 1 0
 518 3555.764 4016.345 -1 21 25.740 5.069 27.074728 25.740 0 1 0
 519 3561.809 3994.505 -1 21 13.650 0.389 3.194209 13.650 0 1 0
 520 3564.149 3964.475 -1 21 8.970 46.409 100.997864 46.409 0 1 0
 521 3561.419 3545.419 -1 21 14.430 17.159 81.376288 17.159 0 1 0
 522 3561.419 3530.404 -1 21 14.430 5.069 34.832092 14.430 0 1 0
 523 3556.544 3514.414 -1 21 7.020 4.289 7.771682 7.020 0 1 0
 524 3553.619 3974.225 -1 21 5.070 6.629 16.183398 6.629 0 1 0
 525 3338.728 4016.345 -1 21 60.452 5.069 80.463656 60.452 0 1 0
 526 3328.003 3869.315 -1 21 81.902 69.809 970.887552 81.902 0 1 0
 527 3367.003 3910.070 -1 21 0.780 0.779 1.003894 0.780 0 1 0
 528 3365.638 3824.660 -1 21 1.950 9.359 13.265364 9.359 0 1 0
 529 3360.178 3994.505 -1 21 8.189 0.389 6.183226 8.189 0 1 0
 530 3359.398 3985.340 -1 21 6.630 6.239 9.201471 6.630 0 1 0
 531 3359.398 3979.880 -1 21 6.630 0.779 5.374981 6.630 0 1 0
 532 3361.738 3910.265 -1 21 0.390 0.389 0.754561 0.390 0 1 0
 533 3358.228 3794.045 -1 21 1.170 1.169 2.016736 1.170 0 1 0
 534 3354.718 3823.685 -1 21 1.950 11.309 14.370662 11.309 0 1 0
 535 3340.093 3992.360 -1 21 26.520 10.919 21.751044 26.520 0 1 0
 536 3344.578 3667.295 -1 21 2.730 5.069 9.243225 5.069 0 1 0
 537 3343.993 3823.490 -1 21 1.560 10.919 13.866627 10.919 0 1 0
 538 3339.118 3979.685 -1 21 9.750 0.389 7.156103 9.750 0 1 0
 539 3340.288 3907.730 -1 21 2.730 1.559 3.034350 2.730 0 1 0
 540 3333.658 3816.470 -1 21 1.170 9.359 6.469542 9.359 0 1 0
 541 3333.463 3797.555 -1 21 0.780 12.089 5.859928 12.089 0 1 0
 542 3328.393 3805.940 -1 21 1.560 0.779 1.787684 1.560 0 1 0
 543 3327.808 3817.835 -1 21 1.950 1.169 2.009578 1.950 0 1 0
 544 3328.198 3812.180 -1 21 1.170 0.779 1.521649 1.170 0 1 0
 545 3328.198 3800.090 -1 21 1.170 0.779 1.584280 1.170 0 1 0
 546 3321.763 3651.109 -1 21 3.120 3.899 7.577226 3.899 0 1 0
 547 3322.543 3819.980 -1 21 0.780 5.459 3.743578 5.459 0 1 0
 548 3322.543 3807.500 -1 21 0.780 2.339 1.815719 2.339 0 1 0
 549 3322.543 3794.240 -1 21 0.780 2.339 2.219543 2.339 0 1 0
 550 3315.523 3994.505 -1 21 13.260 0.389 5.171577 13.260 0 1 0
 551 3315.718 3983.975 -1 21 12.870 8.969 11.712101 12.870 0 1 0
 552 3316.693 3626.149 -1 21 1.560 2.339 3.489473 2.339 0 1 0
 553 3312.403 3822.515 -1 21 1.560 12.869 13.689469 12.869 0 1 0
 554 3286.273 3671.585 -1 21 5.460 4.289 10.389084 5.460 0 1 0
 555 3265.993 3707.270 -1 21 1.560 1.559 2.927578 1.560 0 1 0
 556 3265.018 3411.454 -1 21 2.730 1.169 2.671087 2.730 0 1 0
 557 3226.993 3563.749 -1 21 0.780 0.779 1.235929 0.780 0 1 0
 558 3213.343 3633.559 -1 21 3.120 3.899 8.354453 3.899 0 1 0
 559 3205.153 3580.519 -1 21 0.780 0.779 1.215052 0.780 0 1 0
 560 3185.653 3668.465 -1 21 0.780 0.389 0.986596 0.780 0 1 0
 561 3144.313 4021.610 -1 21 49.921 1.559 69.055768 49.921 0 1 0
 562 3143.728 4016.345 -1 21 51.091 5.069 69.055768 51.091 0 1 0
 563 3146.458 3968.570 -1 21 45.631 3.119 43.806300 45.631 0 1 0
 564 3146.458 3958.625 -1 21 45.631 12.089 169.445200 45.631 0 1 0
 565 3147.433 3944.390 -1 21 43.681 10.139 103.583648 43.681 0 1 0
 566 3168.883 3885.890 -1 21 0.780 0.779 1.234736 0.780 0 1 0
 567 3145.288 3874.190 -1 21 47.971 3.119 34.527884 47.971 0 1 0
 568 3145.873 3850.010 -1 21 46.801 41.339 283.676224 46.801 0 1 0
 569 3167.908 4082.255 -1 21 1.170 47.189 36.505252 47.189 0 1 0
 570 3164.983 3802.235 -1 21 0.780 11.309 8.293611 11.309 0 1 0
 571 3163.228 3892.520 -1 21 2.730 1.559 3.360034 2.730 0 1 0
 572 3163.228 3886.670 -1 21 2.730 1.559 2.265473 2.730 0 1 0
 573 3163.618 3556.729 -1 21 0.390 1.559 1.559228 1.559 0 1 0
 574 3141.973 4025.510 -1 21 42.901 2.339 16.123152 42.901 0 1 0
 575 3162.448 3819.200 -1 21 0.390 0.779 0.956772 0.779 0 1 0
 576 3140.218 3989.435 -1 21 44.071 19.889 81.072080 44.071 0 1 0
 577 3162.058 3800.090 -1 21 0.390 0.779 0.987789 0.779 0 1 0
 578 3160.888 3791.705 -1 21 0.390 0.389 0.744421 0.390 0 1 0
 579 3157.183 3892.325 -1 21 0.780 0.389 1.008070 0.780 0 1 0
 580 3156.598 3886.280 -1 21 1.170 0.779 1.410701 1.170 0 1 0
 581 3156.013 3733.010 -1 21 0.780 0.779 1.083824 0.780 0 1 0
 582 3152.113 3818.225 -1 21 1.560 3.509 5.435226 3.509 0 1 0
 583 3151.918 3806.915 -1 21 1.950 12.089 14.567504 12.089 0 1 0
 584 3149.578 3783.515 -1 21 1.170 1.169 1.861052 1.170 0 1 0
 585 3147.043 3890.180 -1 21 0.780 0.779 1.312877 0.780 0 1 0
 586 3144.118 3886.475 -1 21 1.170 1.169 1.723263 1.170 0 1 0
 587 3140.413 3617.179 -1 21 4.680 6.239 16.795398 6.239 0 1 0
 588 3140.998 3804.575 -1 21 1.950 10.529 14.438662 10.529 0 1 0
 589 3140.998 3818.030 -1 21 1.170 3.899 3.499016 3.899 0 1 0
 590 3140.803 3822.320 -1 21 0.780 0.779 1.280070 0.780 0 1 0
 591 3138.463 3644.284 -1 21 5.460 12.089 29.028832 12.089 0 1 0
 592 3138.658 3886.475 -1 21 1.950 1.169 1.782912 1.950 0 1 0
 593 3138.853 3794.825 -1 21 0.780 0.389 0.985403 0.780 0 1 0
 594 3135.148 3889.790 -1 21 0.390 0.779 0.994947 0.779 0 1 0
 595 3132.418 3780.590 -1 21 0.390 0.779 1.015824 0.779 0 1 0
 596 3130.273 3803.795 -1 21 1.560 12.089 13.252241 12.089 0 1 0
 597 3130.078 3819.590 -1 21 1.170 0.779 1.510912 1.170 0 1 0
 598 3130.078 3816.470 -1 21 1.170 0.779 1.648701 1.170 0 1 0
 599 3128.908 3787.610 -1 21 0.390 0.779 0.994947 0.779 0 1 0
 600 3126.373 3788.390 -1 21 0.780 0.779 1.093368 0.780 0 1 0
 601 3122.278 3939.905 -1 21 1.950 1.169 2.307227 1.950 0 1 0
 602 3122.278 3884.915 -1 21 1.950 8.189 10.618733 8.189 0 1 0
 603 3121.303 3772.790 -1 21 0.780 0.779 1.123193 0.780 0 1 0
 604 3119.938 3817.640 -1 21 1.170 1.559 1.658245 1.559 0 1 0
 605 3120.133 3797.750 -1 21 0.780 1.559 1.664806 1.559 0 1 0
 606 3119.743 3789.170 -1 21 0.780 1.559 1.225193 1.559 0 1 0
 607 3119.743 3783.515 -1 21 0.780 5.849 2.975297 5.849 0 1 0
 608 3117.208 3807.500 -1 21 0.390 0.779 1.033719 0.779 0 1 0
 609 3105.312 3982.805 -1 21 21.060 27.689 38.482620 27.689 0 1 0
 610 3102.192 4053.395 -1 21 24.960 104.909 327.786720 104.909 0 1 0
 611 3105.702 3850.010 -1 21 16.379 50.699 297.517792 50.699 0 1 0
 612 3113.697 3818.225 -1 21 0.390 1.169 1.197754 1.169 0 1 0
 613 3113.112 3786.830 -1 21 1.560 3.899 3.370174 3.899 0 1 0
 614 3105.897 3780.005 -1 21 2.730 1.169 2.540455 2.730 0 1 0
 615 3105.897 3752.315 -1 21 1.950 1.949 3.413718 1.950 0 1 0
 616 3104.532 3887.060 -1 21 0.780 0.779 1.248456 0.780 0 1 0
 617 3103.947 3814.130 -1 21 1.170 0.779 1.394596 1.170 0 1 0
 618 3100.827 3671.780 -1 21 6.630 6.239 13.799820 6.630 0 1 0
 619 3097.707 3773.180 -1 21 1.170 3.119 2.783227 3.119 0 1 0
 620 3097.512 3763.625 -1 21 0.780 1.169 1.212666 1.169 0 1 0
 621 3096.537 3963.500 -1 21 1.170 0.779 1.256807 1.170 0 1 0
 622 3095.952 3951.800 -1 21 2.340 7.019 9.861190 7.019 0 1 0
 623 3095.952 3932.885 -1 21 2.340 8.189 8.633611 8.189 0 1 0
 624 3091.272 3967.205 -1 21 2.340 58.109 113.926800 58.109 0 1 0
 625 3091.272 3901.100 -1 21 2.340 54.599 104.800488 54.599 0 1 0
 626 3091.272 3791.120 -1 21 1.560 0.779 1.836596 1.560 0 1 0
 627 3091.272 3784.880 -1 21 1.560 0.779 1.991684 1.560 0 1 0
 628 3012.882 3698.690 -1 21 0.780 0.779 1.374912 0.780 0 1 0
 629 2990.457 3661.445 -1 21 1.950 1.949 3.193016 1.950 0 1 0
 630 2919.087 4024.730 -1 21 101.013 7.799 124.574168 101.013 0 1 0
 631 2945.607 4016.345 -1 21 47.971 5.069 58.256296 47.971 0 1 0
 632 2932.737 3960.965 -1 21 73.712 18.329 285.501472 73.712 0 1 0
 633 2930.007 3872.435 -1 21 79.172 6.629 62.515244 79.172 0 1 0
 634 2922.792 3853.325 -1 21 93.603 26.129 508.487712 93.603 0 1 0
 635 2968.227 3753.875 -1 21 1.170 33.149 12.472627 33.149 0 1 0
 636 2945.997 3823.295 -1 21 44.851 15.209 121.836272 44.851 0 1 0
 637 2968.032 3775.130 -1 21 0.780 2.339 2.250561 2.339 0 1 0
 638 2931.957 3988.070 -1 21 72.152 22.619 94.305232 72.152 0 1 0
 639 2967.642 3834.605 -1 21 0.780 0.389 0.984807 0.780 0 1 0
 640 2967.837 3784.100 -1 21 0.390 3.119 2.300666 3.119 0 1 0
 641 2961.012 3946.925 -1 21 3.120 1.169 4.158735 3.120 0 1 0
 642 2959.647 3800.870 -1 21 1.170 1.559 2.408631 1.559 0 1 0
 643 2942.877 3834.605 -1 21 33.931 1.169 17.948416 33.931 0 1 0
 644 2958.477 3811.985 -1 21 1.170 1.169 1.844350 1.170 0 1 0
 645 2957.892 3786.050 -1 21 0.780 3.899 3.732841 3.899 0 1 0
 646 2950.287 3774.155 -1 21 2.730 1.949 4.095507 2.730 0 1 0
 647 2950.092 3797.945 -1 21 0.780 0.389 0.972280 0.780 0 1 0
 648 2948.532 3766.745 -1 21 0.780 0.389 0.970491 0.780 0 1 0
 649 2947.167 3784.880 -1 21 1.170 4.679 4.525577 4.679 0 1 0
 650 2946.777 3805.160 -1 21 0.390 0.779 1.037894 0.779 0 1 0
 651 2942.877 3769.475 -1 21 0.390 0.389 0.718175 0.390 0 1 0
 652 2938.392 3796.775 -1 21 0.780 1.169 1.579508 1.169 0 1 0
 653 2936.247 3784.490 -1 21 1.170 4.679 5.598068 4.679 0 1 0
 654 2935.857 3812.180 -1 21 1.170 0.779 1.487052 1.170 0 1 0
 655 2930.592 3796.385 -1 21 0.780 1.169 1.620070 1.169 0 1 0
 656 2926.302 3788.585 -1 21 0.780 5.069 4.149192 5.069 0 1 0
 657 2925.912 3782.930 -1 21 0.780 2.339 2.080561 2.339 0 1 0
 658 2925.912 3778.835 -1 21 0.780 1.949 1.767999 1.949 0 1 0
 659 2925.912 3768.305 -1 21 0.780 11.309 6.369928 11.309 0 1 0
 660 2925.717 3758.945 -1 21 0.390 1.169 1.126772 1.169 0 1 0
 661 2920.452 4091.810 -1 21 1.560 28.079 22.815782 28.079 0 1 0
 662 2920.452 3830.120 -1 21 1.560 0.779 1.668982 1.560 0 1 0
 663 2920.257 3764.210 -1 21 1.950 0.779 2.014350 1.950 0 1 0
 664 2920.452 3758.165 -1 21 1.560 0.389 1.503157 1.560 0 1 0
 665 2920.257 4067.435 -1 21 1.170 14.429 6.236314 14.429 0 1 0
 666 2920.452 4052.225 -1 21 0.780 1.169 1.590245 1.169 0 1 0
 667 2920.452 4046.180 -1 21 0.780 1.559 1.818701 1.559 0 1 0
 668 2920.452 4040.135 -1 21 0.780 1.169 1.549684 1.169 0 1 0
 669 2920.452 4033.310 -1 21 0.780 3.119 1.950526 3.119 0 1 0
 670 2920.452 3812.180 -1 21 0.780 0.779 1.053403 0.780 0 1 0
 671 2920.257 3770.060 -1 21 1.170 0.779 1.535964 1.170 0 1 0
 672 2894.907 4016.345 -1 21 48.751 5.069 52.019980 48.751 0 1 0
 673 2916.162 3806.720 -1 21 3.900 3.119 3.565227 3.900 0 1 0
 674 2914.992 3743.150 -1 21 0.780 45.239 16.427363 45.239 0 1 0
 675 2914.602 3783.320 -1 21 0.780 1.559 1.626035 1.559 0 1 0
 676 2914.602 3768.695 -1 21 0.780 1.949 1.924280 1.949 0 1 0
 677 2896.857 3833.825 -1 21 35.491 8.969 87.460496 35.491 0 1 0
 678 2896.467 3818.030 -1 21 36.271 4.679 57.495772 36.271 0 1 0
 679 2914.407 3786.830 -1 21 0.390 1.559 1.425017 1.559 0 1 0
 680 2905.047 4064.120 -1 21 18.330 6.239 10.647365 18.330 0 1 0
 681 2904.852 3781.175 -1 21 1.560 4.289 5.800279 4.289 0 1 0
 682 2904.072 3793.460 -1 21 0.780 0.779 1.314666 0.780 0 1 0
 683 2900.172 3812.180 -1 21 0.780 0.779 1.243087 0.780 0 1 0
 684 2900.172 3743.930 -1 21 0.780 0.779 1.273508 0.780 0 1 0
 685 2792.532 3707.270 -1 21 1.560 1.559 2.561332 1.560 0 1 0
 686 2728.377 4032.725 -1 21 83.072 23.789 80.007344 83.072 0 1 0
 687 2765.427 4016.345 -1 21 8.970 5.069 12.562698 8.970 0 1 0
 688 2744.952 3986.510 -1 21 49.921 21.059 72.858400 49.921 0 1 0
 689 2744.952 3968.570 -1 21 49.921 3.119 41.828932 49.921 0 1 0
 690 2744.952 3957.065 -1 21 49.921 8.969 139.176272 49.921 0 1 0
 691 2744.952 3944.195 -1 21 49.921 5.069 108.451016 49.921 0 1 0
 692 2743.587 3911.435 -1 21 52.651 10.529 240.174128 52.651 0 1 0
 693 2744.757 3897.785 -1 21 50.311 5.069 156.516256 50.311 0 1 0
 694 2751.192 3872.240 -1 21 37.441 2.339 38.482620 37.441 0 1 0
 695 2740.272 3840.065 -1 21 59.282 48.749 516.701408 59.282 0 1 0
 696 2767.962 3804.770 -1 21 3.900 0.779 3.527648 3.900 0 1 0
 697 2766.012 3893.105 -1 21 1.560 0.389 1.464385 1.560 0 1 0
 698 2766.207 3808.475 -1 21 1.170 0.389 1.297368 1.170 0 1 0
 699 2766.012 3780.200 -1 21 0.780 0.779 1.110070 0.780 0 1 0
 700 2765.622 3750.560 -1 21 0.780 28.079 10.343154 28.079 0 1 0
 701 2761.332 4078.355 -1 21 4.680 54.989 69.055768 54.989 0 1 0
 702 2733.837 4016.540 -1 21 50.311 4.679 51.715772 50.311 0 1 0
 703 2757.237 3807.695 -1 21 1.170 1.169 1.809157 1.170 0 1 0
 704 2754.897 3741.785 -1 21 0.390 28.469 8.517892 28.469 0 1 0
 705 2754.507 3769.085 -1 21 0.390 1.169 1.261579 1.169 0 1 0
 706 2752.752 3893.105 -1 21 2.340 0.389 1.954701 2.340 0 1 0
 707 2752.947 3808.085 -1 21 1.950 0.389 1.768596 1.950 0 1 0
 708 2751.582 3812.375 -1 21 1.560 1.169 1.833613 1.560 0 1 0
 709 2744.367 3767.135 -1 21 1.170 5.069 6.133121 5.069 0 1 0
 710 2743.197 3811.985 -1 21 2.730 0.389 1.784105 2.730 0 1 0
 711 2743.197 3804.770 -1 21 1.170 0.779 1.433964 1.170 0 1 0
 712 2738.517 3804.575 -1 21 3.510 0.389 2.824385 3.510 0 1 0
 713 2734.032 3804.575 -1 21 0.780 0.389 0.943052 0.780 0 1 0
 714 2733.252 3765.770 -1 21 1.560 5.459 6.496384 5.459 0 1 0
 715 2727.792 3871.265 -1 21 0.780 0.389 1.002105 0.780 0 1 0
 716 2726.427 3811.790 -1 21 1.170 0.779 1.553859 1.170 0 1 0
 717 2722.526 3765.380 -1 21 1.950 5.459 7.246173 5.459 0 1 0
 718 2676.116 3698.300 -1 21 1.170 0.779 1.315859 1.170 0 1 0
 719 2675.921 3679.775 -1 21 1.560 1.169 2.219543 1.560 0 1 0
 720 2671.826 3634.924 -1 21 0.390 0.389 0.725333 0.390 0 1 0
 721 2667.926 3618.154 -1 21 7.410 8.189 20.500204 8.189 0 1 0
 722 2664.221 3696.740 -1 21 0.780 0.779 1.154807 0.780 0 1 0
 723 2625.416 3501.349 -1 21 1.170 3.899 4.517823 3.899 0 1 0
 724 2528.891 4063.340 -1 21 82.682 85.019 383.609344 85.019 0 1 0
 725 2560.091 4016.345 -1 21 20.280 5.069 25.553676 20.280 0 1 0
 726 2560.286 3987.680 -1 21 19.890 23.399 34.984200 23.399 0 1 0
 727 2563.991 3945.365 -1 21 12.480 7.409 35.294372 12.480 0 1 0
 728 2566.331 3915.140 -1 21 7.800 3.119 6.681296 7.800 0 1 0
 729 2568.086 3907.340 -1 21 4.290 3.119 5.584349 4.290 0 1 0
 730 2565.551 3896.615 -1 21 9.360 7.409 10.621716 9.360 0 1 0
 731 2568.671 3864.050 -1 21 3.120 0.779 2.774280 3.120 0 1 0
 732 2567.111 3858.005 -1 21 6.240 3.509 8.987927 6.240 0 1 0
 733 2560.286 3833.630 -1 21 19.890 36.659 120.619432 36.659 0 1 0
 734 2561.846 3803.795 -1 21 1.950 1.949 2.906104 1.950 0 1 0
 735 2557.556 3911.240 -1 21 7.410 0.779 5.870665 7.410 0 1 0
 736 2556.971 3860.735 -1 21 3.120 3.509 3.278315 3.509 0 1 0
 737 2555.021 3874.190 -1 21 3.120 3.119 2.542841 3.120 0 1 0
 738 2554.046 3940.100 -1 21 1.170 0.779 1.527017 1.170 0 1 0
 739 2554.046 3898.175 -1 21 0.390 0.389 0.765894 0.390 0 1 0
 740 2551.901 3893.300 -1 21 1.560 0.779 1.432175 1.560 0 1 0
 741 2552.486 3812.765 -1 21 0.390 1.169 1.268736 1.169 0 1 0
 742 2552.291 3803.600 -1 21 0.780 0.779 1.191789 0.780 0 1 0
 743 2551.706 3916.310 -1 21 1.170 0.779 1.396385 1.170 0 1 0
 744 2551.901 3727.550 -1 21 0.780 35.099 18.861046 35.099 0 1 0
 745 2529.866 3958.235 -1 21 33.151 37.049 257.818336 37.049 0 1 0
 746 2543.126 3392.734 -1 21 4.290 15.209 16.883680 15.209 0 1 0
 747 2516.216 4016.345 -1 21 57.331 5.069 48.065248 57.331 0 1 0
 748 2527.916 3995.285 -1 21 29.251 2.729 11.407891 29.251 0 1 0
 749 2514.851 3837.920 -1 21 54.601 75.659 641.883968 75.659 0 1 0
 750 2540.786 3744.515 -1 21 1.170 1.169 1.500175 1.170 0 1 0
 751 2541.176 3736.325 -1 21 0.390 1.169 1.159579 1.169 0 1 0
 752 2541.176 3732.230 -1 21 0.390 1.559 1.104105 1.559 0 1 0
 753 2541.176 3727.940 -1 21 0.390 3.119 1.860456 3.119 0 1 0
 754 2525.966 3983.195 -1 21 30.031 8.969 61.602612 30.031 0 1 0
 755 2540.591 3755.630 -1 21 0.780 1.559 1.637368 1.559 0 1 0
 756 2517.191 3564.724 -1 21 5.460 4.289 6.885892 5.460 0 1 0
 757 2519.141 3514.609 -1 21 1.560 0.779 1.701789 1.560 0 1 0
 758 2499.446 3496.279 -1 21 5.850 0.779 3.723297 5.850 0 1 0
 759 2495.351 3504.274 -1 21 0.780 1.949 2.078771 1.949 0 1 0
 760 2490.086 3641.554 -1 21 8.189 12.869 61.906820 12.869 0 1 0
 761 2487.941 3706.685 -1 21 0.780 8.189 5.231226 8.189 0 1 0
 762 2478.386 3695.765 -1 21 1.170 1.169 2.026877 1.170 0 1 0
 763 2390.441 3563.164 -1 21 5.460 5.069 17.422906 5.460 0 1 0
 764 2388.881 3546.589 -1 21 1.560 0.779 1.553263 1.560 0 1 0
 765 2388.881 3536.644 -1 21 1.560 0.389 1.583684 1.560 0 1 0
 766 2383.616 3646.624 -1 21 2.730 7.409 13.860662 7.409 0 1 0
 767 2343.836 4063.340 -1 21 53.431 85.019 877.190784 85.019 0 1 0
 768 2355.536 4018.100 -1 21 30.031 1.559 38.330512 30.031 0 1 0
 769 2360.606 3983.390 -1 21 19.890 8.579 48.217352 19.890 0 1 0
 770 2360.606 3957.455 -1 21 19.890 35.489 110.732592 35.489 0 1 0
 771 2343.836 3830.120 -1 21 53.431 91.259 554.423488 91.259 0 1 0
 772 2355.341 3994.505 -1 21 29.641 1.169 20.382098 29.641 0 1 0
 773 2356.316 3412.624 -1 21 1.950 1.169 2.682420 1.950 0 1 0
 774 2345.006 3990.800 -1 21 5.070 1.559 7.144173 5.070 0 1 0
 775 2344.616 3974.225 -1 21 5.850 7.409 35.297356 7.409 0 1 0
 776 2338.181 3412.624 -1 21 2.340 1.169 2.910280 2.340 0 1 0
 777 2316.535 3515.779 -1 21 16.770 3.899 11.407891 16.770 0 1 0
 778 2293.525 3412.039 -1 21 1.170 0.779 0.722351 1.170 0 1 0
 779 2255.890 3507.979 -1 21 14.820 8.579 50.498928 14.820 0 1 0
 780 2234.245 3507.394 -1 21 10.530 5.849 28.652446 10.530 0 1 0
 781 2215.135 3524.944 -1 21 5.850 3.509 5.236595 5.850 0 1 0
 782 2210.260 3554.584 -1 21 0.780 1.949 1.722070 1.949 0 1 0
 783 2159.560 3506.419 -1 21 79.562 10.139 417.072480 79.562 0 1 0
 784 2187.445 3535.864 -1 21 4.290 1.169 4.998595 4.290 0 1 0
 785 2180.815 3535.864 -1 21 5.070 1.169 4.777893 5.070 0 1 0
 786 2180.620 3475.024 -1 21 3.900 1.949 4.210034 3.900 0 1 0
 787 2178.670 3489.064 -1 21 0.780 1.169 1.501964 1.169 0 1 0
 788 2151.565 3519.289 -1 21 49.531 3.119 7.558138 49.531 0 1 0
 789 2173.015 3535.864 -1 21 1.950 1.169 3.072525 1.950 0 1 0
 790 2167.555 3475.024 -1 21 8.970 1.949 18.093958 8.970 0 1 0
 791 2149.420 4081.085 -1 21 42.901 49.529 1194.330112 49.529 0 1 0
 792 2149.420 4021.610 -1 21 42.901 1.559 51.107352 42.901 0 1 0
 793 2149.420 4016.540 -1 21 42.901 4.679 50.651036 42.901 0 1 0
 794 2164.630 3983.975 -1 21 12.480 9.749 48.812052 12.480 0 1 0
 795 2152.540 3968.960 -1 21 36.661 3.119 31.333674 36.661 0 1 0
 796 2169.310 3839.480 -1 21 3.120 2.339 3.671402 3.120 0 1 0
 797 2169.115 3822.320 -1 21 3.510 1.559 4.887051 3.510 0 1 0
 798 2149.225 3791.705 -1 21 42.511 41.729 278.808864 42.511 0 1 0
 799 2165.995 3552.244 -1 21 5.850 4.289 6.987296 5.850 0 1 0
 800 2167.360 3536.059 -1 21 2.340 1.559 3.240736 2.340 0 1 0
 801 2151.175 4025.315 -1 21 33.931 1.949 11.559996 33.931 0 1 0
 802 2150.980 3994.505 -1 21 33.541 1.169 27.987358 33.541 0 1 0
 803 2156.440 3872.240 -1 21 13.260 2.339 5.475788 13.260 0 1 0
 804 2161.315 3535.864 -1 21 2.730 1.169 4.135472 2.730 0 1 0
 805 2132.650 3474.634 -1 21 53.821 5.069 109.059440 53.821 0 1 0
 806 2144.545 3535.669 -1 21 23.790 2.339 33.615252 23.790 0 1 0
 807 2144.350 3983.975 -1 21 20.280 9.749 38.482620 20.280 0 1 0
 808 2153.710 3413.209 -1 21 1.560 1.559 1.413087 1.560 0 1 0
 809 2153.515 3946.340 -1 21 1.170 5.459 5.216911 5.459 0 1 0
 810 2149.810 3488.674 -1 21 2.340 0.389 1.850912 2.340 0 1 0
 811 2144.155 3842.600 -1 21 4.290 1.559 1.354631 4.290 0 1 0
 812 2141.230 3955.895 -1 21 7.020 6.629 8.691471 7.020 0 1 0
 813 2140.060 3489.259 -1 21 0.780 5.459 5.141753 5.459 0 1 0
 814 2136.940 3945.365 -1 21 0.780 1.949 2.382982 1.949 0 1 0
 815 2135.380 3488.674 -1 21 0.780 0.389 0.728316 0.780 0 1 0
 816 2128.555 3589.879 -1 21 2.730 0.779 2.400280 2.730 0 1 0
 817 2125.045 3587.149 -1 21 2.730 0.779 2.489754 2.730 0 1 0
 818 2119.585 3707.075 -1 21 1.170 0.389 1.238912 1.170 0 1 0
 819 2078.635 3506.029 -1 21 78.392 9.359 171.118368 78.392 0 1 0
 820 2082.925 3537.424 -1 21 62.792 9.749 171.574672 62.792 0 1 0
 821 2110.615 3488.089 -1 21 7.410 1.559 8.664032 7.410 0 1 0
 822 2034.175 3474.634 -1 21 139.234 3.509 5.565261 139.234 0 1 0
 823 2100.670 3488.284 -1 21 1.560 1.169 1.859263 1.560 0 1 0
 824 2099.305 3551.464 -1 21 3.510 1.169 2.933543 3.510 0 1 0
 825 2095.210 3522.994 -1 21 3.120 1.169 3.800244 3.120 0 1 0
 826 2094.820 3488.089 -1 21 3.120 1.559 3.726876 3.120 0 1 0
 827 2089.360 3487.894 -1 21 1.560 1.169 2.370455 1.560 0 1 0
 828 2083.120 3487.894 -1 21 3.120 1.949 5.002770 3.120 0 1 0
 829 2077.855 3551.269 -1 21 2.730 0.779 2.209999 2.730 0 1 0
 830 2071.420 3487.894 -1 21 2.340 1.169 2.523157 2.340 0 1 0
 831 2060.695 3708.050 -1 21 4.290 5.459 4.037648 5.459 0 1 0
 832 2058.550 3488.284 -1 21 0.780 0.389 0.721754 0.780 0 1 0
 833 2050.554 3490.624 -1 21 1.170 2.729 3.996490 2.729 0 1 0
 834 2047.825 3468.589 -1 21 5.850 0.779 4.340069 5.850 0 1 0
 835 2041.780 3560.239 -1 21 6.240 3.899 4.184981 6.240 0 1 0
 836 2041.975 3604.894 -1 21 1.170 1.169 1.763824 1.170 0 1 0
 837 2038.270 3524.164 -1 21 8.580 3.509 15.049469 8.580 0 1 0
 838 2041.000 3468.589 -1 21 3.120 0.779 2.941297 3.120 0 1 0
 839 2030.470 3539.959 -1 21 20.280 1.559 17.339994 20.280 0 1 0
 840 2038.855 3608.014 -1 21 1.170 1.169 1.541929 1.170 0 1 0
 841 2033.005 3468.784 -1 21 8.970 1.169 6.768384 8.970 0 1 0
 842 2011.360 3505.249 -1 21 51.481 2.339 81.528392 51.481 0 1 0
 843 2023.840 3468.784 -1 21 3.900 1.169 3.495437 3.900 0 1 0
 844 2020.720 3526.114 -1 21 0.780 0.389 0.750386 0.780 0 1 0
 845 2019.940 3703.370 -1 21 1.560 14.039 5.019472 14.039 0 1 0
 846 2017.600 3468.784 -1 21 4.680 1.169 4.067472 4.680 0 1 0
 847 2017.990 3663.200 -1 21 0.780 4.679 1.441719 4.679 0 1 0
 848 2010.775 3468.784 -1 21 3.510 1.169 3.808595 3.510 0 1 0
 849 2005.120 3468.589 -1 21 3.900 0.779 1.973192 3.900 0 1 0
 850 1995.370 3616.204 -1 21 6.240 4.289 12.256698 6.240 0 1 0
 851 1994.785 3707.075 -1 21 3.510 1.169 2.667508 3.510 0 1 0
 852 1984.840 3614.449 -1 21 1.560 0.779 1.588456 1.560 0 1 0
 853 1977.430 3687.185 -1 21 0.780 0.389 0.899508 0.780 0 1 0
 854 1956.955 3994.505 -1 21 28.470 1.169 21.294730 28.470 0 1 0
 855 1963.000 3963.890 -1 21 16.379 48.359 103.127336 48.359 0 1 0
 856 1964.560 3863.660 -1 21 13.260 24.179 197.888880 24.179 0 1 0
 857 1960.465 3834.995 -1 21 21.450 21.449 92.175760 21.450 0 1 0
 858 1955.200 3792.680 -1 21 31.981 30.419 421.179328 31.981 0 1 0
 859 1965.730 3512.464 -1 21 3.120 1.949 4.040630 3.120 0 1 0
 860 1949.350 3974.225 -1 21 5.460 7.409 15.600626 7.409 0 1 0
 861 1918.539 3433.489 -1 21 1.560 0.779 2.007192 1.560 0 1 0
 862 1909.764 3486.139 -1 21 1.170 0.779 1.153017 1.170 0 1 0
 863 1906.449 3433.489 -1 21 1.560 0.779 1.900420 1.560 0 1 0
 864 1903.524 3442.459 -1 21 1.170 0.779 1.581894 1.170 0 1 0
 865 1897.089 3442.459 -1 21 1.560 0.779 1.978561 1.560 0 1 0
 866 1895.529 3465.469 -1 21 3.900 4.679 9.075611 4.679 0 1 0
 867 1891.629 3331.699 -1 21 3.120 2.339 4.775507 3.120 0 1 0
 868 1891.239 3442.654 -1 21 2.340 1.169 2.328104 2.340 0 1 0
 869 1891.044 3338.134 -1 21 1.170 1.169 1.830034 1.170 0 1 0
 870 1882.464 3433.489 -1 21 1.950 0.779 2.356736 1.950 0 1 0
 871 1879.344 3424.519 -1 21 1.170 0.779 1.720280 1.170 0 1 0
 872 1876.419 3433.489 -1 21 1.560 0.779 2.030455 1.560 0 1 0
 873 1872.714 3464.104 -1 21 1.170 1.949 2.119333 1.949 0 1 0
 874 1870.374 3433.489 -1 21 1.950 0.779 2.343613 1.950 0 1 0
 875 1867.254 3527.479 -1 21 2.730 0.779 2.264280 2.730 0 1 0
 876 1865.499 3562.774 -1 21 5.460 7.409 7.652383 7.409 0 1 0
 877 1864.914 3405.409 -1 21 1.170 6.239 3.967262 6.239 0 1 0
 878 1861.404 3331.504 -1 21 0.390 6.629 4.920454 6.629 0 1 0
 879 1858.284 3433.489 -1 21 1.950 0.779 2.381192 1.950 0 1 0
 880 1855.554 3442.459 -1 21 1.950 0.779 2.272034 1.950 0 1 0
 881 1852.629 3433.489 -1 21 1.560 0.779 2.096666 1.560 0 1 0
 882 1850.289 3464.494 -1 21 0.780 1.169 1.415473 1.169 0 1 0
 883 1849.314 3442.459 -1 21 1.950 0.779 2.155122 1.950 0 1 0
 884 1846.194 3433.489 -1 21 1.170 0.779 1.721473 1.170 0 1 0
 885 1843.464 3442.459 -1 21 1.170 0.779 1.677333 1.170 0 1 0
 886 1840.344 3433.684 -1 21 1.950 1.169 2.598911 1.950 0 1 0
 887 1833.714 3477.754 -1 21 0.390 1.169 1.360000 1.169 0 1 0
 888 1818.114 3546.979 -1 21 5.070 3.899 6.632980 5.070 0 1 0
 889 1819.089 3554.389 -1 21 2.340 1.559 3.228806 2.340 0 1 0
 890 1795.299 3473.464 -1 21 26.520 4.289 99.324704 26.520 0 1 0
 891 1771.704 3410.089 -1 21 0.390 0.779 1.058175 0.779 0 1 0
 892 1696.044 4043.060 -1 21 150.935 51.479 566.287680 150.935 0 1 0
 893 1750.449 3994.700 -1 21 42.121 1.559 18.861046 42.121 0 1 0
 894 1767.024 3984.170 -1 21 8.970 9.359 37.095776 9.359 0 1 0
 895 1761.369 3968.960 -1 21 20.280 3.119 37.113672 20.280 0 1 0
 896 1761.369 3811.595 -1 21 20.280 3.509 28.291568 20.280 0 1 0
 897 1761.564 3777.860 -1 21 19.890 42.119 610.550336 42.119 0 1 0
 898 1744.209 3983.975 -1 21 29.641 9.749 35.440516 29.641 0 1 0
 899 1627.209 3463.909 -1 21 163.805 74.099 3.787122 163.805 0 1 0
 900 1678.104 3415.744 -1 21 1.170 1.169 1.447684 1.170 0 1 0
 901 1574.949 3362.119 -1 21 0.780 1.559 0.956175 1.559 0 1 0
 902 1565.004 3909.095 -1 21 13.650 5.849 23.119992 13.650 0 1 0
 903 1559.154 3897.785 -1 21 25.350 5.069 43.045776 25.350 0 1 0
 904 1567.344 3776.105 -1 21 8.970 74.489 167.772048 74.489 0 1 0
 905 1560.714 3914.165 -1 21 20.670 0.389 4.715262 20.670 0 1 0
 906 1567.929 3842.015 -1 21 2.340 7.409 11.434137 7.409 0 1 0
 907 1567.149 3691.670 -1 21 3.900 38.219 25.553676 38.219 0 1 0
 908 1567.734 3418.474 -1 21 1.950 1.169 2.622771 1.950 0 1 0
 909 1567.929 3835.970 -1 21 0.780 0.779 1.278877 0.780 0 1 0
 910 1567.539 3822.710 -1 21 1.560 10.919 13.000522 10.919 0 1 0
 911 1560.519 3840.065 -1 21 4.680 3.509 9.025506 4.680 0 1 0
 912 1560.714 3822.515 -1 21 4.290 1.949 6.731401 4.290 0 1 0
 913 1562.079 3835.970 -1 21 0.780 0.779 1.292596 0.780 0 1 0
 914 1555.254 3847.865 -1 21 12.870 3.509 7.757366 12.870 0 1 0
 915 1553.694 3772.595 -1 21 14.430 79.949 620.437184 79.949 0 1 0
 916 1558.959 3916.505 -1 21 3.120 0.389 2.446210 3.120 0 1 0
 917 1558.959 3835.970 -1 21 0.780 0.779 1.239508 0.780 0 1 0
 918 1547.649 3689.330 -1 21 20.280 42.899 317.443584 42.899 0 1 0
 919 1550.769 3863.855 -1 21 8.580 0.389 6.222594 8.580 0 1 0
 920 1550.184 3909.095 -1 21 7.410 5.849 16.410661 7.410 0 1 0
 921 1549.599 3873.215 -1 21 6.240 0.389 4.257753 6.240 0 1 0
 922 1551.354 3858.200 -1 21 2.730 3.119 4.531542 3.119 0 1 0
 923 1549.794 3722.285 -1 21 5.850 14.429 11.103680 14.429 0 1 0
 924 1515.083 3430.954 -1 21 56.551 11.309 124.878376 56.551 0 1 0
 925 1539.068 3365.239 -1 21 1.560 0.779 1.623052 1.560 0 1 0
 926 1525.028 3691.865 -1 21 20.280 37.829 382.088288 37.829 0 1 0
 927 1518.788 3600.214 -1 21 1.560 3.509 2.563718 3.509 0 1 0
 928 1510.988 3526.114 -1 21 1.560 1.169 2.249964 1.560 0 1 0
 929 1495.583 3691.475 -1 21 18.330 38.609 407.946176 38.609 0 1 0
 930 1501.628 3360.754 -1 21 2.340 1.169 2.609052 2.340 0 1 0
 931 1495.388 3360.754 -1 21 0.780 0.389 0.979438 0.780 0 1 0
 932 1363.958 4029.410 -1 21 16.379 44.459 173.095728 44.459 0 1 0
 933 1364.153 3957.650 -1 21 15.990 25.739 136.742592 25.739 0 1 0
 934 1369.418 3939.710 -1 21 5.460 0.779 4.299507 5.460 0 1 0
 935 1363.958 3810.620 -1 21 16.379 1.559 22.055256 16.379 0 1 0
 936 1362.008 3761.480 -1 21 20.280 92.819 1087.248000 92.819 0 1 0
 937 1363.568 3691.475 -1 21 17.160 38.609 371.745152 38.609 0 1 0
 938 1367.468 3465.274 -1 21 2.340 1.169 2.497508 2.340 0 1 0
 939 1354.208 3490.429 -1 21 0.780 0.779 0.782596 0.780 0 1 0
 940 1333.538 3663.785 -1 21 38.221 93.989 923.126528 93.989 0 1 0
 941 1341.533 3502.129 -1 21 1.170 2.339 3.009297 2.339 0 1 0
 942 1341.728 3489.259 -1 21 0.780 5.459 5.883191 5.459 0 1 0
 943 1341.728 3474.829 -1 21 0.780 4.679 5.037963 4.679 0 1 0
 944 1165.838 4029.995 -1 21 13.260 25.349 74.987872 25.349 0 1 0
 945 1119.817 3728.915 -1 21 105.303 228.149 2531.791360 228.149 0 1 0
 946 1167.593 3508.759 -1 21 8.189 0.779 7.115541 8.189 0 1 0
 947 1163.888 3863.660 -1 21 13.260 24.179 144.652064 24.179 0 1 0
 948 1139.512 3425.689 -1 21 60.452 7.019 40.307880 60.452 0 1 0
 949 1156.673 3508.759 -1 21 5.070 0.779 4.498735 5.070 0 1 0
 950 1138.342 3418.669 -1 21 1.950 2.339 4.245227 2.339 0 1 0
 951 1103.437 3426.079 -1 21 4.680 3.119 8.125997 4.680 0 1 0
 952 1102.267 3418.084 -1 21 0.780 0.389 0.996140 0.780 0 1 0
 953 1091.737 3538.399 -1 21 7.020 55.379 107.842592 55.379 0 1 0
 954 1090.957 3434.074 -1 21 7.020 23.009 21.294730 23.009 0 1 0
 955 1088.032 3490.429 -1 21 6.630 9.359 16.537117 9.359 0 1 0
 956 959.722 4040.135 -1 21 26.130 70.589 476.849824 70.589 0 1 0
 957 972.007 4002.500 -1 21 1.560 0.779 1.445298 1.560 0 1 0
 958 936.517 3801.650 -1 21 72.542 390.779 2796.454400 390.779 0 1 0
 959 958.942 4097.270 -1 21 26.910 17.159 73.314712 26.910 0 1 0
 960 968.692 3999.575 -1 21 1.950 1.169 1.290807 1.950 0 1 0
 961 962.842 3999.380 -1 21 1.950 0.779 1.574736 1.950 0 1 0
 962 946.852 4001.135 -1 21 1.950 1.949 3.020631 1.950 0 1 0
 963 761.211 4078.745 -1 21 23.790 4.289 16.731573 23.790 0 1 0
 964 751.071 3906.365 -1 21 44.071 69.809 204.733616 69.809 0 1 0
 965 751.071 3852.740 -1 21 44.071 26.519 84.722600 44.071 0 1 0
 966 766.477 3817.250 -1 21 13.260 30.419 68.903664 30.419 0 1 0
 967 755.751 3710.195 -1 21 34.711 171.209 2272.451840 171.209 0 1 0
 968 769.597 3463.714 -1 21 3.120 1.949 2.828560 3.120 0 1 0
 969 769.402 3583.834 -1 21 2.730 1.169 2.347789 2.730 0 1 0
 970 746.781 3817.055 -1 21 14.430 2.729 17.035784 14.430 0 1 0
 971 569.331 3971.300 -1 21 8.189 4.679 13.373925 8.189 0 1 0
 972 559.386 3956.480 -1 21 28.080 16.379 277.744128 28.080 0 1 0
 973 558.996 3928.205 -1 21 28.861 26.129 147.694160 28.861 0 1 0
 974 559.386 3906.560 -1 21 28.080 13.259 37.722092 28.080 0 1 0
 975 560.166 3880.430 -1 21 26.520 7.019 61.754716 26.520 0 1 0
 976 559.386 3846.890 -1 21 28.080 14.819 64.948928 28.080 0 1 0
 977 558.216 3720.530 -1 21 30.421 223.859 76.358608 223.859 0 1 0
 978 561.336 3585.394 -1 21 10.920 3.509 11.888066 10.920 0 1 0
 979 563.871 3580.909 -1 21 5.070 0.779 5.468033 5.070 0 1 0
 980 563.091 3471.124 -1 21 4.290 1.169 4.079402 4.290 0 1 0
 981 556.461 3580.714 -1 21 2.730 1.169 2.845859 2.730 0 1 0
 982 554.511 3973.250 -1 21 1.170 0.779 1.099333 1.170 0 1 0
 983 553.536 3409.309 -1 21 3.120 3.119 5.757331 3.120 0 1 0
 984 366.140 3970.910 -1 21 15.210 7.019 23.880518 15.210 0 1 0
 985 360.290 3880.625 -1 21 26.910 6.629 76.204712 26.910 0 1 0
 986 353.075 3850.595 -1 21 41.341 8.189 126.095224 41.341 0 1 0
 987 371.601 3819.590 -1 21 4.290 6.239 13.466978 6.239 0 1 0
 988 371.601 3789.950 -1 21 4.290 6.239 12.872276 6.239 0 1 0
 989 371.601 3760.310 -1 21 4.290 7.799 14.040802 7.799 0 1 0
 990 348.980 3670.415 -1 21 49.531 129.089 1701.753088 129.089 0 1 0
 991 370.625 3978.905 -1 21 3.120 1.169 2.841087 3.120 0 1 0
 992 370.040 3392.929 -1 21 4.290 1.559 4.264911 4.290 0 1 0
 993 347.420 3567.064 -1 21 46.411 9.749 61.298400 46.411 0 1 0
 994 354.245 3918.065 -1 21 29.641 11.309 64.188400 29.641 0 1 0
 995 364.385 3978.710 -1 21 3.120 1.559 4.225542 3.120 0 1 0
 996 356.195 3789.560 -1 21 16.379 8.579 69.207872 16.379 0 1 0
 997 356.000 3759.920 -1 21 16.770 8.579 78.029976 16.770 0 1 0
 998 356.195 3817.055 -1 21 15.600 3.509 32.702622 15.600 0 1 0
 999 359.120 3977.930 -1 21 2.730 2.339 3.714350 2.730 0 1 0
 1000 357.950 3945.560 -1 21 1.170 0.779 1.482280 1.170 0 1 0
 1001 337.865 3760.115 -1 21 10.140 8.969 61.893100 10.140 0 1 0
 1002 166.070 4023.755 -1 21 15.990 164.189 915.673344 164.189 0 1 0
 1003 166.070 3746.075 -1 21 15.990 386.489 1286.201728 386.489 0 1 0
 1004 169.190 3397.999 -1 21 9.750 3.899 27.431428 9.750 0 1 0
 1005 165.485 3426.664 -1 21 1.560 1.169 2.335859 1.560 0 1 0
 1006 161.975 3550.294 -1 21 0.780 1.169 1.450666 1.169 0 1 0
 1007 4787.777 4035.845 0 21 43.681 7.409 117.729432 43.681 0 1 0
 1008 4762.427 3908.120 0 21 2.340 1.559 3.142315 2.340 0 1 0
 1009 4695.931 4009.910 0 21 2.730 0.779 1.608736 2.730 0 1 0
 1010 4687.156 3962.135 0 21 3.900 7.409 6.189787 7.409 0 1 0
 1011 4683.841 4009.910 0 21 2.730 0.779 1.642140 2.730 0 1 0
 1012 4677.601 4009.910 0 21 1.950 0.779 1.036701 1.950 0 1 0
 1013 4665.511 4009.910 0 21 1.950 0.779 1.146456 1.950 0 1 0
 1014 4659.661 4009.910 0 21 2.730 0.779 1.493614 2.730 0 1 0
 1015 4647.766 4009.910 0 21 2.340 0.779 1.317052 2.340 0 1 0
 1016 4635.286 4015.565 0 21 2.340 1.169 1.445298 2.340 0 1 0
 1017 4623.391 4009.910 0 21 1.950 0.779 1.049228 1.950 0 1 0
 1018 4612.666 4009.910 0 21 2.340 0.779 1.480491 2.340 0 1 0
 1019 4612.666 4015.370 0 21 0.780 1.559 0.768877 1.559 0 1 0
 1020 4589.266 4009.910 0 21 1.560 0.779 0.736070 1.560 0 1 0
 1021 4586.926 4105.460 0 21 0.780 0.779 1.233543 0.780 0 1 0
 1022 4586.731 4088.885 0 21 1.170 16.769 7.148945 16.769 0 1 0
 1023 4586.731 4061.390 0 21 1.170 34.319 16.731573 34.319 0 1 0
 1024 4586.536 4100.000 0 21 0.780 1.559 1.679719 1.559 0 1 0
 1025 4579.711 4091.030 0 21 8.970 9.359 13.917925 9.359 0 1 0
 1026 4582.246 4071.140 0 21 3.900 6.239 9.936348 6.239 0 1 0
 1027 4580.881 4104.875 0 21 1.950 1.169 2.236245 1.950 0 1 0
 1028 4579.711 4099.024 0 21 1.170 0.389 1.137508 1.170 0 1 0
 1029 4573.666 4058.855 0 21 11.700 9.749 18.910554 11.700 0 1 0
 1030 4574.836 4104.875 0 21 1.560 1.169 1.826456 1.560 0 1 0
 1031 4570.741 4077.770 0 21 5.070 7.799 7.438840 7.799 0 1 0
 1032 4568.791 4096.880 0 21 1.170 7.019 5.619542 7.019 0 1 0
 1033 4568.596 4070.165 0 21 0.780 1.949 1.918315 1.949 0 1 0
 1034 4568.791 4066.655 0 21 0.390 0.389 0.761123 0.390 0 1 0
 1035 4311.975 4092.200 0 21 1.560 13.259 5.932103 13.259 0 1 0
 1036 4312.170 4040.330 0 21 1.170 0.779 1.394596 1.170 0 1 0
 1037 4311.780 4103.120 0 21 1.170 3.119 3.796665 3.119 0 1 0
 1038 4312.170 4046.180 0 21 0.390 0.779 0.953789 0.779 0 1 0
 1039 4258.155 4034.285 0 21 0.780 0.389 0.938280 0.780 0 1 0
 1040 4238.460 3946.340 0 21 5.850 3.119 9.973330 5.850 0 1 0
 1041 4073.685 3985.340 0 21 187.986 74.099 1337.461120 187.986 0 1 0
 1042 4133.940 3925.865 0 21 18.330 11.309 53.236824 18.330 0 1 0
 1043 4008.945 3537.034 0 21 0.780 1.949 1.445298 1.949 0 1 0
 1044 3988.470 3932.300 0 21 5.850 7.019 21.369888 7.019 0 1 0
 1045 3988.275 4103.315 0 21 0.780 2.729 2.756385 2.729 0 1 0
 1046 3988.275 4097.270 0 21 0.780 2.339 2.552385 2.339 0 1 0
 1047 3808.484 3536.644 0 21 0.780 0.389 1.012245 0.780 0 1 0
 1048 3722.294 3948.680 0 21 92.043 101.399 1253.042688 101.399 0 1 0
 1049 3750.959 4101.755 0 21 1.170 8.189 3.160806 8.189 0 1 0
 1050 3697.529 4101.755 0 21 1.170 8.189 3.361227 8.189 0 1 0
 1051 3519.298 3882.770 0 21 90.093 22.619 228.918336 90.093 0 1 0
 1052 3541.528 4060.025 0 21 1.170 2.729 2.175403 2.729 0 1 0
 1053 3537.238 4101.365 0 21 1.170 2.729 1.833613 2.729 0 1 0
 1054 3484.003 4098.440 0 21 0.780 3.899 2.631122 3.899 0 1 0
 1055 3482.443 3866.195 0 21 2.340 1.949 3.255648 2.340 0 1 0
 1056 3367.198 3962.525 0 21 1.950 1.169 2.864946 1.950 0 1 0
 1057 3322.543 3942.635 0 21 24.960 8.189 57.191560 24.960 0 1 0
 1058 3319.033 3968.960 0 21 21.060 2.339 15.514732 21.060 0 1 0
 1059 3328.198 4065.485 0 21 1.170 3.509 3.187052 3.509 0 1 0
 1060 3327.613 3908.705 0 21 1.560 1.949 2.824982 1.949 0 1 0
 1061 3323.908 4096.685 0 21 1.170 2.729 1.985719 2.729 0 1 0
 1062 3309.283 3781.955 0 21 7.020 12.869 48.369456 12.869 0 1 0
 1063 3296.023 3988.265 0 21 17.940 7.409 30.116832 17.940 0 1 0
 1064 3297.778 3944.390 0 21 3.510 6.239 13.295189 6.239 0 1 0
 1065 3275.353 3494.134 0 21 10.920 114.269 376.612512 114.269 0 1 0
 1066 2936.832 3945.365 0 21 4.680 2.729 6.511893 4.680 0 1 0
 1067 2565.746 3956.285 0 21 1.170 1.169 2.014350 1.170 0 1 0
 1068 2523.626 3878.285 0 21 0.390 0.389 0.760526 0.390 0 1 0
 1069 1960.464 4064.705 0 21 21.450 39.389 503.316160 39.389 0 1 0
 1070 1960.464 4021.025 0 21 21.450 7.409 71.489448 21.450 0 1 0
 1071 1958.319 4103.705 0 21 2.340 1.169 1.757859 2.340 0 1 0
 1072 1865.304 3396.439 0 21 1.170 3.119 3.089824 3.119 0 1 0
 1073 1559.153 4041.890 0 21 25.350 49.919 444.755648 49.919 0 1 0
 1074 1556.618 3984.365 0 21 20.280 9.749 48.673668 20.280 0 1 0
 1075 1558.958 4087.910 0 21 3.900 5.459 7.774664 5.459 0 1 0
 1076 1555.253 3961.550 0 21 1.170 1.559 2.393122 1.559 0 1 0
 1077 1364.153 3983.780 0 21 15.990 22.619 74.683656 22.619 0 1 0
 1078 1367.663 3914.555 0 21 5.070 7.409 19.822590 7.409 0 1 0
 1079 1365.518 4103.705 0 21 0.780 4.289 3.773402 4.289 0 1 0
 1080 1165.642 3963.305 0 21 13.650 48.749 206.863088 48.749 0 1 0
 1081 1164.472 4070.945 0 21 0.390 0.389 0.773649 0.390 0 1 0
 1082 763.356 4014.005 0 21 7.020 8.969 12.380768 8.969 0 1 0
 1083 752.241 4090.835 0 21 1.950 0.389 1.795438 1.950 0 1 0
 1084 545.541 4096.490 0 21 0.390 1.559 1.234736 1.559 0 1 0
 1085 316.610 4089.080 0 21 114.273 33.539 399.732512 114.273 0 1 0
 1086 353.075 3933.665 0 21 41.341 15.209 328.699360 41.341 0 1 0
 1087 370.040 4008.935 0 21 0.390 2.729 2.242210 2.729 0 1 0
 1088 350.345 4048.910 0 21 0.780 0.779 1.133333 0.780 0 1 0
 1089 340.400 4048.715 0 21 0.390 1.169 1.239508 1.169 0 1 0
 1090 4753.260 4017.905 1 21 106.473 26.909 192.565200 106.473 0 1 0
 1091 4774.905 4079.330 1 21 4.680 5.459 8.176699 5.459 0 1 0
 1092 4768.860 3633.169 1 21 3.510 0.779 2.826174 3.510 0 1 0
 1093 4712.895 3586.174 1 21 107.643 16.769 394.256704 107.643 0 1 0
 1094 4748.385 3633.169 1 21 1.560 0.779 1.321824 1.560 0 1 0
 1095 4744.680 3633.169 1 21 1.170 0.779 1.114842 1.170 0 1 0
 1096 4735.125 4087.520 1 21 7.020 2.339 5.634454 7.020 0 1 0
 1097 4731.615 3633.169 1 21 3.120 0.779 1.741754 3.120 0 1 0
 1098 4723.035 3632.974 1 21 3.900 1.169 3.573578 3.900 0 1 0
 1099 4713.285 3633.169 1 21 0.780 0.779 1.068912 0.780 0 1 0
 1100 4709.775 3633.169 1 21 0.780 0.779 1.157789 0.780 0 1 0
 1101 4701.390 3633.169 1 21 0.390 0.779 0.867894 0.779 0 1 0
 1102 4622.610 3588.124 1 21 6.630 4.289 5.482349 6.630 0 1 0
 1103 4535.640 4053.005 1 21 62.792 105.689 698.771328 105.689 0 1 0
 1104 4350.389 4061.390 1 21 1.170 1.559 1.932034 1.559 0 1 0
 1105 4349.609 4082.840 1 21 1.170 12.479 7.581997 12.479 0 1 0
 1106 4167.479 4103.510 1 21 0.390 0.779 0.972877 0.779 0 1 0
 1107 4151.879 4096.685 1 21 1.170 16.769 6.996840 16.769 0 1 0
 1108 3965.068 4102.730 1 21 5.850 6.239 26.911290 6.239 0 1 0
 1109 3965.263 4087.520 1 21 5.460 14.039 36.048936 14.039 0 1 0
 1110 3342.627 3772.400 1 21 52.651 113.879 1274.945920 113.879 0 1 0
 1111 3342.237 4016.345 1 21 51.871 5.069 31.333674 51.871 0 1 0
 1112 3357.252 3957.650 1 21 1.560 3.119 3.815753 3.119 0 1 0
 1113 3335.802 4003.865 1 21 1.560 1.169 2.143789 1.560 0 1 0
 1114 3320.787 3950.045 1 21 1.170 1.169 1.639157 1.170 0 1 0
 1115 3239.082 3499.399 1 21 2.340 0.779 1.079052 2.340 0 1 0
 1116 3223.872 3499.399 1 21 2.340 0.779 1.254421 2.340 0 1 0
 1117 3129.491 4018.685 1 21 79.562 174.329 657.550848 174.329 0 1 0
 1118 3101.996 3886.475 1 21 6.630 8.969 35.960056 8.969 0 1 0
 1119 2969.006 3955.115 1 21 1.170 2.729 3.471578 2.729 0 1 0
 1120 2922.791 3856.445 1 21 93.603 24.569 399.428288 93.603 0 1 0
 1121 2968.226 3966.425 1 21 1.950 1.949 3.268771 1.950 0 1 0
 1122 2920.451 4097.465 1 21 1.560 15.989 17.492098 15.989 0 1 0
 1123 2790.385 3384.934 1 21 25.350 1.169 11.864207 25.350 0 1 0
 1124 2762.500 3852.350 1 21 1.560 1.559 2.721789 1.560 0 1 0
 1125 2706.730 4077.185 1 21 1.560 22.229 19.317362 22.229 0 1 0
 1126 2651.350 3361.924 1 21 10.920 1.169 6.396173 10.920 0 1 0
 1127 2546.635 4080.110 1 21 1.170 22.619 22.663676 22.619 0 1 0
 1128 2517.580 4016.345 1 21 54.601 5.069 52.172088 54.601 0 1 0
 1129 2354.559 4017.905 1 21 31.981 1.949 33.463146 31.981 0 1 0
 1130 2341.299 3959.405 1 21 1.560 2.729 2.675262 2.729 0 1 0
 1131 2328.624 4091.420 1 21 1.170 1.559 1.595613 1.559 0 1 0
 1132 2203.434 3539.374 1 21 0.390 0.389 0.495684 0.390 0 1 0
 1133 2168.334 4094.150 1 21 1.170 2.339 2.153929 2.339 0 1 0
 1134 2123.289 3977.150 1 21 6.240 8.579 10.115295 8.579 0 1 0
 1135 2123.874 4095.320 1 21 1.170 1.559 1.515087 1.559 0 1 0
 1136 2119.194 4073.285 1 21 0.390 0.389 0.708631 0.390 0 1 0
 1137 2114.904 4093.370 1 21 1.170 4.679 2.822596 4.679 0 1 0
 1138 1958.903 3958.430 1 21 24.570 38.219 141.457840 38.219 0 1 0
 1139 1932.773 4098.440 1 21 1.170 3.899 3.794279 3.899 0 1 0
 1140 1913.078 3864.440 1 21 0.780 2.339 2.260701 2.339 0 1 0
 1141 1883.633 3926.255 1 21 1.950 1.949 3.836034 1.950 0 1 0
 1142 1879.343 4098.830 1 21 1.170 6.239 3.779964 6.239 0 1 0
 1143 1864.523 3997.040 1 21 0.390 0.779 0.858351 0.779 0 1 0
 1144 1824.548 4098.635 1 21 3.900 7.409 6.934805 7.409 0 1 0
 1145 1751.813 3841.235 1 21 1.170 1.949 2.438455 1.949 0 1 0
 1146 1665.623 4103.315 1 21 1.170 2.729 2.484982 2.729 0 1 0
 1147 1612.387 4103.705 1 21 1.560 3.509 2.341227 3.509 0 1 0
 1148 1559.152 4104.095 1 21 1.170 1.949 1.856280 1.949 0 1 0
 1149 1543.942 3866.780 1 21 4.290 8.579 13.562416 8.579 0 1 0
 1150 1510.012 4077.380 1 21 1.170 10.139 6.854278 10.139 0 1 0
 1151 1510.012 4065.485 1 21 1.170 3.509 2.749824 3.509 0 1 0
 1152 1510.207 4058.075 1 21 0.780 0.389 0.750982 0.780 0 1 0
 1153 1456.387 4052.225 1 21 0.780 0.389 0.734877 0.780 0 1 0
 1154 1456.387 4046.180 1 21 0.780 0.779 1.185228 0.780 0 1 0
 1155 1361.812 4024.145 1 21 20.670 5.849 20.990518 20.670 0 1 0
 1156 1349.722 4099.220 1 21 1.170 13.259 10.647365 13.259 0 1 0
 1157 1260.021 4020.830 1 21 176.676 12.479 311.663584 176.676 0 1 0
 1158 1344.457 3997.625 1 21 1.560 4.289 2.833929 4.289 0 1 0
 1159 1243.251 4043.255 1 21 1.170 0.389 1.150035 1.170 0 1 0
 1160 1189.821 4105.069 1 21 1.170 1.559 2.342420 1.559 0 1 0
 1161 1189.626 4098.245 1 21 0.780 7.409 6.655050 7.409 0 1 0
 1162 1189.431 4049.300 1 21 1.170 0.779 1.345087 1.170 0 1 0
 1163 1189.431 4061.390 1 21 0.390 0.779 0.993158 0.779 0 1 0
 1164 1189.236 4043.255 1 21 0.780 0.389 1.017614 0.780 0 1 0
 1165 1003.791 4049.885 1 21 36.271 111.929 943.356544 111.929 0 1 0
 1166 902.781 4034.480 1 21 140.014 142.739 1408.494208 142.739 0 1 0
 1167 819.320 4074.065 1 21 12.090 12.869 20.229994 12.869 0 1 0
 1168 813.080 4094.150 1 21 17.550 23.399 46.696300 23.399 0 1 0
 1169 573.035 4073.090 1 21 400.153 35.099 6.717085 400.153 0 1 0
 1170 715.970 4100.779 1 21 0.390 0.779 0.697298 0.779 0 1 0
 1171 676.190 4037.405 1 21 15.990 8.969 16.275258 15.990 0 1 0
 1172 642.650 4040.135 1 21 26.130 14.429 52.324192 26.130 0 1 0
 1173 644.015 4018.880 1 21 4.680 6.239 6.049016 6.239 0 1 0
 1174 640.895 4011.860 1 21 1.560 3.119 2.459333 3.119 0 1 0
 1175 631.730 3974.225 1 21 3.510 5.069 2.923403 5.069 0 1 0
 1176 565.430 4032.920 1 21 0.390 2.339 0.932912 2.339 0 1 0
 1177 539.495 4099.805 1 21 0.780 2.729 2.762350 2.729 0 1 0
 1178 533.840 4104.290 1 21 6.630 0.779 5.293858 6.630 0 1 0
 1179 473.389 3932.885 1 21 1.950 3.509 4.950279 3.509 0 1 0
 1180 470.074 3938.345 1 21 0.780 1.169 1.674350 1.169 0 1 0
 1181 455.839 4100.585 1 21 0.390 1.169 0.938877 1.169 0 1 0
 1182 385.249 3930.350 1 21 1.950 1.559 0.969894 1.950 0 1 0
 1183 245.629 4053.980 1 21 8.189 6.239 10.392663 8.189 0 1 0
 1184 240.559 3977.345 1 21 0.390 0.389 0.471824 0.390 0 1 0
 1185 238.609 4104.875 1 21 1.170 1.169 1.454842 1.170 0 1 0
 1186 236.464 4064.315 1 21 3.900 0.389 2.366876 3.900 0 1 0
 1187 236.074 4052.225 1 21 3.120 0.389 2.005403 3.120 0 1 0
 1188 234.319 4090.055 1 21 1.170 0.389 1.002701 1.170 0 1 0
 1189 233.734 4084.400 1 21 2.340 1.559 1.490631 2.340 0 1 0
 1190 231.784 4099.024 1 21 2.340 1.169 2.071613 2.340 0 1 0
 1191 229.444 3995.090 1 21 1.560 0.779 1.504947 1.560 0 1 0
 1192 221.449 4087.130 1 21 16.770 7.019 10.038944 16.770 0 1 0
 1193 228.664 4101.950 1 21 1.560 0.779 1.491824 1.560 0 1 0
 1194 226.909 3986.120 1 21 0.390 0.779 0.626912 0.779 0 1 0
 1195 224.764 4105.460 1 21 0.780 0.779 0.849403 0.780 0 1 0
 1196 223.399 3989.240 1 21 1.950 0.779 1.818701 1.950 0 1 0
 1197 223.399 4101.755 1 21 1.170 0.389 1.167333 1.170 0 1 0
 1198 221.644 4096.100 1 21 0.780 1.559 1.552666 1.559 0 1 0
 1199 219.304 4105.069 1 21 1.560 1.559 1.858070 1.560 0 1 0
 1200 218.914 4099.220 1 21 2.340 0.779 1.911157 2.340 0 1 0
 1201 217.549 3983.000 1 21 1.170 0.779 1.262772 1.170 0 1 0
 1202 217.159 3989.240 1 21 1.170 0.779 1.441719 1.170 0 1 0
 1203 212.284 4102.340 1 21 6.240 7.019 5.856945 7.019 0 1 0
 1204 212.284 4093.175 1 21 1.560 1.169 1.097543 1.560 0 1 0
 1205 209.554 4096.490 1 21 0.780 0.779 0.893544 0.780 0 1 0
 1206 207.214 4010.105 1 21 0.780 1.169 0.938877 1.169 0 1 0
 1207 206.824 4098.635 1 21 0.780 1.169 1.108280 1.169 0 1 0
 1208 206.824 4092.785 1 21 0.780 1.949 1.782912 1.949 0 1 0
 1209 205.459 3989.240 1 21 1.170 0.779 1.285438 1.170 0 1 0
 1210 204.484 4101.950 1 21 2.340 1.559 2.500490 2.340 0 1 0
 1211 204.094 4096.295 1 21 0.780 1.169 1.228175 1.169 0 1 0
 1212 200.779 4105.069 1 21 1.170 1.559 1.595613 1.559 0 1 0
 1213 198.829 4088.495 1 21 5.070 4.289 4.263121 5.070 0 1 0
 1214 199.804 4099.024 1 21 2.340 1.169 1.892070 2.340 0 1 0
 1215 199.219 3989.240 1 21 1.170 0.779 1.520456 1.170 0 1 0
 1216 194.929 4104.875 1 21 1.170 1.169 1.719087 1.170 0 1 0
 1217 194.149 4099.024 1 21 1.950 1.169 2.038210 1.950 0 1 0
 1218 193.564 3989.240 1 21 1.560 0.779 1.451859 1.560 0 1 0
 1219 193.369 3983.195 1 21 1.950 0.389 1.200736 1.950 0 1 0
 1220 190.639 4101.755 1 21 0.390 0.389 0.648386 0.390 0 1 0
 1221 190.249 3986.120 1 21 1.170 0.779 0.777824 1.170 0 1 0
 1222 189.079 4098.830 1 21 1.170 0.779 1.074280 1.170 0 1 0
 1223 187.129 3989.240 1 21 1.170 0.779 1.435754 1.170 0 1 0
 1224 185.179 4101.755 1 21 1.950 1.169 2.059087 1.950 0 1 0
 1225 182.254 4105.069 1 21 1.560 1.559 1.976175 1.560 0 1 0
 1226 181.279 3989.045 1 21 1.950 1.169 1.943964 1.950 0 1 0
 1227 168.799 4076.600 1 21 21.450 58.499 6.256594 58.499 0 1 0
 1228 175.039 3989.240 1 21 1.170 0.779 1.291403 1.170 0 1 0
 1229 172.114 3992.165 1 21 1.560 1.169 1.720280 1.560 0 1 0
 1230 169.579 3995.285 1 21 1.170 1.169 1.413087 1.170 0 1 0
 1231 163.144 4039.940 1 21 3.120 3.119 3.243718 3.120 0 1 0
 1232 162.559 4045.010 1 21 1.170 0.779 1.558035 1.170 0 1 0
 1233 158.659 4040.915 1 21 0.390 3.509 2.226105 3.509 0 1 0
 1234 4806.885 3891.350 2 21 5.460 1.559 4.658595 5.460 0 1 0
 1235 4754.820 3847.280 2 21 109.593 28.079 394.104608 109.593 0 1 0
 1236 4754.820 3746.075 2 21 109.593 160.289 1846.557312 160.289 0 1 0
 1237 4808.640 3660.470 2 21 1.950 0.779 1.618280 1.950 0 1 0
 1238 4806.495 3647.404 2 21 6.240 2.729 6.295963 6.240 0 1 0
 1239 4805.520 3639.409 2 21 8.189 7.019 15.091223 8.189 0 1 0
 1240 4807.080 3630.439 2 21 5.070 3.899 8.080067 5.070 0 1 0
 1241 4807.470 3618.739 2 21 4.290 7.799 15.648942 7.799 0 1 0
 1242 4808.445 3606.259 2 21 2.340 9.359 9.033260 9.359 0 1 0
 1243 4787.775 3592.414 2 21 43.681 5.069 135.525744 43.681 0 1 0
 1244 4787.775 3585.589 2 21 43.681 3.899 75.900504 43.681 0 1 0
 1245 4803.375 3663.395 2 21 11.700 1.169 5.667261 11.700 0 1 0
 1246 4801.425 3532.549 2 21 14.820 1.559 12.472627 14.820 0 1 0
 1247 4806.690 3574.474 2 21 2.730 3.509 6.983120 3.509 0 1 0
 1248 4803.375 3983.585 2 21 8.580 1.169 7.346980 8.580 0 1 0
 1249 4806.300 3828.560 2 21 1.950 0.779 1.346877 1.950 0 1 0
 1250 4805.325 3565.114 2 21 3.120 5.069 10.029400 5.069 0 1 0
 1251 4805.910 3994.700 2 21 1.170 1.559 2.121719 1.559 0 1 0
 1252 4805.130 3926.645 2 21 1.950 2.729 2.224315 2.729 0 1 0
 1253 4805.520 3912.020 2 21 1.170 0.779 0.513579 1.170 0 1 0
 1254 4805.325 3907.145 2 21 0.780 0.389 0.827333 0.780 0 1 0
 1255 4802.595 3876.725 2 21 6.240 1.169 2.900139 6.240 0 1 0
 1256 4799.280 3659.885 2 21 12.870 1.949 1.825263 12.870 0 1 0
 1257 4799.670 3891.350 2 21 3.510 1.559 4.038841 3.510 0 1 0
 1258 4800.645 3927.620 2 21 0.780 0.779 0.712210 0.780 0 1 0
 1259 4800.255 3907.145 2 21 1.560 0.389 0.684772 1.560 0 1 0
 1260 4799.865 3994.700 2 21 1.560 1.559 2.313789 1.560 0 1 0
 1261 4795.575 3828.755 2 21 10.140 1.169 6.433752 10.140 0 1 0
 1262 4759.500 3957.845 2 21 78.392 9.749 118.489960 78.392 0 1 0
 1263 4794.990 3994.700 2 21 3.510 1.559 3.158420 3.510 0 1 0
 1264 4794.795 3983.585 2 21 3.900 1.169 3.691683 3.900 0 1 0
 1265 4791.285 3603.529 2 21 10.140 2.339 12.237610 10.140 0 1 0
 1266 4794.405 3891.350 2 21 3.120 1.559 3.684525 3.120 0 1 0
 1267 4792.845 3663.395 2 21 5.460 0.389 2.345403 5.460 0 1 0
 1268 4793.625 3933.665 2 21 0.780 1.949 1.435754 1.949 0 1 0
 1269 4793.430 3926.645 2 21 1.170 2.729 2.063859 2.729 0 1 0
 1270 4793.625 3912.020 2 21 0.780 0.779 0.813017 0.780 0 1 0
 1271 4793.625 3907.145 2 21 0.780 0.389 0.750386 0.780 0 1 0
 1272 4793.625 3876.530 2 21 0.780 1.559 1.201929 1.559 0 1 0
 1273 4789.920 3388.054 2 21 2.730 4.289 7.482383 4.289 0 1 0
 1274 4788.945 3983.585 2 21 3.900 1.169 3.815157 3.900 0 1 0
 1275 4789.920 3876.725 2 21 1.950 1.169 1.404140 1.950 0 1 0
 1276 4787.385 3635.314 2 21 6.240 14.429 11.559996 14.429 0 1 0
 1277 4789.140 3927.620 2 21 1.170 0.779 0.963930 1.170 0 1 0
 1278 4785.435 3891.545 2 21 8.580 1.949 8.008489 8.580 0 1 0
 1279 4785.435 3663.395 2 21 5.460 0.389 2.243999 5.460 0 1 0
 1280 4787.775 3660.665 2 21 0.780 0.389 0.694912 0.780 0 1 0
 1281 4786.215 3828.365 2 21 2.340 0.389 1.568175 2.340 0 1 0
 1282 4782.900 3622.054 2 21 5.070 3.509 4.854840 5.070 0 1 0
 1283 4784.265 3571.939 2 21 1.560 1.559 2.193894 1.560 0 1 0
 1284 4782.900 3983.585 2 21 3.510 1.169 3.914174 3.510 0 1 0
 1285 4781.730 3934.250 2 21 1.170 3.119 1.899824 3.119 0 1 0
 1286 4781.925 3927.620 2 21 0.780 1.559 1.135122 1.559 0 1 0
 1287 4781.925 3912.020 2 21 0.780 0.779 1.009263 0.780 0 1 0
 1288 4781.730 3907.340 2 21 1.170 0.779 0.839859 1.170 0 1 0
 1289 4781.925 3876.530 2 21 0.780 1.559 1.370140 1.559 0 1 0
 1290 4781.730 3922.355 2 21 0.390 0.389 0.499859 0.390 0 1 0
 1291 4777.050 3828.755 2 21 7.410 1.169 4.316209 7.410 0 1 0
 1292 4777.050 3983.585 2 21 3.510 1.169 3.685122 3.510 0 1 0
 1293 4778.025 3912.020 2 21 1.560 0.779 1.268736 1.560 0 1 0
 1294 4778.025 3876.725 2 21 1.560 1.169 1.293193 1.560 0 1 0
 1295 4777.635 3927.620 2 21 0.780 0.779 0.788561 0.780 0 1 0
 1296 4776.270 3891.350 2 21 3.510 1.559 3.872420 3.510 0 1 0
 1297 4776.075 3994.700 2 21 1.560 1.559 2.006596 1.560 0 1 0
 1298 4772.955 3663.200 2 21 5.460 0.779 2.246982 5.460 0 1 0
 1299 4773.930 3998.210 2 21 2.730 1.559 3.916560 2.730 0 1 0
 1300 4770.030 3569.404 2 21 2.730 3.509 4.167086 3.509 0 1 0
 1301 4728.300 3605.284 2 21 82.292 6.629 2.943087 82.292 0 1 0
 1302 4768.080 3357.634 2 21 2.730 1.949 1.994666 2.730 0 1 0
 1303 4767.690 3662.810 2 21 1.170 1.559 0.879228 1.559 0 1 0
 1304 4764.960 3994.895 2 21 3.510 1.169 3.782946 3.510 0 1 0
 1305 4764.960 3983.780 2 21 3.510 1.559 3.839613 3.510 0 1 0
 1306 4766.130 3934.250 2 21 1.170 0.779 1.176280 1.170 0 1 0
 1307 4766.325 3927.815 2 21 0.780 1.949 1.473929 1.949 0 1 0
 1308 4765.935 3912.020 2 21 1.560 0.779 1.403543 1.560 0 1 0
 1309 4766.325 3907.145 2 21 0.780 0.389 0.748000 0.780 0 1 0
 1310 4762.230 3891.545 2 21 8.970 1.949 8.281681 8.970 0 1 0
 1311 4766.325 3876.335 2 21 0.780 1.169 0.787368 1.169 0 1 0
 1312 4762.620 3966.035 2 21 3.510 2.729 5.816384 3.510 0 1 0
 1313 4763.790 3573.109 2 21 1.170 3.119 2.989613 3.119 0 1 0
 1314 4761.255 3564.139 2 21 1.560 0.779 1.750701 1.560 0 1 0
 1315 4759.305 3926.840 2 21 3.900 3.119 3.776981 3.900 0 1 0
 1316 4759.305 3983.585 2 21 3.120 1.169 3.216280 3.120 0 1 0
 1317 4759.305 3828.755 2 21 3.120 1.169 2.742666 3.120 0 1 0
 1318 4758.330 3876.725 2 21 1.950 1.949 0.994947 1.950 0 1 0
 1319 4755.990 3907.340 2 21 3.510 0.779 2.192105 3.510 0 1 0
 1320 4756.185 3896.225 2 21 3.120 1.949 1.923684 3.120 0 1 0
 1321 4751.310 3891.545 2 21 8.970 1.949 8.051436 8.970 0 1 0
 1322 4754.235 3828.755 2 21 3.120 1.169 2.646631 3.120 0 1 0
 1323 4754.625 3933.665 2 21 1.560 1.949 1.822877 1.949 0 1 0
 1324 4754.625 3926.840 2 21 1.560 3.119 2.442631 3.119 0 1 0
 1325 4753.260 3983.975 2 21 3.510 1.169 2.861367 3.510 0 1 0
 1326 4754.430 3912.020 2 21 1.170 0.779 1.136912 1.170 0 1 0
 1327 4754.625 3876.530 2 21 0.780 1.559 1.405929 1.559 0 1 0
 1328 4753.065 3358.414 2 21 3.900 1.169 3.513332 3.900 0 1 0
 1329 4749.165 3828.560 2 21 2.340 0.779 1.738771 2.340 0 1 0
 1330 4748.385 3994.895 2 21 1.560 1.169 2.284561 1.560 0 1 0
 1331 4745.460 3876.725 2 21 6.630 1.949 3.717332 6.630 0 1 0
 1332 4747.020 3927.815 2 21 2.730 1.169 1.250245 2.730 0 1 0
 1333 4746.825 3358.609 2 21 0.780 0.779 1.036105 0.780 0 1 0
 1334 4744.095 3907.340 2 21 3.120 0.779 2.171227 3.120 0 1 0
 1335 4744.290 3564.139 2 21 1.170 0.779 1.475719 1.170 0 1 0
 1336 4739.610 3891.350 2 21 8.970 1.559 7.741857 8.970 0 1 0
 1337 4742.925 3926.840 2 21 1.560 3.119 2.779052 3.119 0 1 0
 1338 4743.120 3912.215 2 21 1.170 0.389 0.708631 1.170 0 1 0
 1339 4742.535 3983.780 2 21 1.560 0.779 1.507929 1.560 0 1 0
 1340 4741.560 3828.755 2 21 3.510 1.169 3.018841 3.510 0 1 0
 1341 4741.170 3994.895 2 21 3.510 1.169 3.447122 3.510 0 1 0
 1342 4742.535 3922.355 2 21 0.780 0.389 0.714596 0.780 0 1 0
 1343 4738.050 3357.049 2 21 1.170 1.559 2.061473 1.559 0 1 0
 1344 4734.150 3927.035 2 21 8.189 3.509 7.253927 8.189 0 1 0
 1345 4735.320 3828.755 2 21 5.070 1.169 4.072244 5.070 0 1 0
 1346 4736.490 3994.895 2 21 1.170 1.169 1.923087 1.170 0 1 0
 1347 4736.295 3983.780 2 21 1.560 0.779 1.439333 1.560 0 1 0
 1348 4736.490 3907.145 2 21 1.170 0.389 0.777228 1.170 0 1 0
 1349 4735.125 3912.020 2 21 3.120 0.779 1.968420 3.120 0 1 0
 1350 4733.565 3876.530 2 21 6.240 1.559 3.417894 6.240 0 1 0
 1351 4733.565 3358.414 2 21 3.120 1.169 3.063578 3.120 0 1 0
 1352 4729.470 3891.350 2 21 6.630 1.559 5.289682 6.630 0 1 0
 1353 4730.055 3994.895 2 21 2.340 1.169 2.740280 2.340 0 1 0
 1354 4729.275 3828.755 2 21 2.340 0.389 1.320631 2.340 0 1 0
 1355 4727.715 3561.799 2 21 4.680 5.459 4.969963 5.459 0 1 0
 1356 4699.050 3358.609 2 21 1.950 0.779 1.994666 1.950 0 1 0
 1357 4691.250 3531.964 2 21 14.430 2.729 10.799470 14.430 0 1 0
 1358 4693.590 3565.309 2 21 1.170 0.779 1.280070 1.170 0 1 0
 1359 4690.080 3358.609 2 21 8.189 0.779 6.355612 8.189 0 1 0
 1360 4366.964 3996.260 2 21 0.780 0.779 1.253228 0.780 0 1 0
 1361 4367.159 3993.140 2 21 0.390 0.779 0.975859 0.779 0 1 0
 1362 4355.264 3961.355 2 21 24.180 19.109 405.816704 24.180 0 1 0
 1363 4355.264 3944.390 2 21 24.180 10.919 226.940976 24.180 0 1 0
 1364 4365.989 3858.005 2 21 2.730 3.509 3.525858 3.509 0 1 0
 1365 4357.604 3847.865 2 21 19.500 3.509 21.751044 19.500 0 1 0
 1366 4342.394 3733.400 2 21 49.921 159.899 4.764770 159.899 0 1 0
 1367 4356.629 3984.170 2 21 20.670 9.359 93.848920 20.670 0 1 0
 1368 4364.624 3816.860 2 21 3.120 2.339 3.356455 3.120 0 1 0
 1369 4362.479 3840.065 2 21 4.290 3.509 7.818804 4.290 0 1 0
 1370 4362.479 3822.710 2 21 4.290 2.339 5.598068 4.290 0 1 0
 1371 4343.369 3610.939 2 21 40.951 8.579 17.187888 40.951 0 1 0
 1372 4360.919 4017.320 2 21 1.950 2.339 2.386561 2.339 0 1 0
 1373 4352.729 3996.455 2 21 18.330 4.289 13.841574 18.330 0 1 0
 1374 4354.289 3549.319 2 21 5.850 11.699 8.279295 11.699 0 1 0
 1375 4349.414 4030.190 2 21 11.700 14.819 51.411560 14.819 0 1 0
 1376 4352.729 3571.159 2 21 2.730 0.779 2.015543 2.730 0 1 0
 1377 4346.294 3558.289 2 21 4.680 1.559 5.638033 4.680 0 1 0
 1378 4344.344 3630.829 2 21 0.780 0.779 1.307508 0.780 0 1 0
 1379 4339.274 3558.289 2 21 3.900 1.559 5.190665 3.900 0 1 0
 1380 4337.909 3451.039 2 21 1.170 0.779 0.961544 1.170 0 1 0
 1381 4334.009 3562.579 2 21 2.730 0.779 1.797227 2.730 0 1 0
 1382 4330.694 3543.469 2 21 2.340 0.779 1.751894 2.340 0 1 0
 1383 4330.304 3558.094 2 21 2.340 1.169 3.309332 2.340 0 1 0
 1384 4326.209 3451.819 2 21 6.630 2.339 6.341893 6.630 0 1 0
 1385 4323.869 3463.909 2 21 1.170 2.339 3.012876 2.339 0 1 0
 1386 4323.674 3459.619 2 21 1.560 1.559 2.981262 1.560 0 1 0
 1387 4167.283 4094.540 2 21 0.780 9.359 7.166840 9.359 0 1 0
 1388 4167.283 4083.425 2 21 0.780 2.729 1.867613 2.729 0 1 0
 1389 4167.283 3899.930 2 21 0.780 0.779 0.988982 0.780 0 1 0
 1390 4166.894 3846.890 2 21 1.560 0.779 1.850315 1.560 0 1 0
 1391 4162.408 3698.690 2 21 10.530 24.179 215.533088 24.179 0 1 0
 1392 4167.283 3677.240 2 21 0.780 2.339 2.452175 2.339 0 1 0
 1393 4167.283 3673.340 2 21 0.780 0.779 1.158982 0.780 0 1 0
 1394 4166.894 3569.209 2 21 1.560 0.779 1.169122 1.560 0 1 0
 1395 4164.163 3390.394 2 21 7.020 6.629 9.972137 7.020 0 1 0
 1396 4166.504 3373.819 2 21 2.340 0.779 2.525543 2.340 0 1 0
 1397 4166.504 3508.564 2 21 0.780 1.169 0.950210 1.169 0 1 0
 1398 4165.139 3513.049 2 21 1.170 3.899 5.134595 3.899 0 1 0
 1399 4164.749 3381.034 2 21 1.950 0.389 1.805578 1.950 0 1 0
 1400 4164.359 3831.680 2 21 1.170 5.459 4.758805 5.459 0 1 0
 1401 4162.604 3566.479 2 21 2.340 0.779 1.467964 2.340 0 1 0
 1402 4159.679 3373.624 2 21 0.390 0.389 0.756947 0.390 0 1 0
 1403 4157.924 3480.289 2 21 2.340 3.899 2.290526 3.899 0 1 0
 1404 4156.364 4103.705 2 21 0.780 3.509 2.708666 3.509 0 1 0
 1405 4155.974 4008.155 2 21 1.560 4.289 3.067753 4.289 0 1 0
 1406 4156.169 3844.550 2 21 1.170 2.339 2.486771 2.339 0 1 0
 1407 4156.169 3834.410 2 21 1.170 1.559 1.781122 1.559 0 1 0
 1408 4156.364 3827.390 2 21 0.780 3.899 3.457858 3.899 0 1 0
 1409 4156.364 3822.125 2 21 0.780 1.949 1.946350 1.949 0 1 0
 1410 4156.364 3673.145 2 21 0.780 0.389 1.023579 0.780 0 1 0
 1411 4155.779 3433.489 2 21 1.170 0.779 1.449473 1.170 0 1 0
 1412 4155.584 3663.395 2 21 0.780 0.389 0.958561 0.780 0 1 0
 1413 4154.609 3816.470 2 21 1.950 0.779 1.948140 1.950 0 1 0
 1414 4152.658 3399.364 2 21 5.850 1.169 4.666349 5.850 0 1 0
 1415 4152.269 3845.330 2 21 1.170 0.779 1.060561 1.170 0 1 0
 1416 4151.879 3673.145 2 21 1.170 1.169 1.530596 1.170 0 1 0
 1417 4150.319 3433.684 2 21 1.950 1.169 2.492140 1.950 0 1 0
 1418 4147.199 3381.619 2 21 4.290 1.559 4.208841 4.290 0 1 0
 1419 4147.004 3558.094 2 21 3.120 1.169 3.823507 3.120 0 1 0
 1420 4147.394 4009.325 2 21 1.560 1.949 1.265157 1.949 0 1 0
 1421 4146.809 3844.355 2 21 1.950 2.729 1.341508 2.729 0 1 0
 1422 4142.908 3496.669 2 21 8.970 3.899 8.433190 8.970 0 1 0
 1423 4146.809 3999.185 2 21 0.390 0.389 0.487930 0.390 0 1 0
 1424 4146.029 3502.714 2 21 1.170 1.169 1.994666 1.170 0 1 0
 1425 4141.544 3354.319 2 21 7.020 8.579 10.086663 8.579 0 1 0
 1426 4141.934 3367.579 2 21 3.900 0.779 2.786806 3.900 0 1 0
 1427 4142.714 3482.044 2 21 0.780 1.949 2.241613 1.949 0 1 0
 1428 4139.594 3370.699 2 21 5.460 1.559 7.040980 5.460 0 1 0
 1429 4139.009 3629.074 2 21 1.950 1.949 2.413999 1.950 0 1 0
 1430 4136.669 3666.320 2 21 2.730 1.559 1.808561 2.730 0 1 0
 1431 4135.694 3456.304 2 21 1.560 1.169 0.935298 1.560 0 1 0
 1432 4135.889 3512.464 2 21 0.390 1.169 1.290807 1.169 0 1 0
 1433 4132.379 3371.284 2 21 2.730 1.169 2.907297 2.730 0 1 0
 1434 4129.649 3622.054 2 21 1.950 1.949 2.716420 1.950 0 1 0
 1435 4130.234 3351.979 2 21 0.780 0.779 0.999719 0.780 0 1 0
 1436 4126.919 3602.164 2 21 0.390 0.389 0.802877 0.390 0 1 0
 1437 4105.663 3372.259 2 21 40.561 2.339 45.327352 40.561 0 1 0
 1438 4124.578 3569.209 2 21 0.390 0.779 0.570842 0.779 0 1 0
 1439 4120.288 3566.674 2 21 1.950 0.389 1.210280 1.950 0 1 0
 1440 4120.288 3636.289 2 21 1.170 0.779 1.160175 1.170 0 1 0
 1441 4113.464 3470.929 2 21 4.680 0.779 4.590595 4.680 0 1 0
 1442 4112.879 3433.489 2 21 5.850 0.779 4.714665 5.850 0 1 0
 1443 4115.024 3482.239 2 21 0.780 2.339 1.935613 2.339 0 1 0
 1444 4113.854 3451.819 2 21 2.340 0.779 2.380596 2.340 0 1 0
 1445 4113.269 3330.724 2 21 3.510 0.389 2.696139 3.510 0 1 0
 1446 4111.319 3625.369 2 21 1.170 0.779 1.590842 1.170 0 1 0
 1447 4106.639 3431.929 2 21 2.730 7.799 7.900524 7.799 0 1 0
 1448 4106.054 3442.459 2 21 1.560 1.559 2.076385 1.560 0 1 0
 1449 4106.054 3476.779 2 21 0.780 3.119 2.947859 3.119 0 1 0
 1450 4105.663 3330.529 2 21 0.780 0.779 1.176877 0.780 0 1 0
 1451 4105.078 3352.174 2 21 0.390 0.389 0.622140 0.390 0 1 0
 1452 4102.934 3330.724 2 21 0.780 0.389 0.897123 0.780 0 1 0
 1453 4100.399 3633.364 2 21 1.950 1.949 3.379718 1.950 0 1 0
 1454 4100.009 3330.724 2 21 1.170 0.389 0.879228 1.170 0 1 0
 1455 4096.304 3418.669 2 21 2.340 0.779 2.409227 2.340 0 1 0
 1456 4096.499 3356.464 2 21 0.390 5.849 4.405086 5.849 0 1 0
 1457 4093.184 3527.479 2 21 0.780 0.779 0.915614 0.780 0 1 0
 1458 4091.234 3330.529 2 21 1.560 0.779 1.601578 1.560 0 1 0
 1459 4090.259 3418.669 2 21 1.950 0.779 2.260105 1.950 0 1 0
 1460 4084.019 3418.474 2 21 1.170 0.389 1.263368 1.170 0 1 0
 1461 4081.484 3476.779 2 21 0.780 2.339 2.587578 2.339 0 1 0
 1462 4081.289 3461.179 2 21 1.170 0.779 1.076666 1.170 0 1 0
 1463 4081.484 3428.419 2 21 0.780 3.899 3.754315 3.899 0 1 0
 1464 4077.974 3418.669 2 21 1.560 0.779 1.549087 1.560 0 1 0
 1465 4075.439 3340.669 2 21 1.170 1.559 1.885508 1.559 0 1 0
 1466 4075.244 3359.974 2 21 0.780 1.169 1.372526 1.169 0 1 0
 1467 4072.709 3330.529 2 21 1.170 0.779 1.426807 1.170 0 1 0
 1468 4060.034 3418.864 2 21 14.040 1.169 8.365787 14.040 0 1 0
 1469 3962.338 3542.299 2 21 11.310 12.479 24.403044 12.479 0 1 0
 1470 3967.603 3472.294 2 21 0.780 1.169 1.349263 1.169 0 1 0
 1471 3966.628 3349.834 2 21 1.950 0.389 1.689859 1.950 0 1 0
 1472 3954.928 3465.859 2 21 0.390 1.559 1.346280 1.559 0 1 0
 1473 3954.733 3458.449 2 21 0.780 3.119 2.584596 3.119 0 1 0
 1474 3952.588 3537.814 2 21 3.510 3.509 5.302209 3.510 0 1 0
 1475 3941.668 3447.919 2 21 6.630 2.339 6.780314 6.630 0 1 0
 1476 3939.913 3464.494 2 21 0.780 1.949 1.939192 1.949 0 1 0
 1477 3939.913 3458.059 2 21 0.780 3.119 3.048666 3.119 0 1 0
 1478 3932.113 3347.884 2 21 9.360 4.289 9.768734 9.360 0 1 0
 1479 3933.673 3353.149 2 21 0.780 2.339 2.147368 2.339 0 1 0
 1480 3925.093 3464.494 2 21 0.780 3.509 3.128595 3.509 0 1 0
 1481 3925.093 3457.864 2 21 0.780 3.509 3.187052 3.509 0 1 0
 1482 3915.148 3346.324 2 21 16.770 5.069 9.430523 16.770 0 1 0
 1483 3922.558 3445.579 2 21 1.170 0.779 1.605157 1.170 0 1 0
 1484 3764.998 3984.950 2 21 6.630 20.279 53.693140 20.279 0 1 0
 1485 3766.363 3849.230 2 21 3.900 1.559 4.265507 3.900 0 1 0
 1486 3767.728 3831.875 2 21 1.170 5.849 6.677121 5.849 0 1 0
 1487 3767.728 3836.945 2 21 0.390 0.389 0.758140 0.390 0 1 0
 1488 3764.998 3861.905 2 21 1.170 1.169 1.820491 1.170 0 1 0
 1489 3750.568 3398.194 2 21 7.410 1.949 5.809823 7.410 0 1 0
 1490 3750.958 3379.474 2 21 5.850 0.389 3.616525 5.850 0 1 0
 1491 3749.593 3361.144 2 21 6.240 1.949 2.669894 6.240 0 1 0
 1492 3746.083 3339.109 2 21 10.920 13.259 7.301050 13.259 0 1 0
 1493 3747.058 3350.029 2 21 1.170 3.899 3.442350 3.899 0 1 0
 1494 3747.058 3405.214 2 21 0.390 1.169 1.158386 1.169 0 1 0
 1495 3747.058 3401.314 2 21 0.390 0.389 0.756351 0.390 0 1 0
 1496 3743.353 3398.584 2 21 3.120 0.389 1.993473 3.120 0 1 0
 1497 3743.353 3379.474 2 21 2.340 0.389 1.677333 2.340 0 1 0
 1498 3728.143 3372.259 2 21 0.780 2.339 2.123508 2.339 0 1 0
 1499 3724.633 3365.239 2 21 7.800 3.899 6.928243 7.800 0 1 0
 1500 3727.948 3356.854 2 21 1.170 2.729 2.623964 2.729 0 1 0
 1501 3722.098 3428.419 2 21 2.730 0.779 2.425333 2.730 0 1 0
 1502 3701.038 3426.664 2 21 35.491 3.509 50.651036 35.491 0 1 0
 1503 3685.828 3706.685 2 21 1.950 8.189 10.252488 8.189 0 1 0
 1504 3681.928 3487.309 2 21 7.410 9.359 10.498242 9.359 0 1 0
 1505 3677.833 3432.904 2 21 9.360 3.509 9.310032 9.360 0 1 0
 1506 3672.178 3425.494 2 21 18.330 5.849 20.990518 18.330 0 1 0
 1507 3676.078 3655.400 2 21 2.730 6.239 6.890664 6.239 0 1 0
 1508 3674.908 3707.270 2 21 1.170 7.019 7.995366 7.019 0 1 0
 1509 3664.572 3402.094 2 21 7.020 37.049 169.597312 37.049 0 1 0
 1510 3663.987 3708.050 2 21 1.170 5.459 5.695893 5.459 0 1 0
 1511 3558.492 4021.610 2 21 20.280 1.559 26.770516 20.280 0 1 0
 1512 3558.492 4018.295 2 21 20.280 1.169 22.359466 20.280 0 1 0
 1513 3560.052 3994.505 2 21 17.160 1.169 13.841574 17.160 0 1 0
 1514 3565.122 3863.855 2 21 7.020 24.569 108.755224 24.569 0 1 0
 1515 3558.492 3810.620 2 21 20.280 1.559 27.074728 20.280 0 1 0
 1516 3558.492 3807.110 2 21 20.280 1.559 30.573148 20.280 0 1 0
 1517 3563.367 3352.759 2 21 10.530 4.679 8.303155 10.530 0 1 0
 1518 3565.512 3396.829 2 21 0.780 2.339 2.215964 2.339 0 1 0
 1519 3565.512 3384.739 2 21 0.780 1.559 1.472140 1.559 0 1 0
 1520 3565.512 3369.724 2 21 0.780 1.169 1.067719 1.169 0 1 0
 1521 3565.122 4084.205 2 21 0.780 0.389 0.981824 0.780 0 1 0
 1522 3555.957 3910.070 2 21 13.650 8.579 26.314202 13.650 0 1 0
 1523 3559.662 4084.205 2 21 2.340 0.389 1.964841 2.340 0 1 0
 1524 3554.592 3898.760 2 21 12.480 3.119 22.638624 12.480 0 1 0
 1525 3557.517 3515.194 2 21 4.290 1.949 2.931753 4.290 0 1 0
 1526 3557.712 3372.844 2 21 1.560 0.389 1.616491 1.560 0 1 0
 1527 3555.957 4084.205 2 21 0.390 0.389 0.738456 0.390 0 1 0
 1528 3553.812 3974.420 2 21 4.680 7.019 25.238132 7.019 0 1 0
 1529 3553.617 3990.995 2 21 4.290 1.169 5.590314 4.290 0 1 0
 1530 3552.447 3373.039 2 21 2.730 0.779 2.456350 2.730 0 1 0
 1531 3550.887 3336.379 2 21 3.510 0.779 3.248490 3.510 0 1 0
 1532 3550.497 3354.709 2 21 3.510 0.779 3.135753 3.510 0 1 0
 1533 3550.692 3410.284 2 21 0.780 0.389 0.964526 0.780 0 1 0
 1534 3545.817 3372.454 2 21 6.630 1.949 4.461753 6.630 0 1 0
 1535 3546.207 3417.109 2 21 0.390 0.779 0.852982 0.779 0 1 0
 1536 3546.012 3381.229 2 21 0.780 1.559 0.717579 1.559 0 1 0
 1537 3546.012 3368.164 2 21 0.780 2.729 1.991087 2.729 0 1 0
 1538 3541.917 3359.584 2 21 8.970 10.529 13.164557 10.529 0 1 0
 1539 3546.012 3350.029 2 21 0.780 1.559 1.649298 1.559 0 1 0
 1540 3543.087 3334.819 2 21 6.630 3.899 5.488314 6.630 0 1 0
 1541 3545.817 3403.459 2 21 0.390 0.779 0.777824 0.779 0 1 0
 1542 3545.817 3386.494 2 21 0.390 0.389 0.659123 0.390 0 1 0
 1543 3544.257 3513.634 2 21 1.950 2.729 1.630210 2.729 0 1 0
 1544 3543.282 3391.369 2 21 2.340 0.779 1.353438 2.340 0 1 0
 1545 3540.162 3410.284 2 21 0.780 0.389 0.864315 0.780 0 1 0
 1546 3538.017 3373.039 2 21 1.170 0.779 1.313473 1.170 0 1 0
 1547 3530.412 3373.039 2 21 5.460 0.779 4.381227 5.460 0 1 0
 1548 3526.122 3353.734 2 21 13.260 2.729 8.517892 13.260 0 1 0
 1549 3531.972 3391.174 2 21 0.780 0.389 0.866105 0.780 0 1 0
 1550 3530.802 3410.284 2 21 0.780 0.389 0.997929 0.780 0 1 0
 1551 3526.512 3415.549 2 21 0.780 3.119 2.180175 3.119 0 1 0
 1552 3526.512 3376.939 2 21 0.780 1.559 1.256807 1.559 0 1 0
 1553 3526.512 3367.579 2 21 0.780 5.459 3.598034 5.459 0 1 0
 1554 3526.512 3348.859 2 21 0.780 3.119 2.217754 3.119 0 1 0
 1555 3524.757 3516.949 2 21 1.950 1.559 1.385052 1.950 0 1 0
 1556 3521.637 3373.039 2 21 8.189 0.779 5.673823 8.189 0 1 0
 1557 3522.417 3336.379 2 21 2.730 0.779 2.199262 2.730 0 1 0
 1558 3521.052 3410.284 2 21 0.780 0.389 0.942456 0.780 0 1 0
 1559 3520.662 3668.660 2 21 0.780 0.779 1.242491 0.780 0 1 0
 1560 3517.347 3410.869 2 21 2.730 1.559 2.032841 2.730 0 1 0
 1561 3514.617 3685.235 2 21 0.390 0.389 0.704456 0.390 0 1 0
 1562 3507.012 3352.174 2 21 13.260 5.849 9.430523 13.260 0 1 0
 1563 3512.277 3391.369 2 21 0.390 0.779 0.784982 0.779 0 1 0
 1564 3342.627 4021.805 2 21 52.651 1.949 57.191560 52.651 0 1 0
 1565 3350.622 3864.050 2 21 36.661 0.779 22.055256 36.661 0 1 0
 1566 3367.197 3625.174 2 21 0.390 0.389 0.755754 0.390 0 1 0
 1567 3331.512 3945.170 2 21 2.340 2.339 3.745367 2.340 0 1 0
 1568 3133.196 3699.665 2 21 1.170 1.169 1.457228 1.170 0 1 0
 1569 3132.221 3678.800 2 21 3.120 4.679 4.536314 4.679 0 1 0
 1570 3128.126 3692.645 2 21 1.170 1.169 1.555649 1.170 0 1 0
 1571 2945.606 3872.435 2 21 40.951 1.949 28.291568 40.951 0 1 0
 1572 2958.671 3705.515 2 21 1.560 1.169 1.819298 1.560 0 1 0
 1573 2957.891 3662.420 2 21 1.560 1.559 1.778736 1.560 0 1 0
 1574 2957.696 3685.040 2 21 1.170 1.559 2.023298 1.559 0 1 0
 1575 2955.551 3658.520 2 21 1.560 1.559 2.753999 1.560 0 1 0
 1576 2953.601 3945.560 2 21 3.120 7.019 12.143364 7.019 0 1 0
 1577 2931.176 3956.870 2 21 26.910 8.579 38.026304 26.910 0 1 0
 1578 2942.096 3635.119 2 21 2.730 2.339 4.474279 2.730 0 1 0
 1579 2921.426 3872.435 2 21 2.730 1.949 3.732244 2.730 0 1 0
 1580 2753.335 3968.960 2 21 33.151 2.339 38.786828 33.151 0 1 0
 1581 2753.335 3956.870 2 21 33.151 8.579 88.373128 33.151 0 1 0
 1582 2761.525 3944.390 2 21 16.770 4.679 47.608932 16.770 0 1 0
 1583 2750.605 3910.265 2 21 38.611 8.189 145.868896 38.611 0 1 0
 1584 2731.105 3880.625 2 21 77.612 39.389 871.867072 77.612 0 1 0
 1585 2747.095 3944.390 2 21 8.189 4.679 17.818976 8.189 0 1 0
 1586 2710.240 3454.939 2 21 7.020 7.019 7.086313 7.020 0 1 0
 1587 2563.015 3988.070 2 21 14.430 7.019 33.463146 14.430 0 1 0
 1588 2563.015 3968.570 2 21 14.430 3.119 18.556836 14.430 0 1 0
 1589 2563.990 3944.390 2 21 12.480 4.679 28.144832 12.480 0 1 0
 1590 2529.670 3898.370 2 21 81.122 37.439 1044.506496 81.122 0 1 0
 1591 2538.640 3515.194 2 21 0.780 0.389 0.663895 0.780 0 1 0
 1592 2531.230 3505.444 2 21 15.600 1.949 7.453155 15.600 0 1 0
 1593 2521.285 3474.244 2 21 19.110 11.309 18.404730 19.110 0 1 0
 1594 2523.040 3483.994 2 21 0.780 1.169 1.503754 1.169 0 1 0
 1595 2516.995 3514.999 2 21 1.950 1.559 2.075789 1.950 0 1 0
 1596 2517.385 3487.309 2 21 1.170 1.559 1.418456 1.559 0 1 0
 1597 2323.359 3914.750 2 21 94.383 35.099 1076.752768 94.383 0 1 0
 1598 2370.159 3714.290 2 21 0.780 0.779 1.292000 0.780 0 1 0
 1599 2367.624 3801.650 2 21 1.170 0.779 1.082631 1.170 0 1 0
 1600 2365.089 3835.190 2 21 0.780 0.779 1.098140 0.780 0 1 0
 1601 2363.139 3842.210 2 21 1.560 0.779 1.600982 1.560 0 1 0
 1602 2360.604 3812.960 2 21 1.170 0.779 1.314666 1.170 0 1 0
 1603 2360.604 3796.775 2 21 1.170 1.169 1.535964 1.170 0 1 0
 1604 2360.409 3772.400 2 21 0.780 0.779 1.334947 0.780 0 1 0
 1605 2355.534 3821.150 2 21 1.950 1.559 2.938911 1.950 0 1 0
 1606 2352.804 3789.950 2 21 1.170 0.779 1.515684 1.170 0 1 0
 1607 2350.854 3798.725 2 21 1.170 1.169 1.489438 1.170 0 1 0
 1608 2348.709 3725.015 2 21 0.780 0.389 0.971684 0.780 0 1 0
 1609 2338.179 3674.315 2 21 18.720 72.929 114.687328 72.929 0 1 0
 1610 2341.299 3842.210 2 21 3.900 0.779 3.726279 3.900 0 1 0
 1611 2338.569 3832.070 2 21 0.780 0.779 1.087403 0.780 0 1 0
 1612 2332.914 4087.130 2 21 1.170 37.439 32.246304 37.439 0 1 0
 1613 2147.274 3966.815 2 21 47.191 6.629 75.748392 47.191 0 1 0
 1614 2147.274 3956.675 2 21 47.191 9.749 102.975232 47.191 0 1 0
 1615 2118.414 3931.910 2 21 104.913 35.099 1083.445376 104.913 0 1 0
 1616 2162.484 3797.165 2 21 1.170 1.169 1.833017 1.170 0 1 0
 1617 2161.119 3782.735 2 21 0.780 1.169 1.629613 1.169 0 1 0
 1618 2157.999 3792.095 2 21 2.340 1.949 3.834244 2.340 0 1 0
 1619 2155.269 3826.220 2 21 1.560 1.559 2.477227 1.560 0 1 0
 1620 2143.179 3778.445 2 21 3.900 5.069 6.755857 5.069 0 1 0
 1621 2138.109 3727.550 2 21 1.560 1.559 2.737297 1.560 0 1 0
 1622 2128.164 3454.354 2 21 13.650 5.069 12.016312 13.650 0 1 0
 1623 1967.678 3934.250 2 21 7.020 5.459 22.178730 7.020 0 1 0
 1624 1970.993 3906.170 2 21 0.390 0.779 1.040877 0.779 0 1 0
 1625 1969.238 3902.465 2 21 2.340 1.949 2.976490 2.340 0 1 0
 1626 1969.433 3865.610 2 21 0.390 0.779 0.964526 0.779 0 1 0
 1627 1967.873 3906.755 2 21 0.390 0.389 0.784386 0.390 0 1 0
 1628 1966.118 3822.125 2 21 1.560 1.949 2.945473 1.949 0 1 0
 1629 1962.023 3907.535 2 21 1.170 1.169 1.782315 1.170 0 1 0
 1630 1954.223 3933.860 2 21 15.210 6.239 52.019980 15.210 0 1 0
 1631 1948.958 3634.534 2 21 8.580 1.169 6.134314 8.580 0 1 0
 1632 1950.128 3909.485 2 21 3.900 1.949 3.809192 3.900 0 1 0
 1633 1949.543 3883.550 2 21 0.390 0.779 0.962737 0.779 0 1 0
 1634 1936.673 3934.835 2 21 12.090 5.069 35.792444 12.090 0 1 0
 1635 1928.483 3909.485 2 21 0.390 0.389 0.775438 0.390 0 1 0
 1636 1924.973 3842.405 2 21 1.170 0.389 1.126772 1.170 0 1 0
 1637 1922.438 3825.050 2 21 0.780 0.779 1.113052 0.780 0 1 0
 1638 1920.683 3935.225 2 21 3.510 3.509 7.945260 3.510 0 1 0
 1639 1919.513 3877.310 2 21 0.390 0.779 0.912035 0.779 0 1 0
 1640 1914.443 3819.200 2 21 1.950 1.559 3.269367 1.950 0 1 0
 1641 1910.543 3911.435 2 21 2.730 3.509 3.753718 3.509 0 1 0
 1642 1906.448 3909.680 2 21 1.560 3.899 5.280735 3.899 0 1 0
 1643 1906.643 3903.635 2 21 1.170 1.169 1.506736 1.170 0 1 0
 1644 1906.058 3834.020 2 21 0.780 0.779 1.204912 0.780 0 1 0
 1645 1736.798 4061.780 2 21 69.422 88.139 348.320928 88.139 0 1 0
 1646 1736.798 3987.485 2 21 69.422 23.789 85.483128 69.422 0 1 0
 1647 1725.488 3960.965 2 21 92.043 18.329 440.496704 92.043 0 1 0
 1648 1766.438 3863.075 2 21 0.780 0.389 0.991965 0.780 0 1 0
 1649 1750.448 3949.070 2 21 2.340 0.779 2.552982 2.340 0 1 0
 1650 1747.718 3819.200 2 21 1.560 1.559 3.111297 1.560 0 1 0
 1651 1740.503 3926.255 2 21 1.170 1.169 1.629613 1.170 0 1 0
 1652 1739.138 3948.485 2 21 1.560 1.949 3.243122 1.949 0 1 0
 1653 1733.483 3926.060 2 21 1.950 1.559 3.037332 1.950 0 1 0
 1654 1723.538 3948.875 2 21 10.920 1.169 10.661084 10.920 0 1 0
 1655 1726.073 3857.420 2 21 1.170 0.779 1.466771 1.170 0 1 0
 1656 1725.878 3851.570 2 21 0.780 0.779 1.326000 0.780 0 1 0
 1657 1715.738 3891.740 2 21 0.780 0.779 1.157193 0.780 0 1 0
 1658 1715.738 3855.665 2 21 0.780 0.389 1.037894 0.780 0 1 0
 1659 1713.593 3925.280 2 21 0.390 2.339 2.071017 2.339 0 1 0
 1660 1545.502 3965.450 2 21 52.651 10.919 101.910488 52.651 0 1 0
 1661 1563.442 3895.445 2 21 0.390 0.389 0.732491 0.390 0 1 0
 1662 1554.082 3868.535 2 21 1.170 1.169 1.757859 1.170 0 1 0
 1663 1538.287 3879.260 2 21 0.780 0.779 1.033122 0.780 0 1 0
 1664 1536.922 3836.555 2 21 1.170 1.169 1.733999 1.170 0 1 0
 1665 1521.907 3773.180 2 21 1.560 1.559 2.554175 1.560 0 1 0
 1666 1505.137 3833.045 2 21 20.280 34.709 133.396272 34.709 0 1 0
 1667 1511.962 3975.785 2 21 5.850 5.069 10.628277 5.850 0 1 0
 1668 1512.157 3967.400 2 21 5.460 7.019 21.250588 7.019 0 1 0
 1669 1502.407 3996.260 2 21 14.820 5.459 4.715262 14.820 0 1 0
 1670 1490.707 3976.175 2 21 31.981 23.009 137.503104 31.981 0 1 0
 1671 1501.822 3919.820 2 21 1.170 0.779 1.507929 1.170 0 1 0
 1672 1364.347 3994.505 2 21 15.600 1.169 8.974208 15.600 0 1 0
 1673 1365.517 3988.265 2 21 13.260 7.409 73.010504 13.260 0 1 0
 1674 1368.832 3910.850 2 21 1.170 2.339 2.298876 2.339 0 1 0
 1675 1329.832 3920.015 2 21 1.950 1.169 1.818105 1.950 0 1 0
 1676 1324.762 3953.165 2 21 0.390 0.389 0.662105 0.390 0 1 0
 1677 1310.721 3955.700 2 21 1.170 0.779 1.424421 1.170 0 1 0
 1678 1305.066 3947.900 2 21 0.780 0.779 0.864315 0.780 0 1 0
 1679 1134.051 4049.885 2 21 76.832 111.929 768.739712 111.929 0 1 0
 1680 1166.616 3939.710 2 21 0.780 0.779 1.039087 0.780 0 1 0
 1681 1162.716 3981.440 2 21 1.560 12.479 14.526346 12.479 0 1 0
 1682 1159.401 3938.150 2 21 1.170 1.559 2.328104 1.559 0 1 0
 1683 1158.426 3964.280 2 21 0.780 0.779 0.983017 0.780 0 1 0
 1684 1155.306 3965.450 2 21 0.780 0.779 0.983614 0.780 0 1 0
 1685 1154.721 3944.195 2 21 0.390 0.389 0.644210 0.390 0 1 0
 1686 1136.001 3981.635 2 21 11.310 13.649 32.246304 13.649 0 1 0
 1687 1109.286 3981.245 2 21 1.560 4.289 5.448349 4.289 0 1 0
 1688 1098.561 3987.485 2 21 1.170 2.729 3.348701 2.729 0 1 0
 1689 1098.366 3981.440 2 21 1.560 3.899 4.264314 3.899 0 1 0
 1690 769.595 3989.825 2 21 3.120 1.169 3.734034 3.120 0 1 0
 1691 767.450 3941.465 2 21 1.170 1.169 1.961859 1.170 0 1 0
 1692 752.435 3960.965 2 21 0.780 0.389 0.974666 0.780 0 1 0
 1693 742.880 3968.570 2 21 3.510 1.559 3.470981 3.510 0 1 0
 1694 735.080 3989.240 2 21 7.410 3.899 14.919434 7.410 0 1 0
 1695 733.325 3994.700 2 21 3.120 3.119 7.039787 3.120 0 1 0
 1696 730.400 3979.100 2 21 3.510 5.459 7.575436 5.459 0 1 0
 1697 730.010 3974.030 2 21 1.170 0.779 1.575333 1.170 0 1 0
 1698 565.235 3977.345 2 21 1.560 1.169 1.478701 1.560 0 1 0
 1699 564.845 3574.864 2 21 0.780 0.389 0.977052 0.780 0 1 0
 1700 547.490 3905.975 2 21 5.070 3.509 4.557788 5.070 0 1 0
 1701 542.810 3978.515 2 21 10.530 2.729 13.662627 10.530 0 1 0
 1702 538.325 3998.600 2 21 6.240 10.919 25.565604 10.919 0 1 0
 1703 531.695 4003.280 2 21 2.340 2.339 4.683051 2.340 0 1 0
 1704 531.110 3949.850 2 21 1.170 1.559 2.024491 1.559 0 1 0
 1705 351.709 3974.030 2 21 1.170 0.779 1.318842 1.170 0 1 0
 1706 342.739 3977.345 2 21 0.390 0.389 0.560105 0.390 0 1 0
 1707 328.309 3978.125 2 21 8.189 2.729 8.916944 8.189 0 1 0
 1708 328.894 3973.250 2 21 4.680 2.339 5.805051 4.680 0 1 0
 1709 327.919 4047.155 2 21 1.170 1.169 1.844350 1.170 0 1 0
 1710 324.019 4040.525 2 21 8.970 3.509 15.586907 8.970 0 1 0
 1711 166.459 3992.165 2 21 0.390 0.389 0.595298 0.390 0 1 0
 1712 4791.480 4092.005 3 21 36.271 27.689 256.449392 36.271 0 1 0
 1713 4767.885 4041.890 3 21 83.462 67.859 0.546982 83.462 0 1 0
 1714 4783.290 3994.115 3 21 3.510 2.729 3.601016 3.510 0 1 0
 1715 4746.825 4092.200 3 21 39.781 27.299 150.736272 39.781 0 1 0
 1716 4717.770 3689.915 3 21 97.893 41.729 435.173024 97.893 0 1 0
 1717 4718.355 3589.489 3 21 96.723 10.139 451.600384 96.723 0 1 0
 1718 4760.280 3994.115 3 21 1.950 2.729 2.604876 2.729 0 1 0
 1719 4753.065 3995.285 3 21 3.120 1.949 3.538385 3.120 0 1 0
 1720 4709.970 3631.414 3 21 79.952 40.169 125.486800 79.952 0 1 0
 1721 4684.035 3517.339 3 21 0.780 1.559 0.843438 1.559 0 1 0
 1722 4513.410 3849.620 3 21 107.253 512.459 23.512482 512.459 0 1 0
 1723 4463.489 3570.184 3 21 67.472 11.309 83.505760 67.472 0 1 0
 1724 4477.919 3550.684 3 21 1.950 2.729 1.312877 2.729 0 1 0
 1725 4466.024 3555.364 3 21 23.400 2.729 11.255786 23.400 0 1 0
 1726 4444.574 3533.524 3 21 41.341 11.309 34.527884 41.341 0 1 0
 1727 4453.739 3593.779 3 21 1.170 0.779 1.246666 1.170 0 1 0
 1728 4449.254 3593.779 3 21 3.120 0.779 2.495718 3.120 0 1 0
 1729 4424.684 3555.949 3 21 4.680 1.559 3.281894 4.680 0 1 0
 1730 4426.634 3516.364 3 21 0.780 17.549 6.540524 17.549 0 1 0
 1731 4426.634 3499.204 3 21 0.780 12.869 5.627893 12.869 0 1 0
 1732 4426.634 3470.734 3 21 0.780 4.289 2.122315 4.289 0 1 0
 1733 4426.049 3450.454 3 21 1.950 8.189 4.007823 8.189 0 1 0
 1734 4423.904 3551.854 3 21 3.120 0.389 1.368947 3.120 0 1 0
 1735 4425.074 3548.539 3 21 0.780 0.779 0.845228 0.780 0 1 0
 1736 4362.089 3406.969 3 21 2.730 48.359 43.197880 48.359 0 1 0
 1737 4359.749 4040.330 3 21 0.390 2.339 1.489438 2.339 0 1 0
 1738 4355.459 3488.674 3 21 4.290 26.129 32.550514 26.129 0 1 0
 1739 4353.119 3447.724 3 21 1.170 4.289 4.337683 4.289 0 1 0
 1740 4349.414 4045.790 3 21 1.560 7.019 5.821752 7.019 0 1 0
 1741 4324.259 3431.149 3 21 44.071 7.019 50.042616 44.071 0 1 0
 1742 4337.519 3498.619 3 21 14.430 4.679 22.967886 14.430 0 1 0
 1743 4320.554 3399.949 3 21 7.800 0.779 4.991437 7.800 0 1 0
 1744 4318.409 3450.844 3 21 2.730 0.389 1.086210 2.730 0 1 0
 1745 4306.904 3370.504 3 21 9.360 29.249 33.006830 29.249 0 1 0
 1746 4033.513 3827.390 3 21 268.329 556.919 44.542968 556.919 0 1 0
 1747 3979.498 3539.374 3 21 1.950 6.629 5.383332 6.629 0 1 0
 1748 3922.363 3536.839 3 21 45.241 12.479 77.725760 45.241 0 1 0
 1749 3757.393 4063.340 3 21 21.840 85.019 654.052416 85.019 0 1 0
 1750 3757.393 4016.150 3 21 21.840 5.459 26.162096 21.840 0 1 0
 1751 3732.628 3715.070 3 21 71.372 196.559 1258.670592 196.559 0 1 0
 1752 3715.662 3571.159 3 21 105.303 83.459 1055.458048 105.303 0 1 0
 1753 3753.493 3975.395 3 21 14.040 71.369 174.160464 71.369 0 1 0
 1754 3563.952 3964.670 3 21 9.360 46.799 85.635232 46.799 0 1 0
 1755 3560.247 3839.480 3 21 16.770 20.279 132.027320 20.279 0 1 0
 1756 3560.247 3756.410 3 21 16.770 95.159 0.954386 95.159 0 1 0
 1757 3557.712 3642.529 3 21 21.840 49.139 577.847680 49.139 0 1 0
 1758 3567.462 3612.499 3 21 2.340 1.559 3.261613 2.340 0 1 0
 1759 3538.797 3588.514 3 21 59.672 22.229 381.023552 59.672 0 1 0
 1760 3563.952 3531.574 3 21 9.360 7.409 14.954030 9.360 0 1 0
 1761 3566.877 3501.544 3 21 3.510 3.509 8.816734 3.510 0 1 0
 1762 3538.992 3459.619 3 21 59.282 60.059 198.345200 60.059 0 1 0
 1763 3565.902 3704.735 3 21 0.780 1.949 1.932631 1.949 0 1 0
 1764 3542.892 3556.924 3 21 46.801 6.629 43.502092 46.801 0 1 0
 1765 3537.627 3548.344 3 21 57.331 5.069 64.492608 57.331 0 1 0
 1766 3565.122 3406.384 3 21 2.340 1.169 2.848245 2.340 0 1 0
 1767 3556.347 3610.549 3 21 15.990 4.679 12.776838 15.990 0 1 0
 1768 3536.262 3562.774 3 21 52.261 1.169 17.187888 52.261 0 1 0
 1769 3539.967 3501.544 3 21 36.271 3.509 62.667348 36.271 0 1 0
 1770 3556.347 3524.164 3 21 1.950 1.169 2.318561 1.950 0 1 0
 1771 3530.607 3569.794 3 21 43.291 5.069 16.731573 43.291 0 1 0
 1772 3548.352 3605.479 3 21 6.240 1.559 4.907928 6.240 0 1 0
 1773 3530.412 3529.234 3 21 42.121 12.089 77.877872 42.121 0 1 0
 1774 3546.012 3692.060 3 21 3.120 37.439 60.689980 37.439 0 1 0
 1775 3544.452 3610.744 3 21 3.900 4.289 6.356208 4.289 0 1 0
 1776 3541.332 3625.759 3 21 3.900 8.579 26.534902 8.579 0 1 0
 1777 3541.137 3605.479 3 21 4.290 1.559 3.485894 4.290 0 1 0
 1778 3538.212 3692.060 3 21 7.800 37.439 66.165768 37.439 0 1 0
 1779 3538.212 3610.549 3 21 3.900 4.679 6.063331 4.679 0 1 0
 1780 3521.832 3651.889 3 21 25.740 21.059 92.936288 25.740 0 1 0
 1781 3532.362 3610.744 3 21 3.900 4.289 6.405717 4.289 0 1 0
 1782 3529.437 3605.284 3 21 4.290 1.169 3.422069 4.290 0 1 0
 1783 3526.122 3610.744 3 21 3.900 4.289 6.409296 4.289 0 1 0
 1784 3525.147 3511.684 3 21 3.510 3.509 3.595648 3.510 0 1 0
 1785 3521.637 3605.284 3 21 1.170 1.169 1.747719 1.170 0 1 0
 1786 3350.037 4015.955 3 21 37.831 5.849 42.893672 37.831 0 1 0
 1787 3350.622 3850.985 3 21 36.661 18.329 69.207872 36.661 0 1 0
 1788 3345.942 3770.450 3 21 46.021 120.899 1251.065344 120.899 0 1 0
 1789 3356.277 3651.109 3 21 25.350 19.499 273.333056 25.350 0 1 0
 1790 3356.277 3615.424 3 21 25.350 1.949 30.116832 25.350 0 1 0
 1791 3356.277 3594.949 3 21 25.350 34.319 550.620864 34.319 0 1 0
 1792 3356.472 3566.869 3 21 24.960 10.919 47.304720 24.960 0 1 0
 1793 3356.472 3530.794 3 21 24.960 50.309 213.859920 50.309 0 1 0
 1794 3356.472 3495.109 3 21 24.960 16.379 65.861556 24.960 0 1 0
 1795 3356.472 3479.509 3 21 24.960 7.019 57.952084 24.960 0 1 0
 1796 3356.472 3454.354 3 21 24.960 39.389 108.451016 39.389 0 1 0
 1797 3356.472 3428.029 3 21 24.960 4.679 42.285248 24.960 0 1 0
 1798 3356.472 3399.949 3 21 24.960 15.599 95.217864 24.960 0 1 0
 1799 3358.422 3384.349 3 21 21.060 10.919 25.249464 21.060 0 1 0
 1800 3358.422 3353.734 3 21 21.060 26.129 38.786828 26.129 0 1 0
 1801 3367.392 3337.159 3 21 3.120 3.119 4.995016 3.120 0 1 0
 1802 3367.782 3373.429 3 21 0.780 0.779 0.835087 0.780 0 1 0
 1803 3364.272 3369.139 3 21 3.900 0.779 3.800244 3.900 0 1 0
 1804 3364.272 3421.204 3 21 2.340 0.389 1.552070 2.340 0 1 0
 1805 3344.772 3979.490 3 21 35.881 7.019 12.776838 35.881 0 1 0
 1806 3355.107 3369.139 3 21 9.750 0.779 7.191892 9.750 0 1 0
 1807 3359.007 3421.009 3 21 1.170 0.779 1.179859 1.170 0 1 0
 1808 3351.402 3416.329 3 21 14.820 2.339 10.951575 14.820 0 1 0
 1809 3350.427 3374.014 3 21 2.730 1.949 1.756070 2.730 0 1 0
 1810 3333.072 4064.900 3 21 3.120 81.899 75.444184 81.899 0 1 0
 1811 3136.901 4040.720 3 21 64.742 130.259 769.652352 130.259 0 1 0
 1812 3136.901 3783.710 3 21 64.742 242.579 1094.092800 242.579 0 1 0
 1813 3166.541 3632.779 3 21 5.460 5.459 20.765046 5.460 0 1 0
 1814 3147.626 3617.374 3 21 43.291 5.849 78.790496 43.291 0 1 0
 1815 3147.626 3597.679 3 21 43.291 29.639 915.521280 43.291 0 1 0
 1816 3168.101 3560.434 3 21 2.340 11.309 7.706068 11.309 0 1 0
 1817 3164.201 3513.439 3 21 10.140 10.139 17.783186 10.140 0 1 0
 1818 3168.686 3477.169 3 21 1.170 0.779 1.645719 1.170 0 1 0
 1819 3168.686 3472.684 3 21 1.170 0.389 1.176877 1.170 0 1 0
 1820 3167.711 3412.429 3 21 3.120 10.919 10.382523 10.919 0 1 0
 1821 3166.151 3388.834 3 21 6.240 31.589 12.928943 31.589 0 1 0
 1822 3167.516 3431.734 3 21 2.730 23.789 9.126313 23.789 0 1 0
 1823 3167.516 3451.819 3 21 1.950 1.559 1.496596 1.950 0 1 0
 1824 3167.126 3489.649 3 21 1.950 7.799 6.385436 7.799 0 1 0
 1825 3166.931 3549.904 3 21 1.560 5.849 4.927016 5.849 0 1 0
 1826 3166.736 3469.759 3 21 1.170 1.559 1.837192 1.559 0 1 0
 1827 3166.541 3457.279 3 21 1.560 1.559 1.995262 1.560 0 1 0
 1828 3166.736 3574.084 3 21 0.390 0.389 0.484947 0.390 0 1 0
 1829 3163.811 3476.779 3 21 2.340 1.559 3.254455 2.340 0 1 0
 1830 3163.226 3472.684 3 21 2.730 0.389 2.121719 2.730 0 1 0
 1831 3164.006 3420.424 3 21 0.390 0.389 0.790351 0.390 0 1 0
 1832 3164.006 3408.724 3 21 0.390 0.389 0.785579 0.390 0 1 0
 1833 3161.861 3562.384 3 21 1.560 1.949 1.754280 1.949 0 1 0
 1834 3157.961 3654.035 3 21 8.580 12.869 57.495772 12.869 0 1 0
 1835 3160.691 3542.689 3 21 3.120 5.459 6.094349 5.459 0 1 0
 1836 3160.301 3457.279 3 21 2.340 0.779 2.064455 2.340 0 1 0
 1837 3160.886 3445.579 3 21 1.170 0.779 1.231157 1.170 0 1 0
 1838 3160.106 3487.699 3 21 1.950 0.779 2.357929 1.950 0 1 0
 1839 3160.691 3451.429 3 21 0.780 0.779 1.132736 0.780 0 1 0
 1840 3160.691 3439.534 3 21 0.780 0.389 0.955579 0.780 0 1 0
 1841 3160.886 3427.444 3 21 0.390 0.389 0.758737 0.390 0 1 0
 1842 3159.911 3548.149 3 21 1.560 1.559 2.555368 1.560 0 1 0
 1843 3159.716 3535.864 3 21 1.170 1.949 2.456350 1.949 0 1 0
 1844 3152.501 3394.489 3 21 15.600 52.259 63.732084 52.259 0 1 0
 1845 3159.131 3574.084 3 21 1.560 0.389 0.926947 1.560 0 1 0
 1846 3158.156 3471.319 3 21 3.510 3.899 3.731648 3.899 0 1 0
 1847 3157.376 3453.964 3 21 1.950 1.949 1.200736 1.950 0 1 0
 1848 3152.111 3431.344 3 21 12.480 14.429 11.559996 14.429 0 1 0
 1849 3156.791 3460.594 3 21 0.780 1.169 1.296771 1.169 0 1 0
 1850 3156.791 3448.504 3 21 0.780 0.389 0.975859 0.780 0 1 0
 1851 3156.401 3557.119 3 21 0.780 1.559 1.545508 1.559 0 1 0
 1852 3156.401 3538.984 3 21 0.780 1.169 1.473333 1.169 0 1 0
 1853 3154.256 3574.084 3 21 4.290 0.389 1.345684 4.290 0 1 0
 1854 3149.966 3566.089 3 21 7.410 5.459 8.652699 7.410 0 1 0
 1855 3152.501 3449.869 3 21 2.340 1.559 3.143508 2.340 0 1 0
 1856 3152.306 3507.199 3 21 1.950 1.559 1.994070 1.950 0 1 0
 1857 3152.501 3487.894 3 21 1.560 1.949 2.600104 1.949 0 1 0
 1858 3151.721 3559.459 3 21 1.560 3.119 3.219262 3.119 0 1 0
 1859 3151.136 3522.214 3 21 2.730 1.169 3.016455 2.730 0 1 0
 1860 3151.721 3444.604 3 21 1.560 1.949 3.343332 1.949 0 1 0
 1861 3151.331 3540.154 3 21 1.560 1.169 1.930841 1.560 0 1 0
 1862 3151.526 3483.019 3 21 1.170 1.559 2.404455 1.559 0 1 0
 1863 3149.966 3554.974 3 21 2.730 1.949 3.971437 2.730 0 1 0
 1864 3149.966 3516.169 3 21 2.730 1.559 3.462034 2.730 0 1 0
 1865 3149.966 3497.254 3 21 2.730 2.729 3.957121 2.730 0 1 0
 1866 3150.161 3478.534 3 21 2.340 2.729 3.577157 2.729 0 1 0
 1867 3146.456 3631.219 3 21 7.410 1.559 11.860628 7.410 0 1 0
 1868 3149.381 3574.279 3 21 1.560 0.779 0.903087 1.560 0 1 0
 1869 3148.796 3491.989 3 21 2.730 1.559 4.003051 2.730 0 1 0
 1870 3148.796 3472.879 3 21 2.730 3.119 4.502911 3.119 0 1 0
 1871 3149.381 3459.424 3 21 1.560 1.169 1.980947 1.560 0 1 0
 1872 3148.796 3453.379 3 21 2.730 1.559 3.837823 2.730 0 1 0
 1873 3148.601 3549.709 3 21 2.340 1.559 3.562841 2.340 0 1 0
 1874 3148.991 3510.514 3 21 1.560 1.169 2.393718 1.560 0 1 0
 1875 3148.406 3531.184 3 21 1.950 1.169 2.635297 1.950 0 1 0
 1876 3147.041 3362.704 3 21 4.680 7.409 12.662312 7.409 0 1 0
 1877 3147.041 3345.934 3 21 4.680 22.229 18.861046 22.229 0 1 0
 1878 3148.991 3332.479 3 21 0.780 0.779 1.267543 0.780 0 1 0
 1879 3147.821 3544.444 3 21 2.340 2.729 3.718525 2.729 0 1 0
 1880 3147.626 3525.529 3 21 2.730 1.559 4.334104 2.730 0 1 0
 1881 3147.626 3486.529 3 21 2.730 1.559 3.614736 2.730 0 1 0
 1882 3147.431 3468.199 3 21 3.120 1.559 4.108034 3.120 0 1 0
 1883 3147.821 3448.504 3 21 2.340 2.729 3.875402 2.729 0 1 0
 1884 3147.431 3506.614 3 21 2.340 1.169 2.709262 2.340 0 1 0
 1885 3146.651 3571.159 3 21 0.780 0.779 0.848210 0.780 0 1 0
 1886 3140.411 3526.894 3 21 7.020 72.929 66.469976 72.929 0 1 0
 1887 3142.361 3377.524 3 21 0.780 1.169 1.504350 1.169 0 1 0
 1888 3142.361 3367.384 3 21 0.780 3.509 2.499297 3.509 0 1 0
 1889 3142.361 3354.514 3 21 0.780 0.389 0.953789 0.780 0 1 0
 1890 3142.361 3343.009 3 21 0.780 0.779 1.156000 0.780 0 1 0
 1891 3139.631 3570.769 3 21 2.340 1.559 3.221052 2.340 0 1 0
 1892 3136.316 3655.985 3 21 7.410 8.969 36.140196 8.969 0 1 0
 1893 3138.461 3482.239 3 21 1.560 1.559 2.429508 1.560 0 1 0
 1894 3138.656 3470.734 3 21 1.170 1.169 1.833613 1.170 0 1 0
 1895 3138.656 3459.424 3 21 1.170 1.169 1.753684 1.170 0 1 0
 1896 3138.656 3447.724 3 21 1.170 1.169 1.648701 1.170 0 1 0
 1897 3138.656 3436.219 3 21 1.170 0.779 1.521649 1.170 0 1 0
 1898 3138.656 3424.714 3 21 1.170 1.169 1.614701 1.170 0 1 0
 1899 3138.656 3413.014 3 21 1.170 1.169 1.599192 1.170 0 1 0
 1900 3136.706 3574.084 3 21 1.170 0.389 0.818386 1.170 0 1 0
 1901 2943.656 4063.340 3 21 51.871 85.019 161.992048 85.019 0 1 0
 1902 2943.656 4016.150 3 21 51.871 5.459 60.689980 51.871 0 1 0
 1903 2969.006 4000.160 3 21 1.170 13.259 10.495260 13.259 0 1 0
 1904 2968.421 3987.485 3 21 2.340 1.949 2.002420 2.340 0 1 0
 1905 2964.716 3981.050 3 21 9.750 3.899 8.194594 9.750 0 1 0
 1906 2943.656 3967.205 3 21 51.871 5.849 37.874196 51.871 0 1 0
 1907 2966.276 3954.530 3 21 6.630 5.459 5.723928 6.630 0 1 0
 1908 2942.486 3851.375 3 21 54.211 34.709 476.393536 54.211 0 1 0
 1909 2943.851 3748.415 3 21 51.481 165.749 41.104196 165.749 0 1 0
 1910 2968.421 3619.129 3 21 2.340 2.339 3.801437 2.340 0 1 0
 1911 2948.726 3615.424 3 21 41.731 1.169 47.152616 41.731 0 1 0
 1912 2944.631 3590.074 3 21 49.921 44.849 687.211328 49.921 0 1 0
 1913 2969.201 3541.909 3 21 0.780 0.779 1.225789 0.780 0 1 0
 1914 2944.631 3490.039 3 21 49.921 59.279 295.388320 59.279 0 1 0
 1915 2959.646 3446.944 3 21 19.890 12.869 27.074728 19.890 0 1 0
 1916 2967.056 3332.284 3 21 5.070 4.289 6.926454 5.070 0 1 0
 1917 2967.641 3420.424 3 21 3.120 2.729 2.989613 3.120 0 1 0
 1918 2967.446 3415.354 3 21 3.510 3.509 3.182876 3.510 0 1 0
 1919 2967.446 3378.304 3 21 3.510 2.729 2.634104 3.510 0 1 0
 1920 2966.666 3434.659 3 21 2.730 6.239 5.086875 6.239 0 1 0
 1921 2966.471 3372.649 3 21 1.560 3.119 3.303367 3.119 0 1 0
 1922 2965.301 3565.114 3 21 3.120 1.169 2.846455 3.120 0 1 0
 1923 2965.106 3426.079 3 21 2.730 0.779 2.694946 2.730 0 1 0
 1924 2965.301 3410.284 3 21 2.340 1.949 3.039718 2.340 0 1 0
 1925 2965.886 3391.174 3 21 1.170 4.289 3.718525 4.289 0 1 0
 1926 2965.106 3383.764 3 21 2.730 1.169 3.445929 2.730 0 1 0
 1927 2965.301 3368.164 3 21 2.340 1.949 3.335578 2.340 0 1 0
 1928 2964.911 3404.629 3 21 2.340 2.339 4.835156 2.340 0 1 0
 1929 2964.911 3362.509 3 21 2.340 2.339 4.096700 2.340 0 1 0
 1930 2964.716 3541.129 3 21 0.390 2.339 1.491824 2.339 0 1 0
 1931 2959.451 3565.114 3 21 3.120 1.169 2.853613 3.120 0 1 0
 1932 2960.231 3558.484 3 21 0.780 1.169 0.896526 1.169 0 1 0
 1933 2955.551 3402.874 3 21 10.140 4.289 12.304417 10.140 0 1 0
 1934 2960.036 3385.129 3 21 1.170 3.899 4.355577 3.899 0 1 0
 1935 2956.526 3360.949 3 21 8.189 3.899 11.656031 8.189 0 1 0
 1936 2956.526 3422.374 3 21 7.410 1.949 7.543822 7.410 0 1 0
 1937 2956.916 3379.864 3 21 6.630 2.729 7.769892 6.630 0 1 0
 1938 2952.236 3619.714 3 21 12.870 2.729 29.508410 12.870 0 1 0
 1939 2954.186 3392.149 3 21 8.970 4.679 8.103331 8.970 0 1 0
 1940 2954.576 3367.189 3 21 4.290 3.899 5.481156 4.290 0 1 0
 1941 2955.746 3541.909 3 21 0.390 0.779 0.971684 0.779 0 1 0
 1942 2935.075 3979.490 3 21 39.391 7.019 14.297890 39.391 0 1 0
 1943 2953.211 3565.114 3 21 3.120 1.169 2.984841 3.120 0 1 0
 1944 2953.601 3385.129 3 21 2.340 3.899 5.321296 3.899 0 1 0
 1945 2953.406 3427.249 3 21 1.950 3.899 5.090454 3.899 0 1 0
 1946 2953.406 3409.114 3 21 1.950 3.509 4.297718 3.509 0 1 0
 1947 2947.361 3565.114 3 21 3.120 1.169 2.984841 3.120 0 1 0
 1948 2947.361 3430.369 3 21 1.560 0.779 1.819894 1.560 0 1 0
 1949 2947.361 3424.519 3 21 1.560 0.779 1.857473 1.560 0 1 0
 1950 2946.776 3541.129 3 21 0.390 2.339 1.495999 2.339 0 1 0
 1951 2945.021 3361.534 3 21 2.340 4.289 5.792524 4.289 0 1 0
 1952 2945.606 3354.319 3 21 1.170 1.559 1.823473 1.559 0 1 0
 1953 2944.241 3381.619 3 21 1.560 0.779 1.652280 1.560 0 1 0
 1954 2942.291 3423.739 3 21 2.340 1.559 1.517473 2.340 0 1 0
 1955 2941.316 3565.114 3 21 3.510 1.169 3.059999 3.510 0 1 0
 1956 2942.291 3541.129 3 21 0.780 2.339 1.221614 2.339 0 1 0
 1957 2941.511 3443.044 3 21 2.340 1.169 3.243122 2.340 0 1 0
 1958 2941.121 3436.414 3 21 0.780 0.389 1.016421 0.780 0 1 0
 1959 2941.121 3430.369 3 21 0.780 5.459 3.567613 5.459 0 1 0
 1960 2929.030 3944.390 3 21 21.840 4.679 47.152616 21.840 0 1 0
 1961 2937.806 3541.909 3 21 0.390 0.779 0.969894 0.779 0 1 0
 1962 2935.661 3362.119 3 21 4.680 2.339 6.632980 4.680 0 1 0
 1963 2935.271 3565.114 3 21 3.120 1.169 3.070139 3.120 0 1 0
 1964 2927.860 3437.779 3 21 16.379 10.919 31.029462 16.379 0 1 0
 1965 2934.685 3399.364 3 21 2.730 1.169 2.744455 2.730 0 1 0
 1966 2927.665 3625.174 3 21 15.990 13.649 42.893672 15.990 0 1 0
 1967 2934.490 3419.644 3 21 2.340 1.169 2.709262 2.340 0 1 0
 1968 2926.690 3647.599 3 21 14.040 20.279 38.938932 20.279 0 1 0
 1969 2929.420 3565.114 3 21 3.120 1.169 2.848841 3.120 0 1 0
 1970 2925.130 3425.494 3 21 10.920 8.969 30.991288 10.920 0 1 0
 1971 2925.130 3402.289 3 21 10.920 31.199 92.327864 31.199 0 1 0
 1972 2929.225 3379.084 3 21 2.730 4.289 6.756454 4.289 0 1 0
 1973 2929.225 3368.554 3 21 2.730 7.409 10.454102 7.409 0 1 0
 1974 2929.225 3383.764 3 21 1.950 1.169 2.600104 1.950 0 1 0
 1975 2928.445 3355.879 3 21 3.510 8.579 14.047960 8.579 0 1 0
 1976 2928.835 3541.129 3 21 0.390 2.339 1.498385 2.339 0 1 0
 1977 2753.335 4063.340 3 21 33.151 85.019 145.108368 85.019 0 1 0
 1978 2753.335 4015.955 3 21 33.151 5.849 38.786828 33.151 0 1 0
 1979 2755.675 3991.580 3 21 28.470 31.199 80.919976 31.199 0 1 0
 1980 2753.530 3732.230 3 21 32.761 228.539 1055.001728 228.539 0 1 0
 1981 2737.735 3586.759 3 21 64.352 50.699 706.072384 64.352 0 1 0
 1982 2768.545 3528.454 3 21 2.730 1.949 4.442069 2.730 0 1 0
 1983 2767.570 3505.054 3 21 2.340 7.409 8.028769 7.409 0 1 0
 1984 2767.570 3491.209 3 21 2.340 5.459 6.591822 5.459 0 1 0
 1985 2764.060 3469.174 3 21 9.360 32.369 62.211032 32.369 0 1 0
 1986 2764.450 3439.924 3 21 8.580 20.669 50.651036 20.669 0 1 0
 1987 2767.375 3514.804 3 21 1.950 5.069 5.818770 5.069 0 1 0
 1988 2753.335 3548.344 3 21 19.890 1.949 6.388419 19.890 0 1 0
 1989 2759.965 3528.454 3 21 4.290 1.169 3.345122 4.290 0 1 0
 1990 2760.355 3515.584 3 21 3.510 7.409 16.238872 7.409 0 1 0
 1991 2760.550 3493.939 3 21 3.120 3.899 9.218769 3.899 0 1 0
 1992 2761.330 3525.334 3 21 0.780 1.169 1.080245 1.169 0 1 0
 1993 2760.355 3534.499 3 21 1.950 1.559 1.645719 1.950 0 1 0
 1994 2754.895 3543.664 3 21 9.750 3.509 12.492312 9.750 0 1 0
 1995 2757.235 3555.949 3 21 1.170 0.779 0.851789 1.170 0 1 0
 1996 2757.430 3414.769 3 21 0.780 0.779 0.929333 0.780 0 1 0
 1997 2754.310 3379.669 3 21 0.780 0.779 0.891754 0.780 0 1 0
 1998 2752.945 3413.404 3 21 1.950 0.389 1.290807 1.950 0 1 0
 1999 2752.555 3388.834 3 21 1.170 1.169 1.187614 1.170 0 1 0
 2000 2750.605 3461.569 3 21 1.950 0.779 1.370140 1.950 0 1 0
 2001 2749.825 3474.634 3 21 0.390 1.169 0.916807 1.169 0 1 0
 2002 2748.460 3405.214 3 21 2.340 3.509 2.045368 3.509 0 1 0
 2003 2746.120 3543.469 3 21 3.900 3.119 4.927612 3.900 0 1 0
 2004 2746.315 3464.494 3 21 0.390 0.389 0.549368 0.390 0 1 0
 2005 2745.145 3517.144 3 21 1.170 0.389 0.900701 1.170 0 1 0
 2006 2744.170 3436.219 3 21 1.560 0.779 1.138701 1.560 0 1 0
 2007 2553.655 4063.340 3 21 33.151 85.019 158.949952 85.019 0 1 0
 2008 2553.655 4016.150 3 21 33.151 5.459 38.786828 33.151 0 1 0
 2009 2550.145 3789.365 3 21 40.171 115.049 554.575616 115.049 0 1 0
 2010 2536.299 3675.875 3 21 67.862 107.249 874.300736 107.249 0 1 0
 2011 2536.299 3605.284 3 21 67.862 13.649 227.397296 67.862 0 1 0
 2012 2536.299 3578.569 3 21 67.862 35.879 405.968800 67.862 0 1 0
 2013 2561.845 3544.444 3 21 16.770 5.069 31.333674 16.770 0 1 0
 2014 2570.035 3504.274 3 21 0.390 1.169 0.959754 1.169 0 1 0
 2015 2567.695 3526.114 3 21 4.290 1.949 2.276210 4.290 0 1 0
 2016 2568.085 3514.609 3 21 3.510 1.559 2.347192 3.510 0 1 0
 2017 2569.060 3496.669 3 21 1.560 0.779 1.803192 1.560 0 1 0
 2018 2567.500 3490.819 3 21 4.680 3.899 3.601016 4.680 0 1 0
 2019 2567.695 3483.994 3 21 4.290 1.949 2.735508 4.290 0 1 0
 2020 2567.695 3477.949 3 21 4.290 2.339 3.122034 4.290 0 1 0
 2021 2567.695 3471.904 3 21 4.290 1.949 3.088631 4.290 0 1 0
 2022 2569.255 3466.639 3 21 1.170 0.779 1.684491 1.170 0 1 0
 2023 2567.695 3459.814 3 21 4.290 1.949 3.349894 4.290 0 1 0
 2024 2569.255 3454.549 3 21 1.170 0.779 1.691649 1.170 0 1 0
 2025 2567.500 3441.874 3 21 4.680 2.729 4.328139 4.680 0 1 0
 2026 2567.890 3436.024 3 21 3.900 2.729 4.290560 3.900 0 1 0
 2027 2569.255 3430.564 3 21 1.170 0.389 1.324807 1.170 0 1 0
 2028 2567.890 3424.129 3 21 3.900 3.119 3.864665 3.900 0 1 0
 2029 2566.720 3505.834 3 21 2.340 8.969 10.021646 8.969 0 1 0
 2030 2566.330 3519.484 3 21 1.560 1.169 1.495999 1.560 0 1 0
 2031 2566.330 3465.859 3 21 0.780 0.779 0.934105 0.780 0 1 0
 2032 2566.330 3454.549 3 21 0.780 0.779 0.909052 0.780 0 1 0
 2033 2566.135 3430.369 3 21 1.170 3.119 2.880455 3.119 0 1 0
 2034 2562.625 3462.349 3 21 1.170 1.559 1.305122 1.559 0 1 0
 2035 2559.700 3414.769 3 21 7.020 14.819 8.517892 14.819 0 1 0
 2036 2562.625 3387.469 3 21 1.170 0.779 0.896526 1.170 0 1 0
 2037 2562.625 3381.619 3 21 1.170 0.779 1.007473 1.170 0 1 0
 2038 2559.700 3483.799 3 21 6.240 10.919 5.929121 10.919 0 1 0
 2039 2559.700 3468.004 3 21 6.240 3.509 4.303683 6.240 0 1 0
 2040 2559.505 3440.899 3 21 6.630 9.359 10.044312 9.359 0 1 0
 2041 2559.700 3432.124 3 21 6.240 3.509 5.262840 6.240 0 1 0
 2042 2559.505 3426.079 3 21 6.630 3.899 5.791928 6.630 0 1 0
 2043 2562.625 3384.739 3 21 0.390 0.779 0.541614 0.779 0 1 0
 2044 2561.065 3494.719 3 21 2.730 2.339 1.587263 2.730 0 1 0
 2045 2557.360 3472.489 3 21 1.560 0.779 1.868210 1.560 0 1 0
 2046 2556.190 3459.424 3 21 3.120 1.169 4.343648 3.120 0 1 0
 2047 2555.410 3506.029 3 21 0.780 3.119 1.922491 3.119 0 1 0
 2048 2551.510 3536.254 3 21 7.020 1.169 4.959226 7.020 0 1 0
 2049 2553.655 3435.244 3 21 1.170 0.389 1.002105 1.170 0 1 0
 2050 2553.460 3425.884 3 21 1.560 0.389 1.176280 1.560 0 1 0
 2051 2553.655 3407.554 3 21 1.170 0.389 0.943649 1.170 0 1 0
 2052 2546.245 3991.580 3 21 11.310 31.199 80.463656 31.199 0 1 0
 2053 2549.560 3555.949 3 21 0.780 0.779 0.518351 0.780 0 1 0
 2054 2545.075 3412.624 3 21 8.970 33.149 42.589460 33.149 0 1 0
 2055 2547.805 3469.759 3 21 1.170 0.779 1.473333 1.170 0 1 0
 2056 2547.220 3460.984 3 21 2.340 5.069 9.641084 5.069 0 1 0
 2057 2547.805 3439.534 3 21 1.170 0.389 1.326000 1.170 0 1 0
 2058 2547.805 3433.489 3 21 1.170 0.779 1.574736 1.170 0 1 0
 2059 2543.125 3377.719 3 21 5.850 5.459 10.970066 5.850 0 1 0
 2060 2541.369 3346.714 3 21 1.560 13.649 8.974208 13.649 0 1 0
 2061 2540.979 3366.604 3 21 1.560 12.089 11.381049 12.089 0 1 0
 2062 2537.274 3471.124 3 21 8.189 5.069 8.774383 8.189 0 1 0
 2063 2540.979 3438.169 3 21 0.780 0.779 0.972877 0.780 0 1 0
 2064 2352.024 4059.635 3 21 37.051 92.429 132.635744 92.429 0 1 0
 2065 2352.024 3964.865 3 21 37.051 50.309 426.959328 50.309 0 1 0
 2066 2369.964 3842.990 3 21 1.170 2.339 2.933543 2.339 0 1 0
 2067 2360.019 3659.690 3 21 21.060 37.439 575.566144 37.439 0 1 0
 2068 2361.579 3636.484 3 21 17.940 5.069 52.172088 17.940 0 1 0
 2069 2361.579 3631.219 3 21 17.940 1.559 27.987358 17.940 0 1 0
 2070 2360.994 3618.739 3 21 19.110 0.779 13.993680 19.110 0 1 0
 2071 2350.854 3605.089 3 21 39.391 13.259 130.962584 39.391 0 1 0
 2072 2350.659 3587.344 3 21 39.781 18.329 137.351008 39.781 0 1 0
 2073 2350.659 3556.339 3 21 39.781 29.639 109.059440 39.781 0 1 0
 2074 2358.459 3525.919 3 21 24.180 7.019 47.761036 24.180 0 1 0
 2075 2350.854 3505.444 3 21 39.391 30.029 332.349888 39.391 0 1 0
 2076 2350.854 3480.484 3 21 39.391 13.649 104.039968 39.391 0 1 0
 2077 2369.379 3440.119 3 21 2.340 0.779 2.279789 2.340 0 1 0
 2078 2359.629 3427.834 3 21 21.840 5.849 21.142624 21.840 0 1 0
 2079 2350.854 3415.549 3 21 39.391 7.799 56.126824 39.391 0 1 0
 2080 2353.974 3390.199 3 21 33.151 10.919 71.185240 33.151 0 1 0
 2081 2350.854 3373.039 3 21 39.391 7.019 76.204712 39.391 0 1 0
 2082 2350.854 3357.634 3 21 39.391 11.309 118.794168 39.391 0 1 0
 2083 2350.854 3342.424 3 21 39.391 4.289 35.440516 39.391 0 1 0
 2084 2368.209 3468.199 3 21 3.900 3.899 5.359472 3.900 0 1 0
 2085 2369.769 3457.669 3 21 0.780 1.559 1.717894 1.559 0 1 0
 2086 2368.209 3445.774 3 21 3.120 1.169 3.614139 3.120 0 1 0
 2087 2363.529 3469.369 3 21 0.780 0.779 1.235929 0.780 0 1 0
 2088 2362.164 3457.669 3 21 3.510 1.559 5.613577 3.510 0 1 0
 2089 2361.189 3452.404 3 21 2.340 4.289 5.865893 4.289 0 1 0
 2090 2360.994 3462.349 3 21 1.950 3.119 4.912700 3.119 0 1 0
 2091 2360.214 3329.944 3 21 3.510 5.069 4.334104 5.069 0 1 0
 2092 2353.194 3843.770 3 21 14.430 6.239 19.165258 14.430 0 1 0
 2093 2355.729 3749.585 3 21 9.360 1.949 14.402276 9.360 0 1 0
 2094 2352.219 3457.669 3 21 11.700 9.359 17.427082 11.700 0 1 0
 2095 2356.314 3349.054 3 21 1.950 1.169 2.819017 1.950 0 1 0
 2096 2353.389 3468.589 3 21 3.900 0.779 2.644841 3.900 0 1 0
 2097 2353.389 3440.314 3 21 3.120 1.169 3.809192 3.120 0 1 0
 2098 2353.194 3445.774 3 21 2.730 1.169 2.987824 2.730 0 1 0
 2099 2340.909 3999.575 3 21 26.520 14.429 46.392088 26.520 0 1 0
 2100 2348.904 3836.360 3 21 0.390 1.559 1.469754 1.559 0 1 0
 2101 2333.499 3818.615 3 21 10.920 13.649 38.938932 13.649 0 1 0
 2102 2337.399 3785.660 3 21 3.120 46.799 83.505760 46.799 0 1 0
 2103 2337.009 3731.840 3 21 2.340 43.679 83.809976 43.679 0 1 0
 2104 2331.159 3832.070 3 21 9.360 7.019 20.990518 9.360 0 1 0
 2105 2146.688 4059.635 3 21 48.361 92.429 170.966256 92.429 0 1 0
 2106 2142.398 3991.580 3 21 56.941 31.199 127.920480 56.941 0 1 0
 2107 2167.749 3838.700 3 21 6.240 9.359 11.202101 9.359 0 1 0
 2108 2169.114 3820.370 3 21 3.510 9.359 18.915922 9.359 0 1 0
 2109 2145.908 3638.239 3 21 49.921 1.559 32.550514 49.921 0 1 0
 2110 2161.509 3634.534 3 21 18.720 1.169 21.903150 18.720 0 1 0
 2111 2161.509 3631.219 3 21 18.720 1.559 29.204200 18.720 0 1 0
 2112 2161.509 3618.544 3 21 18.720 1.169 21.903150 18.720 0 1 0
 2113 2161.509 3615.229 3 21 18.720 0.779 14.602100 18.720 0 1 0
 2114 2145.908 3597.679 3 21 49.921 28.859 746.380288 49.921 0 1 0
 2115 2168.334 3579.544 3 21 5.070 1.169 4.198104 5.070 0 1 0
 2116 2169.894 3575.059 3 21 1.950 0.779 1.890280 1.950 0 1 0
 2117 2145.908 3547.564 3 21 49.921 30.809 130.506272 49.921 0 1 0
 2118 2165.604 3517.144 3 21 10.530 1.169 9.750839 10.530 0 1 0
 2119 2146.103 3492.769 3 21 49.531 17.159 50.346824 49.531 0 1 0
 2120 2146.103 3478.924 3 21 49.531 1.169 45.631564 49.531 0 1 0
 2121 2146.103 3434.269 3 21 49.531 21.839 250.821488 49.531 0 1 0
 2122 2169.504 3377.914 3 21 2.730 1.169 3.363016 2.730 0 1 0
 2123 2169.699 3373.039 3 21 2.340 3.899 5.446560 3.899 0 1 0
 2124 2167.554 3366.214 3 21 6.630 5.849 11.871961 6.630 0 1 0
 2125 2169.699 3358.414 3 21 2.340 3.509 4.408665 3.509 0 1 0
 2126 2169.894 3343.009 3 21 1.950 1.559 3.105332 1.950 0 1 0
 2127 2168.919 3812.570 3 21 3.120 1.559 3.898665 3.120 0 1 0
 2128 2163.459 3743.150 3 21 12.480 37.439 109.211544 37.439 0 1 0
 2129 2167.749 3794.240 3 21 3.120 28.859 48.977876 28.859 0 1 0
 2130 2160.339 3670.415 3 21 17.160 58.109 766.001856 58.109 0 1 0
 2131 2167.944 3829.535 3 21 1.170 2.729 1.426210 2.729 0 1 0
 2132 2167.749 3460.594 3 21 0.780 0.389 1.077263 0.780 0 1 0
 2133 2162.289 3772.010 3 21 9.360 3.899 16.071854 9.360 0 1 0
 2134 2164.239 3575.059 3 21 3.120 0.779 2.895964 3.120 0 1 0
 2135 2163.849 3333.649 3 21 0.780 0.779 0.900701 0.780 0 1 0
 2136 2161.899 3579.544 3 21 3.120 0.389 1.798420 3.120 0 1 0
 2137 2159.949 3473.659 3 21 3.120 5.459 4.585227 5.459 0 1 0
 2138 2160.729 3465.274 3 21 0.780 1.169 1.611719 1.169 0 1 0
 2139 2160.729 3460.204 3 21 0.780 5.069 4.239262 5.069 0 1 0
 2140 2156.439 3481.849 3 21 8.580 0.779 6.922278 8.580 0 1 0
 2141 2157.999 3362.509 3 21 4.680 0.779 2.610841 4.680 0 1 0
 2142 2158.194 3575.059 3 21 2.730 0.779 2.627543 2.730 0 1 0
 2143 2158.389 3403.264 3 21 1.560 1.169 2.313192 1.560 0 1 0
 2144 2158.194 3397.414 3 21 1.950 1.169 2.582210 1.950 0 1 0
 2145 2158.194 3410.284 3 21 1.170 0.389 0.885193 1.170 0 1 0
 2146 2152.734 3579.739 3 21 10.530 1.559 10.491084 10.530 0 1 0
 2147 2155.269 3510.319 3 21 1.560 1.559 2.173613 1.560 0 1 0
 2148 2153.514 3410.479 3 21 1.170 0.779 1.076666 1.170 0 1 0
 2149 2152.344 3575.059 3 21 2.730 0.779 2.537473 2.730 0 1 0
 2150 2151.174 3525.724 3 21 4.290 1.169 3.459648 4.290 0 1 0
 2151 2135.378 3840.260 3 21 23.400 12.479 60.081560 23.400 0 1 0
 2152 2140.058 3746.075 3 21 9.360 5.069 28.134692 9.360 0 1 0
 2153 2119.778 3821.345 3 21 10.920 19.109 48.977876 19.109 0 1 0
 2154 2123.678 3796.775 3 21 3.120 24.569 36.657356 24.569 0 1 0
 2155 2123.483 3752.315 3 21 1.950 44.849 61.298400 44.849 0 1 0
 2156 2123.873 3725.795 3 21 1.170 2.729 2.512420 2.729 0 1 0
 2157 1938.428 4061.780 3 21 65.522 88.139 341.324096 88.139 0 1 0
 2158 1938.428 3973.250 3 21 65.522 67.859 644.317696 67.859 0 1 0
 2159 1955.588 3759.920 3 21 31.201 44.459 199.562032 44.459 0 1 0
 2160 1956.758 3702.980 3 21 28.861 64.739 842.358656 64.739 0 1 0
 2161 1964.558 3638.629 3 21 13.260 2.339 15.514732 13.260 0 1 0
 2162 1963.388 3634.729 3 21 15.600 1.559 20.686308 15.600 0 1 0
 2163 1953.443 3624.979 3 21 35.491 14.039 113.774696 35.491 0 1 0
 2164 1960.268 3615.229 3 21 21.840 0.779 12.472627 21.840 0 1 0
 2165 1953.443 3595.339 3 21 35.491 33.539 434.868800 35.491 0 1 0
 2166 1956.758 3557.314 3 21 28.861 38.609 120.619432 38.609 0 1 0
 2167 1956.758 3524.164 3 21 28.861 23.789 117.729432 28.861 0 1 0
 2168 1953.638 3469.954 3 21 35.101 79.169 440.953024 79.169 0 1 0
 2169 1970.213 3385.324 3 21 1.950 1.949 4.165297 1.950 0 1 0
 2170 1956.563 3359.584 3 21 29.251 4.289 52.780508 29.251 0 1 0
 2171 1968.263 3844.940 3 21 4.290 6.239 7.657155 6.239 0 1 0
 2172 1967.483 3410.479 3 21 5.850 4.679 4.521402 5.850 0 1 0
 2173 1969.238 3351.784 3 21 2.340 1.169 3.011087 2.340 0 1 0
 2174 1969.628 3418.474 3 21 0.780 0.389 1.008666 0.780 0 1 0
 2175 1969.823 3354.904 3 21 0.390 0.389 0.536842 0.390 0 1 0
 2176 1965.338 3814.325 3 21 7.800 2.729 9.065471 7.800 0 1 0
 2177 1967.093 3376.939 3 21 1.950 2.339 4.655016 2.339 0 1 0
 2178 1967.093 3372.259 3 21 1.170 0.779 1.455438 1.170 0 1 0
 2179 1966.313 3354.904 3 21 1.950 1.169 2.840490 1.950 0 1 0
 2180 1965.143 3385.324 3 21 1.170 2.729 2.851824 2.729 0 1 0
 2181 1959.878 3787.610 3 21 10.140 1.559 10.659295 10.140 0 1 0
 2182 1963.388 3351.784 3 21 2.340 1.169 2.924596 2.340 0 1 0
 2183 1957.928 3843.380 3 21 12.480 5.459 23.843536 12.480 0 1 0
 2184 1962.998 3404.629 3 21 0.780 1.559 1.600385 1.559 0 1 0
 2185 1962.803 3426.079 3 21 0.390 0.779 0.973473 0.779 0 1 0
 2186 1958.513 3800.090 3 21 8.189 0.779 7.743647 8.189 0 1 0
 2187 1959.683 3795.800 3 21 5.070 1.559 6.365752 5.070 0 1 0
 2188 1960.268 3354.904 3 21 2.340 1.169 2.978876 2.340 0 1 0
 2189 1959.683 3418.474 3 21 1.950 1.949 2.468876 1.950 0 1 0
 2190 1959.098 3377.719 3 21 1.560 3.119 4.251788 3.119 0 1 0
 2191 1957.928 3814.325 3 21 3.120 2.729 3.676771 3.120 0 1 0
 2192 1957.733 3412.234 3 21 1.170 0.389 0.737859 1.170 0 1 0
 2193 1953.053 3796.385 3 21 2.730 1.169 3.200771 2.730 0 1 0
 2194 1942.913 3801.650 3 21 5.070 5.459 8.226804 5.459 0 1 0
 2195 1940.963 3812.375 3 21 2.730 1.169 2.613227 2.730 0 1 0
 2196 1941.353 3808.475 3 21 1.950 1.169 2.210596 1.950 0 1 0
 2197 1935.893 3835.775 3 21 8.189 15.209 19.621572 15.209 0 1 0
 2198 1935.893 3821.930 3 21 8.189 7.019 22.469220 8.189 0 1 0
 2199 1937.063 3727.160 3 21 1.950 34.319 50.955244 34.319 0 1 0
 2200 1937.063 3751.340 3 21 1.170 6.239 5.562875 6.239 0 1 0
 2201 1933.163 3812.570 3 21 1.950 0.779 1.873578 1.950 0 1 0
 2202 1922.633 3802.235 3 21 22.230 12.869 45.479460 22.230 0 1 0
 2203 1921.463 3763.235 3 21 24.570 38.609 190.587824 38.609 0 1 0
 2204 1929.848 3786.245 3 21 3.120 2.729 5.673226 3.120 0 1 0
 2205 1921.463 3720.725 3 21 19.890 21.449 295.844640 21.449 0 1 0
 2206 1927.118 3792.095 3 21 7.800 1.949 10.477961 7.800 0 1 0
 2207 1923.413 3786.245 3 21 5.070 2.729 9.363716 5.070 0 1 0
 2208 1918.538 3736.520 3 21 14.040 4.679 30.573148 14.040 0 1 0
 2209 1921.073 3813.935 3 21 1.950 1.169 1.761438 1.950 0 1 0
 2210 1919.318 3792.680 3 21 3.900 1.559 4.102069 3.900 0 1 0
 2211 1912.103 3853.520 3 21 7.410 3.899 10.489891 7.410 0 1 0
 2212 1757.077 3722.675 3 21 28.861 71.369 1493.673216 71.369 0 1 0
 2213 1747.717 3647.209 3 21 47.581 26.519 306.187808 47.581 0 1 0
 2214 1747.717 3624.979 3 21 47.581 14.039 153.626256 47.581 0 1 0
 2215 1747.717 3615.229 3 21 47.581 1.559 50.651036 47.581 0 1 0
 2216 1747.717 3588.904 3 21 47.581 46.409 624.087680 47.581 0 1 0
 2217 1767.803 3562.969 3 21 7.410 1.559 4.938349 7.410 0 1 0
 2218 1747.717 3537.034 3 21 47.581 46.409 138.415744 47.581 0 1 0
 2219 1747.717 3493.939 3 21 47.581 19.499 102.518912 47.581 0 1 0
 2220 1747.717 3468.979 3 21 47.581 14.039 79.551024 47.581 0 1 0
 2221 1765.853 3798.140 3 21 10.530 1.559 15.382311 10.530 0 1 0
 2222 1753.567 3779.030 3 21 35.101 20.279 310.598848 35.101 0 1 0
 2223 1762.538 3415.744 3 21 17.160 4.289 12.472627 17.160 0 1 0
 2224 1769.948 3410.089 3 21 1.560 1.559 1.760842 1.560 0 1 0
 2225 1762.148 3827.585 3 21 16.379 3.509 11.864207 16.379 0 1 0
 2226 1768.193 3457.669 3 21 1.170 0.779 1.510912 1.170 0 1 0
 2227 1767.023 3437.974 3 21 2.730 1.169 2.217754 2.730 0 1 0
 2228 1767.023 3360.364 3 21 2.730 21.449 32.702622 21.449 0 1 0
 2229 1766.633 3376.159 3 21 1.950 6.239 7.574840 6.239 0 1 0
 2230 1762.538 3448.894 3 21 7.800 3.509 6.143858 7.800 0 1 0
 2231 1766.243 3444.799 3 21 0.390 0.779 0.579789 0.779 0 1 0
 2232 1766.048 3434.269 3 21 0.780 0.779 0.941859 0.780 0 1 0
 2233 1765.853 3427.249 3 21 1.170 0.779 1.383263 1.170 0 1 0
 2234 1765.463 3408.919 3 21 1.950 3.119 3.034350 3.119 0 1 0
 2235 1763.318 3481.264 3 21 3.900 1.949 3.735227 3.900 0 1 0
 2236 1764.488 3403.654 3 21 0.780 1.169 1.585473 1.169 0 1 0
 2237 1762.343 3507.784 3 21 2.730 0.389 1.372526 2.730 0 1 0
 2238 1762.928 3399.169 3 21 1.560 0.779 1.875368 1.560 0 1 0
 2239 1763.123 3442.264 3 21 0.390 0.389 0.748000 0.390 0 1 0
 2240 1761.953 3430.954 3 21 1.950 1.169 1.828245 1.950 0 1 0
 2241 1759.223 3562.969 3 21 5.850 0.779 3.161999 5.850 0 1 0
 2242 1760.783 3407.359 3 21 1.170 0.779 1.482280 1.170 0 1 0
 2243 1758.247 3385.909 3 21 5.460 3.119 8.176103 5.460 0 1 0
 2244 1760.198 3833.045 3 21 0.780 2.729 1.938596 2.729 0 1 0
 2245 1759.223 3444.799 3 21 2.730 0.779 1.796034 2.730 0 1 0
 2246 1759.028 3434.854 3 21 3.120 1.169 2.558947 3.120 0 1 0
 2247 1760.198 3426.859 3 21 0.780 0.779 1.241894 0.780 0 1 0
 2248 1758.247 3371.674 3 21 3.120 1.169 3.191823 3.120 0 1 0
 2249 1758.637 3402.094 3 21 0.780 1.169 1.556245 1.169 0 1 0
 2250 1757.272 3410.284 3 21 2.730 1.169 2.006596 2.730 0 1 0
 2251 1758.052 3397.219 3 21 1.170 1.559 2.307227 1.559 0 1 0
 2252 1757.662 3832.850 3 21 0.390 2.339 1.770982 2.339 0 1 0
 2253 1756.297 3481.654 3 21 3.120 1.169 2.936525 3.120 0 1 0
 2254 1753.762 3456.499 3 21 8.189 3.119 3.701823 8.189 0 1 0
 2255 1756.297 3507.784 3 21 2.340 0.389 1.528210 2.340 0 1 0
 2256 1756.882 3430.954 3 21 1.170 1.169 1.544912 1.170 0 1 0
 2257 1754.932 3425.104 3 21 2.730 1.949 2.617403 2.730 0 1 0
 2258 1753.762 3392.734 3 21 5.070 1.949 3.342736 5.070 0 1 0
 2259 1752.592 3444.799 3 21 6.630 0.779 3.223438 6.630 0 1 0
 2260 1755.127 3832.850 3 21 0.780 2.339 2.372841 2.339 0 1 0
 2261 1753.567 3798.335 3 21 1.560 1.169 2.452771 1.560 0 1 0
 2262 1752.397 3562.969 3 21 3.120 0.779 2.325719 3.120 0 1 0
 2263 1745.572 3844.550 3 21 14.430 3.899 24.488938 14.430 0 1 0
 2264 1752.592 3832.460 3 21 0.390 1.559 1.546105 1.559 0 1 0
 2265 1748.887 3832.655 3 21 3.120 1.949 3.440560 3.120 0 1 0
 2266 1745.182 3833.045 3 21 0.390 1.169 1.278280 1.169 0 1 0
 2267 1742.842 3832.655 3 21 0.390 1.169 1.277684 1.169 0 1 0
 2268 1533.217 4061.780 3 21 77.222 88.139 491.147744 88.139 0 1 0
 2269 1544.332 3992.750 3 21 54.991 28.859 101.758384 54.991 0 1 0
 2270 1571.242 3840.065 3 21 1.170 0.389 1.331368 1.170 0 1 0
 2271 1553.887 3721.310 3 21 35.881 174.719 18.793642 174.719 0 1 0
 2272 1553.887 3624.979 3 21 35.881 14.039 160.927312 35.881 0 1 0
 2273 1553.887 3599.434 3 21 35.881 33.149 559.595072 35.881 0 1 0
 2274 1571.632 3579.349 3 21 0.390 0.779 0.980035 0.779 0 1 0
 2275 1553.887 3512.269 3 21 35.881 129.479 403.991456 129.479 0 1 0
 2276 1560.322 3375.574 3 21 23.010 35.489 60.385768 35.489 0 1 0
 2277 1568.317 3433.489 3 21 6.240 2.339 5.437612 6.240 0 1 0
 2278 1571.047 3417.694 3 21 0.780 1.169 1.559824 1.169 0 1 0
 2279 1567.147 3438.949 3 21 7.800 3.119 5.458489 7.800 0 1 0
 2280 1569.097 3407.359 3 21 2.340 0.779 1.332561 2.340 0 1 0
 2281 1567.342 3844.940 3 21 2.730 2.339 4.671718 2.730 0 1 0
 2282 1567.732 3836.360 3 21 1.950 4.679 4.705718 4.679 0 1 0
 2283 1567.732 3828.950 3 21 1.950 0.779 1.881929 1.950 0 1 0
 2284 1563.442 3817.640 3 21 10.530 10.919 43.460336 10.919 0 1 0
 2285 1567.927 3422.374 3 21 1.560 1.169 1.680912 1.560 0 1 0
 2286 1566.757 3579.349 3 21 2.340 0.779 1.730420 2.340 0 1 0
 2287 1566.172 3402.094 3 21 0.390 0.389 0.544596 0.390 0 1 0
 2288 1564.417 3428.809 3 21 2.340 3.119 2.783824 3.119 0 1 0
 2289 1563.052 3419.839 3 21 1.170 0.779 1.503157 1.170 0 1 0
 2290 1560.517 3844.940 3 21 5.460 2.339 9.811681 5.460 0 1 0
 2291 1558.957 3433.684 3 21 8.580 2.729 11.521224 8.580 0 1 0
 2292 1560.517 3836.360 3 21 4.680 4.679 10.775610 4.680 0 1 0
 2293 1559.932 3423.739 3 21 4.290 2.339 3.227016 4.290 0 1 0
 2294 1558.177 3438.754 3 21 5.460 2.729 3.710174 5.460 0 1 0
 2295 1558.372 3404.824 3 21 1.170 1.169 1.833017 1.170 0 1 0
 2296 1558.177 3419.449 3 21 0.780 0.779 1.317052 0.780 0 1 0
 2297 1556.227 3415.939 3 21 1.560 1.559 2.579824 1.560 0 1 0
 2298 1553.497 3404.434 3 21 1.560 1.169 1.816912 1.560 0 1 0
 2299 1553.302 3422.569 3 21 1.170 0.779 1.418456 1.170 0 1 0
 2300 1550.572 3438.949 3 21 5.070 3.119 3.571788 5.070 0 1 0
 2301 1549.012 3432.319 3 21 7.410 5.459 6.977156 7.410 0 1 0
 2302 1550.182 3407.554 3 21 1.950 1.169 2.020315 1.950 0 1 0
 2303 1549.402 3399.949 3 21 2.730 0.779 2.459333 2.730 0 1 0
 2304 1333.731 4061.780 3 21 76.832 88.139 482.629824 88.139 0 1 0
 2305 1368.637 3844.355 3 21 7.020 3.509 10.288874 7.020 0 1 0
 2306 1366.882 3833.240 3 21 10.530 9.359 33.804340 10.530 0 1 0
 2307 1358.691 3721.310 3 21 26.910 174.719 1917.590400 174.719 0 1 0
 2308 1358.691 3624.979 3 21 26.910 14.039 172.791520 26.910 0 1 0
 2309 1358.691 3615.229 3 21 26.910 1.559 39.547356 26.910 0 1 0
 2310 1358.691 3597.094 3 21 26.910 30.809 503.772448 30.809 0 1 0
 2311 1358.886 3558.679 3 21 26.520 35.879 121.684168 35.879 0 1 0
 2312 1358.886 3523.189 3 21 26.520 31.199 81.224184 31.199 0 1 0
 2313 1371.757 3499.594 3 21 0.780 0.389 1.066526 0.780 0 1 0
 2314 1371.172 3482.629 3 21 1.950 3.119 2.170034 3.119 0 1 0
 2315 1359.276 3467.029 3 21 25.740 11.699 28.291568 25.740 0 1 0
 2316 1363.371 3445.384 3 21 17.550 1.949 11.864207 17.550 0 1 0
 2317 1368.637 3395.854 3 21 7.020 4.289 6.633577 7.020 0 1 0
 2318 1368.637 3383.764 3 21 7.020 4.289 7.233050 7.020 0 1 0
 2319 1368.637 3373.039 3 21 7.020 7.019 10.620523 7.020 0 1 0
 2320 1366.101 3354.904 3 21 12.090 1.169 9.053541 12.090 0 1 0
 2321 1371.562 3579.544 3 21 0.390 0.389 0.780807 0.390 0 1 0
 2322 1360.446 3437.194 3 21 21.840 8.189 27.226832 21.840 0 1 0
 2323 1358.496 3416.524 3 21 25.740 15.989 31.942094 25.740 0 1 0
 2324 1369.417 3430.369 3 21 2.340 0.779 2.595929 2.340 0 1 0
 2325 1369.417 3363.874 3 21 2.340 1.169 2.789192 2.340 0 1 0
 2326 1367.662 3864.830 3 21 2.730 2.339 3.879578 2.730 0 1 0
 2327 1356.741 3490.234 3 21 22.230 26.909 117.881536 26.909 0 1 0
 2328 1365.516 3455.329 3 21 3.900 0.779 2.545227 3.900 0 1 0
 2329 1366.296 3379.084 3 21 2.340 1.169 3.043894 2.340 0 1 0
 2330 1366.101 3391.174 3 21 1.950 1.169 2.791578 1.950 0 1 0
 2331 1363.761 3448.699 3 21 1.950 0.779 2.034631 1.950 0 1 0
 2332 1362.981 3343.594 3 21 3.510 1.169 3.443543 3.510 0 1 0
 2333 1354.011 3454.744 3 21 15.210 6.629 16.275258 15.210 0 1 0
 2334 1357.326 3381.034 3 21 7.800 42.509 44.871036 42.509 0 1 0
 2335 1345.041 3835.580 3 21 23.790 21.059 104.192072 23.790 0 1 0
 2336 1325.736 3990.800 3 21 60.842 32.759 189.827312 60.842 0 1 0
 2337 1353.231 3819.980 3 21 3.510 6.239 7.755576 6.239 0 1 0
 2338 1353.231 3812.570 3 21 2.730 0.779 2.197473 2.730 0 1 0
 2339 1134.051 3762.065 3 21 76.832 108.809 1352.671616 108.809 0 1 0
 2340 1164.861 3696.155 3 21 15.210 1.949 19.317362 15.210 0 1 0
 2341 1164.861 3692.060 3 21 15.210 1.559 23.728412 15.210 0 1 0
 2342 1163.886 3687.965 3 21 17.160 1.949 29.660516 17.160 0 1 0
 2343 1164.861 3683.870 3 21 15.210 2.339 34.984200 15.210 0 1 0
 2344 1164.666 3679.775 3 21 15.600 1.949 29.660516 15.600 0 1 0
 2345 1164.861 3655.400 3 21 15.210 42.899 477.306144 42.899 0 1 0
 2346 1162.911 3626.734 3 21 19.110 10.529 130.962584 19.110 0 1 0
 2347 1162.911 3618.739 3 21 19.110 1.559 29.812622 19.110 0 1 0
 2348 1162.911 3615.229 3 21 19.110 1.559 29.812622 19.110 0 1 0
 2349 1162.911 3598.459 3 21 19.110 28.079 389.845664 28.079 0 1 0
 2350 1162.911 3556.534 3 21 19.110 32.369 150.279952 32.369 0 1 0
 2351 1162.911 3512.659 3 21 19.110 45.239 187.241520 45.239 0 1 0
 2352 1162.911 3483.214 3 21 19.110 9.749 27.531044 19.110 0 1 0
 2353 1162.911 3474.439 3 21 19.110 1.559 23.728412 19.110 0 1 0
 2354 1162.911 3461.374 3 21 19.110 8.189 16.275258 19.110 0 1 0
 2355 1164.276 3450.454 3 21 16.379 9.749 8.517892 16.379 0 1 0
 2356 1165.641 3441.874 3 21 13.650 1.949 7.909471 13.650 0 1 0
 2357 1162.911 3430.369 3 21 19.110 12.479 21.598940 19.110 0 1 0
 2358 1168.371 3404.629 3 21 8.189 3.899 10.540593 8.189 0 1 0
 2359 1156.866 3842.600 3 21 27.300 37.439 181.917840 37.439 0 1 0
 2360 1168.956 3419.254 3 21 3.120 5.069 5.822349 5.069 0 1 0
 2361 1167.981 3576.229 3 21 3.510 0.779 3.404174 3.510 0 1 0
 2362 1167.591 3579.544 3 21 1.950 0.389 1.504947 1.950 0 1 0
 2363 1161.936 3576.229 3 21 4.680 1.559 5.531261 4.680 0 1 0
 2364 1158.426 3419.449 3 21 10.140 5.459 16.610486 10.140 0 1 0
 2365 1157.646 3404.824 3 21 8.580 4.289 9.202067 8.580 0 1 0
 2366 1159.986 3579.544 3 21 3.120 1.169 3.672595 3.120 0 1 0
 2367 963.230 3968.765 3 21 19.110 274.169 1442.717952 274.169 0 1 0
 2368 958.355 3680.165 3 21 28.861 299.129 1363.471104 299.129 0 1 0
 2369 959.135 3486.919 3 21 27.300 81.899 372.505664 81.899 0 1 0
 2370 970.640 3439.534 3 21 1.170 0.389 1.315263 1.170 0 1 0
 2371 959.135 3428.809 3 21 9.360 30.419 59.168928 30.419 0 1 0
 2372 949.190 3436.414 3 21 1.170 1.169 1.744140 1.170 0 1 0
 2373 750.680 4080.305 3 21 44.851 1.949 69.968400 44.851 0 1 0
 2374 750.680 4040.720 3 21 44.851 2.339 69.664184 44.851 0 1 0
 2375 761.015 3975.980 3 21 24.180 18.719 162.904688 24.180 0 1 0
 2376 760.040 3753.095 3 21 26.130 293.669 2373.753856 293.669 0 1 0
 2377 760.040 3554.194 3 21 26.130 30.809 399.276192 30.809 0 1 0
 2378 772.325 3529.819 3 21 1.560 0.779 1.878947 1.560 0 1 0
 2379 766.280 3522.409 3 21 13.650 3.899 5.627893 13.650 0 1 0
 2380 768.230 3516.559 3 21 9.750 3.899 7.576033 9.750 0 1 0
 2381 760.040 3485.554 3 21 26.130 15.209 41.981040 26.130 0 1 0
 2382 763.940 3455.914 3 21 18.330 27.689 50.498928 27.689 0 1 0
 2383 772.130 3439.534 3 21 1.950 1.169 2.719403 1.950 0 1 0
 2384 769.010 3392.149 3 21 8.189 2.339 7.460313 8.189 0 1 0
 2385 771.935 3535.864 3 21 1.560 1.169 2.055508 1.560 0 1 0
 2386 770.765 3591.439 3 21 1.560 0.779 1.438140 1.560 0 1 0
 2387 766.670 3473.854 3 21 8.970 4.289 6.418840 8.970 0 1 0
 2388 766.475 3499.204 3 21 8.580 6.629 6.989682 8.580 0 1 0
 2389 769.595 3436.414 3 21 2.340 1.169 3.054034 2.340 0 1 0
 2390 770.375 3414.574 3 21 0.780 1.949 2.142596 1.949 0 1 0
 2391 769.400 3526.699 3 21 1.950 0.779 1.985122 1.950 0 1 0
 2392 769.205 3508.174 3 21 2.340 0.389 1.680912 2.340 0 1 0
 2393 769.400 3532.939 3 21 1.170 0.779 1.792456 1.170 0 1 0
 2394 766.475 3439.534 3 21 2.340 1.169 2.953227 2.340 0 1 0
 2395 766.475 3529.819 3 21 1.560 0.779 1.848526 1.560 0 1 0
 2396 759.260 3509.734 3 21 13.650 4.289 8.669997 13.650 0 1 0
 2397 764.135 3532.939 3 21 0.780 0.779 1.336140 0.780 0 1 0
 2398 763.550 3436.414 3 21 1.950 1.169 2.947859 1.950 0 1 0
 2399 752.825 3921.770 3 21 22.620 8.579 55.518400 22.620 0 1 0
 2400 763.355 3526.699 3 21 1.560 0.779 1.855087 1.560 0 1 0
 2401 761.795 3400.339 3 21 3.900 3.119 5.082104 3.900 0 1 0
 2402 761.600 3600.604 3 21 1.170 1.169 1.336736 1.170 0 1 0
 2403 761.600 3594.754 3 21 1.170 1.169 1.583087 1.170 0 1 0
 2404 760.235 3536.059 3 21 2.340 0.779 2.390736 2.340 0 1 0
 2405 760.235 3439.534 3 21 2.340 1.169 2.684210 2.340 0 1 0
 2406 760.235 3529.819 3 21 1.560 0.779 1.793052 1.560 0 1 0
 2407 757.310 3989.435 3 21 6.630 2.729 14.389153 6.630 0 1 0
 2408 758.285 3994.895 3 21 3.120 2.729 6.885892 3.120 0 1 0
 2409 758.090 4000.940 3 21 2.730 3.119 2.666911 3.119 0 1 0
 2410 753.215 3500.179 3 21 12.480 9.359 34.628688 12.480 0 1 0
 2411 757.505 3526.699 3 21 2.340 0.779 2.327508 2.340 0 1 0
 2412 756.920 3594.754 3 21 2.730 1.169 2.306631 2.730 0 1 0
 2413 756.920 3532.939 3 21 1.170 0.779 1.673157 1.170 0 1 0
 2414 756.530 3392.929 3 21 0.390 0.779 1.009263 0.779 0 1 0
 2415 754.385 3523.969 3 21 2.340 0.779 2.661543 2.340 0 1 0
 2416 754.385 3535.864 3 21 1.560 1.169 2.311999 1.560 0 1 0
 2417 754.385 3530.014 3 21 1.560 1.169 2.069824 1.560 0 1 0
 2418 551.584 4092.590 3 21 43.681 26.519 171.574672 43.681 0 1 0
 2419 551.584 4048.130 3 21 43.681 58.499 285.349376 58.499 0 1 0
 2420 562.114 3757.190 3 21 22.620 305.759 2352.915456 305.759 0 1 0
 2421 570.304 3579.349 3 21 6.240 15.599 36.657356 15.599 0 1 0
 2422 562.699 3554.194 3 21 21.450 30.809 526.740352 30.809 0 1 0
 2423 568.744 3520.459 3 21 9.360 31.979 88.221024 31.979 0 1 0
 2424 569.524 3981.050 3 21 7.020 1.559 5.171577 7.020 0 1 0
 2425 569.134 3971.690 3 21 7.800 5.459 14.033644 7.800 0 1 0
 2426 565.429 3479.899 3 21 4.290 3.119 4.164700 4.290 0 1 0
 2427 559.774 3473.074 3 21 15.600 5.849 12.320522 15.600 0 1 0
 2428 563.869 3491.209 3 21 4.290 3.119 4.652630 4.290 0 1 0
 2429 564.844 3445.774 3 21 1.560 1.169 1.685684 1.560 0 1 0
 2430 561.919 3989.435 3 21 5.850 1.949 10.076523 5.850 0 1 0
 2431 564.259 3594.364 3 21 0.390 0.389 0.714596 0.390 0 1 0
 2432 558.994 3983.000 3 21 8.580 3.899 10.810803 8.580 0 1 0
 2433 559.579 3973.445 3 21 7.410 1.949 7.749611 7.410 0 1 0
 2434 562.504 3501.934 3 21 1.560 0.389 1.473929 1.560 0 1 0
 2435 561.334 3435.829 3 21 3.120 1.559 1.740561 3.120 0 1 0
 2436 560.944 4001.330 3 21 2.340 3.119 2.901929 3.119 0 1 0
 2437 560.554 3994.895 3 21 3.120 2.729 7.104805 3.120 0 1 0
 2438 561.139 3445.774 3 21 1.170 1.169 1.462596 1.170 0 1 0
 2439 559.579 3978.125 3 21 3.510 1.949 3.905823 3.510 0 1 0
 2440 559.384 3526.894 3 21 2.340 0.389 1.501368 2.340 0 1 0
 2441 559.384 3466.834 3 21 2.340 1.169 3.099964 2.340 0 1 0
 2442 559.384 3580.909 3 21 1.560 0.779 1.728035 1.560 0 1 0
 2443 559.384 3575.059 3 21 1.560 0.779 1.800210 1.560 0 1 0
 2444 558.799 3490.819 3 21 1.950 0.779 2.031648 1.950 0 1 0
 2445 556.069 3480.094 3 21 7.410 3.509 5.948805 7.410 0 1 0
 2446 555.289 3450.064 3 21 6.630 1.169 4.811297 6.630 0 1 0
 2447 556.459 3501.739 3 21 2.730 0.779 2.641859 2.730 0 1 0
 2448 557.239 3523.774 3 21 0.390 0.389 0.777824 0.390 0 1 0
 2449 556.654 3577.984 3 21 0.780 1.169 1.532385 1.169 0 1 0
 2450 556.069 3529.819 3 21 1.950 0.779 2.199859 1.950 0 1 0
 2451 555.874 3584.224 3 21 0.780 0.389 0.981824 0.780 0 1 0
 2452 555.484 3507.589 3 21 0.780 0.779 1.304526 0.780 0 1 0
 2453 553.729 3977.930 3 21 2.730 2.339 3.879578 2.730 0 1 0
 2454 554.119 3490.819 3 21 1.170 0.779 1.449473 1.170 0 1 0
 2455 553.534 3409.504 3 21 2.340 3.509 3.669613 3.509 0 1 0
 2456 553.729 3581.299 3 21 1.170 0.779 1.371333 1.170 0 1 0
 2457 553.924 3575.059 3 21 0.780 0.779 1.292596 0.780 0 1 0
 2458 553.339 3527.089 3 21 1.950 0.779 1.775754 1.950 0 1 0
 2459 546.124 3972.860 3 21 15.600 3.899 13.385259 15.600 0 1 0
 2460 346.639 4080.500 3 21 54.211 15.599 363.379360 54.211 0 1 0
 2461 364.384 3978.710 3 21 18.720 2.339 20.534204 18.720 0 1 0
 2462 370.624 3972.860 3 21 6.240 2.339 6.773156 6.240 0 1 0
 2463 351.904 3931.910 3 21 43.681 14.819 78.638392 43.681 0 1 0
 2464 353.074 3901.490 3 21 41.341 15.599 139.480480 41.341 0 1 0
 2465 346.639 3863.075 3 21 54.211 54.209 508.183520 54.211 0 1 0
 2466 349.954 3723.650 3 21 47.581 201.239 1720.614144 201.239 0 1 0
 2467 357.949 3611.524 3 21 31.591 5.849 134.613120 31.591 0 1 0
 2468 359.509 3588.514 3 21 28.470 15.989 41.220512 28.470 0 1 0
 2469 357.949 3561.604 3 21 31.591 27.689 327.330400 31.591 0 1 0
 2470 373.159 3490.429 3 21 1.170 0.779 1.481684 1.170 0 1 0
 2471 351.904 4043.060 3 21 42.901 9.359 69.512080 42.901 0 1 0
 2472 372.964 3599.044 3 21 0.780 0.389 1.070701 0.780 0 1 0
 2473 370.429 3393.124 3 21 5.850 1.949 6.657436 5.850 0 1 0
 2474 370.624 3469.564 3 21 2.340 1.169 2.576245 2.340 0 1 0
 2475 370.429 3487.699 3 21 1.950 0.779 2.487368 1.950 0 1 0
 2476 370.429 3601.969 3 21 1.170 0.779 1.506140 1.170 0 1 0
 2477 369.844 3541.714 3 21 0.780 0.389 1.073684 0.780 0 1 0
 2478 366.919 3989.240 3 21 5.850 1.559 4.971753 5.850 0 1 0
 2479 368.869 3984.365 3 21 1.950 1.949 3.465613 1.950 0 1 0
 2480 369.649 3578.179 3 21 0.390 0.779 0.985403 0.779 0 1 0
 2481 369.064 3441.289 3 21 1.560 1.559 1.588456 1.560 0 1 0
 2482 367.699 3599.044 3 21 1.170 0.389 1.272912 1.170 0 1 0
 2483 367.894 3526.699 3 21 0.780 0.779 1.321228 0.780 0 1 0
 2484 367.699 3508.759 3 21 1.170 0.779 1.602175 1.170 0 1 0
 2485 367.699 3426.469 3 21 1.170 0.779 1.475719 1.170 0 1 0
 2486 367.309 3490.429 3 21 1.170 0.779 1.547894 1.170 0 1 0
 2487 366.139 4020.440 3 21 0.390 3.119 2.233859 3.119 0 1 0
 2488 365.164 3994.895 3 21 2.340 1.949 3.049859 2.340 0 1 0
 2489 364.579 3328.579 3 21 3.510 0.779 3.049859 3.510 0 1 0
 2490 360.484 3973.250 3 21 10.140 1.559 8.210699 10.140 0 1 0
 2491 364.384 3532.159 3 21 2.340 0.779 2.170631 2.340 0 1 0
 2492 364.579 3511.684 3 21 1.950 0.389 1.708947 1.950 0 1 0
 2493 364.774 3493.354 3 21 1.560 1.169 1.776350 1.560 0 1 0
 2494 364.579 3984.170 3 21 1.170 1.559 1.496596 1.559 0 1 0
 2495 364.189 3601.969 3 21 1.950 0.779 2.151543 1.950 0 1 0
 2496 364.384 3393.514 3 21 1.560 1.169 1.615298 1.560 0 1 0
 2497 364.189 3577.984 3 21 1.170 1.169 1.917122 1.170 0 1 0
 2498 361.459 3484.774 3 21 1.950 0.389 1.776947 1.950 0 1 0
 2499 360.874 3599.044 3 21 0.780 0.389 1.031333 0.780 0 1 0
 2500 360.289 3440.704 3 21 1.170 1.169 1.697613 1.170 0 1 0
 2501 359.119 3959.210 3 21 1.950 2.339 4.099683 2.339 0 1 0
 2502 357.949 3606.259 3 21 2.730 0.779 2.593543 2.730 0 1 0
 2503 358.924 3577.789 3 21 0.780 0.779 1.203122 0.780 0 1 0
 2504 358.339 3393.514 3 21 1.950 1.169 2.159894 1.950 0 1 0
 2505 354.829 4003.280 3 21 8.189 1.559 8.328208 8.189 0 1 0
 2506 358.144 3601.969 3 21 1.560 0.779 1.946947 1.560 0 1 0
 2507 358.144 3967.010 3 21 0.780 0.779 1.194772 0.780 0 1 0
 2508 357.949 3493.354 3 21 1.170 1.169 1.678526 1.170 0 1 0
 2509 355.414 3484.774 3 21 2.340 0.389 1.974982 2.340 0 1 0
 2510 355.414 3599.044 3 21 1.560 0.389 1.551473 1.560 0 1 0
 2511 352.294 3393.514 3 21 3.120 1.169 3.892104 3.120 0 1 0
 2512 352.294 3532.354 3 21 2.340 0.389 1.952912 2.340 0 1 0
 2513 352.489 3511.489 3 21 1.950 0.779 1.931438 1.950 0 1 0
 2514 352.684 3493.354 3 21 1.560 1.169 1.794245 1.560 0 1 0
 2515 352.489 3487.699 3 21 1.950 0.779 2.412806 1.950 0 1 0
 2516 352.879 3601.969 3 21 0.390 0.779 0.973473 0.779 0 1 0
 2517 351.904 3577.984 3 21 0.780 1.169 1.591438 1.169 0 1 0
 2518 351.709 3441.679 3 21 1.170 1.559 1.974385 1.559 0 1 0
 2519 349.369 3598.849 3 21 1.950 0.779 2.204034 1.950 0 1 0
 2520 348.589 3328.384 3 21 1.170 0.389 1.171508 1.170 0 1 0
 2521 347.224 3393.124 3 21 3.120 1.949 3.823507 3.120 0 1 0
 2522 347.029 4020.635 3 21 1.170 3.509 4.286981 3.509 0 1 0
 2523 345.664 4000.940 3 21 3.900 2.339 3.667823 3.900 0 1 0
 2524 345.664 3995.480 3 21 3.900 0.779 3.338560 3.900 0 1 0
 2525 346.639 3577.984 3 21 1.170 1.169 1.718491 1.170 0 1 0
 2526 346.444 3493.354 3 21 1.560 1.169 2.086526 1.560 0 1 0
 2527 346.249 3487.504 3 21 1.950 1.169 2.575052 1.950 0 1 0
 2528 346.444 3499.789 3 21 0.780 0.779 1.140491 0.780 0 1 0
 2529 345.664 3601.969 3 21 0.780 0.779 1.196561 0.780 0 1 0
 2530 166.068 4067.240 3 21 15.990 77.219 494.798240 77.219 0 1 0
 2531 166.068 4007.570 3 21 15.990 28.079 131.114696 28.079 0 1 0
 2532 166.068 3954.920 3 21 15.990 18.719 71.945768 18.719 0 1 0
 2533 166.068 3739.055 3 21 15.990 352.949 1353.584256 352.949 0 1 0
 2534 169.188 3400.144 3 21 9.750 7.409 33.284200 9.750 0 1 0
 2535 172.308 3556.924 3 21 2.730 3.509 4.906735 3.509 0 1 0
 2536 168.798 3970.910 3 21 8.970 7.799 21.136660 8.970 0 1 0
 2537 172.113 3942.245 3 21 2.340 1.169 2.971122 2.340 0 1 0
 2538 170.358 3931.715 3 21 0.390 0.389 0.622140 0.390 0 1 0
 2539 168.993 3926.645 3 21 0.780 0.389 0.817789 0.780 0 1 0
 2540 167.628 3524.359 3 21 1.170 10.919 9.433506 10.919 0 1 0
 2541 167.628 3514.999 3 21 1.170 3.899 3.300385 3.899 0 1 0
 2542 162.753 3483.019 3 21 7.020 10.139 13.795048 10.139 0 1 0
 2543 162.168 3555.559 3 21 1.950 1.559 2.434280 1.950 0 1 0
 2544 160.413 3983.975 3 21 4.680 3.509 6.084208 4.680 0 1 0
 2545 161.973 3551.074 3 21 0.780 1.949 2.185543 1.949 0 1 0
 2546 161.583 3967.400 3 21 0.780 0.779 1.156000 0.780 0 1 0
 2547 159.438 3462.154 3 21 1.950 1.949 3.700034 1.950 0 1 0
 2548 159.243 3973.835 3 21 1.560 1.169 1.620070 1.560 0 1 0
 2549 165.839 3014.703 3 21 0.390 3.899 1.873578 3.899 0 1 0
 2550 175.004 3265.668 3 21 13.260 19.109 16.275258 19.109 0 1 0
 2551 177.344 3213.213 3 21 17.940 9.359 17.187888 17.940 0 1 0
 2552 171.689 2574.003 3 21 0.390 2.339 1.769789 2.339 0 1 0
 2553 171.689 2558.598 3 21 0.390 2.729 2.267859 2.729 0 1 0
 2554 175.589 3189.033 3 21 0.390 0.779 0.672842 0.779 0 1 0
 2555 185.924 3267.423 3 21 3.120 0.779 2.843473 3.120 0 1 0
 2556 188.459 2631.333 3 21 0.390 2.339 1.271122 2.339 0 1 0
 2557 191.969 3267.423 3 21 4.290 0.779 2.918631 4.290 0 1 0
 2558 199.964 3242.073 3 21 18.720 21.839 6.483857 21.839 0 1 0
 2559 197.819 3213.213 3 21 14.430 9.359 16.708310 14.430 0 1 0
 2560 193.139 3192.543 3 21 3.510 0.779 2.987824 3.510 0 1 0
 2561 198.989 2608.128 3 21 0.390 1.169 1.260982 1.169 0 1 0
 2562 198.989 2577.903 3 21 0.390 0.779 1.008666 0.779 0 1 0
 2563 200.744 3199.563 3 21 0.780 3.119 2.635894 3.119 0 1 0
 2564 201.134 3275.418 3 21 0.780 2.729 2.515403 2.729 0 1 0
 2565 203.669 3263.523 3 21 5.850 8.579 10.321681 8.579 0 1 0
 2566 201.134 3223.743 3 21 0.780 6.239 5.328454 6.239 0 1 0
 2567 207.374 3192.543 3 21 3.120 0.779 2.184947 3.120 0 1 0
 2568 210.299 3267.423 3 21 1.170 0.779 1.411894 1.170 0 1 0
 2569 254.759 3253.773 3 21 69.812 46.799 119.706800 69.812 0 1 0
 2570 323.984 3176.358 3 21 205.147 1.169 100.845752 205.147 0 1 0
 2571 226.094 3212.823 3 21 7.800 9.359 11.828417 9.359 0 1 0
 2572 229.604 3223.158 3 21 0.780 7.409 5.420910 7.409 0 1 0
 2573 232.724 3126.243 3 21 6.240 0.779 5.966103 6.240 0 1 0
 2574 235.844 3216.918 3 21 7.800 1.169 7.122103 7.800 0 1 0
 2575 240.134 3012.558 3 21 1.560 0.389 1.122000 1.560 0 1 0
 2576 242.279 2567.373 3 21 0.390 2.339 2.022701 2.339 0 1 0
 2577 242.279 2557.623 3 21 0.390 2.339 2.019719 2.339 0 1 0
 2578 246.374 3217.113 3 21 2.340 0.779 2.533297 2.340 0 1 0
 2579 245.399 2562.108 3 21 0.390 4.289 3.274736 4.289 0 1 0
 2580 249.689 3192.153 3 21 7.410 0.779 5.637437 7.410 0 1 0
 2581 249.494 3124.293 3 21 2.340 1.559 2.865543 2.340 0 1 0
 2582 251.249 3216.918 3 21 1.170 0.389 1.266350 1.170 0 1 0
 2583 253.589 3125.073 3 21 1.170 0.779 1.464982 1.170 0 1 0
 2584 256.319 3306.813 3 21 5.850 0.779 5.356489 5.850 0 1 0
 2585 254.174 3222.183 3 21 0.780 8.579 6.739156 8.579 0 1 0
 2586 254.174 3213.603 3 21 0.780 0.779 1.148842 0.780 0 1 0
 2587 254.174 3209.118 3 21 0.780 4.289 3.779964 4.289 0 1 0
 2588 253.979 3198.588 3 21 0.390 0.389 0.499263 0.390 0 1 0
 2589 260.414 3216.918 3 21 7.800 1.169 6.634173 7.800 0 1 0
 2590 256.709 2615.538 3 21 0.390 3.509 2.556561 3.509 0 1 0
 2591 256.709 2590.578 3 21 0.390 2.729 2.020912 2.729 0 1 0
 2592 256.709 2556.258 3 21 0.390 15.209 4.411051 15.209 0 1 0
 2593 268.799 3306.618 3 21 11.310 6.629 14.609855 11.310 0 1 0
 2594 263.924 3012.558 3 21 0.780 0.389 0.723544 0.780 0 1 0
 2595 271.334 3124.293 3 21 1.560 1.559 2.418175 1.560 0 1 0
 2596 278.939 3217.893 3 21 15.210 13.259 9.430523 15.210 0 1 0
 2597 274.064 3192.153 3 21 1.560 0.779 1.779333 1.560 0 1 0
 2598 275.234 2613.588 3 21 0.780 1.949 2.078771 1.949 0 1 0
 2599 275.234 2583.753 3 21 0.780 3.119 2.848841 3.119 0 1 0
 2600 275.429 2628.213 3 21 0.390 0.779 1.009263 0.779 0 1 0
 2601 275.429 2554.698 3 21 0.390 1.949 1.012842 1.949 0 1 0
 2602 278.354 3124.098 3 21 1.560 1.169 2.305438 1.560 0 1 0
 2603 278.939 3197.028 3 21 1.170 2.729 1.736385 2.729 0 1 0
 2604 278.549 3188.643 3 21 0.390 0.779 0.655544 0.779 0 1 0
 2605 284.399 3302.718 3 21 0.390 0.389 0.653754 0.390 0 1 0
 2606 284.789 3295.308 3 21 0.390 0.389 0.687754 0.390 0 1 0
 2607 286.544 2557.623 3 21 0.780 1.559 1.732806 1.559 0 1 0
 2608 292.979 3266.253 3 21 1.170 0.779 1.542526 1.170 0 1 0
 2609 303.314 3236.613 3 21 20.280 10.919 19.165258 20.280 0 1 0
 2610 297.659 3216.918 3 21 7.410 1.169 6.619857 7.410 0 1 0
 2611 303.509 3300.573 3 21 9.750 18.719 11.559996 18.719 0 1 0
 2612 300.584 3266.253 3 21 3.900 0.779 3.809788 3.900 0 1 0
 2613 299.999 3192.153 3 21 1.170 0.779 1.532385 1.170 0 1 0
 2614 303.704 3275.808 3 21 0.780 1.949 1.948140 1.949 0 1 0
 2615 303.509 3269.568 3 21 0.390 1.949 1.877754 1.949 0 1 0
 2616 303.509 3261.768 3 21 0.390 4.289 3.137543 4.289 0 1 0
 2617 303.704 3248.508 3 21 0.780 3.509 3.161999 3.509 0 1 0
 2618 306.629 3221.598 3 21 6.630 9.749 10.293049 9.749 0 1 0
 2619 303.704 3210.093 3 21 0.780 4.679 4.228525 4.679 0 1 0
 2620 304.874 3266.253 3 21 0.780 0.779 1.269333 0.780 0 1 0
 2621 308.579 3266.253 3 21 1.170 0.779 1.547298 1.170 0 1 0
 2622 314.039 3266.253 3 21 1.950 0.779 2.097859 1.950 0 1 0
 2623 327.884 3241.878 3 21 22.620 21.449 26.466308 22.620 0 1 0
 2624 319.499 3266.253 3 21 5.070 0.779 4.155156 5.070 0 1 0
 2625 327.494 3213.603 3 21 19.500 7.799 13.689469 19.500 0 1 0
 2626 328.274 3275.223 3 21 0.780 2.339 2.396701 2.339 0 1 0
 2627 330.029 3261.378 3 21 4.290 12.869 12.168417 12.869 0 1 0
 2628 328.274 3224.133 3 21 0.780 5.459 4.912700 5.459 0 1 0
 2629 328.274 3188.058 3 21 0.780 0.389 0.882210 0.780 0 1 0
 2630 331.589 2589.603 3 21 0.390 1.559 1.532982 1.559 0 1 0
 2631 337.244 3266.253 3 21 5.460 0.779 4.906735 5.460 0 1 0
 2632 337.049 2893.218 3 21 0.390 0.389 0.574421 0.390 0 1 0
 2633 337.049 2873.718 3 21 0.390 0.389 0.557719 0.390 0 1 0
 2634 343.874 3266.253 3 21 3.900 0.779 3.771016 3.900 0 1 0
 2635 352.844 3241.878 3 21 21.060 21.449 27.226832 21.449 0 1 0
 2636 347.969 3212.628 3 21 10.530 9.749 12.615189 10.530 0 1 0
 2637 348.944 3266.253 3 21 2.340 0.779 2.424140 2.340 0 1 0
 2638 352.844 3271.713 3 21 0.780 8.579 5.867086 8.579 0 1 0
 2639 352.844 3263.718 3 21 0.780 2.729 2.552385 2.729 0 1 0
 2640 352.844 3257.673 3 21 0.780 5.459 4.303683 5.459 0 1 0
 2641 353.039 3223.548 3 21 0.390 6.629 3.652315 6.629 0 1 0
 2642 353.819 2893.218 3 21 0.390 0.389 0.544596 0.390 0 1 0
 2643 358.499 3166.023 3 21 1.170 1.559 1.742947 1.559 0 1 0
 2644 358.499 3162.708 3 21 1.170 1.169 1.474526 1.170 0 1 0
 2645 359.864 3216.918 3 21 2.340 0.389 2.210596 2.340 0 1 0
 2646 363.374 3266.253 3 21 0.780 0.779 1.224596 0.780 0 1 0
 2647 377.220 3241.488 3 21 20.670 20.669 21.294730 20.670 0 1 0
 2648 377.805 3215.943 3 21 17.940 4.679 9.430523 17.940 0 1 0
 2649 372.540 3266.253 3 21 1.950 0.779 2.077578 1.950 0 1 0
 2650 377.610 3265.473 3 21 2.730 19.499 9.126313 19.499 0 1 0
 2651 377.610 3222.768 3 21 1.170 3.509 3.410139 3.509 0 1 0
 2652 377.220 3186.693 3 21 0.390 0.779 0.662105 0.779 0 1 0
 2653 386.970 3266.253 3 21 4.290 0.779 3.676771 4.290 0 1 0
 2654 390.480 3012.558 3 21 1.170 0.389 0.922175 1.170 0 1 0
 2655 397.500 3236.808 3 21 12.870 13.649 17.796310 13.649 0 1 0
 2656 397.500 3217.698 3 21 9.750 2.729 9.561155 9.750 0 1 0
 2657 394.575 3266.253 3 21 0.780 0.779 1.114245 0.780 0 1 0
 2658 399.060 3078.858 3 21 4.290 1.169 4.058525 4.290 0 1 0
 2659 402.960 3269.373 3 21 5.070 10.919 21.011994 10.919 0 1 0
 2660 402.180 3252.798 3 21 1.170 14.429 13.385259 14.429 0 1 0
 2661 402.180 3210.288 3 21 1.170 5.849 10.489295 5.849 0 1 0
 2662 402.375 3224.328 3 21 0.780 6.629 11.388207 6.629 0 1 0
 2663 408.420 3079.053 3 21 8.970 0.779 8.431401 8.970 0 1 0
 2664 406.470 3216.918 3 21 2.730 0.389 2.523157 2.730 0 1 0
 2665 419.340 3239.928 3 21 26.130 17.549 25.553676 26.130 0 1 0
 2666 412.905 3266.253 3 21 0.780 0.779 1.218035 0.780 0 1 0
 2667 421.875 3078.858 3 21 14.040 1.169 9.734734 14.040 0 1 0
 2668 417.390 3266.253 3 21 3.510 0.779 2.446806 3.510 0 1 0
 2669 420.120 3216.918 3 21 6.630 1.169 6.244665 6.630 0 1 0
 2670 421.095 3192.153 3 21 2.340 0.779 2.329297 2.340 0 1 0
 2671 429.285 3268.398 3 21 11.700 12.869 13.385259 12.869 0 1 0
 2672 426.945 3259.428 3 21 0.780 1.169 1.420842 1.169 0 1 0
 2673 426.945 3255.333 3 21 0.780 2.339 2.268455 2.339 0 1 0
 2674 426.945 3222.963 3 21 0.780 7.019 5.345753 7.019 0 1 0
 2675 426.945 3212.043 3 21 0.780 7.799 6.644910 7.799 0 1 0
 2676 445.470 3176.748 3 21 12.870 0.389 4.258946 12.870 0 1 0
 2677 447.810 3161.733 3 21 1.170 0.779 1.602175 1.170 0 1 0
 2678 448.590 3186.303 3 21 1.170 0.779 1.381473 1.170 0 1 0
 2679 448.785 2893.218 3 21 0.780 0.389 0.802280 0.780 0 1 0
 2680 451.710 3298.818 3 21 0.390 0.389 0.777824 0.390 0 1 0
 2681 454.635 3298.818 3 21 1.560 0.389 1.540140 1.560 0 1 0
 2682 459.705 3176.748 3 21 11.700 0.389 7.470454 11.700 0 1 0
 2683 454.245 3166.413 3 21 0.780 0.779 1.083228 0.780 0 1 0
 2684 466.530 3285.168 3 21 23.790 5.849 58.104192 23.790 0 1 0
 2685 455.610 3208.143 3 21 0.390 0.779 1.019403 0.779 0 1 0
 2686 467.895 3217.503 3 21 21.840 1.559 27.835254 21.840 0 1 0
 2687 459.120 3298.818 3 21 3.510 0.389 2.598315 3.510 0 1 0
 2688 457.950 3208.143 3 21 0.390 0.779 1.018807 0.779 0 1 0
 2689 458.925 3195.858 3 21 0.780 1.949 1.745333 1.949 0 1 0
 2690 469.065 3255.333 3 21 9.360 0.779 8.066945 9.360 0 1 0
 2691 468.675 3174.408 3 21 2.340 2.729 2.884631 2.729 0 1 0
 2692 468.090 3262.743 3 21 0.390 0.779 1.031333 0.779 0 1 0
 2693 472.575 3185.133 3 21 3.900 3.119 3.117262 3.900 0 1 0
 2694 472.965 3197.613 3 21 3.120 3.899 3.276525 3.899 0 1 0
 2695 471.990 3190.983 3 21 1.170 1.559 1.670175 1.559 0 1 0
 2696 476.670 3174.408 3 21 6.630 2.729 6.374103 6.630 0 1 0
 2697 477.840 3255.333 3 21 4.290 0.779 4.264314 4.290 0 1 0
 2698 481.350 3186.303 3 21 1.170 0.779 1.521649 1.170 0 1 0
 2699 498.120 3286.143 3 21 33.931 4.679 62.211032 33.931 0 1 0
 2700 492.465 3216.918 3 21 21.840 1.949 26.618412 21.840 0 1 0
 2701 484.860 3174.993 3 21 5.850 1.559 5.050490 5.850 0 1 0
 2702 484.080 3208.143 3 21 1.950 1.559 3.079087 1.950 0 1 0
 2703 484.470 3183.768 3 21 1.170 1.169 1.416666 1.170 0 1 0
 2704 484.665 2873.718 3 21 0.780 0.389 0.773649 0.780 0 1 0
 2705 489.930 3291.798 3 21 5.850 1.169 5.673226 5.850 0 1 0
 2706 488.955 3208.338 3 21 0.780 1.169 1.642736 1.169 0 1 0
 2707 497.145 3182.208 3 21 0.780 1.169 1.568771 1.169 0 1 0
 2708 502.410 3291.798 3 21 6.630 1.169 6.544700 6.630 0 1 0
 2709 504.945 3207.948 3 21 0.780 0.389 1.009859 0.780 0 1 0
 2710 508.260 3251.628 3 21 3.510 1.169 3.793086 3.510 0 1 0
 2711 513.720 3291.798 3 21 4.290 1.169 4.253578 4.290 0 1 0
 2712 512.940 2579.463 3 21 0.390 2.339 1.463789 2.339 0 1 0
 2713 512.940 2575.368 3 21 0.390 1.949 1.501964 1.949 0 1 0
 2714 517.620 2557.428 3 21 0.390 1.169 1.066526 1.169 0 1 0
 2715 518.010 2553.333 3 21 1.170 2.339 2.076385 2.339 0 1 0
 2716 534.780 3218.868 3 21 32.371 1.949 60.537872 32.371 0 1 0
 2717 522.885 3285.948 3 21 4.680 4.289 10.375961 4.680 0 1 0
 2718 525.225 3206.973 3 21 3.120 0.779 3.068946 3.120 0 1 0
 2719 525.810 2562.498 3 21 0.390 1.169 1.254421 1.169 0 1 0
 2720 536.730 3285.948 3 21 18.330 5.069 39.699460 18.330 0 1 0
 2721 535.560 3174.798 3 21 7.410 1.949 7.502068 7.410 0 1 0
 2722 534.585 3206.973 3 21 1.560 0.779 1.494210 1.560 0 1 0
 2723 541.605 3206.973 3 21 3.900 0.779 3.681543 3.900 0 1 0
 2724 568.125 3218.868 3 21 27.300 1.949 50.194720 27.300 0 1 0
 2725 561.690 3175.773 3 21 5.070 0.779 3.496034 5.070 0 1 0
 2726 564.810 2976.483 3 21 1.950 0.779 1.571157 1.950 0 1 0
 2727 569.100 3249.678 3 21 6.630 1.169 7.726348 6.630 0 1 0
 2728 576.315 3284.583 3 21 1.560 1.559 2.570876 1.560 0 1 0
 2729 578.070 3249.483 3 21 1.170 0.779 1.619473 1.170 0 1 0
 2730 585.285 3286.143 3 21 12.480 4.679 13.696030 12.480 0 1 0
 2731 604.785 3028.938 3 21 1.560 12.869 17.644204 12.869 0 1 0
 2732 690.000 3108.498 3 21 81.512 12.869 218.575184 81.512 0 1 0
 2733 655.680 3163.878 3 21 1.170 1.949 2.536876 1.949 0 1 0
 2734 655.875 3207.558 3 21 0.780 2.729 2.497508 2.729 0 1 0
 2735 655.875 3192.738 3 21 0.780 1.169 1.327193 1.169 0 1 0
 2736 655.875 3169.923 3 21 0.780 6.239 5.669051 6.239 0 1 0
 2737 665.040 3125.268 3 21 2.730 4.289 6.329963 4.289 0 1 0
 2738 668.160 3183.183 3 21 1.170 0.779 1.401157 1.170 0 1 0
 2739 672.840 3179.283 3 21 0.390 0.779 0.956175 0.779 0 1 0
 2740 680.445 3183.183 3 21 4.680 0.779 3.887929 4.680 0 1 0
 2741 689.025 3307.788 3 21 2.340 2.729 4.916876 2.729 0 1 0
 2742 692.535 3183.183 3 21 7.800 0.779 7.640454 7.800 0 1 0
 2743 699.165 3307.593 3 21 3.900 3.119 8.993295 3.900 0 1 0
 2744 707.745 3309.153 3 21 9.360 0.779 7.420945 9.360 0 1 0
 2745 709.500 3299.988 3 21 5.850 0.389 3.908806 5.850 0 1 0
 2746 714.960 3303.693 3 21 0.390 5.459 4.391367 5.459 0 1 0
 2747 714.960 3295.893 3 21 0.390 1.559 1.543122 1.559 0 1 0
 2748 720.225 3300.183 3 21 4.680 0.779 3.915964 4.680 0 1 0
 2749 729.195 3083.538 3 21 3.120 1.169 3.642174 3.120 0 1 0
 2750 734.460 3109.473 3 21 1.170 0.779 1.427403 1.170 0 1 0
 2751 741.090 3148.863 3 21 9.750 3.899 14.043188 9.750 0 1 0
 2752 747.720 3189.033 3 21 17.550 4.679 27.226832 17.550 0 1 0
 2753 740.895 3288.483 3 21 0.780 3.899 3.623087 3.899 0 1 0
 2754 742.260 3140.478 3 21 1.170 0.389 1.364175 1.170 0 1 0
 2755 749.865 3226.473 3 21 14.820 17.939 12.472627 17.939 0 1 0
 2756 744.990 3181.233 3 21 4.290 1.559 4.278034 4.290 0 1 0
 2757 743.625 3288.483 3 21 0.780 3.899 4.087157 3.899 0 1 0
 2758 748.695 3244.803 3 21 10.920 8.579 12.142171 10.920 0 1 0
 2759 751.230 3207.168 3 21 15.210 12.869 14.754206 15.210 0 1 0
 2760 753.960 3270.543 3 21 10.530 5.459 11.107259 10.530 0 1 0
 2761 752.010 3140.478 3 21 3.510 0.389 2.903122 3.510 0 1 0
 2762 750.840 3276.978 3 21 0.390 1.949 1.828841 1.949 0 1 0
 2763 751.035 3256.113 3 21 0.780 10.139 7.184734 10.139 0 1 0
 2764 758.250 3248.703 3 21 1.950 0.779 2.152140 1.950 0 1 0
 2765 761.371 3265.863 3 21 0.390 0.779 0.946035 0.779 0 1 0
 2766 762.541 3188.058 3 21 1.170 0.389 1.250842 1.170 0 1 0
 2767 763.321 3219.648 3 21 0.390 0.389 0.529088 0.390 0 1 0
 2768 769.951 3227.448 3 21 8.189 19.109 10.951575 19.109 0 1 0
 2769 768.781 3205.413 3 21 5.070 0.779 4.272069 5.070 0 1 0
 2770 767.806 3248.898 3 21 0.780 0.389 1.001508 0.780 0 1 0
 2771 768.976 3134.628 3 21 0.780 7.409 4.938349 7.409 0 1 0
 2772 768.781 3127.413 3 21 0.390 2.339 1.728035 2.339 0 1 0
 2773 769.756 3270.543 3 21 0.780 0.779 1.190596 0.780 0 1 0
 2774 770.146 3123.123 3 21 0.780 0.779 0.830912 0.780 0 1 0
 2775 770.341 3078.663 3 21 1.170 2.339 0.614982 2.339 0 1 0
 2776 793.351 2995.398 3 21 40.951 9.749 97.195232 40.951 0 1 0
 2777 776.581 3272.103 3 21 6.630 9.359 11.475891 9.359 0 1 0
 2778 773.656 3259.623 3 21 0.780 3.119 2.891192 3.119 0 1 0
 2779 776.581 3246.948 3 21 6.630 15.989 9.430523 15.989 0 1 0
 2780 773.461 3207.948 3 21 0.390 0.389 0.561895 0.390 0 1 0
 2781 773.851 3264.108 3 21 0.390 1.169 1.287228 1.169 0 1 0
 2782 794.911 3191.763 3 21 41.731 9.359 123.509432 41.731 0 1 0
 2783 781.846 3074.568 3 21 2.340 7.409 4.411051 7.409 0 1 0
 2784 781.456 3092.703 3 21 0.780 2.339 2.354350 2.339 0 1 0
 2785 781.651 3087.243 3 21 0.390 2.339 2.030455 2.339 0 1 0
 2786 786.526 3093.483 3 21 0.780 0.779 1.241894 0.780 0 1 0
 2787 786.331 3078.858 3 21 0.390 7.409 4.025718 7.409 0 1 0
 2788 789.451 3123.903 3 21 5.850 27.299 45.175248 27.299 0 1 0
 2789 795.106 3253.968 3 21 14.820 1.949 2.359122 14.820 0 1 0
 2790 794.521 3206.193 3 21 6.630 0.779 6.615682 6.630 0 1 0
 2791 795.301 3215.163 3 21 6.630 0.779 6.327577 6.630 0 1 0
 2792 792.571 3074.763 3 21 0.390 2.339 2.112771 2.339 0 1 0
 2793 797.251 3087.048 3 21 0.390 1.169 1.243684 1.169 0 1 0
 2794 800.176 3123.903 3 21 5.460 26.519 51.867876 26.519 0 1 0
 2795 805.246 3281.073 3 21 5.460 4.679 19.838694 5.460 0 1 0
 2796 806.611 3290.433 3 21 2.730 1.559 3.884350 2.730 0 1 0
 2797 808.171 3080.223 3 21 1.170 1.559 2.012561 1.559 0 1 0
 2798 811.096 3124.098 3 21 5.460 28.469 51.563668 28.469 0 1 0
 2799 813.826 3078.273 3 21 0.780 3.899 3.518104 3.899 0 1 0
 2800 815.581 3235.248 3 21 2.730 1.949 4.686034 2.730 0 1 0
 2801 816.946 3281.268 3 21 3.120 4.289 10.288874 4.289 0 1 0
 2802 816.361 2996.958 3 21 1.170 1.169 1.423228 1.170 0 1 0
 2803 840.346 3147.498 3 21 39.781 12.089 121.988376 39.781 0 1 0
 2804 823.966 3186.498 3 21 3.120 1.169 3.856314 3.120 0 1 0
 2805 824.941 3085.683 3 21 0.390 3.119 2.001227 3.119 0 1 0
 2806 824.941 3078.858 3 21 0.390 3.509 2.912069 3.509 0 1 0
 2807 824.941 3070.863 3 21 0.390 6.239 3.813964 6.239 0 1 0
 2808 833.131 3186.498 3 21 7.410 1.169 9.199085 7.410 0 1 0
 2809 829.816 3084.903 3 21 0.780 17.939 4.258946 17.939 0 1 0
 2810 840.541 3077.298 3 21 0.390 2.729 1.976175 2.729 0 1 0
 2811 852.046 3157.443 3 21 3.900 0.779 3.175122 3.900 0 1 0
 2812 854.386 3124.683 3 21 5.460 28.859 43.045776 28.859 0 1 0
 2813 856.921 3093.483 3 21 1.170 0.779 1.398771 1.170 0 1 0
 2814 857.311 3079.053 3 21 0.390 0.779 1.007473 0.779 0 1 0
 2815 869.791 3157.248 3 21 21.450 1.949 15.362626 21.450 0 1 0
 2816 871.156 3178.698 3 21 3.120 2.729 5.743612 3.120 0 1 0
 2817 875.251 3153.153 3 21 1.950 0.779 1.978561 1.950 0 1 0
 2818 885.001 3157.638 3 21 2.730 1.169 3.130385 2.730 0 1 0
 2819 935.506 3263.718 3 21 0.780 1.169 1.174491 1.169 0 1 0
 2820 936.871 3269.763 3 21 1.170 1.559 1.800210 1.559 0 1 0
 2821 939.211 3278.733 3 21 1.950 1.559 2.585789 1.950 0 1 0
 2822 957.151 3036.933 3 21 1.170 7.799 6.173086 7.799 0 1 0
 2823 976.066 2939.823 3 21 2.340 3.899 5.885577 3.899 0 1 0
 2824 976.846 2831.598 3 21 3.900 4.289 7.164454 4.289 0 1 0
 2825 994.591 2834.718 3 21 7.410 1.949 6.223787 7.410 0 1 0
 2826 1004.341 2936.898 3 21 1.170 1.169 1.301543 1.170 0 1 0
 2827 1008.241 2936.898 3 21 1.170 1.169 1.280070 1.170 0 1 0
 2828 1016.626 2939.238 3 21 9.360 5.849 13.482487 9.360 0 1 0
 2829 1033.396 2939.238 3 21 20.280 5.849 12.776838 20.280 0 1 0
 2830 1034.761 2830.818 3 21 22.230 4.289 33.919460 22.230 0 1 0
 2831 1033.981 2549.823 3 21 20.670 3.899 8.365787 20.670 0 1 0
 2832 1035.736 3270.933 3 21 1.560 0.779 1.646912 1.560 0 1 0
 2833 1041.194 3229.983 3 21 10.140 14.039 9.430523 14.039 0 1 0
 2834 1039.831 3212.628 3 21 4.290 12.089 10.599049 12.089 0 1 0
 2835 1044.121 3245.778 3 21 8.970 13.649 9.430523 13.649 0 1 0
 2836 1041.586 3276.393 3 21 0.780 2.339 2.384771 2.339 0 1 0
 2837 1047.435 3270.933 3 21 1.560 0.779 1.695824 1.560 0 1 0
 2838 1050.361 3056.823 3 21 3.510 2.339 5.273577 3.510 0 1 0
 2839 1067.326 2931.828 3 21 3.120 6.629 7.936313 6.629 0 1 0
 2840 1068.496 3225.693 3 21 3.900 5.459 10.380733 5.459 0 1 0
 2841 1069.276 3238.368 3 21 3.900 1.949 4.255367 3.900 0 1 0
 2842 1069.081 3102.648 3 21 2.730 1.169 2.985438 2.730 0 1 0
 2843 1071.421 3088.998 3 21 3.510 1.169 3.006315 3.510 0 1 0
 2844 1070.251 2957.178 3 21 1.170 8.969 7.666103 8.969 0 1 0
 2845 1081.171 3283.608 3 21 3.510 2.729 5.385121 3.510 0 1 0
 2846 1080.976 3266.643 3 21 3.120 4.679 4.705121 4.679 0 1 0
 2847 1086.826 3107.523 3 21 1.560 3.119 4.643683 3.119 0 1 0
 2848 1087.021 3101.868 3 21 1.170 2.729 3.588490 2.729 0 1 0
 2849 1093.066 3093.483 3 21 1.560 96.719 137.959424 96.719 0 1 0
 2850 1096.966 3106.353 3 21 1.560 134.159 158.645728 134.159 0 1 0
 2851 1100.671 3095.433 3 21 1.950 141.179 167.011520 141.179 0 1 0
 2852 1104.376 3089.388 3 21 1.560 88.529 132.483640 88.529 0 1 0
 2853 1110.031 3073.788 3 21 5.070 121.289 234.089920 121.289 0 1 0
 2854 1114.711 3304.083 3 21 5.850 0.779 5.071367 5.850 0 1 0
 2855 1115.881 3255.333 3 21 8.189 34.319 15.210521 34.319 0 1 0
 2856 1119.196 3227.643 3 21 13.260 16.379 11.255786 16.379 0 1 0
 2857 1118.026 3213.993 3 21 0.780 1.559 1.630210 1.559 0 1 0
 2858 1122.901 3288.288 3 21 9.750 3.509 8.779751 9.750 0 1 0
 2859 1119.586 2925.978 3 21 1.560 6.629 6.626419 6.629 0 1 0
 2860 1119.586 2938.458 3 21 0.780 1.949 2.176596 1.949 0 1 0
 2861 1122.121 3282.633 3 21 5.070 1.559 4.130700 5.070 0 1 0
 2862 1121.146 3174.603 3 21 0.780 0.779 1.187614 0.780 0 1 0
 2863 1134.406 3250.068 3 21 23.400 24.569 15.818942 24.569 0 1 0
 2864 1124.461 3207.753 3 21 1.170 0.779 1.349859 1.170 0 1 0
 2865 1128.361 3266.448 3 21 2.730 0.389 0.984807 2.730 0 1 0
 2866 1133.041 3282.243 3 21 8.189 0.779 6.094945 8.189 0 1 0
 2867 1134.796 3230.568 3 21 6.240 7.409 7.875471 7.409 0 1 0
 2868 1134.211 3207.948 3 21 3.510 0.389 1.926666 3.510 0 1 0
 2869 1135.186 3289.653 3 21 2.340 4.679 4.058525 4.679 0 1 0
 2870 1137.721 3223.743 3 21 0.390 1.559 1.503754 1.559 0 1 0
 2871 1138.306 3171.288 3 21 0.780 0.389 0.774245 0.780 0 1 0
 2872 1152.737 3025.428 3 21 29.641 28.469 258.883072 29.641 0 1 0
 2873 1142.206 3227.253 3 21 3.900 0.779 3.363613 3.900 0 1 0
 2874 1141.426 3168.753 3 21 0.780 1.559 1.629613 1.559 0 1 0
 2875 1142.791 3207.753 3 21 2.730 0.779 2.223719 2.730 0 1 0
 2876 1141.621 3176.358 3 21 0.390 0.389 0.691333 0.390 0 1 0
 2877 1145.131 3266.448 3 21 6.630 1.169 5.488314 6.630 0 1 0
 2878 1156.832 3244.023 3 21 17.550 11.699 12.016312 17.550 0 1 0
 2879 1156.637 3227.643 3 21 15.600 16.379 15.210521 16.379 0 1 0
 2880 1154.102 3291.018 3 21 1.170 2.729 2.685403 2.729 0 1 0
 2881 1159.172 3167.973 3 21 6.630 7.019 9.214593 7.019 0 1 0
 2882 1157.222 3255.138 3 21 0.390 5.849 4.458770 5.849 0 1 0
 2883 1157.222 3214.773 3 21 0.390 1.559 1.501368 1.559 0 1 0
 2884 1161.707 3147.498 3 21 0.780 1.169 1.173298 1.169 0 1 0
 2885 1171.847 2581.218 3 21 5.460 1.169 1.992877 5.460 0 1 0
 2886 1171.457 2829.258 3 21 0.780 1.949 2.292912 1.949 0 1 0
 2887 1180.037 2551.578 3 21 2.340 0.389 2.071017 2.340 0 1 0
 2888 1184.522 2566.398 3 21 0.390 0.389 0.771263 0.390 0 1 0
 2889 1184.522 2560.938 3 21 0.390 0.389 0.761123 0.390 0 1 0
 2890 1191.347 2581.998 3 21 0.780 0.389 1.009859 0.780 0 1 0
 2891 1192.907 2562.498 3 21 3.900 3.509 3.540174 3.900 0 1 0
 2892 1191.542 2554.308 3 21 0.390 5.069 2.748034 5.069 0 1 0
 2893 1194.662 2734.683 3 21 1.950 6.239 9.231892 6.239 0 1 0
 2894 1194.272 2740.923 3 21 0.390 0.779 0.996140 0.779 0 1 0
 2895 1195.052 2763.348 3 21 1.170 1.949 2.095473 1.949 0 1 0
 2896 1198.562 2582.193 3 21 0.390 0.779 1.028351 0.779 0 1 0
 2897 1198.757 2574.978 3 21 0.780 1.169 1.533578 1.169 0 1 0
 2898 1198.562 2570.883 3 21 0.390 3.119 2.554771 3.119 0 1 0
 2899 1198.562 2562.693 3 21 0.390 2.339 2.041192 2.339 0 1 0
 2900 1202.462 3246.753 3 21 4.290 0.779 3.648139 4.290 0 1 0
 2901 1202.462 3155.493 3 21 1.170 1.559 1.586666 1.559 0 1 0
 2902 1203.827 3310.908 3 21 1.560 0.389 1.534771 1.560 0 1 0
 2903 1204.802 3285.753 3 21 3.510 0.779 2.579227 3.510 0 1 0
 2904 1289.627 3010.218 3 21 166.145 16.769 609.485568 166.145 0 1 0
 2905 1215.722 3247.923 3 21 16.770 20.279 12.016312 20.279 0 1 0
 2906 1209.482 3303.888 3 21 1.950 0.389 1.302140 1.950 0 1 0
 2907 1215.527 3230.958 3 21 14.040 8.189 9.278418 14.040 0 1 0
 2908 1211.042 3207.753 3 21 1.950 0.779 1.845543 1.950 0 1 0
 2909 1212.212 3307.008 3 21 1.170 0.389 0.922772 1.170 0 1 0
 2910 1214.747 3310.908 3 21 1.560 0.389 1.512105 1.560 0 1 0
 2911 1214.747 3303.888 3 21 0.780 0.389 0.709228 0.780 0 1 0
 2912 1215.332 3271.713 3 21 1.950 13.259 5.932103 13.259 0 1 0
 2913 1215.722 3222.768 3 21 0.390 4.289 3.651718 4.289 0 1 0
 2914 1218.062 3171.093 3 21 1.170 0.779 1.467368 1.170 0 1 0
 2915 1222.742 3173.628 3 21 0.390 0.389 0.601263 0.390 0 1 0
 2916 1222.742 3156.273 3 21 0.390 0.779 0.701473 0.779 0 1 0
 2917 1224.692 3285.948 3 21 2.730 1.169 2.604280 2.730 0 1 0
 2918 1227.227 3266.643 3 21 4.680 0.779 3.671999 4.680 0 1 0
 2919 1226.837 3303.888 3 21 0.780 0.389 0.746210 0.780 0 1 0
 2920 1231.712 3227.058 3 21 8.189 15.989 10.191049 15.989 0 1 0
 2921 1229.762 3207.753 3 21 3.510 0.779 2.932350 3.510 0 1 0
 2922 1238.927 3250.458 3 21 8.580 23.789 10.038944 23.789 0 1 0
 2923 1235.222 3204.243 3 21 0.390 1.559 1.612315 1.559 0 1 0
 2924 1240.097 3227.253 3 21 3.900 0.779 3.442350 3.900 0 1 0
 2925 1240.682 3170.898 3 21 4.290 1.169 3.028385 4.290 0 1 0
 2926 1243.217 3174.993 3 21 0.780 1.559 1.593824 1.559 0 1 0
 2927 1243.217 3167.583 3 21 0.780 0.779 0.979438 0.780 0 1 0
 2928 1254.917 3249.288 3 21 16.379 12.089 10.191049 16.379 0 1 0
 2929 1251.017 3223.353 3 21 8.580 8.579 12.239399 8.580 0 1 0
 2930 1251.602 2888.928 3 21 8.189 1.169 6.569156 8.189 0 1 0
 2931 1251.017 3303.888 3 21 1.560 0.389 1.096947 1.560 0 1 0
 2932 1251.212 3182.598 3 21 1.950 0.389 1.785894 1.950 0 1 0
 2933 1254.722 3275.613 3 21 1.170 4.679 4.437297 4.679 0 1 0
 2934 1254.917 3287.703 3 21 0.780 1.559 1.738175 1.559 0 1 0
 2935 1254.722 3239.148 3 21 0.390 1.949 1.849719 1.949 0 1 0
 2936 1254.917 3232.518 3 21 0.780 5.849 5.060033 5.849 0 1 0
 2937 1257.257 3171.093 3 21 1.560 0.779 1.691649 1.560 0 1 0
 2938 1259.402 3227.448 3 21 4.290 0.389 3.373753 4.290 0 1 0
 2939 1259.012 3137.748 3 21 0.390 0.389 0.818386 0.390 0 1 0
 2940 1262.912 2888.928 3 21 6.630 1.169 6.086594 6.630 0 1 0
 2941 1262.132 3171.093 3 21 1.170 0.779 1.396982 1.170 0 1 0
 2942 1263.497 3166.803 3 21 0.780 0.779 0.863123 0.780 0 1 0
 2943 1273.832 3249.678 3 21 16.770 21.449 14.602100 21.449 0 1 0
 2944 1271.297 3223.548 3 21 7.020 8.189 10.807224 8.189 0 1 0
 2945 1270.517 3181.623 3 21 2.340 0.779 2.606666 2.340 0 1 0
 2946 1274.222 3277.953 3 21 1.170 6.239 5.377963 6.239 0 1 0
 2947 1274.417 3232.713 3 21 0.780 3.899 3.689297 3.899 0 1 0
 2948 1274.612 3204.243 3 21 0.390 0.779 0.714596 0.779 0 1 0
 2949 1280.072 3266.448 3 21 8.970 0.389 6.177261 8.970 0 1 0
 2950 1279.292 3227.253 3 21 3.510 0.779 3.198385 3.510 0 1 0
 2951 1278.512 3181.623 3 21 1.950 0.779 1.985122 1.950 0 1 0
 2952 1279.292 3207.948 3 21 0.390 0.389 0.696105 0.390 0 1 0
 2953 1293.917 3248.313 3 21 17.160 18.719 13.841574 18.719 0 1 0
 2954 1290.602 3226.863 3 21 7.410 12.479 12.697504 12.479 0 1 0
 2955 1293.722 3274.833 3 21 1.170 5.459 4.461753 5.459 0 1 0
 2956 1298.597 3227.253 3 21 3.900 0.779 3.360034 3.900 0 1 0
 2957 1301.132 3266.448 3 21 3.510 0.389 2.201648 3.510 0 1 0
 2958 1303.277 3285.753 3 21 1.560 0.779 1.822877 1.560 0 1 0
 2959 1311.467 3247.533 3 21 12.480 16.379 10.038944 16.379 0 1 0
 2960 1309.712 3227.058 3 21 8.189 14.429 9.126313 14.429 0 1 0
 2961 1313.807 3262.158 3 21 10.140 8.969 11.681084 10.140 0 1 0
 2962 1313.612 2842.518 3 21 3.510 39.389 37.874196 39.389 0 1 0
 2963 1315.562 3288.678 3 21 6.630 5.849 7.954208 6.630 0 1 0
 2964 1313.222 3276.783 3 21 1.170 7.019 5.335612 7.019 0 1 0
 2965 1314.002 2895.363 3 21 2.730 6.239 6.105682 6.239 0 1 0
 2966 1314.197 2905.503 3 21 2.340 3.899 6.686664 3.899 0 1 0
 2967 1314.197 2877.033 3 21 2.340 3.899 5.284314 3.899 0 1 0
 2968 1314.197 2866.113 3 21 2.340 3.119 5.821752 3.119 0 1 0
 2969 1313.807 2888.343 3 21 0.780 0.779 1.225193 0.780 0 1 0
 2970 1323.167 3275.418 3 21 0.780 15.209 8.061576 15.209 0 1 0
 2971 1328.237 3199.368 3 21 6.240 1.949 5.873051 6.240 0 1 0
 2972 1335.452 2882.688 3 21 1.950 1.169 2.362701 1.950 0 1 0
 2973 1335.257 2876.643 3 21 1.560 0.779 2.113964 1.560 0 1 0
 2974 1336.232 2772.123 3 21 1.170 6.239 7.215155 6.239 0 1 0
 2975 1338.377 2885.613 3 21 1.560 0.779 2.102631 1.560 0 1 0
 2976 1341.302 2894.583 3 21 1.950 0.779 2.505859 1.950 0 1 0
 2977 1341.302 2888.733 3 21 1.950 0.779 2.379403 1.950 0 1 0
 2978 1341.302 2882.688 3 21 1.950 1.169 2.349578 1.950 0 1 0
 2979 1341.302 2876.643 3 21 1.950 0.779 2.346596 1.950 0 1 0
 2980 1363.727 2916.033 3 21 0.780 7.799 4.704525 7.799 0 1 0
 2981 1363.727 2886.978 3 21 0.780 8.189 4.392560 8.189 0 1 0
 2982 1447.772 3012.753 3 21 95.553 11.699 438.215104 95.553 0 1 0
 2983 1409.552 3054.288 3 21 17.550 6.629 7.301050 17.550 0 1 0
 2984 1403.117 2944.698 3 21 0.780 16.769 6.084208 16.769 0 1 0
 2985 1404.482 2571.078 3 21 0.390 0.389 0.750386 0.390 0 1 0
 2986 1407.992 2942.943 3 21 0.390 8.579 4.684841 8.579 0 1 0
 2987 1413.062 2972.973 3 21 1.950 0.779 2.039999 1.950 0 1 0
 2988 1413.842 2858.508 3 21 2.730 208.649 192.413088 208.649 0 1 0
 2989 1414.817 2551.968 3 21 0.780 4.289 3.540771 4.289 0 1 0
 2990 1419.302 2972.973 3 21 1.950 0.779 2.064455 1.950 0 1 0
 2991 1433.537 3054.483 3 21 26.520 7.799 20.229994 26.520 0 1 0
 2992 1421.057 2956.203 3 21 0.780 20.279 12.168417 20.279 0 1 0
 2993 1421.447 2932.413 3 21 1.560 8.579 6.603752 8.579 0 1 0
 2994 1425.152 2972.973 3 21 1.950 0.779 2.026877 1.950 0 1 0
 2995 1426.907 3283.998 3 21 0.780 1.169 1.660035 1.169 0 1 0
 2996 1427.687 3266.448 3 21 0.780 0.389 0.925158 0.780 0 1 0
 2997 1435.682 3248.898 3 21 13.650 20.669 12.624733 20.669 0 1 0
 2998 1435.682 3231.543 3 21 10.530 9.359 12.098031 10.530 0 1 0
 2999 1431.197 2972.778 3 21 1.560 0.389 1.590842 1.560 0 1 0
 3000 1433.732 3288.873 3 21 5.850 7.799 9.537295 7.799 0 1 0
 3001 1441.727 2941.968 3 21 2.340 48.749 6.565577 48.749 0 1 0
 3002 1441.727 2911.938 3 21 0.780 5.849 3.605192 5.849 0 1 0
 3003 1443.482 2972.973 3 21 1.950 0.779 2.078771 1.950 0 1 0
 3004 1449.722 3226.278 3 21 8.189 2.729 5.129226 8.189 0 1 0
 3005 1449.332 2972.778 3 21 1.950 0.389 1.814526 1.950 0 1 0
 3006 1449.527 2964.393 3 21 2.340 8.579 4.443262 8.579 0 1 0
 3007 1449.332 3303.888 3 21 0.390 0.389 0.578000 0.390 0 1 0
 3008 1452.062 3297.843 3 21 0.390 0.779 1.006280 0.779 0 1 0
 3009 1453.817 3276.003 3 21 1.560 3.899 3.873016 3.899 0 1 0
 3010 1453.622 3254.943 3 21 1.170 11.699 7.929155 11.699 0 1 0
 3011 1453.622 3238.563 3 21 1.170 1.559 1.699403 1.559 0 1 0
 3012 1453.817 3232.323 3 21 0.780 4.679 4.055542 4.679 0 1 0
 3013 1457.327 3227.448 3 21 3.120 0.389 2.585789 3.120 0 1 0
 3014 1465.127 3246.753 3 21 1.560 0.779 1.692245 1.560 0 1 0
 3015 1472.732 3234.078 3 21 14.430 19.109 13.537364 19.109 0 1 0
 3016 1474.292 3054.288 3 21 13.650 7.409 15.362626 13.650 0 1 0
 3017 1469.612 3307.008 3 21 0.390 0.389 0.530877 0.390 0 1 0
 3018 1476.827 3248.118 3 21 10.140 5.069 11.050593 10.140 0 1 0
 3019 1473.122 3257.868 3 21 1.170 1.949 2.195087 1.949 0 1 0
 3020 1473.317 3292.188 3 21 0.780 4.289 3.703613 4.289 0 1 0
 3021 1479.362 3303.888 3 21 1.950 0.389 1.289017 1.950 0 1 0
 3022 1481.702 2783.628 3 21 1.950 5.069 7.045752 5.069 0 1 0
 3023 1482.092 3307.008 3 21 0.390 0.389 0.570842 0.390 0 1 0
 3024 1485.017 3303.888 3 21 0.780 0.389 0.740245 0.780 0 1 0
 3025 1487.357 3227.253 3 21 4.680 0.779 3.754315 4.680 0 1 0
 3026 1491.452 2784.993 3 21 5.070 2.339 9.066664 5.070 0 1 0
 3027 1494.377 3049.413 3 21 10.140 10.139 25.256622 10.140 0 1 0
 3028 1493.597 3289.263 3 21 2.340 7.019 6.065121 7.019 0 1 0
 3029 1492.817 3257.478 3 21 0.780 5.849 4.360946 5.849 0 1 0
 3030 1492.817 3240.318 3 21 0.780 5.069 3.855718 5.069 0 1 0
 3031 1493.792 3230.958 3 21 2.730 7.409 5.994138 7.409 0 1 0
 3032 1499.252 3301.158 3 21 12.090 11.309 22.797886 12.090 0 1 0
 3033 1500.422 2784.993 3 21 5.070 2.339 9.678663 5.070 0 1 0
 3034 1500.617 2664.678 3 21 0.780 1.949 2.297087 1.949 0 1 0
 3035 1506.857 3051.168 3 21 10.920 13.649 26.009990 13.649 0 1 0
 3036 1509.977 2784.993 3 21 5.460 2.339 9.703120 5.460 0 1 0
 3037 1509.587 3234.273 3 21 1.560 0.779 1.444701 1.560 0 1 0
 3038 1511.342 3229.983 3 21 1.170 1.559 1.686280 1.559 0 1 0
 3039 1512.707 3223.158 3 21 0.780 0.389 0.969298 0.780 0 1 0
 3040 1517.972 3137.163 3 21 10.530 3.899 14.415995 10.530 0 1 0
 3041 1518.167 2664.288 3 21 3.120 1.949 3.955332 3.120 0 1 0
 3042 1520.312 3307.788 3 21 0.390 1.949 1.306315 1.949 0 1 0
 3043 1522.262 3302.328 3 21 0.390 5.069 3.703613 5.069 0 1 0
 3044 1532.207 3287.703 3 21 14.040 5.459 7.757366 14.040 0 1 0
 3045 1530.062 3271.128 3 21 9.750 6.629 9.948277 9.750 0 1 0
 3046 1527.527 2664.483 3 21 3.120 1.559 3.141718 3.120 0 1 0
 3047 1528.892 2784.993 3 21 5.070 2.339 8.733225 5.070 0 1 0
 3048 1537.862 2784.993 3 21 5.070 2.339 9.109611 5.070 0 1 0
 3049 1538.252 2664.483 3 21 5.070 1.559 4.491577 5.070 0 1 0
 3050 1547.613 2784.993 3 21 5.070 2.339 8.330594 5.070 0 1 0
 3051 1546.053 2779.728 3 21 1.170 0.389 1.260982 1.170 0 1 0
 3052 1554.828 2752.038 3 21 1.560 2.729 1.815719 2.729 0 1 0
 3053 1557.168 2664.288 3 21 0.780 1.949 2.280385 1.949 0 1 0
 3054 1566.528 2784.993 3 21 4.680 2.339 9.355365 4.680 0 1 0
 3055 1564.773 2779.923 3 21 1.170 0.779 1.499578 1.170 0 1 0
 3056 1566.528 2664.483 3 21 0.780 1.559 2.091894 1.559 0 1 0
 3057 1585.443 2784.993 3 21 5.070 2.339 8.767822 5.070 0 1 0
 3058 1585.248 2664.483 3 21 0.780 1.559 2.047754 1.559 0 1 0
 3059 1601.433 2944.308 3 21 3.510 0.389 2.878069 3.510 0 1 0
 3060 1603.968 2784.993 3 21 4.680 2.339 8.665225 4.680 0 1 0
 3061 1620.153 2952.498 3 21 24.570 0.389 8.974208 24.570 0 1 0
 3062 1610.793 2781.483 3 21 1.170 0.779 1.134526 1.170 0 1 0
 3063 1613.523 2784.993 3 21 5.070 2.339 9.370874 5.070 0 1 0
 3064 1621.713 3122.928 3 21 3.510 10.529 20.198976 10.529 0 1 0
 3065 1622.883 2782.848 3 21 1.950 6.629 8.092594 6.629 0 1 0
 3066 1648.623 3223.158 3 21 3.510 8.969 9.591576 8.969 0 1 0
 3067 1659.738 3240.708 3 21 0.780 1.169 1.372526 1.169 0 1 0
 3068 1664.418 3224.913 3 21 3.900 0.779 3.388666 3.900 0 1 0
 3069 1667.928 3221.208 3 21 0.780 1.949 2.091894 1.949 0 1 0
 3070 1685.283 3223.743 3 21 5.070 7.799 9.279611 7.799 0 1 0
 3071 1695.618 3120.588 3 21 25.740 2.729 23.728412 25.740 0 1 0
 3072 1720.968 3174.798 3 21 72.542 6.629 106.473648 72.542 0 1 0
 3073 1685.673 3211.848 3 21 0.390 1.169 1.218631 1.169 0 1 0
 3074 1688.988 3292.968 3 21 1.560 1.169 2.203438 1.560 0 1 0
 3075 1696.008 2715.378 3 21 5.460 17.549 20.990518 17.549 0 1 0
 3076 1697.763 2676.183 3 21 8.970 55.379 91.567336 55.379 0 1 0
 3077 1695.033 2641.863 3 21 1.170 8.579 8.458839 8.579 0 1 0
 3078 1695.033 2623.533 3 21 1.170 3.119 3.727472 3.119 0 1 0
 3079 1695.228 3126.048 3 21 0.780 0.389 0.535052 0.780 0 1 0
 3080 1702.248 2735.073 3 21 9.360 7.799 13.721083 9.360 0 1 0
 3081 1698.738 3224.913 3 21 0.780 0.779 0.859544 0.780 0 1 0
 3082 1703.028 3222.573 3 21 3.900 4.679 5.908244 4.679 0 1 0
 3083 1705.563 3126.243 3 21 8.189 0.779 4.376455 8.189 0 1 0
 3084 1703.418 3209.898 3 21 0.780 2.729 2.531508 2.729 0 1 0
 3085 1705.758 2727.468 3 21 2.340 2.729 4.084771 2.729 0 1 0
 3086 1705.758 2722.203 3 21 2.340 2.339 3.964876 2.340 0 1 0
 3087 1705.758 2713.623 3 21 2.340 9.359 9.252172 9.359 0 1 0
 3088 1708.683 3224.913 3 21 2.730 0.779 2.412210 2.730 0 1 0
 3089 1716.093 3120.978 3 21 8.970 1.949 10.225049 8.970 0 1 0
 3090 1715.898 3242.073 3 21 2.340 1.559 3.827683 2.340 0 1 0
 3091 1719.018 3126.243 3 21 3.900 0.779 2.307824 3.900 0 1 0
 3092 1720.578 3223.743 3 21 6.240 3.119 5.172770 6.240 0 1 0
 3093 1718.433 3206.973 3 21 1.170 0.779 1.343298 1.170 0 1 0
 3094 1719.408 3292.968 3 21 1.560 1.169 2.099648 1.560 0 1 0
 3095 1721.358 3211.653 3 21 0.780 3.119 3.120841 3.119 0 1 0
 3096 1721.553 2681.253 3 21 1.170 1.559 1.580105 1.559 0 1 0
 3097 1721.553 3168.753 3 21 0.390 0.779 0.771263 0.779 0 1 0
 3098 1721.748 3134.238 3 21 0.780 0.389 0.988982 0.780 0 1 0
 3099 1724.478 3126.243 3 21 2.340 0.779 1.584877 2.340 0 1 0
 3100 1727.598 3120.393 3 21 7.020 2.339 4.524981 7.020 0 1 0
 3101 1728.183 3242.073 3 21 2.730 1.559 4.390174 2.730 0 1 0
 3102 1733.058 3281.073 3 21 2.340 1.559 3.331402 2.340 0 1 0
 3103 1735.008 3242.073 3 21 0.780 0.779 1.269333 0.780 0 1 0
 3104 1737.153 3281.463 3 21 1.950 2.339 4.437297 2.339 0 1 0
 3105 1737.738 3293.553 3 21 0.780 2.339 2.366280 2.339 0 1 0
 3106 1741.443 3120.393 3 21 6.630 2.339 9.000453 6.630 0 1 0
 3107 1743.198 3050.583 3 21 10.140 7.799 16.303293 10.140 0 1 0
 3108 1741.443 3244.413 3 21 2.730 6.239 7.347576 6.239 0 1 0
 3109 1741.638 2890.098 3 21 0.780 6.629 5.566454 6.629 0 1 0
 3110 1741.638 2873.328 3 21 0.780 19.889 10.799470 19.889 0 1 0
 3111 1749.438 3120.783 3 21 2.340 1.559 3.672595 2.340 0 1 0
 3112 1749.048 2681.058 3 21 0.780 0.389 1.000912 0.780 0 1 0
 3113 1749.243 2663.118 3 21 1.170 0.389 1.303929 1.170 0 1 0
 3114 1755.093 3050.193 3 21 9.750 7.019 13.199750 9.750 0 1 0
 3115 1760.748 3120.978 3 21 15.600 1.949 7.909471 15.600 0 1 0
 3116 1754.898 3243.048 3 21 1.560 1.169 1.989298 1.560 0 1 0
 3117 1755.093 2663.118 3 21 1.170 0.389 1.304526 1.170 0 1 0
 3118 1755.288 2681.253 3 21 0.780 0.779 1.200140 0.780 0 1 0
 3119 1761.528 2663.118 3 21 0.780 0.389 1.065333 0.780 0 1 0
 3120 1767.768 2663.118 3 21 0.780 0.389 1.016421 0.780 0 1 0
 3121 1770.303 2684.178 3 21 1.170 0.389 1.260386 1.170 0 1 0
 3122 1770.303 2678.133 3 21 1.170 0.779 1.571754 1.170 0 1 0
 3123 1770.498 2666.043 3 21 0.780 0.779 1.015228 0.780 0 1 0
 3124 1773.033 3244.608 3 21 1.950 1.169 2.623368 1.950 0 1 0
 3125 1776.348 3253.773 3 21 0.780 1.559 1.902210 1.559 0 1 0
 3126 1776.348 3243.438 3 21 0.780 1.169 1.696420 1.169 0 1 0
 3127 1797.993 3287.703 3 21 2.730 17.939 27.378938 17.939 0 1 0
 3128 1798.188 3234.663 3 21 3.120 10.139 10.635435 10.139 0 1 0
 3129 1803.258 3174.018 3 21 7.800 1.169 8.904418 7.800 0 1 0
 3130 1811.448 3170.118 3 21 1.560 0.389 1.498982 1.560 0 1 0
 3131 1820.223 3172.653 3 21 1.950 3.119 4.580455 3.119 0 1 0
 3132 1821.588 2653.758 3 21 2.340 2.729 3.130385 2.729 0 1 0
 3133 1821.393 2672.088 3 21 1.170 1.949 2.523157 1.949 0 1 0
 3134 1830.168 2682.033 3 21 0.780 3.899 2.933543 3.899 0 1 0
 3135 1832.508 2690.028 3 21 2.340 2.729 2.110982 2.729 0 1 0
 3136 1833.093 2672.088 3 21 1.170 1.949 2.283964 1.949 0 1 0
 3137 1833.093 2653.953 3 21 1.170 2.339 2.809473 2.339 0 1 0
 3138 1841.478 3119.613 3 21 7.800 42.899 42.589460 42.899 0 1 0
 3139 1842.063 2681.448 3 21 1.170 1.949 2.530315 1.949 0 1 0
 3140 1845.183 2690.223 3 21 1.170 1.559 1.475719 1.559 0 1 0
 3141 1845.183 2672.088 3 21 1.170 1.949 2.792771 1.949 0 1 0
 3142 1845.183 2653.953 3 21 1.170 2.339 2.428911 2.339 0 1 0
 3143 1855.713 3135.018 3 21 15.990 72.149 100.085232 72.149 0 1 0
 3144 1851.033 2690.418 3 21 1.170 1.949 1.762631 1.949 0 1 0
 3145 1851.228 2671.893 3 21 0.780 2.339 2.404455 2.339 0 1 0
 3146 1851.228 2653.953 3 21 0.780 2.339 2.078771 2.339 0 1 0
 3147 1854.153 2681.253 3 21 1.170 2.339 2.855999 2.339 0 1 0
 3148 1863.123 2672.088 3 21 1.170 1.949 2.003017 1.949 0 1 0
 3149 1863.708 2653.758 3 21 2.340 2.729 2.610841 2.729 0 1 0
 3150 1866.243 2681.058 3 21 1.170 1.949 2.191508 1.949 0 1 0
 3151 1872.093 2681.253 3 21 1.170 2.339 2.811262 2.339 0 1 0
 3152 1875.213 2690.223 3 21 1.170 1.559 1.933824 1.559 0 1 0
 3153 1875.213 2672.088 3 21 1.170 1.949 2.528525 1.949 0 1 0
 3154 1875.213 2653.953 3 21 1.170 2.339 1.868210 2.339 0 1 0
 3155 1876.773 3298.623 3 21 2.730 1.559 2.732525 2.730 0 1 0
 3156 1884.183 2681.253 3 21 1.170 2.339 2.953824 2.339 0 1 0
 3157 1889.448 3198.003 3 21 9.360 4.679 21.091922 9.360 0 1 0
 3158 1887.303 2690.223 3 21 1.170 2.339 2.773683 2.339 0 1 0
 3159 1887.303 2672.088 3 21 1.170 1.949 1.637964 1.949 0 1 0
 3160 1887.303 2653.953 3 21 1.170 2.339 2.247578 2.339 0 1 0
 3161 1889.448 3175.383 3 21 2.340 2.339 3.275929 2.340 0 1 0
 3162 1893.153 2690.028 3 21 1.170 1.169 1.476912 1.170 0 1 0
 3163 1893.153 2672.088 3 21 1.170 1.949 1.634385 1.949 0 1 0
 3164 1893.738 2653.758 3 21 2.340 2.729 3.117859 2.729 0 1 0
 3165 1896.273 2681.448 3 21 1.170 1.949 2.864946 1.949 0 1 0
 3166 1899.003 3197.028 3 21 4.290 1.949 6.391401 4.290 0 1 0
 3167 1899.198 3308.763 3 21 1.560 0.779 2.005999 1.560 0 1 0
 3168 1902.708 3301.938 3 21 2.340 4.289 7.228875 4.289 0 1 0
 3169 1905.048 3196.833 3 21 3.900 1.559 5.554524 3.900 0 1 0
 3170 1905.243 3124.488 3 21 1.950 2.729 3.921929 2.729 0 1 0
 3171 1905.243 2690.028 3 21 1.170 1.169 1.249649 1.170 0 1 0
 3172 1905.243 2684.373 3 21 1.170 2.339 2.678245 2.339 0 1 0
 3173 1905.243 2653.953 3 21 1.170 2.339 2.443227 2.339 0 1 0
 3174 1911.093 3196.833 3 21 3.510 1.559 5.440595 3.510 0 1 0
 3175 1912.458 3299.013 3 21 2.340 0.779 2.026280 2.340 0 1 0
 3176 1918.698 2941.188 3 21 9.360 15.209 59.929452 15.209 0 1 0
 3177 1926.108 3138.528 3 21 19.500 1.949 24.488938 19.500 0 1 0
 3178 1936.444 2662.338 3 21 1.170 10.529 8.655085 10.529 0 1 0
 3179 1936.834 2694.513 3 21 1.170 2.339 2.923999 2.339 0 1 0
 3180 1936.639 2687.103 3 21 0.780 1.559 2.009578 1.559 0 1 0
 3181 1936.834 2680.863 3 21 1.170 3.119 3.373753 3.119 0 1 0
 3182 1936.639 2671.503 3 21 0.780 1.559 1.945754 1.559 0 1 0
 3183 1936.639 2558.013 3 21 0.780 5.459 5.203788 5.459 0 1 0
 3184 1936.639 2550.018 3 21 0.780 0.389 0.957965 0.780 0 1 0
 3185 1944.439 2764.518 3 21 9.360 5.069 19.773080 9.360 0 1 0
 3186 1941.124 2694.318 3 21 2.730 1.949 4.198700 2.730 0 1 0
 3187 1944.439 2689.053 3 21 9.360 4.679 9.790207 9.360 0 1 0
 3188 1940.929 2675.988 3 21 2.340 1.169 2.703297 2.340 0 1 0
 3189 1944.439 2656.488 3 21 9.360 31.589 57.495772 31.589 0 1 0
 3190 1944.634 2746.968 3 21 8.970 6.629 14.801328 8.970 0 1 0
 3191 1941.124 2619.633 3 21 1.950 0.779 2.038210 1.950 0 1 0
 3192 1940.539 2590.188 3 21 0.780 0.389 0.988386 0.780 0 1 0
 3193 1941.124 2585.313 3 21 1.950 0.779 2.069227 1.950 0 1 0
 3194 1946.779 2596.233 3 21 4.680 31.979 47.761036 31.979 0 1 0
 3195 1945.219 2708.163 3 21 0.780 0.779 0.975859 0.780 0 1 0
 3196 1946.974 2622.558 3 21 4.290 15.989 20.838414 15.989 0 1 0
 3197 1946.779 2570.493 3 21 3.900 0.779 2.621578 3.900 0 1 0
 3198 1946.974 2565.228 3 21 4.290 3.509 7.747822 4.290 0 1 0
 3199 1946.974 2552.943 3 21 4.290 16.379 35.896832 16.379 0 1 0
 3200 1946.974 2575.563 3 21 3.510 4.679 6.946138 4.679 0 1 0
 3201 1953.799 2910.378 3 21 15.600 3.509 15.514732 15.600 0 1 0
 3202 1948.339 2694.123 3 21 0.780 0.779 1.367157 0.780 0 1 0
 3203 1977.784 2910.378 3 21 22.230 5.069 32.246304 22.230 0 1 0
 3204 1995.529 2910.378 3 21 8.580 5.069 11.737154 8.580 0 1 0
 3205 2007.034 3243.828 3 21 2.730 11.309 8.365787 11.309 0 1 0
 3206 2006.059 3232.713 3 21 0.780 5.459 4.393156 5.459 0 1 0
 3207 2021.854 3303.498 3 21 25.350 11.309 26.618412 25.350 0 1 0
 3208 2068.069 3045.318 3 21 101.403 25.349 265.423600 101.403 0 1 0
 3209 2028.679 3247.338 3 21 8.580 15.989 7.301050 15.989 0 1 0
 3210 2038.429 3297.843 3 21 3.900 3.119 4.453402 3.900 0 1 0
 3211 2041.549 3246.948 3 21 7.800 15.209 9.582628 15.209 0 1 0
 3212 2044.084 3280.293 3 21 3.510 11.699 10.303190 11.699 0 1 0
 3213 2045.449 3290.043 3 21 1.560 2.339 2.994981 2.339 0 1 0
 3214 2054.224 3300.573 3 21 5.850 5.459 7.322524 5.850 0 1 0
 3215 2060.074 3298.623 3 21 1.170 0.779 1.471543 1.170 0 1 0
 3216 2067.094 3194.883 3 21 1.950 0.779 2.077578 1.950 0 1 0
 3217 2090.104 3284.973 3 21 5.070 3.119 6.878138 5.070 0 1 0
 3218 2103.169 3200.733 3 21 1.560 0.779 2.025087 1.560 0 1 0
 3219 2107.654 3196.248 3 21 5.070 3.509 4.575683 5.070 0 1 0
 3220 2106.094 3185.718 3 21 1.950 1.169 2.406245 1.950 0 1 0
 3221 2109.214 3200.733 3 21 1.950 0.779 2.168841 1.950 0 1 0
 3222 2111.944 3311.103 3 21 1.170 0.779 1.460210 1.170 0 1 0
 3223 2159.719 3305.058 3 21 3.120 6.629 9.756804 6.629 0 1 0
 3224 2166.154 3285.948 3 21 1.950 1.949 3.045683 1.950 0 1 0
 3225 2169.469 3311.103 3 21 0.780 0.779 1.373719 0.780 0 1 0
 3226 2172.199 3299.793 3 21 1.560 0.779 2.149157 1.560 0 1 0
 3227 2174.734 3311.298 3 21 0.390 0.389 0.768280 0.390 0 1 0
 3228 2178.244 3299.793 3 21 1.950 0.779 2.215964 1.950 0 1 0
 3229 2184.289 3299.988 3 21 1.560 1.169 2.079964 1.560 0 1 0
 3230 2198.914 3193.323 3 21 0.390 7.799 5.882595 7.799 0 1 0
 3231 2210.614 2923.053 3 21 23.790 3.119 22.815782 23.790 0 1 0
 3232 2201.644 3181.623 3 21 2.730 0.779 2.856596 2.730 0 1 0
 3233 2205.349 3301.353 3 21 7.800 3.899 6.131928 7.800 0 1 0
 3234 2202.619 3192.348 3 21 1.560 1.169 1.463192 1.560 0 1 0
 3235 2205.154 3285.948 3 21 1.170 1.169 1.640947 1.170 0 1 0
 3236 2205.154 3276.393 3 21 1.170 2.339 2.477227 2.339 0 1 0
 3237 2208.664 3194.883 3 21 6.630 6.239 7.370243 6.630 0 1 0
 3238 2205.934 2658.633 3 21 1.170 0.779 0.954386 1.170 0 1 0
 3239 2208.859 3181.428 3 21 2.340 0.389 1.747122 2.340 0 1 0
 3240 2216.074 2939.628 3 21 5.070 7.409 5.775226 7.409 0 1 0
 3241 2214.904 3266.448 3 21 1.950 1.169 2.288736 1.950 0 1 0
 3242 2218.414 3192.348 3 21 5.850 1.169 4.328735 5.850 0 1 0
 3243 2217.244 3302.718 3 21 1.950 1.169 2.295894 1.950 0 1 0
 3244 2220.169 3299.793 3 21 1.560 0.779 1.819298 1.560 0 1 0
 3245 2220.169 3137.748 3 21 0.780 1.169 1.475122 1.169 0 1 0
 3246 2224.069 3242.658 3 21 6.240 8.969 9.552207 8.969 0 1 0
 3247 2223.289 3302.718 3 21 1.560 1.169 2.069227 1.560 0 1 0
 3248 2228.554 3193.518 3 21 9.750 3.509 8.443330 9.750 0 1 0
 3249 2225.239 3181.428 3 21 3.120 0.389 2.571473 3.120 0 1 0
 3250 2229.334 3182.598 3 21 0.390 0.389 0.755158 0.390 0 1 0
 3251 2234.404 3266.448 3 21 1.950 1.169 2.272034 1.950 0 1 0
 3252 2234.599 3247.143 3 21 0.780 0.779 1.096351 0.780 0 1 0
 3253 2241.619 3193.518 3 21 10.140 3.509 10.953365 10.140 0 1 0
 3254 2241.424 3301.353 3 21 7.410 3.899 5.840840 7.410 0 1 0
 3255 2243.959 3306.618 3 21 2.340 2.729 2.672280 2.729 0 1 0
 3256 2244.154 3185.718 3 21 1.950 1.169 2.002420 1.950 0 1 0
 3257 2244.154 3285.948 3 21 0.390 0.389 0.756947 0.390 0 1 0
 3258 2244.154 3240.318 3 21 0.390 8.969 6.957471 8.969 0 1 0
 3259 2251.954 3192.348 3 21 3.510 1.169 3.225823 3.510 0 1 0
 3260 2253.709 3266.448 3 21 1.560 1.169 1.896245 1.560 0 1 0
 3261 2256.439 3185.913 3 21 7.020 1.559 4.561963 7.020 0 1 0
 3262 2257.219 3299.208 3 21 7.020 1.949 5.993542 7.020 0 1 0
 3263 2257.999 3192.348 3 21 3.120 1.169 1.497789 3.120 0 1 0
 3264 2264.044 3298.428 3 21 1.950 0.389 1.718491 1.950 0 1 0
 3265 2263.849 3255.333 3 21 0.780 4.679 3.917157 4.679 0 1 0
 3266 2265.409 3185.718 3 21 0.780 0.389 0.681193 0.780 0 1 0
 3267 2273.209 3266.448 3 21 1.560 1.169 1.869999 1.560 0 1 0
 3268 2279.449 3306.228 3 21 3.120 4.289 6.031717 4.289 0 1 0
 3269 2282.959 3185.718 3 21 1.560 0.389 1.085017 1.560 0 1 0
 3270 2283.154 3256.893 3 21 1.170 3.119 3.040315 3.119 0 1 0
 3271 2289.199 3185.718 3 21 0.780 0.389 0.748596 0.780 0 1 0
 3272 2298.754 3299.208 3 21 19.110 1.949 14.754206 19.110 0 1 0
 3273 2292.124 3306.033 3 21 1.170 1.559 1.939789 1.559 0 1 0
 3274 2292.709 3246.948 3 21 1.560 1.169 2.051929 1.560 0 1 0
 3275 2295.244 3194.688 3 21 1.950 0.389 1.782912 1.950 0 1 0
 3276 2295.244 3185.718 3 21 1.170 0.389 0.882210 1.170 0 1 0
 3277 2300.314 3304.278 3 21 1.170 0.389 1.276491 1.170 0 1 0
 3278 2301.094 3194.493 3 21 1.950 0.779 1.991087 1.950 0 1 0
 3279 2301.289 3185.718 3 21 1.560 0.389 1.064736 1.560 0 1 0
 3280 2302.459 3256.698 3 21 0.780 2.729 2.504069 2.729 0 1 0
 3281 2307.139 3185.718 3 21 1.560 0.389 1.102912 1.560 0 1 0
 3282 2311.429 2954.253 3 21 2.340 0.779 2.371052 2.340 0 1 0
 3283 2312.989 3299.013 3 21 2.340 0.779 2.598911 2.340 0 1 0
 3284 2315.914 3247.143 3 21 8.189 0.779 4.414034 8.189 0 1 0
 3285 2313.379 3194.493 3 21 1.560 0.779 1.744140 1.560 0 1 0
 3286 2317.474 3304.278 3 21 1.170 0.389 1.266350 1.170 0 1 0
 3287 2319.424 3299.013 3 21 2.730 0.779 3.130385 2.730 0 1 0
 3288 2319.034 3185.718 3 21 1.170 0.389 0.921579 1.170 0 1 0
 3289 2322.349 3304.278 3 21 3.900 0.389 3.101753 3.900 0 1 0
 3290 2322.154 3256.503 3 21 1.170 3.899 3.636209 3.899 0 1 0
 3291 2324.884 3299.013 3 21 2.730 0.779 3.077894 2.730 0 1 0
 3292 2325.274 3185.718 3 21 1.170 0.389 0.883403 1.170 0 1 0
 3293 2331.125 3299.013 3 21 2.730 0.779 2.817824 2.730 0 1 0
 3294 2331.125 3185.718 3 21 1.170 0.389 0.867298 1.170 0 1 0
 3295 2334.830 2954.448 3 21 3.900 1.169 4.296525 3.900 0 1 0
 3296 2334.440 3118.248 3 21 0.780 0.389 0.943052 0.780 0 1 0
 3297 2337.365 3299.013 3 21 2.730 0.779 3.110104 2.730 0 1 0
 3298 2337.365 3185.718 3 21 1.170 0.389 0.904280 1.170 0 1 0
 3299 2342.825 3304.278 3 21 5.070 0.389 3.336174 5.070 0 1 0
 3300 2343.215 3299.013 3 21 3.510 0.779 3.670209 3.510 0 1 0
 3301 2350.430 3282.633 3 21 17.160 3.119 8.669997 17.160 0 1 0
 3302 2349.065 3299.013 3 21 2.730 0.779 2.983648 2.730 0 1 0
 3303 2358.230 3298.818 3 21 8.580 1.169 8.328804 8.580 0 1 0
 3304 2360.960 3185.718 3 21 13.260 0.389 3.954736 13.260 0 1 0
 3305 2371.685 3301.548 3 21 9.750 5.849 10.194628 9.750 0 1 0
 3306 2368.370 3277.953 3 21 3.120 0.779 2.136034 3.120 0 1 0
 3307 2370.125 2594.868 3 21 1.170 0.389 0.975263 1.170 0 1 0
 3308 2375.000 3260.988 3 21 1.560 35.489 31.637884 35.489 0 1 0
 3309 2378.705 3261.963 3 21 1.170 33.539 26.162096 33.539 0 1 0
 3310 2398.595 3309.933 3 21 0.390 0.779 0.953789 0.779 0 1 0
 3311 2399.765 3208.923 3 21 1.950 2.339 4.480244 2.339 0 1 0
 3312 2399.375 2785.578 3 21 1.170 1.169 1.185228 1.170 0 1 0
 3313 2399.765 3187.863 3 21 1.170 5.459 6.065121 5.459 0 1 0
 3314 2399.765 3156.663 3 21 1.170 0.779 1.702385 1.170 0 1 0
 3315 2399.960 3196.638 3 21 0.780 1.169 1.631403 1.169 0 1 0
 3316 2404.055 3288.288 3 21 1.170 1.169 1.398175 1.170 0 1 0
 3317 2410.490 3252.018 3 21 0.780 3.509 2.513613 3.509 0 1 0
 3318 2416.925 3280.878 3 21 1.170 1.949 2.582210 1.949 0 1 0
 3319 2422.970 3293.748 3 21 4.680 1.949 4.425367 4.680 0 1 0
 3320 2422.580 3288.873 3 21 0.780 3.899 3.123824 3.899 0 1 0
 3321 2424.140 2711.283 3 21 2.340 1.559 2.822596 2.340 0 1 0
 3322 2427.260 2714.598 3 21 1.560 1.169 2.100841 1.560 0 1 0
 3323 2451.245 3287.703 3 21 12.090 7.019 13.160978 12.090 0 1 0
 3324 2540.360 3291.018 3 21 1.560 12.089 10.354488 12.089 0 1 0
 3325 2540.360 3271.128 3 21 1.560 12.869 9.126313 12.869 0 1 0
 3326 2540.360 3254.553 3 21 1.560 10.139 10.909821 10.139 0 1 0
 3327 2540.360 3238.953 3 21 1.560 2.339 3.671999 2.339 0 1 0
 3328 2540.360 3233.493 3 21 1.560 3.899 5.068981 3.899 0 1 0
 3329 2540.360 3228.033 3 21 1.560 2.339 3.275332 2.339 0 1 0
 3330 2540.360 3210.483 3 21 1.560 1.559 2.363894 1.560 0 1 0
 3331 2540.555 3215.553 3 21 1.170 3.119 4.057928 3.119 0 1 0
 3332 2540.555 3201.903 3 21 1.170 1.559 2.068034 1.559 0 1 0
 3333 2540.750 3222.183 3 21 0.780 0.779 1.144070 0.780 0 1 0
 3334 2567.075 3132.093 3 21 50.311 4.679 57.039452 50.311 0 1 0
 3335 2543.675 3242.463 3 21 1.170 3.119 3.346911 3.119 0 1 0
 3336 2543.675 3237.003 3 21 1.170 2.339 3.071332 2.339 0 1 0
 3337 2543.675 3230.568 3 21 1.170 2.729 3.091613 2.729 0 1 0
 3338 2543.675 3224.718 3 21 1.170 2.729 3.414315 2.729 0 1 0
 3339 2543.675 3218.478 3 21 1.170 2.729 3.379122 2.729 0 1 0
 3340 2543.675 3212.628 3 21 1.170 2.729 3.174525 2.729 0 1 0
 3341 2543.675 3206.583 3 21 1.170 2.339 3.128595 2.339 0 1 0
 3342 2546.600 3116.298 3 21 4.680 1.949 5.254489 4.680 0 1 0
 3343 2547.965 3146.328 3 21 1.950 1.169 2.998560 1.950 0 1 0
 3344 2567.855 3116.103 3 21 5.850 2.339 5.184700 5.850 0 1 0
 3345 2569.610 3146.523 3 21 2.340 1.559 3.930876 2.340 0 1 0
 3346 2578.775 3116.103 3 21 5.850 2.339 6.359787 5.850 0 1 0
 3347 2589.305 3116.103 3 21 5.850 2.339 6.288208 5.850 0 1 0
 3348 2626.745 3131.313 3 21 51.091 3.119 62.515244 51.091 0 1 0
 3349 2602.175 3116.298 3 21 1.950 1.169 2.668104 1.950 0 1 0
 3350 2611.145 3116.103 3 21 5.850 2.339 6.156980 5.850 0 1 0
 3351 2621.870 3115.908 3 21 5.460 2.729 6.883506 5.460 0 1 0
 3352 2632.595 3116.298 3 21 5.850 1.949 5.696489 5.850 0 1 0
 3353 2643.515 3115.908 3 21 5.850 2.729 7.042173 5.850 0 1 0
 3354 2645.075 3146.328 3 21 2.730 1.169 3.333788 2.730 0 1 0
 3355 2650.535 3116.298 3 21 4.290 1.169 4.695577 4.290 0 1 0
 3356 2662.040 3195.273 3 21 6.240 1.559 8.199962 6.240 0 1 0
 3357 2666.525 3298.428 3 21 5.070 7.409 17.391888 7.409 0 1 0
 3358 2664.965 3289.458 3 21 1.950 5.849 10.169576 5.849 0 1 0
 3359 2672.765 3280.293 3 21 3.510 3.899 4.213016 3.899 0 1 0
 3360 2721.711 3131.508 3 21 101.403 2.729 127.159960 101.403 0 1 0
 3361 2677.250 3116.103 3 21 3.120 1.559 5.005753 3.120 0 1 0
 3362 2692.070 3116.103 3 21 22.620 2.339 17.644204 22.620 0 1 0
 3363 2690.510 3275.418 3 21 4.680 8.189 12.257294 8.189 0 1 0
 3364 2691.875 3268.593 3 21 1.950 1.559 2.691964 1.950 0 1 0
 3365 2699.480 3146.328 3 21 1.560 1.169 2.251754 1.560 0 1 0
 3366 2708.255 3116.103 3 21 5.850 2.339 6.326384 5.850 0 1 0
 3367 2721.126 3115.908 3 21 1.950 1.949 3.606981 1.950 0 1 0
 3368 2721.126 3146.133 3 21 1.170 0.779 1.692245 1.170 0 1 0
 3369 2730.096 3115.908 3 21 5.850 2.729 6.656840 5.850 0 1 0
 3370 2741.016 3116.103 3 21 5.850 2.339 6.234524 5.850 0 1 0
 3371 2748.426 3217.113 3 21 0.390 0.779 0.715193 0.779 0 1 0
 3372 2751.546 3116.103 3 21 5.850 2.339 6.250033 5.850 0 1 0
 3373 2754.666 3146.328 3 21 1.950 1.169 2.153929 1.950 0 1 0
 3374 2762.466 3116.103 3 21 5.850 2.339 7.084524 5.850 0 1 0
 3375 2764.416 3146.133 3 21 1.170 0.779 1.506140 1.170 0 1 0
 3376 2770.071 3116.103 3 21 5.460 1.559 6.514875 5.460 0 1 0
 3377 2780.601 3195.273 3 21 2.340 1.559 3.303367 2.340 0 1 0
 3378 2819.211 3132.288 3 21 55.381 4.289 8.854313 55.381 0 1 0
 3379 2795.226 3116.298 3 21 5.070 1.949 7.933331 5.070 0 1 0
 3380 2797.956 3195.273 3 21 7.410 1.559 11.753259 7.410 0 1 0
 3381 2796.786 3146.328 3 21 1.950 1.169 2.842876 1.950 0 1 0
 3382 2807.706 3115.908 3 21 1.950 1.949 3.376139 1.950 0 1 0
 3383 2820.381 3116.103 3 21 19.500 2.339 11.712101 19.500 0 1 0
 3384 2815.311 3195.273 3 21 7.020 1.559 9.652418 7.020 0 1 0
 3385 2818.431 3146.133 3 21 1.560 0.779 1.818105 1.560 0 1 0
 3386 2832.666 3116.493 3 21 1.170 0.779 1.569964 1.170 0 1 0
 3387 2838.516 3195.858 3 21 1.950 0.389 1.898631 1.950 0 1 0
 3388 2840.076 3115.908 3 21 1.950 1.949 3.537192 1.950 0 1 0
 3389 2848.071 3116.103 3 21 10.140 2.339 11.078031 10.140 0 1 0
 3390 2850.996 3131.118 3 21 3.510 1.949 4.625191 3.510 0 1 0
 3391 2850.606 3146.133 3 21 1.170 0.779 1.556245 1.170 0 1 0
 3392 2865.231 2785.578 3 21 0.780 1.169 0.898315 1.169 0 1 0
 3393 2893.701 3223.938 3 21 5.460 11.309 14.314592 11.309 0 1 0
 3394 2918.661 3236.028 3 21 46.021 7.409 111.341016 46.021 0 1 0
 3395 2907.156 3220.428 3 21 15.210 5.069 6.388419 15.210 0 1 0
 3396 2910.861 3212.823 3 21 0.780 3.899 4.113999 3.899 0 1 0
 3397 2910.861 3207.753 3 21 0.780 1.559 1.934420 1.559 0 1 0
 3398 2922.756 3221.793 3 21 5.850 1.559 3.697051 5.850 0 1 0
 3399 2935.431 3131.508 3 21 27.300 2.729 35.744724 27.300 0 1 0
 3400 2925.096 3116.298 3 21 5.070 1.949 7.360699 5.070 0 1 0
 3401 2926.851 3146.328 3 21 1.560 1.169 2.000034 1.560 0 1 0
 3402 2939.331 3116.103 3 21 19.500 2.339 14.297890 19.500 0 1 0
 3403 2938.356 3220.233 3 21 4.290 3.899 3.011683 4.290 0 1 0
 3404 2948.301 3146.328 3 21 1.560 1.169 2.344210 1.560 0 1 0
 3405 2972.481 3233.103 3 21 7.020 3.119 12.132031 7.020 0 1 0
 3406 2984.961 3167.778 3 21 0.780 0.389 1.031333 0.780 0 1 0
 3407 2991.201 3167.778 3 21 0.780 0.389 0.986000 0.780 0 1 0
 3408 2997.441 3149.643 3 21 1.560 0.779 3.160209 1.560 0 1 0
 3409 3000.171 3167.583 3 21 1.560 0.779 1.785298 1.560 0 1 0
 3410 3003.291 3280.293 3 21 7.020 10.919 19.576836 10.919 0 1 0
 3411 3003.681 3242.463 3 21 2.340 3.119 2.492140 3.119 0 1 0
 3412 3009.336 3299.793 3 21 1.950 0.779 2.294104 1.950 0 1 0
 3413 3009.336 3305.838 3 21 1.170 0.389 1.340912 1.170 0 1 0
 3414 3014.991 3167.778 3 21 0.780 0.389 0.993754 0.780 0 1 0
 3415 3014.991 3149.448 3 21 0.780 0.389 0.995544 0.780 0 1 0
 3416 3038.196 3304.863 3 21 0.390 0.779 0.980631 0.779 0 1 0
 3417 3043.071 3301.353 3 21 5.460 10.139 10.783961 10.139 0 1 0
 3418 3085.386 3237.978 3 21 3.510 39.389 18.252624 39.389 0 1 0
 3419 3090.456 3209.313 3 21 1.950 1.559 1.271719 1.950 0 1 0
 3420 3096.891 3271.713 3 21 1.560 0.779 1.462000 1.560 0 1 0
 3421 3097.086 3289.653 3 21 1.170 0.779 1.278280 1.170 0 1 0
 3422 3097.086 3247.533 3 21 1.170 0.779 1.305122 1.170 0 1 0
 3423 3097.086 3223.548 3 21 1.170 1.169 1.557438 1.170 0 1 0
 3424 3097.281 3295.698 3 21 0.780 1.169 1.259789 1.169 0 1 0
 3425 3127.117 3310.908 3 21 3.510 1.169 3.070139 3.510 0 1 0
 3426 3136.282 3310.908 3 21 3.120 1.169 2.952631 3.120 0 1 0
 3427 3173.527 3267.423 3 21 48.751 59.279 313.336736 59.279 0 1 0
 3428 3157.147 3215.358 3 21 13.650 30.029 27.074728 30.029 0 1 0
 3429 3153.052 3304.863 3 21 3.900 4.679 13.299960 4.679 0 1 0
 3430 3157.147 3186.108 3 21 3.510 1.949 2.589368 3.510 0 1 0
 3431 3160.657 3122.343 3 21 10.530 2.339 11.820066 10.530 0 1 0
 3432 3157.927 3180.063 3 21 1.950 3.899 5.970279 3.899 0 1 0
 3433 3162.022 3164.853 3 21 1.560 2.339 3.595051 2.339 0 1 0
 3434 3171.772 3230.568 3 21 1.560 1.949 3.012876 1.949 0 1 0
 3435 3178.987 3222.378 3 21 1.950 2.729 4.096104 2.729 0 1 0
 3436 3188.932 3223.548 3 21 12.480 5.069 21.687220 12.480 0 1 0
 3437 3237.682 3110.643 3 21 0.780 0.779 1.254421 0.780 0 1 0
 3438 3240.412 3167.388 3 21 3.900 4.289 7.978067 4.289 0 1 0
 3439 3259.522 3181.428 3 21 7.020 1.949 9.744277 7.020 0 1 0
 3440 3268.882 3181.623 3 21 7.020 1.559 9.004629 7.020 0 1 0
 3441 3354.487 3182.598 3 21 1.170 0.389 1.216842 1.170 0 1 0
 3442 3360.142 3182.598 3 21 1.560 0.389 1.524035 1.560 0 1 0
 3443 3397.192 3300.183 3 21 0.780 3.119 1.551473 3.119 0 1 0
 3444 3396.997 3289.653 3 21 0.390 0.779 0.980631 0.779 0 1 0
 3445 3397.972 3252.408 3 21 2.340 7.409 8.471962 7.409 0 1 0
 3446 3402.262 3186.498 3 21 7.800 8.189 7.596313 8.189 0 1 0
 3447 3407.917 3249.678 3 21 9.750 83.069 300.407808 83.069 0 1 0
 3448 3416.107 3238.758 3 21 2.730 61.229 95.369968 61.229 0 1 0
 3449 3416.302 3290.043 3 21 2.340 2.339 4.484420 2.340 0 1 0
 3450 3424.882 3278.538 3 21 10.140 25.349 11.712101 25.349 0 1 0
 3451 3437.947 3297.258 3 21 1.170 1.169 1.469754 1.170 0 1 0
 3452 3437.752 3291.993 3 21 0.780 0.779 1.170315 0.780 0 1 0
 3453 3456.862 3309.153 3 21 1.560 1.559 2.436069 1.560 0 1 0
 3454 4301.800 3242.658 3 21 52.651 15.989 79.246816 52.651 0 1 0
 3455 4320.130 3276.198 3 21 5.070 16.769 29.052094 16.769 0 1 0
 3456 177.344 3236.418 2 21 17.940 31.589 23.272096 31.589 0 1 0
 3457 779.311 3123.903 2 21 3.510 27.299 19.621572 27.299 0 1 0
 3458 821.821 3126.438 2 21 5.070 18.329 13.841574 18.329 0 1 0
 3459 832.156 3124.098 2 21 3.900 27.689 14.602100 27.689 0 1 0
 3460 844.246 3121.953 2 21 3.900 23.399 16.275258 23.399 0 1 0
 3461 981.331 3117.273 2 21 4.290 4.679 3.910595 4.679 0 1 0
 3462 981.331 3107.718 2 21 4.290 4.289 3.126806 4.290 0 1 0
 3463 1079.416 3206.388 2 21 1.560 1.949 1.489438 1.949 0 1 0
 3464 1266.812 3138.723 2 21 4.290 1.559 5.812209 4.290 0 1 0
 3465 1341.302 3181.623 2 21 34.711 9.359 66.165768 34.711 0 1 0
 3466 1354.367 3201.123 2 21 13.260 5.459 17.339994 13.260 0 1 0
 3467 1511.928 3286.728 2 21 1.560 4.289 2.243999 4.289 0 1 0
 3468 1836.603 3175.578 2 21 4.290 3.509 4.464139 4.290 0 1 0
 3469 1847.718 2740.923 2 21 1.560 0.779 0.974666 1.560 0 1 0
 3470 1923.184 2996.763 2 21 1.170 0.779 0.978842 1.170 0 1 0
 3471 1931.374 3012.168 2 21 14.430 13.649 66.622084 14.430 0 1 0
 3472 1942.489 2681.253 2 21 4.680 2.339 4.133086 4.680 0 1 0
 3473 2052.469 2910.573 2 21 3.120 2.339 2.783227 3.120 0 1 0
 3474 2064.559 2910.963 2 21 14.040 3.899 14.145785 14.040 0 1 0
 3475 2087.374 2912.133 2 21 26.130 6.239 56.278928 26.130 0 1 0
 3476 2106.484 2743.848 2 21 1.170 0.389 0.715193 1.170 0 1 0
 3477 2112.724 2916.423 2 21 10.530 3.899 9.666734 10.530 0 1 0
 3478 2113.699 2910.378 2 21 10.140 2.729 14.927784 10.140 0 1 0
 3479 2121.499 3179.673 2 21 5.460 5.459 10.656312 5.460 0 1 0
 3480 2121.304 2915.838 2 21 2.730 2.729 2.374631 2.730 0 1 0
 3481 2134.954 2910.183 2 21 23.010 3.119 18.556836 23.010 0 1 0
 3482 2156.404 2916.033 2 21 3.510 2.339 4.060911 3.510 0 1 0
 3483 2195.209 2913.498 2 21 56.941 10.529 105.713120 56.941 0 1 0
 3484 2215.294 3036.933 2 21 5.070 3.119 5.045718 5.070 0 1 0
 3485 2343.215 2917.008 2 21 175.116 16.769 571.611392 175.116 0 1 0
 3486 2392.745 3149.643 2 21 1.950 10.919 12.470241 10.919 0 1 0
 3487 2392.940 3126.828 2 21 2.340 30.809 23.728412 30.809 0 1 0
 3488 2406.980 2647.128 2 21 2.340 0.389 1.420245 2.340 0 1 0
 3489 2409.710 3237.393 2 21 2.340 2.339 0.803473 2.340 0 1 0
 3490 2463.335 2914.278 2 21 55.771 9.749 48.673668 55.771 0 1 0
 3491 2477.960 2922.858 2 21 24.960 3.509 9.430523 24.960 0 1 0
 3492 2708.256 2917.203 2 21 398.203 17.159 1789.365760 398.203 0 1 0
 3493 2655.020 3242.658 2 21 1.560 0.389 1.494210 1.560 0 1 0
 3494 2703.381 3206.583 2 21 4.680 1.559 4.512455 4.680 0 1 0
 3495 2735.556 3298.818 2 21 56.551 9.749 151.648896 56.551 0 1 0
 3496 2710.011 3206.778 2 21 0.780 0.389 0.944842 0.780 0 1 0
 3497 2719.566 3206.973 2 21 11.310 1.559 7.715611 11.310 0 1 0
 3498 2730.486 3207.168 2 21 3.510 1.169 2.504069 3.510 0 1 0
 3499 2735.751 3206.973 2 21 3.120 0.779 1.192386 3.120 0 1 0
 3500 2742.576 3206.973 2 21 5.070 1.559 4.659191 5.070 0 1 0
 3501 2757.006 3207.168 2 21 3.510 1.169 3.831262 3.510 0 1 0
 3502 2784.111 3245.778 2 21 1.560 1.169 2.239227 1.560 0 1 0
 3503 2871.471 3218.673 2 21 1.560 0.779 1.886105 1.560 0 1 0
 3504 2883.561 3212.628 2 21 0.780 0.389 1.014035 0.780 0 1 0
 3505 2916.126 3215.748 2 21 1.170 0.389 1.354631 1.170 0 1 0
 3506 2921.976 3215.748 2 21 1.950 1.169 1.935017 1.950 0 1 0
 3507 2928.216 3215.748 2 21 1.170 0.389 1.275298 1.170 0 1 0
 3508 2952.006 3221.598 2 21 0.390 0.389 0.732491 0.390 0 1 0
 3509 2988.081 3215.553 2 21 0.780 0.779 1.138701 0.780 0 1 0
 3510 3005.826 3233.688 2 21 1.170 1.169 1.753087 1.170 0 1 0
 3511 3012.261 3233.688 2 21 0.780 0.389 0.986596 0.780 0 1 0
 3512 3042.681 3203.658 2 21 0.780 0.389 0.977052 0.780 0 1 0
 3513 3055.551 3190.983 2 21 15.600 49.919 160.927312 49.919 0 1 0
 3514 3054.381 3233.688 2 21 0.780 0.389 1.013438 0.780 0 1 0
 3515 3057.696 3223.743 2 21 3.510 9.359 10.794698 9.359 0 1 0
 3516 3075.052 3206.583 2 21 2.340 0.779 2.420561 2.340 0 1 0
 3517 3075.052 3236.808 2 21 0.780 0.389 1.012245 0.780 0 1 0
 3518 3075.052 3230.568 2 21 0.780 0.389 0.758737 0.780 0 1 0
 3519 3078.367 3209.703 2 21 1.950 0.779 2.154526 1.950 0 1 0
 3520 3078.172 3203.658 2 21 0.780 0.389 1.000912 0.780 0 1 0
 3521 3081.097 3206.583 2 21 1.950 0.779 2.046561 1.950 0 1 0
 3522 3090.067 3203.658 2 21 1.170 0.389 1.222210 1.170 0 1 0
 3523 3114.052 3203.853 2 21 0.780 0.779 1.234140 0.780 0 1 0
 3524 3117.367 3206.583 2 21 1.170 0.779 1.552666 1.170 0 1 0
 3525 3120.292 3203.853 2 21 0.780 0.779 1.240105 0.780 0 1 0
 3526 3120.292 3197.808 2 21 0.780 0.389 0.999122 0.780 0 1 0
 3527 3123.217 3206.973 2 21 1.170 0.779 1.264561 1.170 0 1 0
 3528 3152.857 3194.688 2 21 1.170 0.389 1.327789 1.170 0 1 0
 3529 3159.487 3193.323 2 21 8.189 10.139 13.276697 10.139 0 1 0
 3530 3284.482 2917.008 2 21 174.726 17.549 1517.249536 174.726 0 1 0
 3531 3240.022 3191.763 2 21 1.560 0.779 1.902806 1.560 0 1 0
 3532 3242.947 3182.793 2 21 1.170 0.779 1.500175 1.170 0 1 0
 3533 3383.152 3115.713 2 21 10.140 44.459 52.932616 44.459 0 1 0
 3534 3384.907 2990.523 2 21 2.730 20.279 10.343154 20.279 0 1 0
 3535 3414.157 2915.253 2 21 34.711 14.039 152.105216 34.711 0 1 0
 3536 3399.142 3176.553 2 21 1.560 0.779 1.833613 1.560 0 1 0
 3537 3405.772 3149.058 2 21 1.560 13.649 10.799470 13.649 0 1 0
 3538 3406.162 3165.633 2 21 1.560 14.819 5.932103 14.819 0 1 0
 3539 3451.597 3184.158 2 21 58.892 4.289 30.421042 58.892 0 1 0
 3540 3426.052 3173.628 2 21 1.560 0.389 1.558631 1.560 0 1 0
 3541 3429.172 3188.838 2 21 2.340 1.169 2.803508 2.340 0 1 0
 3542 3432.097 3173.628 2 21 1.950 0.389 1.772175 1.950 0 1 0
 3543 3435.217 3188.838 2 21 1.950 1.169 2.755789 1.950 0 1 0
 3544 3437.947 3173.628 2 21 1.170 0.389 1.266947 1.170 0 1 0
 3545 3652.643 2917.008 2 21 423.554 17.549 2951.601664 423.554 0 1 0
 3546 3444.187 3173.823 2 21 1.170 0.779 1.584280 1.170 0 1 0
 3547 3447.112 3176.748 2 21 1.560 0.389 1.506140 1.560 0 1 0
 3548 3450.232 3179.673 2 21 1.560 0.779 1.961262 1.560 0 1 0
 3549 3453.158 3188.838 2 21 1.950 1.169 2.663929 1.950 0 1 0
 3550 3453.158 3176.748 2 21 1.170 0.389 1.283649 1.170 0 1 0
 3551 3456.083 3173.628 2 21 1.560 0.389 1.541929 1.560 0 1 0
 3552 3462.128 3173.628 2 21 1.950 0.389 1.736982 1.950 0 1 0
 3553 3465.248 3176.748 2 21 1.170 0.389 1.266947 1.170 0 1 0
 3554 3468.173 3179.868 2 21 1.560 0.389 1.263964 1.560 0 1 0
 3555 3468.173 3173.628 2 21 1.560 0.389 1.544912 1.560 0 1 0
 3556 3471.098 3188.643 2 21 1.950 0.779 2.302455 1.950 0 1 0
 3557 3480.068 3179.868 2 21 1.170 0.389 1.293193 1.170 0 1 0
 3558 3506.588 3129.948 2 21 2.730 48.749 52.628404 48.749 0 1 0
 3559 3550.268 3125.658 2 21 8.970 25.349 31.789988 25.349 0 1 0
 3560 3549.878 3153.738 2 21 1.170 16.769 4.106841 16.769 0 1 0
 3561 3549.878 3142.233 2 21 1.170 1.559 1.966631 1.559 0 1 0
 3562 3590.243 3114.348 2 21 20.280 3.509 8.703401 20.280 0 1 0
 3563 3605.063 3113.373 2 21 3.900 1.559 4.308455 3.900 0 1 0
 3564 3615.008 3129.168 2 21 1.170 1.169 1.586666 1.170 0 1 0
 3565 3642.113 3084.123 2 21 0.780 1.559 1.349859 1.559 0 1 0
 3566 3651.278 3146.718 2 21 1.170 0.389 1.305122 1.170 0 1 0
 3567 3650.888 3081.198 2 21 0.390 1.169 0.758140 1.169 0 1 0
 3568 3654.203 3084.318 2 21 0.780 1.169 1.014035 1.169 0 1 0
 3569 3657.713 3098.748 2 21 2.340 1.169 1.514491 2.340 0 1 0
 3570 3659.078 3113.568 2 21 1.170 0.389 1.060561 1.170 0 1 0
 3571 3659.663 3125.658 2 21 0.780 0.389 1.009859 0.780 0 1 0
 3572 3663.173 3098.943 2 21 1.560 0.779 1.239508 1.560 0 1 0
 3573 3663.368 3116.883 2 21 1.170 0.779 1.527614 1.170 0 1 0
 3574 3666.098 3107.913 2 21 1.170 0.779 1.674350 1.170 0 1 0
 3575 3666.098 3101.868 2 21 1.170 1.169 1.697613 1.170 0 1 0
 3576 3669.023 3134.823 2 21 1.560 0.779 1.463789 1.560 0 1 0
 3577 3669.023 3116.688 2 21 0.780 0.389 1.036105 0.780 0 1 0
 3578 3672.143 3125.658 2 21 1.560 0.389 0.759333 1.560 0 1 0
 3579 3675.068 3146.718 2 21 1.170 0.389 1.290210 1.170 0 1 0
 3580 3675.263 3116.688 2 21 1.560 0.389 0.999122 1.560 0 1 0
 3581 3678.188 3125.658 2 21 1.170 0.389 1.292000 1.170 0 1 0
 3582 3681.113 3128.778 2 21 1.560 0.389 1.524631 1.560 0 1 0
 3583 3680.918 3080.808 2 21 1.170 0.389 0.998526 1.170 0 1 0
 3584 3683.843 3125.658 2 21 0.780 0.389 1.028947 0.780 0 1 0
 3585 3693.008 3086.658 2 21 1.170 0.389 1.301543 1.170 0 1 0
 3586 3699.053 3086.658 2 21 1.560 0.389 1.538350 1.560 0 1 0
 3587 3711.143 3086.658 2 21 1.560 0.389 1.555052 1.560 0 1 0
 3588 3726.938 3306.813 2 21 0.390 4.679 3.788315 4.679 0 1 0
 3589 3727.328 3080.808 2 21 0.390 4.289 3.333192 4.289 0 1 0
 3590 3729.083 3134.628 2 21 1.560 0.389 1.593228 1.560 0 1 0
 3591 3740.978 3080.613 2 21 1.170 0.779 1.668385 1.170 0 1 0
 3592 3747.023 3090.363 2 21 0.780 0.779 1.267543 0.780 0 1 0
 3593 3751.508 3141.453 2 21 0.390 0.779 1.012245 0.779 0 1 0
 3594 3765.938 3089.973 2 21 1.170 5.459 3.653508 5.459 0 1 0
 3595 3789.143 3164.658 2 21 1.560 0.389 1.530596 1.560 0 1 0
 3596 3789.143 3158.808 2 21 1.560 0.389 1.521649 1.560 0 1 0
 3597 3789.143 3110.643 2 21 1.560 0.779 1.586070 1.560 0 1 0
 3598 3789.338 3140.673 2 21 1.170 0.779 1.268736 1.170 0 1 0
 3599 3792.263 3155.883 2 21 1.560 0.779 1.837789 1.560 0 1 0
 3600 3792.263 3107.913 2 21 1.560 0.779 1.510315 1.560 0 1 0
 3601 3794.993 3158.808 2 21 1.560 0.389 1.540140 1.560 0 1 0
 3602 3794.993 3134.823 2 21 1.560 0.779 1.932034 1.560 0 1 0
 3603 3795.188 3164.658 2 21 1.170 0.389 1.283052 1.170 0 1 0
 3604 3795.188 3128.778 2 21 1.170 0.389 1.294982 1.170 0 1 0
 3605 3798.113 3143.793 2 21 1.560 0.779 1.825859 1.560 0 1 0
 3606 3797.528 3125.658 2 21 0.390 0.389 0.769473 0.390 0 1 0
 3607 3804.743 3185.913 2 21 0.780 1.559 1.528807 1.559 0 1 0
 3608 3819.563 3182.598 2 21 3.120 2.729 6.091963 3.120 0 1 0
 3609 3820.148 3103.818 2 21 0.390 0.389 0.740245 0.390 0 1 0
 3610 3822.098 3095.628 2 21 1.170 0.389 1.284842 1.170 0 1 0
 3611 3826.388 3303.108 2 21 0.390 5.849 4.570911 5.849 0 1 0
 3612 3829.118 3193.713 2 21 2.730 0.779 2.184947 2.730 0 1 0
 3613 3840.818 3192.348 2 21 4.290 3.509 9.654207 4.290 0 1 0
 3614 3850.959 3196.443 2 21 8.189 0.779 6.801787 8.189 0 1 0
 3615 3854.469 3251.433 2 21 0.390 0.779 0.975859 0.779 0 1 0
 3616 3861.099 3134.823 2 21 1.950 0.779 2.140806 1.950 0 1 0
 3617 3861.294 3146.718 2 21 1.560 1.169 2.131859 1.560 0 1 0
 3618 3864.024 3143.793 2 21 1.560 0.779 1.961859 1.560 0 1 0
 3619 3864.219 3137.748 2 21 1.170 0.389 1.318842 1.170 0 1 0
 3620 3867.144 3146.913 2 21 1.560 0.779 1.868806 1.560 0 1 0
 3621 3870.069 3137.748 2 21 1.170 0.389 1.292000 1.170 0 1 0
 3622 3870.264 3131.703 2 21 1.560 0.779 2.026280 1.560 0 1 0
 3623 3870.264 3107.718 2 21 1.560 0.389 1.524631 1.560 0 1 0
 3624 3872.994 3146.718 2 21 1.560 0.389 1.566982 1.560 0 1 0
 3625 3876.114 3143.793 2 21 1.560 0.779 1.919508 1.560 0 1 0
 3626 3876.114 3137.748 2 21 1.560 1.169 2.156315 1.560 0 1 0
 3627 3879.234 3128.583 2 21 1.560 0.779 1.918315 1.560 0 1 0
 3628 3881.964 3125.658 2 21 1.560 0.389 1.537157 1.560 0 1 0
 3629 3885.084 3134.823 2 21 1.560 0.779 1.765017 1.560 0 1 0
 3630 3888.204 3143.793 2 21 1.560 0.779 2.020315 1.560 0 1 0
 3631 3888.204 3131.703 2 21 1.560 0.779 2.029262 1.560 0 1 0
 3632 3892.494 2921.103 2 21 10.140 2.339 9.311225 10.140 0 1 0
 3633 3894.054 3143.793 2 21 1.560 0.779 1.493614 1.560 0 1 0
 3634 3897.174 3146.718 2 21 1.560 1.169 2.014947 1.560 0 1 0
 3635 3897.174 3140.673 2 21 1.560 0.779 2.093684 1.560 0 1 0
 3636 3900.099 3143.793 2 21 1.950 0.779 2.174210 1.950 0 1 0
 3637 3900.099 3137.748 2 21 1.950 1.169 2.462911 1.950 0 1 0
 3638 3900.294 3131.703 2 21 1.560 0.779 1.995859 1.560 0 1 0
 3639 3899.904 3107.718 2 21 0.780 0.389 1.033122 0.780 0 1 0
 3640 3911.604 2909.793 2 21 17.940 2.339 18.404730 17.940 0 1 0
 3641 3906.144 3143.793 2 21 1.560 0.779 2.006596 1.560 0 1 0
 3642 3905.949 3137.748 2 21 1.170 0.389 1.317052 1.170 0 1 0
 3643 3905.949 3131.508 2 21 1.170 0.389 1.013438 1.170 0 1 0
 3644 3906.534 3233.688 2 21 0.780 0.389 1.031333 0.780 0 1 0
 3645 3906.729 3227.838 2 21 1.170 1.169 1.614105 1.170 0 1 0
 3646 3906.729 3239.733 2 21 0.390 0.779 0.999719 0.779 0 1 0
 3647 3907.314 3215.163 2 21 1.560 3.899 4.951472 3.899 0 1 0
 3648 3909.264 3134.823 2 21 1.560 0.779 1.307508 1.560 0 1 0
 3649 3915.114 3146.913 2 21 1.560 0.779 1.800806 1.560 0 1 0
 3650 3915.114 3134.823 2 21 1.560 0.779 1.922491 1.560 0 1 0
 3651 3918.234 3119.808 2 21 1.560 0.389 1.304526 1.560 0 1 0
 3652 3918.039 3107.718 2 21 1.170 0.389 1.280070 1.170 0 1 0
 3653 3921.159 3146.718 2 21 1.950 1.169 2.400876 1.950 0 1 0
 3654 3921.159 3128.583 2 21 1.170 0.779 1.629613 1.170 0 1 0
 3655 3924.084 3137.748 2 21 1.560 0.389 1.560421 1.560 0 1 0
 3656 3924.279 3125.658 2 21 1.170 0.389 0.763509 1.170 0 1 0
 3657 3927.204 3146.718 2 21 1.560 0.389 1.569964 1.560 0 1 0
 3658 3927.009 3128.583 2 21 1.170 0.779 1.597999 1.170 0 1 0
 3659 3930.129 3131.703 2 21 1.170 0.779 1.682105 1.170 0 1 0
 3660 3956.649 2916.813 2 21 51.871 16.379 289.304128 51.871 0 1 0
 3661 3935.979 3143.598 2 21 1.170 0.389 1.286035 1.170 0 1 0
 3662 3935.979 3107.718 2 21 1.170 0.389 1.277684 1.170 0 1 0
 3663 3939.099 3146.718 2 21 1.170 0.389 1.291403 1.170 0 1 0
 3664 3945.144 3146.718 2 21 1.560 0.389 1.550280 1.560 0 1 0
 3665 3945.144 3134.823 2 21 1.560 0.779 1.515087 1.560 0 1 0
 3666 3948.069 3143.793 2 21 1.170 0.779 1.535964 1.170 0 1 0
 3667 3948.264 3137.748 2 21 1.560 0.389 1.510912 1.560 0 1 0
 3668 3950.799 3182.208 2 21 5.850 0.389 3.737016 5.850 0 1 0
 3669 3950.994 3140.673 2 21 1.560 0.779 1.927859 1.560 0 1 0
 3670 3951.189 3128.583 2 21 1.170 0.779 1.520456 1.170 0 1 0
 3671 3953.919 3143.598 2 21 1.170 0.389 1.274701 1.170 0 1 0
 3672 3957.234 3146.718 2 21 1.560 1.169 2.212982 1.560 0 1 0
 3673 3957.039 3128.778 2 21 1.170 0.389 1.281859 1.170 0 1 0
 3674 3959.964 3137.748 2 21 0.780 0.389 1.006280 0.780 0 1 0
 3675 3960.354 3119.808 2 21 1.560 0.389 1.308701 1.560 0 1 0
 3676 3963.084 3146.718 2 21 1.560 0.389 1.542526 1.560 0 1 0
 3677 3963.084 3134.628 2 21 0.780 0.389 1.034912 0.780 0 1 0
 3678 3963.084 3128.778 2 21 0.780 0.389 1.020596 0.780 0 1 0
 3679 3965.814 3182.208 2 21 2.340 0.389 2.000034 2.340 0 1 0
 3680 3966.009 3143.598 2 21 1.170 0.389 1.307508 1.170 0 1 0
 3681 3968.739 3140.673 2 21 1.170 0.779 1.559228 1.170 0 1 0
 3682 3968.934 3134.628 2 21 1.560 0.389 1.518666 1.560 0 1 0
 3683 3972.054 3137.748 2 21 1.560 0.389 1.540736 1.560 0 1 0
 3684 3972.054 3143.598 2 21 0.780 0.389 1.018807 0.780 0 1 0
 3685 3974.004 3182.208 2 21 3.900 0.389 3.090420 3.900 0 1 0
 3686 3974.589 3122.538 2 21 0.390 0.389 0.766491 0.390 0 1 0
 3687 3978.099 3137.748 2 21 1.170 0.389 1.300947 1.170 0 1 0
 3688 3981.609 3288.288 2 21 2.730 1.949 5.037963 2.730 0 1 0
 3689 3981.024 3146.718 2 21 1.560 0.389 1.300350 1.560 0 1 0
 3690 3981.024 3140.673 2 21 1.560 0.779 1.916526 1.560 0 1 0
 3691 3980.829 3134.628 2 21 1.170 0.389 1.008666 1.170 0 1 0
 3692 3988.629 2857.728 2 21 15.990 52.649 159.102048 52.649 0 1 0
 3693 3988.629 2808.783 2 21 15.990 41.339 174.160464 41.339 0 1 0
 3694 3988.434 2742.288 2 21 14.820 47.189 140.545216 47.189 0 1 0
 3695 3983.169 2703.288 2 21 4.290 3.509 7.023085 4.290 0 1 0
 3696 3984.924 2682.033 2 21 7.020 15.599 18.556836 15.599 0 1 0
 3697 3988.239 2606.763 2 21 13.650 16.379 33.006830 16.379 0 1 0
 3698 3983.364 2594.283 2 21 3.900 3.899 7.239015 3.900 0 1 0
 3699 3983.559 2585.898 2 21 3.510 1.169 4.078806 3.510 0 1 0
 3700 3983.364 2562.888 2 21 2.340 4.289 7.114945 4.289 0 1 0
 3701 3985.704 3182.403 2 21 4.680 0.779 4.087157 4.680 0 1 0
 3702 3984.339 2672.088 2 21 1.170 0.389 1.223403 1.170 0 1 0
 3703 3985.899 2711.478 2 21 3.510 1.949 4.190349 3.510 0 1 0
 3704 3986.289 2771.343 2 21 2.730 0.779 2.062069 2.730 0 1 0
 3705 3989.604 2592.723 2 21 0.780 0.779 1.260982 0.780 0 1 0
 3706 3993.309 2647.908 2 21 1.170 0.389 1.311684 1.170 0 1 0
 3707 3994.869 3177.723 2 21 3.510 15.599 15.971047 15.599 0 1 0
 3708 3993.699 3161.148 2 21 1.170 7.409 4.229718 7.409 0 1 0
 3709 3996.429 2686.713 2 21 1.950 0.779 3.389859 1.950 0 1 0
 3710 3998.574 3107.718 2 21 0.780 0.389 1.008666 0.780 0 1 0
 3711 3999.354 2671.893 2 21 1.560 0.779 1.810350 1.560 0 1 0
 3712 3999.744 2666.043 2 21 0.780 0.779 0.755754 0.780 0 1 0
 3713 4002.084 3137.748 2 21 1.560 0.389 1.286035 1.560 0 1 0
 3714 4002.279 2668.968 2 21 1.170 0.389 1.269333 1.170 0 1 0
 3715 4003.254 3109.278 2 21 1.560 1.169 1.634982 1.560 0 1 0
 3716 4005.594 2665.848 2 21 0.780 0.389 1.009859 0.780 0 1 0
 3717 4008.129 2705.043 2 21 1.170 0.779 1.491824 1.170 0 1 0
 3718 4008.324 2644.983 2 21 1.560 0.779 1.780526 1.560 0 1 0
 3719 4010.079 3108.693 2 21 4.290 2.339 4.780279 4.290 0 1 0
 3720 4019.244 3115.323 2 21 20.280 3.899 10.495260 20.280 0 1 0
 3721 4011.834 2702.118 2 21 0.780 0.389 0.763509 0.780 0 1 0
 3722 4013.784 2723.178 2 21 0.780 0.389 1.003298 0.780 0 1 0
 3723 4014.564 2705.238 2 21 0.780 0.389 1.022386 0.780 0 1 0
 3724 4015.929 2855.778 2 21 1.950 3.509 3.011683 3.509 0 1 0
 3725 4017.684 2702.118 2 21 0.780 0.389 1.008666 0.780 0 1 0
 3726 4017.684 2647.908 2 21 0.780 0.389 1.006877 0.780 0 1 0
 3727 4021.389 3108.888 2 21 3.510 1.949 2.474841 3.510 0 1 0
 3728 4023.144 2869.038 2 21 5.460 3.509 3.329613 5.460 0 1 0
 3729 4022.754 2854.608 2 21 4.680 3.509 3.417297 4.680 0 1 0
 3730 4022.364 2838.618 2 21 3.900 2.729 2.680034 3.900 0 1 0
 3731 4023.144 2873.913 2 21 2.340 1.559 2.437262 2.340 0 1 0
 3732 4023.144 2861.628 2 21 2.340 1.169 2.385964 2.340 0 1 0
 3733 4023.144 2849.928 2 21 2.340 1.169 2.317368 2.340 0 1 0
 3734 4023.339 2831.598 2 21 1.950 1.169 2.253543 1.950 0 1 0
 3735 4023.144 2825.748 2 21 1.560 1.169 2.223719 1.560 0 1 0
 3736 4023.339 2672.088 2 21 1.170 0.389 1.294386 1.170 0 1 0
 3737 4023.534 2714.208 2 21 0.780 0.389 1.011649 0.780 0 1 0
 3738 4026.069 2822.628 2 21 1.950 1.169 2.460525 1.950 0 1 0
 3739 4026.069 2816.778 2 21 1.950 1.169 2.298280 1.950 0 1 0
 3740 4029.189 2826.723 2 21 5.070 3.119 2.978876 5.070 0 1 0
 3741 4029.189 2837.643 2 21 1.950 0.779 2.110982 1.950 0 1 0
 3742 4029.384 2831.598 2 21 1.560 1.169 2.094280 1.560 0 1 0
 3743 4029.384 2659.998 2 21 1.560 0.389 1.297368 1.560 0 1 0
 3744 4032.309 2822.628 2 21 1.950 1.169 2.309613 1.950 0 1 0
 3745 4032.309 2816.778 2 21 1.950 1.169 2.272631 1.950 0 1 0
 3746 4034.844 2825.748 2 21 1.560 1.169 1.904596 1.560 0 1 0
 3747 4035.429 2672.088 2 21 1.170 0.389 1.293193 1.170 0 1 0
 3748 4035.624 2647.908 2 21 0.780 0.389 1.019403 0.780 0 1 0
 3749 4038.159 2858.508 2 21 1.950 1.169 2.363894 1.950 0 1 0
 3750 4039.719 2850.903 2 21 5.070 3.119 3.516315 5.070 0 1 0
 3751 4038.159 2816.778 2 21 1.950 1.169 2.363297 1.950 0 1 0
 3752 4041.279 2861.823 2 21 1.950 0.779 1.991684 1.950 0 1 0
 3753 4041.084 2855.583 2 21 1.560 0.779 1.790666 1.560 0 1 0
 3754 4041.084 2825.553 2 21 1.560 0.779 2.066245 1.560 0 1 0
 3755 4044.009 2858.508 2 21 1.950 1.169 2.221929 1.950 0 1 0
 3756 4044.009 2816.778 2 21 1.950 1.169 2.338245 1.950 0 1 0
 3757 4043.814 3143.793 2 21 0.780 0.779 1.268736 0.780 0 1 0
 3758 4044.009 3137.748 2 21 1.170 0.389 1.049228 1.170 0 1 0
 3759 4047.129 2825.748 2 21 1.950 1.169 2.211192 1.950 0 1 0
 3760 4047.129 2720.253 2 21 1.170 0.779 1.699403 1.170 0 1 0
 3761 4047.519 2659.998 2 21 1.170 0.389 1.025965 1.170 0 1 0
 3762 4050.054 2931.048 2 21 4.680 5.069 11.830207 5.069 0 1 0
 3763 4050.249 2816.778 2 21 1.950 1.169 2.268455 1.950 0 1 0
 3764 4050.249 2662.923 2 21 1.170 0.779 1.692842 1.170 0 1 0
 3765 4050.249 2644.788 2 21 1.170 0.389 1.279473 1.170 0 1 0
 3766 4050.444 2675.208 2 21 0.780 0.389 1.021193 0.780 0 1 0
 3767 4050.639 2632.698 2 21 0.390 0.389 0.753965 0.390 0 1 0
 3768 4051.419 2962.638 2 21 0.390 1.169 1.253824 1.169 0 1 0
 3769 4052.979 3146.718 2 21 1.170 0.389 1.324807 1.170 0 1 0
 3770 4052.784 3134.628 2 21 0.780 0.389 1.014631 0.780 0 1 0
 3771 4052.979 2825.748 2 21 1.170 1.169 1.871192 1.170 0 1 0
 3772 4052.979 3305.838 2 21 0.390 8.189 6.477296 8.189 0 1 0
 3773 4053.369 2659.998 2 21 1.170 0.389 1.277087 1.170 0 1 0
 3774 4053.564 2672.088 2 21 0.780 0.389 1.011052 0.780 0 1 0
 3775 4059.024 3146.718 2 21 1.560 0.389 1.533578 1.560 0 1 0
 3776 4062.339 2668.968 2 21 1.170 0.389 1.283052 1.170 0 1 0
 3777 4064.874 2641.863 2 21 0.780 0.779 1.230561 0.780 0 1 0
 3778 4068.189 3143.598 2 21 1.170 0.389 1.317052 1.170 0 1 0
 3779 4067.994 2638.938 2 21 0.780 0.389 1.011649 0.780 0 1 0
 3780 4074.234 2917.983 2 21 3.900 10.139 19.385362 10.139 0 1 0
 3781 4074.234 2904.528 2 21 3.900 12.089 22.965500 12.089 0 1 0
 3782 4077.939 2892.048 2 21 11.310 7.409 15.855328 11.310 0 1 0
 3783 4074.429 2878.983 2 21 4.290 7.019 14.413609 7.019 0 1 0
 3784 4074.429 2857.143 2 21 4.290 11.699 22.045114 11.699 0 1 0
 3785 4073.259 2847.198 2 21 1.950 1.169 2.942490 1.950 0 1 0
 3786 4073.064 2841.153 2 21 1.560 6.239 9.177611 6.239 0 1 0
 3787 4079.889 2900.238 2 21 2.730 3.509 4.625788 3.509 0 1 0
 3788 4081.839 2915.253 2 21 3.510 1.559 3.833648 3.510 0 1 0
 3789 4083.204 2909.208 2 21 6.240 1.169 5.978630 6.240 0 1 0
 3790 4081.839 2857.533 2 21 3.510 3.119 3.622490 3.510 0 1 0
 3791 4083.009 2921.103 2 21 1.170 0.779 1.510315 1.170 0 1 0
 3792 4083.009 2879.958 2 21 1.170 0.389 1.312280 1.170 0 1 0
 3793 4085.934 2900.628 2 21 0.780 2.729 2.175403 2.729 0 1 0
 3794 4085.934 2858.313 2 21 0.780 0.779 1.317052 0.780 0 1 0
 3795 4086.714 2656.878 2 21 0.780 0.389 1.026561 0.780 0 1 0
 3796 4089.249 2647.908 2 21 1.170 0.389 1.285438 1.170 0 1 0
 3797 4089.444 2659.998 2 21 0.780 0.389 1.037298 0.780 0 1 0
 3798 4091.784 2633.868 2 21 1.560 2.729 3.748350 2.729 0 1 0
 3799 4095.294 2653.953 2 21 1.560 0.779 1.587263 1.560 0 1 0
 3800 4100.559 2634.843 2 21 8.970 0.779 6.343086 8.970 0 1 0
 3801 4098.413 2651.028 2 21 1.560 0.389 1.280666 1.560 0 1 0
 3802 4101.339 2684.178 2 21 1.170 0.389 1.283649 1.170 0 1 0
 3803 4104.069 2711.283 2 21 1.950 0.779 2.232069 1.950 0 1 0
 3804 4104.264 2656.878 2 21 1.560 0.389 1.541333 1.560 0 1 0
 3805 4103.874 2620.803 2 21 0.780 0.779 1.241894 0.780 0 1 0
 3806 4107.384 2611.638 2 21 1.560 0.389 1.540140 1.560 0 1 0
 3807 4110.114 2675.013 2 21 1.560 0.779 1.018807 1.560 0 1 0
 3808 4115.379 2634.843 2 21 10.530 0.779 7.972699 10.530 0 1 0
 3809 4116.354 2651.028 2 21 1.560 0.389 1.527614 1.560 0 1 0
 3810 4116.549 2656.878 2 21 1.170 0.389 1.270526 1.170 0 1 0
 3811 4116.743 2620.608 2 21 0.780 0.389 1.003298 0.780 0 1 0
 3812 4123.569 3180.648 2 21 2.730 0.389 2.342420 2.730 0 1 0
 3813 4131.564 2634.843 2 21 0.780 0.779 1.241894 0.780 0 1 0
 3814 4137.804 3286.143 2 21 0.780 5.459 4.974735 5.459 0 1 0
 3815 4141.899 2651.418 2 21 4.290 5.849 8.453471 5.849 0 1 0
 3816 4145.019 2634.843 2 21 10.530 0.779 5.383928 10.530 0 1 0
 3817 4148.724 2863.968 2 21 6.240 0.389 4.619227 6.240 0 1 0
 3818 4160.033 2634.843 2 21 14.040 0.779 6.844735 14.040 0 1 0
 3819 4162.179 3306.228 2 21 1.170 8.969 10.311540 8.969 0 1 0
 3820 4166.663 2641.668 2 21 1.560 0.389 1.249052 1.560 0 1 0
 3821 4170.368 2658.828 2 21 1.170 0.389 1.273508 1.170 0 1 0
 3822 4174.464 2634.843 2 21 7.020 0.779 5.024244 7.020 0 1 0
 3823 4176.999 3305.643 2 21 0.390 7.019 5.244349 7.019 0 1 0
 3824 4179.729 2645.373 2 21 0.390 0.779 1.015228 0.779 0 1 0
 3825 4179.729 2641.863 2 21 0.390 0.779 0.998526 0.779 0 1 0
 3826 4181.679 2634.843 2 21 3.510 0.779 3.193613 3.510 0 1 0
 3827 4191.429 2630.163 2 21 0.390 7.019 4.279227 7.019 0 1 0
 3828 4199.229 3143.793 2 21 1.170 1.559 1.346280 1.559 0 1 0
 3829 4199.229 3137.748 2 21 1.170 1.169 1.223403 1.170 0 1 0
 3830 4199.229 3128.778 2 21 1.170 7.409 5.599261 7.409 0 1 0
 3831 4199.424 3115.518 2 21 1.560 5.069 5.981016 5.069 0 1 0
 3832 4202.934 3146.523 2 21 0.780 0.779 1.370736 0.780 0 1 0
 3833 4203.324 3118.053 2 21 1.560 3.119 2.492736 3.119 0 1 0
 3834 4203.519 3122.733 2 21 1.170 1.559 1.614105 1.559 0 1 0
 3835 4229.259 3308.568 2 21 3.510 1.169 4.262525 3.510 0 1 0
 3836 4229.259 3301.548 2 21 3.510 1.169 4.264911 3.510 0 1 0
 3837 4229.259 3155.883 2 21 2.730 2.339 2.943087 2.730 0 1 0
 3838 4238.230 2649.468 2 21 1.170 3.509 3.109508 3.509 0 1 0
 3839 4238.425 2642.448 2 21 0.780 5.849 4.665156 5.849 0 1 0
 3840 4240.570 2572.248 2 21 0.390 1.949 1.513894 1.949 0 1 0
 3841 4263.970 2657.463 2 21 39.391 3.899 34.071568 39.391 0 1 0
 3842 4260.850 3226.668 2 21 1.950 0.389 1.765613 1.950 0 1 0
 3843 4274.695 2600.913 2 21 0.780 3.119 3.123227 3.119 0 1 0
 3844 4281.130 2602.083 2 21 1.950 0.779 2.149754 1.950 0 1 0
 3845 4295.950 2657.463 2 21 20.670 3.899 19.773678 20.670 0 1 0
 3846 4326.955 3263.913 2 21 11.700 0.779 10.288277 11.700 0 1 0
 3847 4337.095 2591.748 2 21 6.240 0.389 4.038841 6.240 0 1 0
 3848 4348.210 2641.083 2 21 0.390 2.339 1.521052 2.339 0 1 0
 3849 4352.110 2623.143 2 21 0.390 0.779 1.006280 0.779 0 1 0
 3850 4379.410 2621.583 2 21 0.390 3.119 2.275613 3.119 0 1 0
 3851 4379.410 2617.098 2 21 0.390 1.169 1.007473 1.169 0 1 0
 3852 4456.045 2648.688 2 21 98.283 23.009 127.007848 98.283 0 1 0
 3853 4412.560 2925.198 2 21 5.850 0.389 3.668420 5.850 0 1 0
 3854 4422.310 3101.478 2 21 7.410 215.669 960.392320 215.669 0 1 0
 3855 4423.285 2629.773 2 21 0.780 0.779 1.303929 0.780 0 1 0
 3856 4423.480 2593.893 2 21 0.390 0.779 1.003298 0.779 0 1 0
 3857 4430.305 2925.198 2 21 7.800 0.389 5.071963 7.800 0 1 0
 3858 4442.005 2867.283 2 21 3.120 1.559 4.217788 3.120 0 1 0
 3859 4457.605 2631.918 2 21 1.560 6.629 4.074630 6.629 0 1 0
 3860 4465.795 3222.378 2 21 9.360 19.109 51.867876 19.109 0 1 0
 3861 4463.845 3207.363 2 21 2.340 1.559 3.580736 2.340 0 1 0
 3862 4480.420 3228.813 2 21 4.290 5.459 7.951225 5.459 0 1 0
 3863 4556.665 2568.933 2 21 152.105 3.899 134.613120 152.105 0 1 0
 3864 4481.590 2612.028 2 21 0.390 1.169 1.262175 1.169 0 1 0
 3865 4496.605 3120.978 2 21 1.560 5.069 6.958664 5.069 0 1 0
 3866 4496.410 3110.058 2 21 1.170 5.069 5.419121 5.069 0 1 0
 3867 4498.165 3093.873 2 21 1.560 0.779 1.738175 1.560 0 1 0
 3868 4517.665 2644.398 2 21 15.600 1.169 10.343154 15.600 0 1 0
 3869 4521.760 3169.923 2 21 8.189 4.679 16.240661 8.189 0 1 0
 3870 4521.370 3152.763 2 21 3.510 0.779 3.684525 3.510 0 1 0
 3871 4530.145 2644.398 2 21 5.460 1.169 5.262840 5.460 0 1 0
 3872 4540.480 2653.758 2 21 1.170 0.389 1.311684 1.170 0 1 0
 3873 4543.600 2644.593 2 21 5.070 0.779 4.609683 5.070 0 1 0
 3874 4550.035 2644.398 2 21 3.900 0.389 2.534490 3.900 0 1 0
 3875 4559.200 3190.398 2 21 1.950 1.949 3.470981 1.950 0 1 0
 3876 4567.780 2644.593 2 21 7.410 0.779 6.838173 7.410 0 1 0
 3877 4571.680 3094.458 2 21 5.850 1.169 4.435507 5.850 0 1 0
 3878 4578.310 3259.038 2 21 9.750 48.749 383.000928 48.749 0 1 0
 3879 4592.155 3148.083 2 21 0.780 0.779 1.241894 0.780 0 1 0
 3880 4593.715 3133.458 2 21 3.900 8.189 7.641647 8.189 0 1 0
 3881 4592.350 3143.208 2 21 0.390 0.389 0.764701 0.390 0 1 0
 3882 4599.955 3154.128 2 21 2.340 1.949 4.297718 2.340 0 1 0
 3883 4612.240 3153.933 2 21 16.770 2.339 34.527884 16.770 0 1 0
 3884 4625.890 2644.398 2 21 10.530 1.169 9.085155 10.530 0 1 0
 3885 4632.716 3153.933 2 21 14.040 2.339 27.531044 14.040 0 1 0
 3886 4635.641 3112.008 2 21 5.070 1.949 6.119998 5.070 0 1 0
 3887 4635.641 2644.593 2 21 4.290 0.779 3.725086 4.290 0 1 0
 3888 4702.331 2568.933 2 21 134.554 3.899 146.325216 134.554 0 1 0
 3889 4646.951 3153.933 2 21 10.530 2.339 17.839256 10.530 0 1 0
 3890 4645.391 3111.618 2 21 6.630 1.169 7.614804 6.630 0 1 0
 3891 4657.676 2644.593 2 21 15.600 0.779 4.715262 15.600 0 1 0
 3892 4662.356 3147.888 2 21 1.560 1.169 2.348982 1.560 0 1 0
 3893 4662.161 3143.208 2 21 1.170 0.389 1.271122 1.170 0 1 0
 3894 4668.011 3203.268 2 21 3.510 3.509 3.499613 3.510 0 1 0
 3895 4672.886 3204.633 2 21 1.560 0.779 1.819894 1.560 0 1 0
 3896 4678.151 2644.593 2 21 10.530 0.779 8.182664 10.530 0 1 0
 3897 4683.026 3204.633 2 21 6.240 0.779 6.561998 6.240 0 1 0
 3898 4689.071 3199.368 2 21 1.170 4.289 3.067753 4.289 0 1 0
 3899 4692.386 3204.633 2 21 3.900 0.779 3.348701 3.900 0 1 0
 3900 4707.596 3204.633 2 21 7.800 0.779 7.321331 7.800 0 1 0
 3901 4712.666 3209.313 2 21 0.780 3.119 2.537473 3.119 0 1 0
 3902 4730.606 3203.268 2 21 9.360 3.509 8.591260 9.360 0 1 0
 3903 4727.876 3299.208 2 21 0.780 5.849 5.237191 5.849 0 1 0
 3904 4734.896 3209.118 2 21 0.780 1.949 1.868806 1.949 0 1 0
 3905 4739.771 3204.633 2 21 3.510 0.779 3.108911 3.510 0 1 0
 3906 4741.331 2644.398 2 21 3.510 0.389 2.027473 3.510 0 1 0
 3907 4744.646 3147.693 2 21 0.780 0.779 1.224000 0.780 0 1 0
 3908 4747.571 2644.398 2 21 3.510 0.389 2.530911 3.510 0 1 0
 3909 4750.496 3300.573 2 21 5.460 8.579 9.446032 8.579 0 1 0
 3910 4754.981 3205.218 2 21 8.189 1.949 8.355646 8.189 0 1 0
 3911 4758.491 3210.093 2 21 1.170 2.339 2.640069 2.339 0 1 0
 3912 4758.686 3200.733 2 21 0.780 2.339 2.204631 2.339 0 1 0
 3913 4764.146 3204.633 2 21 6.240 0.779 5.635051 6.240 0 1 0
 3914 4767.656 3147.888 2 21 0.780 1.169 1.667192 1.169 0 1 0
 3915 4770.191 3303.888 2 21 5.070 15.209 6.388419 15.209 0 1 0
 3916 4783.451 2569.128 2 21 23.790 3.509 19.621572 23.790 0 1 0
 3917 4775.261 3204.633 2 21 5.850 0.779 5.330244 5.850 0 1 0
 3918 4775.651 2644.398 2 21 1.950 1.169 2.331683 1.950 0 1 0
 3919 4782.281 3207.168 2 21 3.510 5.849 4.838735 5.849 0 1 0
 3920 4780.916 3201.318 2 21 0.780 1.169 1.442912 1.169 0 1 0
 3921 4787.156 3204.633 2 21 1.560 0.779 1.769192 1.560 0 1 0
 3922 4795.736 3204.633 2 21 1.560 0.779 2.669297 1.560 0 1 0
 3923 1827.243 2963.418 1 21 0.390 0.389 0.552947 0.390 0 1 0
 3924 1832.509 2969.658 1 21 1.560 1.169 0.946631 1.560 0 1 0
 3925 1835.629 2972.973 1 21 0.780 0.779 0.582772 0.780 0 1 0
 3926 1839.139 2975.703 1 21 0.780 1.559 0.700280 1.559 0 1 0
 3927 1940.539 2877.228 1 21 0.780 0.389 0.543403 0.780 0 1 0
 3928 2124.229 3218.673 1 21 0.780 0.779 0.399052 0.780 0 1 0
 3929 3053.017 2915.838 1 21 111.153 19.889 772.542400 111.153 0 1 0
 3930 1871.120 3063.258 0 21 0.780 1.169 1.154210 1.169 0 1 0
 3931 1940.540 2887.758 0 21 1.560 1.169 0.922175 1.560 0 1 0
 3932 1944.635 2862.408 0 21 8.970 2.729 12.205996 8.970 0 1 0
 3933 1946.000 2888.343 0 21 5.460 3.119 4.888244 5.460 0 1 0
 3934 1967.840 2916.618 0 21 7.800 3.509 8.058594 7.800 0 1 0
 3935 1989.680 2615.343 0 21 0.780 2.339 1.532982 2.339 0 1 0
 3936 2089.715 2916.228 0 21 159.515 15.989 383.305120 159.515 0 1 0
 3937 2091.080 3068.133 0 21 3.900 10.919 20.587292 10.919 0 1 0
 3938 2145.680 2960.493 0 21 1.560 0.779 1.054596 1.560 0 1 0
 3939 2221.536 2923.053 0 21 4.290 3.119 6.245858 4.290 0 1 0
 3940 2248.251 2910.573 0 21 28.861 4.679 61.754716 28.861 0 1 0
 3941 2256.246 2920.518 0 21 26.130 10.529 51.411560 26.130 0 1 0
 3942 2356.281 2916.423 0 21 84.242 16.379 173.704144 84.242 0 1 0
 3943 2421.216 2918.373 0 21 14.430 7.799 8.669997 14.430 0 1 0
 3944 2443.836 2922.273 0 21 11.310 3.119 11.443084 11.310 0 1 0
 3945 2516.961 2924.223 0 21 7.020 1.559 8.539366 7.020 0 1 0
 3946 2527.101 2925.003 0 21 2.340 0.779 1.780526 2.340 0 1 0
 3947 2564.932 2924.028 0 21 7.020 1.949 8.016839 7.020 0 1 0
 3948 2669.452 2917.203 0 21 96.723 17.159 175.833632 96.723 0 1 0
 3949 2767.147 2918.373 0 21 61.232 14.039 120.467328 61.232 0 1 0
 3950 2882.002 2922.468 0 21 4.680 3.509 5.125051 4.680 0 1 0
 3951 3141.548 2915.058 0 21 5.850 1.169 4.736735 5.850 0 1 0
 3952 3197.708 2602.863 0 21 1.170 1.559 1.135719 1.559 0 1 0
 3953 3234.953 2918.958 0 21 9.360 1.949 4.566735 9.360 0 1 0
 3954 3364.824 2924.808 0 21 3.120 0.389 2.515999 3.120 0 1 0
 3955 3417.474 2912.523 0 21 2.340 0.779 2.164666 2.340 0 1 0
 3956 3452.769 2923.638 0 21 3.510 1.169 3.475157 3.510 0 1 0
 3957 3608.964 2924.028 0 21 2.340 0.389 1.048631 2.340 0 1 0
 3958 3625.734 3073.008 0 21 4.680 5.069 2.938315 5.069 0 1 0
 3959 3698.664 2922.078 0 21 0.780 0.389 0.721158 0.780 0 1 0
 3960 3729.669 2924.613 0 21 1.170 0.779 1.117228 1.170 0 1 0
 3961 3759.115 2919.153 0 21 3.120 0.779 1.787684 3.120 0 1 0
 3962 3759.505 2924.808 0 21 2.340 1.169 1.651684 2.340 0 1 0
 3963 3764.575 2918.763 0 21 2.340 0.779 1.783508 2.340 0 1 0
 3964 3798.115 2917.788 0 21 1.560 1.169 2.525543 1.560 0 1 0
 3965 3804.355 2917.983 0 21 1.560 0.779 1.985719 1.560 0 1 0
 3966 3809.425 2916.813 0 21 3.900 3.119 5.965507 3.900 0 1 0
 3967 3808.645 2908.818 0 21 1.560 0.389 0.959754 1.560 0 1 0
 3968 3833.800 2911.743 0 21 8.189 2.339 6.900208 8.189 0 1 0
 3969 3833.020 2918.373 0 21 3.510 0.779 2.385368 3.510 0 1 0
 3970 3855.835 2910.963 0 21 7.020 3.119 10.357470 7.020 0 1 0
 3971 3864.415 2911.743 0 21 2.340 1.559 3.372560 2.340 0 1 0
 3972 3900.100 2916.228 0 21 7.410 1.169 5.336805 7.410 0 1 0
 3973 3910.045 2916.423 0 21 2.340 0.779 1.531192 2.340 0 1 0
 3974 3921.940 2914.863 0 21 7.410 4.679 7.088103 7.410 0 1 0
 3975 3933.055 2916.423 0 21 1.560 0.779 1.923087 1.560 0 1 0
 3976 3939.295 2924.223 0 21 6.240 1.559 6.751682 6.240 0 1 0
 3977 3946.510 2923.248 0 21 3.510 3.509 3.520490 3.510 0 1 0
 3978 3948.070 2917.983 0 21 1.170 0.779 1.674350 1.170 0 1 0
 3979 3951.775 2924.223 0 21 3.120 1.559 2.426525 3.120 0 1 0
 3980 3971.470 2916.228 0 21 1.170 0.389 0.836280 1.170 0 1 0
 3981 3983.170 2906.868 0 21 3.510 5.069 7.652383 5.069 0 1 0
 3982 3986.290 2876.448 0 21 9.750 9.749 21.710484 9.750 0 1 0
 3983 3984.730 2856.753 0 21 6.630 5.459 10.337786 6.630 0 1 0
 3984 3989.410 2908.233 0 21 1.950 2.339 2.012561 2.339 0 1 0
 3985 3993.505 2878.203 0 21 0.780 1.559 0.906666 1.559 0 1 0
 3986 4199.621 3113.763 0 21 1.950 8.579 10.236979 8.579 0 1 0
 3987 4422.896 3217.503 0 21 3.900 21.839 18.252624 21.839 0 1 0
 3988 4793.982 3151.983 0 21 8.189 0.779 9.271857 8.189 0 1 0
 3989 408.421 3078.858 -1 21 8.189 1.169 8.982558 8.189 0 1 0
 3990 415.051 3299.598 -1 21 1.950 1.169 2.662139 1.950 0 1 0
 3991 422.461 3078.858 -1 21 12.870 1.169 9.278418 12.870 0 1 0
 3992 428.896 3309.738 -1 21 8.580 1.169 9.759190 8.580 0 1 0
 3993 441.961 3309.543 -1 21 1.950 0.779 2.165859 1.950 0 1 0
 3994 467.311 3217.698 -1 21 22.230 1.949 28.899990 22.230 0 1 0
 3995 462.241 3240.903 -1 21 2.730 0.779 2.761753 2.730 0 1 0
 3996 468.091 3262.938 -1 21 1.170 1.169 1.730420 1.170 0 1 0
 3997 492.661 3216.918 -1 21 21.450 1.949 31.181568 21.450 0 1 0
 3998 484.276 3208.143 -1 21 1.560 1.559 2.709859 1.560 0 1 0
 3999 489.931 3291.603 -1 21 6.630 1.559 8.511330 6.630 0 1 0
 4000 502.411 3291.603 -1 21 7.410 1.559 9.397716 7.410 0 1 0
 4001 510.601 3251.823 -1 21 8.970 2.339 10.513751 8.970 0 1 0
 4002 513.916 3291.603 -1 21 4.680 1.559 6.073472 4.680 0 1 0
 4003 534.976 3218.673 -1 21 31.981 1.559 48.977876 31.981 0 1 0
 4004 568.322 3218.673 -1 21 26.910 1.559 41.524724 26.910 0 1 0
 4005 569.102 3249.483 -1 21 5.850 1.559 7.392910 5.850 0 1 0
 4006 663.872 3307.593 -1 21 7.410 3.119 16.334310 7.410 0 1 0
 4007 678.497 3308.178 -1 21 3.120 1.949 5.657717 3.120 0 1 0
 4008 689.027 3307.593 -1 21 1.560 2.339 3.981578 2.339 0 1 0
 4009 699.167 3307.398 -1 21 3.120 2.729 6.438524 3.120 0 1 0
 4010 748.112 3189.813 -1 21 17.550 3.119 16.883680 17.550 0 1 0
 4011 740.897 3288.483 -1 21 0.780 3.899 3.889121 3.899 0 1 0
 4012 743.627 3288.483 -1 21 0.780 3.899 3.930279 3.899 0 1 0
 4013 756.692 3287.313 -1 21 1.170 0.779 1.478105 1.170 0 1 0
 4014 802.712 3195.078 -1 21 27.690 5.069 68.447344 27.690 0 1 0
 4015 794.912 3206.193 -1 21 6.630 1.559 7.316559 6.630 0 1 0
 4016 801.542 2992.278 -1 21 1.170 4.289 3.811578 4.289 0 1 0
 4017 805.247 3281.268 -1 21 4.680 5.069 16.402310 5.069 0 1 0
 4018 810.512 2997.933 -1 21 2.730 4.679 5.587928 4.679 0 1 0
 4019 816.947 3281.268 -1 21 2.340 4.289 6.293577 4.289 0 1 0
 4020 816.362 2996.763 -1 21 1.170 0.779 1.134526 1.170 0 1 0
 4021 824.162 3186.498 -1 21 3.510 1.949 6.131928 3.510 0 1 0
 4022 832.937 3186.498 -1 21 7.020 1.949 11.723435 7.020 0 1 0
 4023 871.157 3178.308 -1 21 3.900 2.729 7.398278 3.900 0 1 0
 4024 956.178 3030.108 -1 21 2.340 8.969 6.075261 8.969 0 1 0
 4025 1050.753 3057.018 -1 21 2.730 2.729 5.467437 2.730 0 1 0
 4026 1066.938 3225.693 -1 21 6.240 17.159 21.294730 17.159 0 1 0
 4027 1068.498 3102.648 -1 21 1.560 1.169 1.779333 1.560 0 1 0
 4028 1069.863 3238.173 -1 21 2.730 3.899 5.577191 3.899 0 1 0
 4029 1080.783 3237.198 -1 21 5.070 78.389 48.217352 78.389 0 1 0
 4030 1086.633 3107.523 -1 21 1.950 2.339 3.964876 2.339 0 1 0
 4031 1086.633 3101.478 -1 21 1.170 1.949 2.821999 1.949 0 1 0
 4032 1091.508 3076.908 -1 21 3.900 12.869 40.155776 12.869 0 1 0
 4033 1251.213 3182.403 -1 21 1.950 0.779 2.123508 1.950 0 1 0
 4034 1260.573 3137.943 -1 21 2.730 1.559 1.117824 2.730 0 1 0
 4035 1342.279 3087.438 -1 21 36.661 22.229 151.953104 36.661 0 1 0
 4036 1327.068 3056.628 -1 21 1.560 2.729 3.831858 2.729 0 1 0
 4037 1329.213 3203.463 -1 21 1.170 0.779 1.523438 1.170 0 1 0
 4038 1337.014 3142.428 -1 21 16.770 3.509 20.838414 16.770 0 1 0
 4039 1346.569 3132.873 -1 21 7.800 5.459 21.403888 7.800 0 1 0
 4040 1347.349 3068.133 -1 21 3.120 10.919 13.656066 10.919 0 1 0
 4041 1353.979 3142.428 -1 21 12.480 3.509 12.428487 12.480 0 1 0
 4042 1352.809 3202.683 -1 21 3.900 0.779 3.751929 3.900 0 1 0
 4043 1354.174 3281.073 -1 21 1.950 6.239 7.706068 6.239 0 1 0
 4044 1356.514 3245.388 -1 21 6.630 19.109 52.932616 19.109 0 1 0
 4045 1357.684 3132.288 -1 21 5.850 4.289 15.487890 5.850 0 1 0
 4046 1358.269 3179.478 -1 21 3.900 5.849 11.768768 5.849 0 1 0
 4047 1358.074 3202.878 -1 21 1.950 0.389 1.807368 1.950 0 1 0
 4048 1444.459 3012.948 -1 21 88.923 11.309 403.078816 88.923 0 1 0
 4049 1426.909 3283.218 -1 21 0.780 2.729 2.486771 2.729 0 1 0
 4050 1445.434 3055.263 -1 21 1.950 6.239 6.026349 6.239 0 1 0
 4051 1603.774 2784.798 -1 21 4.290 1.949 7.611226 4.290 0 1 0
 4052 1719.409 3027.963 -1 21 219.967 3.119 358.816192 219.967 0 1 0
 4053 1613.524 2784.798 -1 21 5.070 1.949 8.080067 5.070 0 1 0
 4054 1621.714 3123.903 -1 21 3.510 7.799 13.951329 7.799 0 1 0
 4055 1661.689 3037.323 -1 21 0.780 1.559 1.404736 1.559 0 1 0
 4056 1665.199 3280.683 -1 21 2.340 0.779 2.712841 2.340 0 1 0
 4057 1685.674 3120.783 -1 21 5.850 1.559 7.855787 5.850 0 1 0
 4058 1696.594 3120.783 -1 21 5.070 1.559 4.502314 5.070 0 1 0
 4059 1704.394 3120.783 -1 21 4.290 1.559 5.899296 4.290 0 1 0
 4060 1719.214 3280.878 -1 21 2.730 1.169 3.197788 2.730 0 1 0
 4061 1721.359 3134.433 -1 21 1.560 0.779 1.292596 1.560 0 1 0
 4062 1721.749 3168.753 -1 21 1.560 2.339 3.569402 2.339 0 1 0
 4063 1725.845 3280.878 -1 21 4.290 1.169 4.599542 4.290 0 1 0
 4064 1732.475 3284.583 -1 21 0.390 0.779 0.962737 0.779 0 1 0
 4065 1782.200 2931.828 -1 21 0.780 0.389 1.014631 0.780 0 1 0
 4066 1801.115 3174.018 -1 21 12.090 1.169 16.524591 12.090 0 1 0
 4067 1813.985 2916.228 -1 21 1.170 5.069 4.342455 5.069 0 1 0
 4068 1818.470 2915.643 -1 21 0.780 2.339 2.612034 2.339 0 1 0
 4069 1818.470 2897.118 -1 21 0.780 0.389 1.022386 0.780 0 1 0
 4070 1822.955 2652.588 -1 21 4.290 5.069 5.697682 5.069 0 1 0
 4071 1824.125 2915.643 -1 21 1.170 2.339 2.960981 2.339 0 1 0
 4072 1828.220 3236.418 -1 21 2.340 1.949 3.866455 2.340 0 1 0
 4073 1828.220 3230.958 -1 21 1.560 5.069 5.763296 5.069 0 1 0
 4074 1830.170 2915.643 -1 21 1.560 2.339 3.859893 2.339 0 1 0
 4075 1846.745 3025.428 -1 21 30.811 8.189 33.463146 30.811 0 1 0
 4076 1836.995 3174.213 -1 21 4.290 10.919 11.473505 10.919 0 1 0
 4077 1842.260 2915.643 -1 21 1.560 2.339 3.902244 2.339 0 1 0
 4078 1842.260 2897.313 -1 21 0.780 0.779 1.346280 0.780 0 1 0
 4079 1849.670 3189.033 -1 21 2.340 6.239 4.300104 6.239 0 1 0
 4080 1855.325 3005.928 -1 21 5.850 26.129 91.871544 26.129 0 1 0
 4081 1854.350 2915.643 -1 21 1.560 2.339 3.756104 2.339 0 1 0
 4082 1861.370 3109.473 -1 21 1.560 17.939 26.922622 17.939 0 1 0
 4083 1866.245 2915.643 -1 21 1.170 2.339 3.456666 2.339 0 1 0
 4084 1872.290 2915.643 -1 21 1.560 2.339 3.902841 2.339 0 1 0
 4085 1880.870 3052.533 -1 21 1.560 10.139 7.856980 10.139 0 1 0
 4086 1881.065 3042.783 -1 21 1.950 3.119 3.450104 3.119 0 1 0
 4087 1884.185 2915.643 -1 21 1.170 2.339 3.422069 2.339 0 1 0
 4088 1896.275 2915.643 -1 21 1.170 2.339 3.439964 2.339 0 1 0
 4089 1896.275 2897.313 -1 21 1.170 0.779 1.561614 1.170 0 1 0
 4090 1905.245 2918.373 -1 21 1.170 2.339 3.414315 2.339 0 1 0
 4091 1905.245 2912.913 -1 21 1.170 1.559 2.576245 1.559 0 1 0
 4092 1919.675 2938.068 -1 21 10.530 11.309 36.538656 11.309 0 1 0
 4093 1936.835 2832.768 -1 21 1.170 2.729 3.418490 2.729 0 1 0
 4094 1936.640 2828.673 -1 21 0.780 1.559 1.938596 1.559 0 1 0
 4095 1936.640 2823.603 -1 21 0.780 0.779 1.172105 0.780 0 1 0
 4096 1936.835 2815.803 -1 21 1.170 5.459 5.174560 5.459 0 1 0
 4097 1942.295 2837.643 -1 21 5.850 2.339 7.683401 5.850 0 1 0
 4098 1994.555 2953.863 -1 21 10.530 2.339 12.969504 10.530 0 1 0
 4099 2052.665 3283.803 -1 21 0.390 1.559 1.527614 1.559 0 1 0
 4100 2056.565 3298.038 -1 21 0.390 1.169 1.216842 1.169 0 1 0
 4101 2090.495 3283.998 -1 21 3.510 1.949 5.043928 3.510 0 1 0
 4102 2091.860 3077.688 -1 21 2.340 1.949 3.004525 2.340 0 1 0
 4103 2107.655 3241.293 -1 21 0.390 0.779 0.915017 0.779 0 1 0
 4104 2120.136 3240.318 -1 21 5.070 8.969 18.739362 8.969 0 1 0
 4105 2121.111 3202.878 -1 21 3.900 1.949 4.741507 3.900 0 1 0
 4106 2125.206 3145.353 -1 21 12.090 9.359 25.374728 12.090 0 1 0
 4107 2122.281 3121.173 -1 21 6.240 3.119 8.533401 6.240 0 1 0
 4108 2120.331 3217.698 -1 21 1.560 0.389 0.996737 1.560 0 1 0
 4109 2127.741 3202.878 -1 21 3.120 1.169 3.583718 3.120 0 1 0
 4110 2143.341 3142.428 -1 21 17.940 3.509 23.728412 17.940 0 1 0
 4111 2141.586 3120.978 -1 21 14.430 3.509 14.754206 14.430 0 1 0
 4112 2151.141 3220.818 -1 21 1.560 1.949 1.816315 1.949 0 1 0
 4113 2151.531 3205.218 -1 21 2.340 3.509 3.917157 3.509 0 1 0
 4114 2183.511 2995.203 -1 21 7.020 60.839 196.063616 60.839 0 1 0
 4115 2201.841 3181.428 -1 21 2.340 1.169 3.049262 2.340 0 1 0
 4116 2211.786 2988.573 -1 21 4.290 78.779 160.623104 78.779 0 1 0
 4117 2216.856 3138.918 -1 21 1.950 0.389 1.717894 1.950 0 1 0
 4118 2217.831 2936.703 -1 21 1.560 0.779 1.646315 1.560 0 1 0
 4119 2218.026 2948.598 -1 21 1.170 0.389 0.558912 1.170 0 1 0
 4120 2223.096 3132.483 -1 21 7.410 2.339 9.715646 7.410 0 1 0
 4121 2304.606 3138.528 -1 21 0.390 0.389 0.736666 0.390 0 1 0
 4122 2373.831 3076.908 -1 21 3.120 11.309 18.850906 11.309 0 1 0
 4123 2377.146 3044.928 -1 21 3.510 12.089 24.943464 12.089 0 1 0
 4124 2386.311 3069.108 -1 21 6.240 28.469 40.916300 28.469 0 1 0
 4125 2393.331 3127.803 -1 21 3.120 54.599 87.308392 54.599 0 1 0
 4126 2399.766 3237.588 -1 21 1.950 2.729 2.873894 2.729 0 1 0
 4127 2409.516 3237.783 -1 21 2.730 2.339 2.876876 2.730 0 1 0
 4128 2409.711 3260.598 -1 21 2.340 1.169 2.456350 2.340 0 1 0
 4129 2410.296 3102.648 -1 21 3.510 1.169 3.282490 3.510 0 1 0
 4130 2411.466 3225.498 -1 21 2.730 5.069 6.941963 5.069 0 1 0
 4131 2504.091 2912.328 -1 21 4.680 1.169 2.889999 4.680 0 1 0
 4132 2597.887 2918.178 -1 21 1.170 1.169 1.658842 1.170 0 1 0
 4133 2599.252 2915.058 -1 21 3.900 1.169 3.292034 3.900 0 1 0
 4134 2668.087 3273.078 -1 21 1.950 1.169 1.860456 1.950 0 1 0
 4135 2689.732 3296.478 -1 21 3.900 3.509 7.329085 3.900 0 1 0
 4136 2730.292 3207.168 -1 21 69.422 5.069 92.479968 69.422 0 1 0
 4137 2705.137 3295.308 -1 21 1.950 0.389 1.779333 1.950 0 1 0
 4138 2763.247 3302.718 -1 21 1.950 2.729 4.451016 2.729 0 1 0
 4139 2816.872 2918.568 -1 21 38.221 14.429 68.903664 38.221 0 1 0
 4140 2850.217 2921.883 -1 21 1.170 0.779 1.021789 1.170 0 1 0
 4141 2898.577 2911.158 -1 21 2.730 1.169 2.543438 2.730 0 1 0
 4142 2900.722 2918.958 -1 21 0.780 0.389 0.696105 0.780 0 1 0
 4143 2904.818 2910.963 -1 21 2.730 2.339 4.025121 2.730 0 1 0
 4144 2921.003 2910.963 -1 21 6.240 1.559 5.420910 6.240 0 1 0
 4145 2928.413 2924.028 -1 21 2.340 1.949 3.815753 2.340 0 1 0
 4146 2927.828 2915.058 -1 21 1.170 0.389 0.902491 1.170 0 1 0
 4147 2961.953 2916.618 -1 21 18.720 4.289 26.618412 18.720 0 1 0
 4148 2969.168 2785.578 -1 21 1.170 0.389 0.869087 1.170 0 1 0
 4149 2970.338 2923.638 -1 21 1.950 1.169 1.515684 1.950 0 1 0
 4150 2982.428 2923.638 -1 21 14.430 1.949 13.841574 14.430 0 1 0
 4151 3015.188 2920.128 -1 21 37.051 11.309 1.061754 37.051 0 1 0
 4152 3005.048 3288.288 -1 21 1.950 5.849 6.461787 5.849 0 1 0
 4153 3046.778 2923.443 -1 21 16.770 4.679 13.081048 16.770 0 1 0
 4154 3099.623 2910.573 -1 21 17.160 3.899 22.815782 17.160 0 1 0
 4155 3126.143 2861.433 -1 21 2.340 0.779 2.213578 2.340 0 1 0
 4156 3128.678 2922.078 -1 21 1.950 1.169 1.581298 1.950 0 1 0
 4157 3129.068 2918.763 -1 21 1.950 1.559 1.584280 1.950 0 1 0
 4158 3146.228 2924.613 -1 21 5.070 2.339 7.749611 5.070 0 1 0
 4159 3162.998 2924.808 -1 21 5.070 1.169 3.496034 5.070 0 1 0
 4160 3162.413 2917.398 -1 21 3.120 1.169 2.819613 3.120 0 1 0
 4161 3165.728 2921.883 -1 21 1.170 0.779 1.092772 1.170 0 1 0
 4162 3175.868 2909.403 -1 21 11.310 2.339 14.573469 11.310 0 1 0
 4163 3173.333 2917.398 -1 21 1.560 1.169 1.435157 1.560 0 1 0
 4164 3187.178 2924.808 -1 21 21.450 1.949 18.556836 21.450 0 1 0
 4165 3198.098 2909.793 -1 21 6.630 2.339 13.104908 6.630 0 1 0
 4166 3213.308 2924.808 -1 21 6.630 1.169 2.313789 6.630 0 1 0
 4167 3230.858 2921.688 -1 21 1.950 1.169 2.204631 1.950 0 1 0
 4168 3231.053 2915.838 -1 21 1.560 1.169 1.742350 1.560 0 1 0
 4169 3250.748 2913.693 -1 21 4.290 3.119 3.500806 4.290 0 1 0
 4170 3301.059 2921.883 -1 21 21.450 1.559 16.579468 21.450 0 1 0
 4171 3303.009 2917.593 -1 21 13.650 3.119 9.430523 13.650 0 1 0
 4172 3311.199 2911.158 -1 21 29.251 5.069 42.589460 29.251 0 1 0
 4173 3315.294 2921.688 -1 21 1.560 0.389 1.472736 1.560 0 1 0
 4174 3318.414 2925.003 -1 21 5.460 0.779 3.794279 5.460 0 1 0
 4175 3319.389 2921.688 -1 21 2.730 1.169 1.889087 2.730 0 1 0
 4176 3338.304 2925.198 -1 21 3.900 1.169 3.846174 3.900 0 1 0
 4177 3345.714 2912.523 -1 21 1.560 0.779 1.663613 1.560 0 1 0
 4178 3381.009 2921.883 -1 21 1.170 0.779 1.661228 1.170 0 1 0
 4179 3387.249 2921.883 -1 21 1.170 0.779 1.547894 1.170 0 1 0
 4180 3394.659 2921.688 -1 21 4.290 1.169 2.648420 4.290 0 1 0
 4181 3404.799 3136.968 -1 21 15.990 10.529 75.139976 15.990 0 1 0
 4182 3403.824 2918.373 -1 21 5.460 2.339 5.094033 5.460 0 1 0
 4183 3428.004 2912.913 -1 21 4.680 1.559 3.465016 4.680 0 1 0
 4184 3467.784 2922.468 -1 21 20.280 2.729 15.210521 20.280 0 1 0
 4185 3467.784 2827.698 -1 21 3.900 0.389 1.685684 3.900 0 1 0
 4186 3505.419 3178.308 -1 21 5.070 6.629 12.907469 6.629 0 1 0
 4187 3531.354 2922.078 -1 21 1.560 1.169 1.822877 1.560 0 1 0
 4188 3534.084 2834.913 -1 21 1.560 0.779 1.336736 1.560 0 1 0
 4189 3554.169 2828.088 -1 21 2.730 0.389 1.650491 2.730 0 1 0
 4190 3593.754 2855.778 -1 21 2.340 0.389 1.435754 2.340 0 1 0
 4191 3798.310 2921.883 -1 21 3.510 0.779 2.959788 3.510 0 1 0
 4192 4371.221 3188.448 -1 21 0.390 3.509 2.046561 3.509 0 1 0
 4193 212.836 2951.913 -2 21 109.203 10.139 1080.707584 109.203 0 1 0
 4194 193.141 2930.853 -2 21 69.812 23.399 46.439212 69.812 0 1 0
 4195 167.401 2812.098 -2 21 18.330 90.089 191.196256 90.089 0 1 0
 4196 173.641 2911.743 -2 21 5.850 7.799 19.197466 7.799 0 1 0
 4197 236.431 2928.123 -2 21 10.530 1.559 14.270451 10.530 0 1 0
 4198 251.446 2928.123 -2 21 10.920 1.559 14.668311 10.920 0 1 0
 4199 255.541 3062.868 -2 21 3.510 7.409 7.867717 7.409 0 1 0
 4200 264.316 2935.143 -2 21 7.800 15.599 115.295752 15.599 0 1 0
 4201 296.101 3047.268 -2 21 1.950 7.409 8.635997 7.409 0 1 0
 4202 300.196 3014.508 -2 21 2.340 1.169 2.189122 2.340 0 1 0
 4203 306.046 3047.463 -2 21 4.680 7.019 13.772381 7.019 0 1 0
 4204 311.701 3014.508 -2 21 1.950 1.169 1.853298 1.950 0 1 0
 4205 317.551 3047.268 -2 21 4.290 7.409 13.049434 7.409 0 1 0
 4206 329.056 3047.463 -2 21 4.680 7.019 13.214066 7.019 0 1 0
 4207 340.756 3047.463 -2 21 4.680 7.019 9.075611 7.019 0 1 0
 4208 352.066 3047.268 -2 21 4.680 7.409 13.531399 7.409 0 1 0
 4209 366.496 2963.418 -2 21 14.040 13.649 75.596288 14.040 0 1 0
 4210 363.766 3047.463 -2 21 4.680 7.019 15.586907 7.019 0 1 0
 4211 371.371 2944.113 -2 21 6.630 14.819 44.262616 14.819 0 1 0
 4212 371.956 2928.903 -2 21 7.800 3.119 9.667927 7.800 0 1 0
 4213 373.711 3047.463 -2 21 1.950 7.019 8.078278 7.019 0 1 0
 4214 413.296 2844.273 -2 21 23.400 0.779 14.906311 23.400 0 1 0
 4215 413.296 2836.863 -2 21 23.400 0.779 18.252624 23.400 0 1 0
 4216 413.296 2778.753 -2 21 23.400 0.779 18.252624 23.400 0 1 0
 4217 413.296 2759.448 -2 21 23.400 1.169 26.770516 23.400 0 1 0
 4218 413.296 2662.533 -2 21 23.400 78.779 1436.025344 78.779 0 1 0
 4219 413.101 2565.618 -2 21 23.010 1.169 26.922622 23.010 0 1 0
 4220 418.951 3024.063 -2 21 4.290 2.339 3.179297 4.290 0 1 0
 4221 432.016 3005.343 -2 21 11.700 2.339 5.570630 11.700 0 1 0
 4222 431.626 3024.453 -2 21 3.900 1.559 1.920105 3.900 0 1 0
 4223 442.156 3024.258 -2 21 7.020 1.949 2.698525 7.020 0 1 0
 4224 449.566 3005.343 -2 21 7.800 2.339 4.807121 7.800 0 1 0
 4225 452.101 3024.063 -2 21 2.730 1.559 1.677333 2.730 0 1 0
 4226 458.341 3024.063 -2 21 5.070 2.339 4.255963 5.070 0 1 0
 4227 457.561 3005.733 -2 21 2.730 1.559 2.298280 2.730 0 1 0
 4228 471.211 3005.343 -2 21 2.730 1.559 1.739964 2.730 0 1 0
 4229 474.721 3024.258 -2 21 8.189 1.949 4.981893 8.189 0 1 0
 4230 484.471 2930.853 -2 21 1.170 0.779 0.877438 1.170 0 1 0
 4231 508.652 3005.538 -2 21 5.070 1.949 3.593262 5.070 0 1 0
 4232 508.652 3075.738 -2 21 2.730 9.749 10.030593 9.749 0 1 0
 4233 510.602 3024.063 -2 21 1.950 1.559 1.119614 1.950 0 1 0
 4234 535.562 3005.148 -2 21 2.730 1.169 1.553263 2.730 0 1 0
 4235 538.682 2944.308 -2 21 5.070 31.589 30.421042 31.589 0 1 0
 4236 539.072 2965.953 -2 21 2.730 3.119 3.862279 3.119 0 1 0
 4237 566.177 3024.258 -2 21 5.460 1.949 2.863157 5.460 0 1 0
 4238 577.682 3025.038 -2 21 1.170 0.389 0.906070 1.170 0 1 0
 4239 603.617 3028.743 -2 21 4.680 11.699 23.376484 11.699 0 1 0
 4240 601.667 2857.338 -2 21 0.780 0.389 0.731894 0.780 0 1 0
 4241 637.937 2808.783 -2 21 73.322 1.559 51.715772 73.322 0 1 0
 4242 766.832 2789.478 -2 21 331.121 2.729 866.695488 331.121 0 1 0
 4243 631.697 3076.713 -2 21 6.240 12.479 14.432697 12.479 0 1 0
 4244 683.957 3014.313 -2 21 1.560 0.779 1.283052 1.560 0 1 0
 4245 759.617 3077.103 -2 21 7.020 11.699 20.584904 11.699 0 1 0
 4246 785.747 2995.008 -2 21 31.981 10.529 142.218368 31.981 0 1 0
 4247 810.122 2578.683 -2 21 1.950 7.019 11.437119 7.019 0 1 0
 4248 832.352 2722.203 -2 21 1.950 2.339 3.788315 2.339 0 1 0
 4249 832.352 2613.003 -2 21 1.950 2.339 4.131297 2.339 0 1 0
 4250 832.352 2559.183 -2 21 1.950 2.339 4.176630 2.339 0 1 0
 4251 832.352 2776.218 -2 21 1.170 1.949 1.800210 1.949 0 1 0
 4252 854.972 2635.623 -2 21 1.950 9.359 15.621504 9.359 0 1 0
 4253 899.628 2623.533 -2 21 1.560 1.559 2.919824 1.560 0 1 0
 4254 912.693 3045.123 -2 21 7.410 12.479 30.829640 12.479 0 1 0
 4255 927.513 2817.753 -2 21 9.750 2.339 13.769995 9.750 0 1 0
 4256 1034.178 2817.753 -2 21 67.082 2.339 133.396272 67.082 0 1 0
 4257 1046.463 2789.478 -2 21 91.653 2.729 183.134672 91.653 0 1 0
 4258 1034.178 2749.893 -2 21 67.082 2.339 102.518912 67.082 0 1 0
 4259 1034.178 2743.653 -2 21 67.082 3.899 206.406768 67.082 0 1 0
 4260 1006.293 2728.248 -2 21 11.310 4.289 34.463460 11.310 0 1 0
 4261 1006.293 2607.153 -2 21 11.310 3.899 41.263460 11.310 0 1 0
 4262 1046.463 2591.748 -2 21 91.653 4.289 299.799360 91.653 0 1 0
 4263 1026.768 3076.908 -2 21 7.800 12.869 83.809976 12.869 0 1 0
 4264 1029.108 2953.863 -2 21 5.460 1.559 3.782350 5.460 0 1 0
 4265 1033.203 2559.183 -2 21 1.950 2.339 3.360630 2.339 0 1 0
 4266 1035.348 2767.638 -2 21 1.560 1.949 2.201052 1.949 0 1 0
 4267 1035.543 2567.763 -2 21 1.950 2.339 3.559262 2.339 0 1 0
 4268 1037.103 2572.053 -2 21 1.950 2.339 3.429227 2.339 0 1 0
 4269 1037.103 2763.348 -2 21 1.170 1.949 2.271438 1.949 0 1 0
 4270 1065.183 2953.863 -2 21 9.750 1.559 8.402173 9.750 0 1 0
 4271 1063.623 3014.508 -2 21 1.950 1.169 2.018526 1.950 0 1 0
 4272 1095.018 3060.723 -2 21 3.120 12.479 27.362236 12.479 0 1 0
 4273 1098.918 3308.178 -2 21 3.900 3.509 10.582944 3.900 0 1 0
 4274 1098.723 3196.053 -2 21 2.730 3.119 8.023401 3.119 0 1 0
 4275 1098.918 3028.938 -2 21 3.120 12.089 22.611184 12.089 0 1 0
 4276 1102.623 3302.913 -2 21 4.290 3.119 10.353891 4.290 0 1 0
 4277 1102.623 3190.593 -2 21 2.730 3.119 8.001927 3.119 0 1 0
 4278 1106.328 3182.208 -2 21 3.120 1.949 6.380068 3.120 0 1 0
 4279 1106.328 3076.518 -2 21 3.120 12.869 39.851564 12.869 0 1 0
 4280 1109.448 3186.108 -2 21 1.560 1.949 2.708069 1.949 0 1 0
 4281 1114.323 3195.858 -2 21 2.730 3.509 7.645225 3.509 0 1 0
 4282 1117.833 3190.398 -2 21 2.730 3.509 7.599892 3.509 0 1 0
 4283 1142.793 2953.668 -2 21 12.870 1.949 18.708940 12.870 0 1 0
 4284 1261.743 3010.413 -2 21 221.917 17.159 1286.049536 221.917 0 1 0
 4285 1164.438 2932.998 -2 21 7.020 5.849 19.721782 7.020 0 1 0
 4286 1170.288 3076.713 -2 21 1.560 12.479 11.041049 12.479 0 1 0
 4287 1199.148 3307.983 -2 21 2.340 3.899 6.507121 3.899 0 1 0
 4288 1201.098 3302.523 -2 21 2.340 3.119 8.676558 3.119 0 1 0
 4289 1202.268 2789.478 -2 21 3.900 3.509 13.121610 3.900 0 1 0
 4290 1230.933 2749.698 -2 21 61.232 1.949 118.489960 61.232 0 1 0
 4291 1208.313 2556.843 -2 21 1.170 6.239 5.623121 6.239 0 1 0
 4292 1251.213 2687.103 -2 21 72.152 6.239 377.068832 72.152 0 1 0
 4293 1251.213 2648.688 -2 21 72.152 6.629 391.518816 72.152 0 1 0
 4294 1238.928 2630.943 -2 21 47.581 4.679 200.930992 47.581 0 1 0
 4295 1238.928 2727.468 -2 21 46.801 4.289 180.700992 46.801 0 1 0
 4296 1238.928 2704.653 -2 21 46.801 3.899 179.332048 46.801 0 1 0
 4297 1239.123 2608.323 -2 21 47.191 4.679 207.471504 47.191 0 1 0
 4298 1218.648 2926.368 -2 21 3.120 0.389 1.845543 3.120 0 1 0
 4299 1218.843 2844.858 -2 21 3.510 1.169 3.383297 3.510 0 1 0
 4300 1274.613 3186.108 -2 21 1.950 1.949 3.014069 1.950 0 1 0
 4301 1316.344 3195.858 -2 21 2.730 3.509 8.252453 3.509 0 1 0
 4302 1318.684 3302.523 -2 21 1.950 3.119 4.629367 3.119 0 1 0
 4303 1319.074 3190.593 -2 21 2.730 3.119 7.300454 3.119 0 1 0
 4304 1320.634 3307.983 -2 21 1.950 3.119 5.436419 3.119 0 1 0
 4305 1325.314 2953.668 -2 21 1.170 1.949 2.236841 1.949 0 1 0
 4306 1366.264 2941.578 -2 21 1.170 19.889 10.799470 19.889 0 1 0
 4307 1370.944 2950.353 -2 21 1.170 2.339 1.726842 2.339 0 1 0
 4308 1375.819 2946.453 -2 21 1.560 10.139 8.359822 10.139 0 1 0
 4309 1380.499 2939.433 -2 21 1.560 24.179 25.857886 24.179 0 1 0
 4310 1385.569 2949.573 -2 21 1.560 0.779 1.296175 1.560 0 1 0
 4311 1385.374 2936.898 -2 21 1.170 8.969 6.940770 8.969 0 1 0
 4312 1403.704 2964.783 -2 21 7.410 1.559 7.805085 7.410 0 1 0
 4313 1401.364 2746.968 -2 21 1.950 101.009 160.623104 101.009 0 1 0
 4314 1401.364 2675.598 -2 21 1.950 14.429 26.618412 14.429 0 1 0
 4315 1401.364 2936.118 -2 21 1.170 7.409 4.211823 7.409 0 1 0
 4316 1401.559 2651.028 -2 21 1.560 5.069 8.272734 5.069 0 1 0
 4317 1401.559 2624.508 -2 21 1.560 15.209 23.272096 15.209 0 1 0
 4318 1401.559 2592.333 -2 21 1.560 14.819 22.663676 14.819 0 1 0
 4319 1401.559 2559.768 -2 21 1.560 15.209 23.272096 15.209 0 1 0
 4320 1405.849 2746.968 -2 21 2.340 101.009 208.384144 101.009 0 1 0
 4321 1405.849 2675.598 -2 21 2.340 14.429 32.398410 14.429 0 1 0
 4322 1405.849 2651.028 -2 21 2.340 5.069 10.767856 5.069 0 1 0
 4323 1405.849 2624.703 -2 21 2.340 15.599 34.375776 15.599 0 1 0
 4324 1405.849 2592.333 -2 21 2.340 14.819 33.158936 14.819 0 1 0
 4325 1405.849 2559.768 -2 21 2.340 15.209 33.767356 15.209 0 1 0
 4326 1410.529 2746.968 -2 21 2.340 101.009 213.555712 101.009 0 1 0
 4327 1410.529 2675.598 -2 21 2.340 14.429 33.158936 14.429 0 1 0
 4328 1410.529 2651.028 -2 21 2.340 5.069 11.094137 5.069 0 1 0
 4329 1410.529 2624.703 -2 21 2.340 15.599 34.984200 15.599 0 1 0
 4330 1410.529 2592.333 -2 21 2.340 14.819 32.854726 14.819 0 1 0
 4331 1410.529 2559.768 -2 21 2.340 15.209 32.550514 15.209 0 1 0
 4332 1410.334 2936.898 -2 21 1.170 8.969 7.740068 8.969 0 1 0
 4333 1410.529 2905.308 -2 21 1.560 12.089 12.375996 12.089 0 1 0
 4334 1416.769 2823.018 -2 21 3.120 18.329 28.747886 18.329 0 1 0
 4335 1416.574 2747.163 -2 21 2.730 101.399 192.260992 101.399 0 1 0
 4336 1417.354 2675.598 -2 21 4.290 14.429 53.388928 14.429 0 1 0
 4337 1417.354 2653.758 -2 21 4.290 11.309 26.417394 11.309 0 1 0
 4338 1417.354 2624.703 -2 21 4.290 15.599 57.799980 15.599 0 1 0
 4339 1417.354 2592.333 -2 21 4.290 14.819 54.757876 14.819 0 1 0
 4340 1417.354 2559.768 -2 21 4.290 15.209 57.647876 15.209 0 1 0
 4341 1417.354 2956.788 -2 21 3.510 7.409 15.219469 7.409 0 1 0
 4342 1417.354 2936.898 -2 21 3.510 8.969 18.633186 8.969 0 1 0
 4343 1424.764 2956.983 -2 21 3.510 7.019 13.037504 7.019 0 1 0
 4344 1431.394 2964.783 -2 21 3.510 1.559 3.816946 3.510 0 1 0
 4345 1431.394 2937.093 -2 21 3.510 9.359 17.283328 9.359 0 1 0
 4346 1431.589 2956.788 -2 21 3.120 7.409 11.111435 7.409 0 1 0
 4347 1438.024 2956.788 -2 21 3.510 7.409 16.309854 7.409 0 1 0
 4348 1438.219 2937.093 -2 21 3.900 9.359 16.037258 9.359 0 1 0
 4349 1445.434 2956.593 -2 21 3.510 7.019 10.716558 7.019 0 1 0
 4350 1445.434 2936.898 -2 21 3.510 8.969 14.384381 8.969 0 1 0
 4351 1470.589 2945.283 -2 21 3.120 0.779 2.433683 3.120 0 1 0
 4352 1470.784 2928.708 -2 21 3.510 1.169 2.827367 3.510 0 1 0
 4353 1473.319 3023.478 -2 21 1.560 1.949 2.092491 1.949 0 1 0
 4354 1494.964 3302.913 -2 21 1.950 3.119 4.690209 3.119 0 1 0
 4355 1497.304 3308.373 -2 21 1.950 3.119 4.842314 3.119 0 1 0
 4356 1502.569 3302.718 -2 21 1.560 2.729 4.304279 2.729 0 1 0
 4357 1504.909 3308.373 -2 21 2.340 3.119 4.992630 3.119 0 1 0
 4358 1507.834 3196.053 -2 21 1.950 3.119 4.449227 3.119 0 1 0
 4359 1521.094 3308.178 -2 21 1.950 2.729 4.807121 2.729 0 1 0
 4360 1523.434 3302.718 -2 21 1.950 2.729 4.661577 2.729 0 1 0
 4361 1575.694 3302.913 -2 21 1.950 3.119 5.355893 3.119 0 1 0
 4362 1578.034 3308.178 -2 21 2.730 2.729 5.304595 2.730 0 1 0
 4363 1595.779 3308.178 -2 21 2.340 2.729 5.330244 2.729 0 1 0
 4364 1598.314 3302.718 -2 21 1.950 2.729 4.788033 2.729 0 1 0
 4365 1611.769 2809.953 -2 21 24.180 2.339 52.476296 24.180 0 1 0
 4366 1611.769 2801.958 -2 21 24.180 2.729 50.498928 24.180 0 1 0
 4367 1608.649 2790.063 -2 21 17.940 2.339 41.828932 17.940 0 1 0
 4368 1608.844 2657.853 -2 21 18.330 3.899 58.712612 18.330 0 1 0
 4369 1608.844 2651.808 -2 21 18.330 2.729 49.890508 18.330 0 1 0
 4370 1617.619 2644.398 -2 21 35.881 3.509 77.421552 35.881 0 1 0
 4371 1617.619 2636.208 -2 21 35.881 3.509 80.007344 35.881 0 1 0
 4372 1611.769 2608.518 -2 21 24.180 29.249 333.110400 29.249 0 1 0
 4373 1611.769 2576.343 -2 21 24.180 29.639 311.055168 29.639 0 1 0
 4374 1617.814 2548.263 -2 21 36.271 3.899 96.738912 36.271 0 1 0
 4375 1609.039 2692.563 -2 21 2.340 3.119 6.813717 3.119 0 1 0
 4376 1609.039 2686.713 -2 21 2.340 3.119 7.033822 3.119 0 1 0
 4377 1647.649 3185.718 -2 21 1.560 1.949 3.343929 1.949 0 1 0
 4378 1699.130 3060.918 -2 21 7.800 12.089 60.739488 12.089 0 1 0
 4379 1737.935 2930.658 -2 21 1.170 6.629 4.961612 6.629 0 1 0
 4380 1743.590 2930.658 -2 21 0.780 6.629 5.661296 6.629 0 1 0
 4381 1746.320 3302.718 -2 21 1.560 2.729 4.020946 2.729 0 1 0
 4382 1748.465 3308.178 -2 21 1.950 2.729 4.572104 2.729 0 1 0
 4383 1758.410 2930.853 -2 21 0.780 7.019 5.601051 7.019 0 1 0
 4384 1767.380 3076.908 -2 21 7.800 12.869 99.324704 12.869 0 1 0
 4385 1765.625 2977.263 -2 21 1.170 3.119 2.511824 3.119 0 1 0
 4386 1773.620 2982.528 -2 21 0.780 2.729 2.048947 2.729 0 1 0
 4387 1787.270 2977.263 -2 21 7.020 3.119 12.071189 7.020 0 1 0
 4388 1797.995 2982.333 -2 21 6.630 3.119 14.659363 6.630 0 1 0
 4389 1800.530 2805.663 -2 21 2.340 1.559 4.221367 2.340 0 1 0
 4390 1800.530 2776.218 -2 21 2.340 1.949 4.806525 2.340 0 1 0
 4391 1800.530 2757.303 -2 21 2.340 3.899 9.647646 3.899 0 1 0
 4392 1800.530 2746.578 -2 21 2.340 1.949 4.879297 2.340 0 1 0
 4393 1800.530 2716.938 -2 21 2.340 1.949 5.394665 2.340 0 1 0
 4394 1800.725 2627.238 -2 21 2.730 1.949 6.119401 2.730 0 1 0
 4395 1800.725 2597.403 -2 21 2.730 2.339 6.138489 2.730 0 1 0
 4396 1800.725 2587.458 -2 21 2.730 1.949 6.101507 2.730 0 1 0
 4397 1800.725 2567.763 -2 21 2.730 2.339 6.282243 2.730 0 1 0
 4398 1832.510 2979.993 -2 21 21.840 3.899 16.731573 21.840 0 1 0
 4399 1821.980 2975.508 -2 21 0.780 1.169 1.207298 1.169 0 1 0
 4400 1858.055 2969.463 -2 21 72.932 7.019 88.829440 72.932 0 1 0
 4401 1858.055 2961.858 -2 21 72.932 4.289 59.473136 72.932 0 1 0
 4402 1824.320 2984.478 -2 21 2.340 1.169 2.290526 2.340 0 1 0
 4403 1827.440 2975.508 -2 21 2.340 1.169 2.295297 2.340 0 1 0
 4404 1830.170 2984.478 -2 21 2.340 1.169 2.255333 2.340 0 1 0
 4405 1833.290 2975.508 -2 21 2.340 1.169 2.313789 2.340 0 1 0
 4406 1836.410 2984.478 -2 21 2.340 1.169 2.297683 2.340 0 1 0
 4407 1836.800 3302.718 -2 21 1.560 2.729 4.122349 2.729 0 1 0
 4408 1838.945 3308.178 -2 21 1.950 2.729 4.087157 2.729 0 1 0
 4409 1839.140 2975.508 -2 21 2.340 1.169 2.357333 2.340 0 1 0
 4410 1845.380 2975.508 -2 21 2.340 1.169 2.344806 2.340 0 1 0
 4411 1848.305 2978.433 -2 21 1.950 0.779 1.952315 1.950 0 1 0
 4412 1851.230 2975.508 -2 21 2.340 1.169 2.292315 2.340 0 1 0
 4413 1854.350 2978.433 -2 21 2.340 0.779 2.062666 2.340 0 1 0
 4414 1857.470 2975.508 -2 21 2.340 1.169 2.281578 2.340 0 1 0
 4415 1860.200 2978.433 -2 21 2.340 0.779 2.031052 2.340 0 1 0
 4416 1863.320 2975.508 -2 21 2.340 1.169 2.376420 2.340 0 1 0
 4417 1905.245 3006.513 -2 21 85.412 24.959 353.796736 85.412 0 1 0
 4418 1866.440 2978.628 -2 21 2.340 1.169 2.090105 2.340 0 1 0
 4419 1869.170 2975.508 -2 21 2.340 1.169 2.289333 2.340 0 1 0
 4420 1872.290 2978.628 -2 21 2.340 1.169 2.174806 2.340 0 1 0
 4421 1875.410 2975.508 -2 21 2.340 1.169 2.306631 2.340 0 1 0
 4422 1878.335 2978.628 -2 21 1.950 1.169 2.061473 1.950 0 1 0
 4423 1881.260 2975.508 -2 21 2.340 1.169 2.353157 2.340 0 1 0
 4424 1881.260 3302.718 -2 21 1.560 2.729 3.897472 2.729 0 1 0
 4425 1883.795 3308.178 -2 21 1.950 2.729 4.005437 2.729 0 1 0
 4426 1884.380 2978.433 -2 21 2.340 0.779 2.052526 2.340 0 1 0
 4427 1887.500 2975.508 -2 21 2.340 1.169 2.338245 2.340 0 1 0
 4428 1890.230 2978.628 -2 21 2.340 1.169 2.191508 2.340 0 1 0
 4429 1893.350 2975.508 -2 21 2.340 1.169 2.394315 2.340 0 1 0
 4430 1901.345 3308.178 -2 21 1.950 2.729 3.950560 2.729 0 1 0
 4431 1905.050 2968.683 -2 21 7.800 20.279 158.189424 20.279 0 1 0
 4432 1903.685 3302.718 -2 21 1.950 2.729 3.920139 2.729 0 1 0
 4433 1949.510 2882.298 -2 21 31.981 80.729 209.144672 80.729 0 1 0
 4434 1940.150 2682.423 -2 21 13.260 257.399 962.065472 257.399 0 1 0
 4435 1940.735 2548.653 -2 21 8.189 4.679 9.791400 8.189 0 1 0
 4436 1944.050 2823.798 -2 21 9.360 21.449 26.922622 21.449 0 1 0
 4437 1943.270 3028.938 -2 21 0.780 1.949 1.502561 1.949 0 1 0
 4438 1956.140 3302.718 -2 21 1.560 2.729 4.004244 2.729 0 1 0
 4439 1958.480 3308.178 -2 21 1.560 1.949 3.271753 1.949 0 1 0
 4440 1974.860 3308.178 -2 21 1.560 1.949 3.178104 1.949 0 1 0
 4441 1977.005 3302.718 -2 21 1.170 1.949 2.869718 1.949 0 1 0
 4442 1982.465 3308.178 -2 21 1.170 1.949 3.085648 1.949 0 1 0
 4443 1984.415 3302.913 -2 21 1.170 2.339 3.036736 2.339 0 1 0
 4444 2010.545 2962.053 -2 21 42.511 10.139 33.801356 42.511 0 1 0
 4445 2014.835 2953.863 -2 21 31.591 2.339 52.324192 31.591 0 1 0
 4446 2064.561 2916.033 -2 21 131.044 16.379 1510.861056 131.044 0 1 0
 4447 2006.840 2564.643 -2 21 7.020 10.919 54.603384 10.919 0 1 0
 4448 2043.305 3302.523 -2 21 2.730 2.339 5.378560 2.730 0 1 0
 4449 2068.461 3307.788 -2 21 2.340 1.949 4.707507 2.340 0 1 0
 4450 2077.821 3005.538 -2 21 1.560 2.729 3.094595 2.729 0 1 0
 4451 2083.086 3028.938 -2 21 0.390 1.949 1.265754 1.949 0 1 0
 4452 2149.386 2959.908 -2 21 56.551 14.429 111.188912 56.551 0 1 0
 4453 2166.936 3045.318 -2 21 5.850 12.869 70.576816 12.869 0 1 0
 4454 2211.396 2916.618 -2 21 25.350 16.769 205.189936 25.350 0 1 0
 4455 2202.816 3029.133 -2 21 1.170 11.699 6.658033 11.699 0 1 0
 4456 2229.141 2980.383 -2 21 7.800 3.119 13.624452 7.800 0 1 0
 4457 2257.416 2916.813 -2 21 46.411 17.939 229.222560 46.411 0 1 0
 4458 2238.501 2986.623 -2 21 7.020 3.119 13.348873 7.020 0 1 0
 4459 2256.441 3044.928 -2 21 5.460 12.089 43.588580 12.089 0 1 0
 4460 2388.066 2916.813 -2 21 205.537 17.939 853.462336 205.537 0 1 0
 4461 2321.376 3076.518 -2 21 6.630 12.089 56.039736 12.089 0 1 0
 4462 2330.346 3060.723 -2 21 7.410 11.699 62.631556 11.699 0 1 0
 4463 2380.851 3029.718 -2 21 2.340 8.969 11.277856 8.969 0 1 0
 4464 2391.771 3288.873 -2 21 1.560 1.559 2.621578 1.560 0 1 0
 4465 2552.647 2917.008 -2 21 84.632 17.549 271.051488 84.632 0 1 0
 4466 2660.677 2917.203 -2 21 115.054 17.159 494.189824 115.054 0 1 0
 4467 2760.712 2916.813 -2 21 75.662 17.159 282.003072 75.662 0 1 0
 4468 2871.863 2916.618 -2 21 37.441 17.549 72.858400 37.441 0 1 0
 4469 2903.453 2924.223 -2 21 6.240 1.559 5.374384 6.240 0 1 0
 4470 3067.643 2917.593 -2 21 10.920 2.339 12.397470 10.920 0 1 0
 4471 3095.723 2920.128 -2 21 24.960 11.309 45.935772 24.960 0 1 0
 4472 3131.603 2912.913 -2 21 27.300 8.579 28.899990 27.300 0 1 0
 4473 3213.698 2917.593 -2 21 7.410 1.559 6.400945 7.410 0 1 0
 4474 3221.303 2917.788 -2 21 3.900 1.949 4.043613 3.900 0 1 0
 4475 3551.439 3106.743 -2 21 1.950 12.479 10.809610 12.479 0 1 0
 4476 3551.439 3119.418 -2 21 1.170 8.969 4.900770 8.969 0 1 0
 4477 3582.834 2890.098 -2 21 2.340 0.389 0.913824 2.340 0 1 0
 4478 3819.565 3179.283 -2 21 0.780 2.339 1.188807 2.339 0 1 0
 4479 3820.930 3156.663 -2 21 1.170 8.579 5.406595 8.579 0 1 0
 4480 3976.930 3288.483 -2 21 20.670 38.219 97.651544 38.219 0 1 0
 4481 3983.170 2723.568 -2 21 2.730 1.169 3.067753 2.730 0 1 0
 4482 3990.190 2735.073 -2 21 1.950 0.779 2.180771 1.950 0 1 0
 4483 4048.106 2974.143 -2 21 2.340 3.119 2.758771 3.119 0 1 0
 4484 4053.761 2947.623 -2 21 13.650 38.219 112.709960 38.219 0 1 0
 4485 4229.261 3308.373 -2 21 2.730 0.779 3.054034 2.730 0 1 0
 4486 4247.786 3154.713 -2 21 5.460 0.779 5.162033 5.460 0 1 0
 4487 4401.056 3029.718 -2 21 3.900 51.869 23.119992 51.869 0 1 0
 4488 4412.171 3062.283 -2 21 1.170 17.159 6.540524 17.159 0 1 0
 4489 4412.171 3048.828 -2 21 1.170 3.509 4.305472 3.509 0 1 0
 4490 4423.092 3211.653 -2 21 5.850 138.059 380.871456 138.059 0 1 0
 4491 4681.662 3209.703 -2 21 15.210 10.919 7.301050 15.210 0 1 0
 4492 4750.107 3203.853 -2 21 90.483 8.579 33.311040 90.483 0 1 0
 4493 979.968 3177.138 -2 21 4.680 292.109 1043.441728 292.109 0 1 0
 4494 1797.525 3276.941 -2 21 5.850 101.009 24.298658 101.009 0 1 0
 4495 3996.820 3298.038 -2 21 5.850 50.309 129.137328 50.309 0 1 0
 4496 1578.424 3316.368 -2 21 1.950 1.169 2.273824 1.950 0 1 0
 4497 1175.163 3310.323 -2 21 1.170 7.799 6.819085 7.799 0 1 0
 4498 961.672 3428.809 -2 21 1.170 226.199 165.946784 226.199 0 1 0
 4499 828.452 3321.633 -1 21 3.510 3.119 9.284979 3.510 0 1 0
 4500 1573.549 3322.023 -1 21 0.780 2.339 1.488245 2.339 0 1 0
 4501 2300.901 3320.073 -1 21 1.560 4.679 4.748665 4.679 0 1 0
 4502 1432.174 3318.318 -1 21 0.390 0.389 0.743228 0.390 0 1 0
 4503 753.182 3315.393 -1 21 7.410 3.899 13.291610 7.410 0 1 0
 4504 777.752 3316.368 -1 21 31.591 1.169 30.116832 31.591 0 1 0
 4505 2763.247 3315.198 -1 21 1.170 0.389 1.310491 1.170 0 1 0
 4506 2952.983 3313.248 -1 21 3.120 1.949 4.158735 3.120 0 1 0
 4507 1956.335 3311.883 -1 21 1.950 0.779 2.283368 1.950 0 1 0
 4508 1980.515 3311.688 -1 21 1.950 1.169 2.763543 1.950 0 1 0
 4509 1986.365 3311.883 -1 21 1.950 0.779 2.381789 1.950 0 1 0
 4510 1834.884 3373.234 -1 21 46.411 115.049 352.579872 115.049 0 1 0
 4511 1861.404 3322.729 -1 21 0.390 3.119 2.612034 3.119 0 1 0
 4512 2092.284 3320.974 -1 21 1.950 5.069 5.333226 5.069 0 1 0
 4513 2989.253 3313.443 0 21 2.340 0.779 1.858666 2.340 0 1 0
 4514 2842.221 3272.298 2 21 88.923 101.789 694.056064 101.789 0 1 0
 4515 3295.987 3265.436 2 21 197.736 124.799 3.356455 197.736 0 1 0
 4516 3728.338 3330.371 2 21 12.870 33.929 7.345787 33.929 0 1 0
 4517 3838.868 3322.803 2 21 0.390 0.779 0.996737 0.779 0 1 0
 4518 3915.148 3318.086 2 21 14.430 24.959 23.272096 24.959 0 1 0
 4519 4074.234 3317.733 2 21 0.780 10.919 8.689085 10.919 0 1 0
 4520 4297.315 3322.608 2 21 7.800 1.169 5.592103 7.800 0 1 0
 4521 3745.108 3323.119 2 21 8.970 14.819 3.912981 14.819 0 1 0
 4522 4287.955 3322.608 2 21 3.120 0.389 2.557754 3.120 0 1 0
 4523 4307.260 3322.413 2 21 4.290 0.779 3.960104 4.290 0 1 0
 4524 4323.250 3322.413 2 21 2.730 0.779 3.079087 2.730 0 1 0
 4525 3838.868 3317.343 2 21 0.390 2.339 2.104420 2.339 0 1 0
 4526 4578.310 3308.373 2 21 9.750 19.499 185.720464 19.499 0 1 0
 4527 3826.388 3312.468 2 21 0.390 5.849 4.749858 5.849 0 1 0
 4528 3946.314 3309.933 2 21 0.780 6.239 4.631753 6.239 0 1 0
 4529 2284.520 3311.493 2 21 1.560 2.339 1.835999 2.339 0 1 0
 4530 4703.696 3304.083 2 21 3.900 17.159 6.844735 17.159 0 1 0
 4531 4750.106 3309.933 2 21 0.780 5.459 4.611472 5.459 0 1 0
 4532 3838.673 3310.908 2 21 0.780 1.949 2.138420 1.949 0 1 0
 4533 4720.305 3327.214 2 21 100.623 23.009 10.810803 100.623 0 1 0
 4534 684.735 3320.658 3 21 3.900 5.069 9.764558 5.069 0 1 0
 4535 1215.137 3322.803 3 21 2.340 0.779 2.804701 2.340 0 1 0
 4536 1221.962 3322.803 3 21 1.170 0.779 1.595017 1.170 0 1 0
 4537 1233.077 3322.803 3 21 3.120 0.779 3.386280 3.120 0 1 0
 4538 1239.122 3322.803 3 21 2.730 0.779 3.099964 2.730 0 1 0
 4539 1868.193 3319.488 3 21 12.090 7.409 13.011259 12.090 0 1 0
 4540 2041.159 3319.293 3 21 1.560 7.799 8.427822 7.799 0 1 0
 4541 2070.604 3314.808 3 21 3.510 16.769 24.793150 16.769 0 1 0
 4542 2109.799 3322.998 3 21 1.560 0.389 1.578315 1.560 0 1 0
 4543 2254.489 3316.953 3 21 35.101 12.479 45.175248 35.101 0 1 0
 4544 2606.075 3293.321 3 21 132.994 78.389 55.621000 132.994 0 1 0
 4545 2779.155 3346.751 3 21 37.831 161.069 510.769312 161.069 0 1 0
 4546 2948.496 3295.466 3 21 115.834 107.639 1.619473 115.834 0 1 0
 4547 3038.196 3322.803 3 21 0.390 0.779 0.962140 0.779 0 1 0
 4548 3127.117 3322.608 3 21 3.510 1.169 3.413718 3.510 0 1 0
 4549 3175.396 3333.881 3 21 44.851 62.789 227.549392 62.789 0 1 0
 4550 3435.607 3315.003 3 21 23.790 16.379 8.268559 23.790 0 1 0
 4551 828.451 3321.633 3 21 2.730 2.339 4.728981 2.730 0 1 0
 4552 2343.020 3314.613 3 21 83.462 16.379 223.898864 83.462 0 1 0
 4553 3136.477 3322.413 3 21 2.730 0.779 2.220140 2.730 0 1 0
 4554 304.874 3322.023 3 21 1.560 0.779 2.020315 1.560 0 1 0
 4555 1151.956 3320.853 3 21 2.340 3.119 2.875683 3.119 0 1 0
 4556 2077.234 3320.853 3 21 1.950 1.559 3.244315 1.950 0 1 0
 4557 2291.929 3321.438 3 21 0.780 0.389 1.027754 0.780 0 1 0
 4558 1887.303 3320.853 3 21 1.950 0.779 2.589368 1.950 0 1 0
 4559 1911.678 3320.658 3 21 15.600 1.169 9.400699 15.600 0 1 0
 4560 2018.344 3317.733 3 21 8.189 7.019 8.470173 8.189 0 1 0
 4561 1692.108 3318.318 3 21 31.981 4.289 20.077888 31.981 0 1 0
 4562 2033.749 3319.683 3 21 1.560 1.559 2.227894 1.560 0 1 0
 4563 2160.109 3317.538 3 21 2.340 5.849 7.852208 5.849 0 1 0
 4564 565.395 3312.078 3 21 38.221 15.989 26.009990 38.221 0 1 0
 4565 1723.113 3318.123 3 21 8.970 3.899 6.797015 8.970 0 1 0
 4566 1770.108 3318.318 3 21 33.541 3.509 28.747886 33.541 0 1 0
 4567 1652.133 3318.123 3 21 40.171 3.119 34.984200 40.171 0 1 0
 4568 379.755 3299.988 3 21 138.844 38.609 12.372417 138.844 0 1 0
 4569 736.410 3318.513 3 21 1.950 1.559 2.631718 1.950 0 1 0
 4570 1741.053 3317.928 3 21 11.310 2.729 11.291575 11.310 0 1 0
 4571 1832.508 3317.538 3 21 13.260 3.509 12.427294 13.260 0 1 0
 4572 303.509 3315.198 3 21 1.950 6.629 5.087472 6.629 0 1 0
 4573 1434.902 3317.343 3 21 6.630 2.339 6.998629 6.630 0 1 0
 4574 1206.362 3316.953 3 21 7.410 2.339 9.147190 7.410 0 1 0
 4575 1242.437 3315.783 3 21 5.460 4.679 5.618349 5.460 0 1 0
 4576 1854.933 3316.953 3 21 7.410 2.339 9.143611 7.410 0 1 0
 4577 740.895 3317.148 3 21 0.780 0.389 1.012245 0.780 0 1 0
 4578 753.375 3315.393 3 21 8.580 3.899 14.142802 8.580 0 1 0
 4579 778.726 3315.978 3 21 34.321 2.729 42.893672 34.321 0 1 0
 4580 1225.082 3315.198 3 21 2.730 4.289 5.526489 4.289 0 1 0
 4581 1821.393 3316.953 3 21 1.950 0.779 2.315578 1.950 0 1 0
 4582 1894.323 3315.783 3 21 12.090 3.119 8.524453 12.090 0 1 0
 4583 3038.001 3316.953 3 21 0.780 0.779 1.152421 0.780 0 1 0
 4584 530.880 3316.368 3 21 1.170 1.169 1.925473 1.170 0 1 0
 4585 1258.037 3314.613 3 21 9.360 4.679 13.487259 9.360 0 1 0
 4586 1904.073 3316.563 3 21 0.390 0.779 0.946631 0.779 0 1 0
 4587 2000.794 3315.783 3 21 2.730 2.339 2.823789 2.730 0 1 0
 4588 2132.224 3315.978 3 21 1.170 1.169 1.498982 1.170 0 1 0
 4589 3400.312 3315.003 3 21 3.900 2.339 6.273893 3.900 0 1 0
 4590 1795.848 3309.933 3 21 5.460 10.919 19.269642 10.919 0 1 0
 4591 2208.859 3314.028 3 21 1.560 1.169 1.955298 1.560 0 1 0
 4592 2218.219 3313.833 3 21 4.680 1.559 6.185612 4.680 0 1 0
 4593 2226.214 3314.223 3 21 1.170 0.779 1.575333 1.170 0 1 0
 4594 2232.064 3314.223 3 21 1.170 0.779 1.640350 1.170 0 1 0
 4595 2406.395 3312.663 3 21 0.390 3.119 1.929648 3.119 0 1 0
 4596 3096.111 3313.638 3 21 3.120 1.169 2.684806 3.120 0 1 0
 4597 2117.794 3310.323 3 21 2.730 7.019 5.593296 7.019 0 1 0
 4598 3038.391 3311.688 3 21 0.780 2.729 1.452456 2.729 0 1 0
 4599 270.359 3312.468 3 21 4.290 0.389 1.699999 4.290 0 1 0
 4600 1209.872 3311.688 3 21 1.170 1.949 2.793964 1.949 0 1 0
 4601 2293.879 3311.298 3 21 1.560 2.729 3.438174 2.729 0 1 0
 4602 3141.352 3311.883 3 21 0.780 0.779 0.929930 0.780 0 1 0
 4603 1314.197 3311.688 3 21 1.560 0.389 1.531789 1.560 0 1 0
 4604 4425.464 3380.059 3 21 3.120 128.699 212.643088 128.699 0 1 0
 4605 3145.676 3323.314 3 21 7.410 13.649 20.430414 13.649 0 1 0
 4606 1557.787 3324.679 3 21 10.920 5.459 8.727260 10.920 0 1 0
 4607 3359.982 3325.069 3 21 17.940 3.899 10.366418 17.940 0 1 0
 4608 4809.032 2169.428 -2 21 1.170 1.559 2.091894 1.559 0 1 0
 4609 4809.227 2154.023 -2 21 0.780 1.949 2.314385 1.949 0 1 0
 4610 4803.377 2144.078 -2 21 12.480 7.799 12.276978 12.480 0 1 0
 4611 4808.642 2158.118 -2 21 1.170 0.779 1.467368 1.170 0 1 0
 4612 4798.112 2177.618 -2 21 0.390 1.559 1.258000 1.559 0 1 0
 4613 4769.447 2158.313 -2 21 57.722 11.309 114.231016 57.722 0 1 0
 4614 4783.097 2142.713 -2 21 18.720 9.749 8.612137 18.720 0 1 0
 4615 4756.967 2144.078 -2 21 14.820 7.799 9.141821 14.820 0 1 0
 4616 4735.712 2173.133 -2 21 8.970 9.749 15.620311 9.749 0 1 0
 4617 4734.152 2157.728 -2 21 8.970 8.579 14.612241 8.970 0 1 0
 4618 4737.662 2189.903 -2 21 1.170 1.169 1.840175 1.170 0 1 0
 4619 4737.662 2186.783 -2 21 1.170 1.169 2.011964 1.170 0 1 0
 4620 4734.932 2165.918 -2 21 1.170 0.779 1.238912 1.170 0 1 0
 4621 4717.772 2158.313 -2 21 17.550 10.529 11.103680 17.550 0 1 0
 4622 4726.157 2147.588 -2 21 0.780 0.779 1.256210 0.780 0 1 0
 4623 4723.817 2172.743 -2 21 3.900 9.749 12.745820 9.749 0 1 0
 4624 4710.557 2146.808 -2 21 1.560 1.559 0.787368 1.560 0 1 0
 4625 4709.972 2143.493 -2 21 1.170 0.389 0.711017 1.170 0 1 0
 4626 4708.022 2138.228 -2 21 1.950 0.779 1.496596 1.950 0 1 0
 4627 4697.492 2158.508 -2 21 12.870 10.919 11.103680 12.870 0 1 0
 4628 3460.019 2475.383 -2 21 0.390 0.389 0.207579 0.390 0 1 0
 4629 3385.918 2344.343 -2 21 4.290 5.849 11.082803 5.849 0 1 0
 4630 3275.743 2359.748 -2 21 6.240 6.239 22.128624 6.240 0 1 0
 4631 3275.938 2326.403 -2 21 5.850 5.069 18.445292 5.850 0 1 0
 4632 3275.158 2393.873 -2 21 3.510 5.069 9.297506 5.069 0 1 0
 4633 3165.373 2378.078 -2 21 5.460 8.579 13.566592 8.579 0 1 0
 4634 3165.178 2344.733 -2 21 5.850 9.749 22.973254 9.749 0 1 0
 4635 3164.398 2410.058 -2 21 0.390 0.779 0.768280 0.779 0 1 0
 4636 3055.002 2396.018 -2 21 5.460 9.359 11.418628 9.359 0 1 0
 4637 3054.612 2361.698 -2 21 6.240 10.139 37.429216 10.139 0 1 0
 4638 3054.612 2327.768 -2 21 6.240 10.139 25.971816 10.139 0 1 0
 4639 3054.612 2293.643 -2 21 6.240 10.529 30.144270 10.529 0 1 0
 4640 2944.242 2378.663 -2 21 6.240 10.529 34.910828 10.529 0 1 0
 4641 2944.242 2344.733 -2 21 6.240 10.529 36.000620 10.529 0 1 0
 4642 2944.242 2306.513 -2 21 6.240 1.949 6.646700 6.240 0 1 0
 4643 2944.047 2276.678 -2 21 6.630 10.139 44.094404 10.139 0 1 0
 4644 2946.582 2314.118 -2 21 0.780 3.119 2.884034 3.119 0 1 0
 4645 2833.677 2395.823 -2 21 6.630 10.529 35.524620 10.529 0 1 0
 4646 2833.677 2361.893 -2 21 6.630 10.529 46.332440 10.529 0 1 0
 4647 2833.677 2327.768 -2 21 6.630 10.139 42.754688 10.139 0 1 0
 4648 2833.677 2293.643 -2 21 6.630 10.529 45.852264 10.529 0 1 0
 4649 2835.822 2434.238 -2 21 1.560 0.779 1.763824 1.560 0 1 0
 4650 2832.117 2433.458 -2 21 1.950 2.339 2.955613 2.339 0 1 0
 4651 2723.307 2378.663 -2 21 6.630 10.529 45.933388 10.529 0 1 0
 4652 2723.307 2344.733 -2 21 6.630 10.529 44.560264 10.529 0 1 0
 4653 2723.307 2310.803 -2 21 6.630 10.529 31.315182 10.529 0 1 0
 4654 2725.842 2447.303 -2 21 0.780 1.169 1.599192 1.169 0 1 0
 4655 2725.647 2413.958 -2 21 1.170 0.779 1.508526 1.170 0 1 0
 4656 2722.332 2451.398 -2 21 3.900 0.779 3.281894 3.900 0 1 0
 4657 2721.552 2447.108 -2 21 2.340 1.559 2.369262 2.340 0 1 0
 4658 2612.741 2432.483 -2 21 6.240 5.069 12.282347 6.240 0 1 0
 4659 2612.546 2395.823 -2 21 6.630 10.529 41.675040 10.529 0 1 0
 4660 2612.546 2361.698 -2 21 6.630 10.919 49.828472 10.919 0 1 0
 4661 2612.546 2327.768 -2 21 6.630 10.919 47.512300 10.919 0 1 0
 4662 2612.546 2293.643 -2 21 6.630 10.529 48.962368 10.529 0 1 0
 4663 2610.986 2497.028 -2 21 1.170 0.779 0.757544 1.170 0 1 0
 4664 2502.176 2448.278 -2 21 6.630 7.799 21.100274 7.799 0 1 0
 4665 2502.176 2415.323 -2 21 6.630 5.069 16.743503 6.630 0 1 0
 4666 2502.176 2378.663 -2 21 6.630 10.529 51.697876 10.529 0 1 0
 4667 2502.176 2344.733 -2 21 6.630 10.529 49.979388 10.529 0 1 0
 4668 2502.176 2310.608 -2 21 6.630 10.919 38.343636 10.919 0 1 0
 4669 2501.981 2276.678 -2 21 7.020 10.919 53.383560 10.919 0 1 0
 4670 2502.176 2408.108 -2 21 5.850 1.559 6.151612 5.850 0 1 0
 4671 2391.806 2429.753 -2 21 6.630 10.529 31.293708 10.529 0 1 0
 4672 2391.611 2395.628 -2 21 7.020 10.919 50.114192 10.919 0 1 0
 4673 2391.611 2361.698 -2 21 7.020 10.919 53.164648 10.919 0 1 0
 4674 2391.611 2327.768 -2 21 7.020 10.919 50.958228 10.919 0 1 0
 4675 2391.611 2293.838 -2 21 7.020 10.919 53.468860 10.919 0 1 0
 4676 2391.611 2501.708 -2 21 6.240 3.119 8.851927 6.240 0 1 0
 4677 2391.611 2468.168 -2 21 6.240 1.559 5.461472 6.240 0 1 0
 4678 2388.881 2463.878 -2 21 0.780 0.779 1.325403 0.780 0 1 0
 4679 2281.241 2412.593 -2 21 7.020 10.529 46.198228 10.529 0 1 0
 4680 2281.241 2378.663 -2 21 7.020 11.309 56.593280 11.309 0 1 0
 4681 2281.241 2344.733 -2 21 7.020 11.309 56.422684 11.309 0 1 0
 4682 2281.241 2310.608 -2 21 7.020 10.919 51.263036 10.919 0 1 0
 4683 2281.241 2276.678 -2 21 7.020 10.919 59.544716 10.919 0 1 0
 4684 2281.241 2519.453 -2 21 6.240 1.169 7.686383 6.240 0 1 0
 4685 2283.191 2513.603 -2 21 2.340 1.949 3.357052 2.340 0 1 0
 4686 2281.241 2485.133 -2 21 6.240 1.949 8.210699 6.240 0 1 0
 4687 2283.386 2480.453 -2 21 1.950 1.949 3.195402 1.950 0 1 0
 4688 2281.046 2446.913 -2 21 6.630 10.529 43.388160 10.529 0 1 0
 4689 2278.901 2513.798 -2 21 1.560 0.779 1.686280 1.560 0 1 0
 4690 2278.706 2480.453 -2 21 1.170 1.169 2.010771 1.170 0 1 0
 4691 2170.870 2429.558 -2 21 7.020 10.919 62.148996 10.919 0 1 0
 4692 2170.870 2395.628 -2 21 7.020 10.919 66.602996 10.919 0 1 0
 4693 2170.675 2361.698 -2 21 7.410 10.919 70.019096 10.919 0 1 0
 4694 2170.675 2327.768 -2 21 7.410 10.919 68.551728 10.919 0 1 0
 4695 2170.675 2293.643 -2 21 7.410 11.309 69.790048 11.309 0 1 0
 4696 2170.675 2498.003 -2 21 6.630 10.529 41.633880 10.529 0 1 0
 4697 2170.675 2465.048 -2 21 6.630 7.799 26.729358 7.799 0 1 0
 4698 2060.304 2378.663 -2 21 7.410 11.309 62.117384 11.309 0 1 0
 4699 2060.304 2344.733 -2 21 7.410 11.309 62.128120 11.309 0 1 0
 4700 2060.304 2310.803 -2 21 7.410 11.309 58.452540 11.309 0 1 0
 4701 2060.304 2276.483 -2 21 7.410 11.309 62.427556 11.309 0 1 0
 4702 2060.304 2515.163 -2 21 6.630 10.529 34.835076 10.529 0 1 0
 4703 2060.110 2480.843 -2 21 7.020 10.529 40.063320 10.529 0 1 0
 4704 2060.110 2446.718 -2 21 7.020 10.919 54.311700 10.919 0 1 0
 4705 2060.110 2412.593 -2 21 7.020 11.309 56.347524 11.309 0 1 0
 4706 2007.655 2429.753 -2 21 7.410 11.309 56.005140 11.309 0 1 0
 4707 2007.655 2395.823 -2 21 7.410 11.309 60.608260 11.309 0 1 0
 4708 2007.655 2361.698 -2 21 7.410 10.919 61.712364 10.919 0 1 0
 4709 2007.655 2327.573 -2 21 7.410 11.309 61.013872 11.309 0 1 0
 4710 2007.655 2293.643 -2 21 7.410 11.309 29.758340 11.309 0 1 0
 4711 2007.655 2498.003 -2 21 6.630 10.529 48.394508 10.529 0 1 0
 4712 2007.655 2464.073 -2 21 6.630 10.529 44.047284 10.529 0 1 0
 4713 1968.655 2514.968 -2 21 5.070 10.139 20.933852 10.139 0 1 0
 4714 1968.655 2480.843 -2 21 5.070 10.529 42.028160 10.529 0 1 0
 4715 1942.915 2447.498 -2 21 15.210 49.139 130.658376 49.139 0 1 0
 4716 1943.695 2390.168 -2 21 12.870 36.659 141.153632 36.659 0 1 0
 4717 1942.330 2487.668 -2 21 10.920 3.899 17.780802 10.920 0 1 0
 4718 1798.809 2485.718 -2 21 7.800 2.339 15.192030 7.800 0 1 0
 4719 1798.809 2456.078 -2 21 7.800 2.339 16.183995 7.800 0 1 0
 4720 1798.809 2426.243 -2 21 7.800 2.729 16.763187 7.800 0 1 0
 4721 1798.809 2396.603 -2 21 7.800 2.729 16.930206 7.800 0 1 0
 4722 1798.809 2366.963 -2 21 7.800 2.729 16.505503 7.800 0 1 0
 4723 1798.809 2337.713 -2 21 7.800 2.729 16.652837 7.800 0 1 0
 4724 1798.809 2307.878 -2 21 7.800 2.339 16.580661 7.800 0 1 0
 4725 1798.809 2278.433 -2 21 7.800 2.729 16.841328 7.800 0 1 0
 4726 1798.809 2248.988 -2 21 7.800 2.339 16.102872 7.800 0 1 0
 4727 1798.809 2219.348 -2 21 7.800 2.339 15.679363 7.800 0 1 0
 4728 1788.279 2480.648 -2 21 7.800 2.339 15.713960 7.800 0 1 0
 4729 1788.279 2451.203 -2 21 7.800 2.729 16.339679 7.800 0 1 0
 4730 1788.279 2421.563 -2 21 7.800 2.729 16.798380 7.800 0 1 0
 4731 1788.279 2391.923 -2 21 7.800 2.729 16.778100 7.800 0 1 0
 4732 1788.279 2362.478 -2 21 7.800 2.339 16.093328 7.800 0 1 0
 4733 1788.279 2332.838 -2 21 7.800 2.339 15.749153 7.800 0 1 0
 4734 1788.279 2303.198 -2 21 7.800 2.339 15.062591 7.800 0 1 0
 4735 1788.279 2273.558 -2 21 7.800 2.339 15.504591 7.800 0 1 0
 4736 1788.279 2243.723 -2 21 7.800 1.949 15.526065 7.800 0 1 0
 4737 1774.434 2485.523 -2 21 1.950 2.729 4.393753 2.729 0 1 0
 4738 1774.434 2466.218 -2 21 1.950 23.399 40.916300 23.399 0 1 0
 4739 1774.434 2436.578 -2 21 1.950 23.399 41.068408 23.399 0 1 0
 4740 1774.434 2406.938 -2 21 1.950 23.399 40.155776 23.399 0 1 0
 4741 1774.434 2377.493 -2 21 1.950 23.789 38.482620 23.789 0 1 0
 4742 1774.434 2347.853 -2 21 1.950 23.789 35.744724 23.789 0 1 0
 4743 1774.434 2318.408 -2 21 1.950 23.399 41.372616 23.399 0 1 0
 4744 1774.434 2288.768 -2 21 1.950 23.399 41.828932 23.399 0 1 0
 4745 1774.434 2259.128 -2 21 1.950 23.399 35.136304 23.399 0 1 0
 4746 1774.629 2231.633 -2 21 1.560 19.109 24.945254 19.109 0 1 0
 4747 1774.629 2219.153 -2 21 1.560 1.949 2.824385 1.949 0 1 0
 4748 1774.629 2201.993 -2 21 1.560 19.109 21.598940 19.109 0 1 0
 4749 1774.629 2189.513 -2 21 1.560 1.949 2.561929 1.949 0 1 0
 4750 1774.629 2172.548 -2 21 1.560 18.719 16.883680 18.719 0 1 0
 4751 1774.629 2148.758 -2 21 1.560 7.019 4.174244 7.019 0 1 0
 4752 1766.634 2470.118 -2 21 1.950 23.399 37.113672 23.399 0 1 0
 4753 1766.634 2440.478 -2 21 1.950 23.399 40.003672 23.399 0 1 0
 4754 1766.634 2410.838 -2 21 1.950 23.399 41.068408 23.399 0 1 0
 4755 1766.634 2381.393 -2 21 1.950 23.789 41.676828 23.789 0 1 0
 4756 1766.634 2351.753 -2 21 1.950 23.789 42.133144 23.789 0 1 0
 4757 1766.634 2322.308 -2 21 1.950 23.399 41.220512 23.399 0 1 0
 4758 1766.634 2292.668 -2 21 1.950 23.399 39.547356 23.399 0 1 0
 4759 1766.634 2263.028 -2 21 1.950 23.399 37.874196 23.399 0 1 0
 4760 1766.634 2233.388 -2 21 1.950 23.399 35.896832 23.399 0 1 0
 4761 1766.634 2203.748 -2 21 1.950 23.399 34.223672 23.399 0 1 0
 4762 1766.634 2174.303 -2 21 1.950 23.009 33.158936 23.009 0 1 0
 4763 1766.439 2150.708 -2 21 1.560 10.919 12.572838 10.919 0 1 0
 4764 1759.614 2315.678 -2 21 1.950 340.859 434.716704 340.859 0 1 0
 4765 1744.599 2264.588 -2 21 1.560 449.279 516.853504 449.279 0 1 0
 4766 1738.749 2317.433 -2 21 1.560 344.369 343.149344 344.369 0 1 0
 4767 1571.439 2499.368 -2 21 0.780 2.339 2.657964 2.339 0 1 0
 4768 1571.439 2493.518 -2 21 0.780 2.339 2.786806 2.339 0 1 0
 4769 1551.549 2396.603 -2 21 40.561 4.289 149.215216 40.561 0 1 0
 4770 1551.549 2390.558 -2 21 40.561 3.899 153.322048 40.561 0 1 0
 4771 1551.549 2384.708 -2 21 40.561 3.899 157.580992 40.561 0 1 0
 4772 1551.549 2376.713 -2 21 40.561 3.509 141.609952 40.561 0 1 0
 4773 1551.744 2345.513 -2 21 40.171 36.269 540.429824 40.171 0 1 0
 4774 1553.499 2499.563 -2 21 2.340 2.729 5.782981 2.729 0 1 0
 4775 1553.499 2493.518 -2 21 2.340 3.119 5.847402 3.119 0 1 0
 4776 1371.563 2497.223 -2 21 1.170 32.369 36.505252 32.369 0 1 0
 4777 1371.563 2393.678 -2 21 1.170 144.299 150.127840 144.299 0 1 0
 4778 1371.563 2312.753 -2 21 1.170 3.509 4.375858 3.509 0 1 0
 4779 1371.563 2297.543 -2 21 1.170 13.649 15.362626 13.649 0 1 0
 4780 1371.563 2274.728 -2 21 1.170 17.939 19.925782 17.939 0 1 0
 4781 1371.563 2249.573 -2 21 1.170 18.329 15.210521 18.329 0 1 0
 4782 1371.758 2223.053 -2 21 0.780 20.669 16.123152 20.669 0 1 0
 4783 1371.758 2201.408 -2 21 0.780 8.579 8.290032 8.579 0 1 0
 4784 1371.758 2170.598 -2 21 0.780 26.519 20.382098 26.519 0 1 0
 4785 1367.273 2497.223 -2 21 1.950 32.369 62.058924 32.369 0 1 0
 4786 1367.273 2393.678 -2 21 1.950 144.299 264.206752 144.299 0 1 0
 4787 1367.273 2312.753 -2 21 1.950 3.509 6.370524 3.509 0 1 0
 4788 1367.273 2297.543 -2 21 1.950 13.649 25.857886 13.649 0 1 0
 4789 1367.273 2274.533 -2 21 1.950 18.329 34.984200 18.329 0 1 0
 4790 1367.273 2249.573 -2 21 1.950 18.329 28.291568 18.329 0 1 0
 4791 1367.078 2223.053 -2 21 1.560 20.669 29.964726 20.669 0 1 0
 4792 1367.078 2201.408 -2 21 1.560 8.579 11.661400 8.579 0 1 0
 4793 1367.078 2170.598 -2 21 1.560 26.519 30.573148 26.519 0 1 0
 4794 1325.348 2252.498 -2 21 4.680 8.579 27.834656 8.579 0 1 0
 4795 1307.018 2349.998 -2 21 38.221 31.199 162.752576 38.221 0 1 0
 4796 1318.913 2178.593 -2 21 2.730 66.689 153.322048 66.689 0 1 0
 4797 1318.718 2235.728 -2 21 2.340 18.719 42.437352 18.719 0 1 0
 4798 1307.603 2495.078 -2 21 4.290 2.339 7.456138 4.290 0 1 0
 4799 1307.603 2487.668 -2 21 4.290 2.339 8.052032 4.290 0 1 0
 4800 1297.268 2398.163 -2 21 18.720 7.409 125.943112 18.720 0 1 0
 4801 1302.923 2221.883 -2 21 4.290 1.949 6.698594 4.290 0 1 0
 4802 1302.923 2216.228 -2 21 4.290 2.339 7.223506 4.290 0 1 0
 4803 1304.093 2409.473 -2 21 1.170 5.849 7.481787 5.849 0 1 0
 4804 1302.728 2494.883 -2 21 1.560 62.789 95.369968 62.789 0 1 0
 4805 1302.728 2438.333 -2 21 0.780 1.169 1.059965 1.169 0 1 0
 4806 1299.803 2425.073 -2 21 1.170 5.849 7.424524 5.849 0 1 0
 4807 1293.953 2436.578 -2 21 12.090 7.019 65.840084 12.090 0 1 0
 4808 1298.828 2487.668 -2 21 1.560 63.179 93.696808 63.179 0 1 0
 4809 1294.928 2409.668 -2 21 2.340 6.239 13.101329 6.239 0 1 0
 4810 1169.543 2417.468 -2 21 5.850 124.019 514.419840 124.019 0 1 0
 4811 1163.108 2335.763 -2 21 18.720 2.729 46.848404 18.720 0 1 0
 4812 1163.108 2295.983 -2 21 18.720 4.289 70.272608 18.720 0 1 0
 4813 1163.108 2278.628 -2 21 18.720 4.679 73.162608 18.720 0 1 0
 4814 1169.933 2183.078 -2 21 3.510 75.659 229.222560 75.659 0 1 0
 4815 1155.893 2417.273 -2 21 4.290 123.629 528.413504 123.629 0 1 0
 4816 1155.893 2183.273 -2 21 4.290 76.049 143.739424 76.049 0 1 0
 4817 964.402 2492.933 -2 21 16.770 4.289 63.427872 16.770 0 1 0
 4818 964.402 2477.723 -2 21 16.770 4.289 65.101032 16.770 0 1 0
 4819 964.207 2357.018 -2 21 17.160 4.679 67.230504 17.160 0 1 0
 4820 964.402 2341.613 -2 21 16.770 4.289 66.013660 16.770 0 1 0
 4821 964.597 2335.763 -2 21 16.379 2.729 41.524724 16.379 0 1 0
 4822 910.387 2295.983 -2 21 124.804 4.289 283.372000 124.804 0 1 0
 4823 910.387 2278.628 -2 21 124.804 4.679 245.497808 124.804 0 1 0
 4824 964.987 2327.768 -2 21 1.560 4.679 5.205577 4.679 0 1 0
 4825 958.162 2485.328 -2 21 4.290 7.019 20.382694 7.019 0 1 0
 4826 958.162 2349.413 -2 21 4.290 6.629 19.065642 6.629 0 1 0
 4827 952.312 2516.918 -2 21 1.170 1.559 2.211789 1.559 0 1 0
 4828 952.312 2471.678 -2 21 1.170 1.559 2.406245 1.559 0 1 0
 4829 952.117 2363.063 -2 21 1.560 1.949 2.990806 1.949 0 1 0
 4830 952.117 2317.628 -2 21 1.560 1.559 2.759964 1.560 0 1 0
 4831 930.277 2229.878 -2 21 28.861 2.339 55.518400 28.861 0 1 0
 4832 924.427 2207.453 -2 21 17.160 1.949 31.942094 17.160 0 1 0
 4833 922.867 2328.548 -2 21 2.340 7.019 11.001681 7.019 0 1 0
 4834 680.091 2295.788 -2 21 186.036 4.679 512.746656 186.036 0 1 0
 4835 737.032 2278.433 -2 21 72.152 4.289 278.200448 72.152 0 1 0
 4836 769.792 2230.073 -2 21 6.630 1.949 11.538522 6.630 0 1 0
 4837 743.662 2257.958 -2 21 1.950 1.559 2.801718 1.950 0 1 0
 4838 743.662 2249.378 -2 21 1.950 1.559 2.690175 1.950 0 1 0
 4839 721.042 2257.958 -2 21 1.950 1.559 2.799929 1.950 0 1 0
 4840 721.042 2249.378 -2 21 1.950 1.559 2.709859 1.950 0 1 0
 4841 698.811 2257.958 -2 21 1.950 1.559 2.869718 1.950 0 1 0
 4842 698.811 2249.378 -2 21 1.950 1.559 2.727753 1.950 0 1 0
 4843 676.191 2257.958 -2 21 1.950 1.559 2.758771 1.950 0 1 0
 4844 676.191 2249.378 -2 21 1.950 1.559 2.697929 1.950 0 1 0
 4845 570.111 2471.678 -2 21 1.170 2.339 2.262490 2.339 0 1 0
 4846 568.746 2313.533 -2 21 1.560 1.949 2.319754 1.949 0 1 0
 4847 567.576 2262.053 -2 21 1.560 1.949 2.089508 1.949 0 1 0
 4848 564.456 2461.343 -2 21 1.560 1.949 2.624561 1.949 0 1 0
 4849 562.311 2249.378 -2 21 1.170 1.559 1.951719 1.559 0 1 0
 4850 561.141 2257.958 -2 21 1.170 2.339 2.162876 2.339 0 1 0
 4851 559.971 2521.208 -2 21 1.170 2.339 2.293508 2.339 0 1 0
 4852 559.776 2322.113 -2 21 1.560 1.949 2.291122 1.949 0 1 0
 4853 559.971 2253.863 -2 21 1.170 1.949 2.082350 1.949 0 1 0
 4854 558.606 2512.628 -2 21 1.560 2.339 2.213578 2.339 0 1 0
 4855 557.241 2525.303 -2 21 1.170 1.949 1.906385 1.949 0 1 0
 4856 557.241 2362.868 -2 21 1.170 2.339 2.411613 2.339 0 1 0
 4857 554.121 2309.243 -2 21 1.170 1.949 2.372245 1.949 0 1 0
 4858 550.611 2328.548 -2 21 2.730 7.019 14.307434 7.019 0 1 0
 4859 550.611 2315.678 -2 21 1.950 2.339 4.599542 2.339 0 1 0
 4860 546.321 2427.608 -2 21 1.950 2.339 3.656490 2.339 0 1 0
 4861 546.321 2413.958 -2 21 1.950 2.339 3.830069 2.339 0 1 0
 4862 546.321 2324.843 -2 21 1.950 2.729 4.152771 2.729 0 1 0
 4863 546.321 2310.998 -2 21 1.950 2.339 3.786525 2.339 0 1 0
 4864 546.126 2457.638 -2 21 1.560 2.339 3.732244 2.339 0 1 0
 4865 539.886 2466.218 -2 21 7.020 79.559 525.219296 79.559 0 1 0
 4866 539.691 2369.498 -2 21 6.630 91.259 582.258752 91.259 0 1 0
 4867 173.675 2418.443 -2 21 0.780 10.529 11.251014 10.529 0 1 0
 4868 166.070 2336.933 -2 21 15.990 30.809 313.184640 30.809 0 1 0
 4869 166.070 2296.568 -2 21 15.990 31.979 329.307776 31.979 0 1 0
 4870 173.870 2214.473 -2 21 0.390 10.529 6.750489 10.529 0 1 0
 4871 166.460 2418.443 -2 21 4.290 8.189 28.845112 8.189 0 1 0
 4872 160.220 2418.443 -2 21 1.170 8.189 11.221189 8.189 0 1 0
 4873 4153.635 2199.848 -1 21 55.381 63.959 1310.690560 63.959 0 1 0
 4874 4116.975 2099.033 -1 21 7.800 4.289 18.151818 7.800 0 1 0
 4875 4106.444 2120.093 -1 21 7.800 4.289 17.368626 7.800 0 1 0
 4876 3828.179 2207.648 -1 21 6.630 9.359 37.679144 9.359 0 1 0
 4877 3717.809 2191.268 -1 21 6.630 10.139 44.934860 10.139 0 1 0
 4878 3717.614 2224.418 -1 21 5.460 8.579 23.805956 8.579 0 1 0
 4879 3645.659 2211.353 -1 21 0.390 0.389 0.487930 0.390 0 1 0
 4880 3607.244 2174.303 -1 21 7.020 10.529 49.935244 10.529 0 1 0
 4881 3607.439 2207.453 -1 21 5.850 8.189 16.659398 8.189 0 1 0
 4882 3496.873 2157.338 -1 21 7.020 10.919 52.217420 10.919 0 1 0
 4883 3496.678 2191.463 -1 21 6.630 10.529 39.621916 10.529 0 1 0
 4884 3425.113 2170.598 -1 21 0.780 1.559 0.993754 1.559 0 1 0
 4885 3386.893 2174.303 -1 21 7.800 11.309 41.499668 11.309 0 1 0
 4886 3386.893 2140.568 -1 21 7.800 10.919 47.837984 10.919 0 1 0
 4887 3385.723 2110.928 -1 21 5.460 1.559 4.598349 5.460 0 1 0
 4888 3275.743 2157.533 -1 21 7.020 10.529 47.422828 10.529 0 1 0
 4889 3275.743 2123.408 -1 21 7.020 10.139 49.186052 10.139 0 1 0
 4890 3275.548 2191.853 -1 21 6.630 10.529 45.429948 10.529 0 1 0
 4891 3165.373 2106.443 -1 21 7.020 10.529 53.153316 10.529 0 1 0
 4892 3165.178 2174.498 -1 21 6.630 10.919 42.353248 10.919 0 1 0
 4893 3165.178 2140.568 -1 21 6.630 10.919 47.415072 10.919 0 1 0
 4894 3055.392 2123.603 -1 21 7.800 10.529 50.212616 10.529 0 1 0
 4895 3054.612 2191.658 -1 21 7.020 10.919 49.294020 10.919 0 1 0
 4896 3054.612 2157.533 -1 21 7.020 11.309 48.057492 11.309 0 1 0
 4897 3054.612 2089.478 -1 21 7.020 10.919 55.854824 10.919 0 1 0
 4898 2944.242 2140.568 -1 21 7.020 10.919 45.592196 10.919 0 1 0
 4899 2944.242 2106.638 -1 21 7.020 10.919 53.868508 10.919 0 1 0
 4900 2944.242 2072.708 -1 21 7.020 10.919 48.568088 10.919 0 1 0
 4901 2944.047 2174.693 -1 21 6.630 11.309 50.139844 11.309 0 1 0
 4902 2913.237 2126.333 -1 21 0.390 1.949 0.774245 1.949 0 1 0
 4903 2833.872 2157.533 -1 21 7.020 11.309 53.777840 11.309 0 1 0
 4904 2833.677 2089.478 -1 21 7.410 10.919 55.088928 10.919 0 1 0
 4905 2833.677 2191.658 -1 21 6.630 10.919 53.590544 10.919 0 1 0
 4906 2833.677 2123.603 -1 21 6.630 10.529 46.302020 10.529 0 1 0
 4907 2833.677 2056.717 -1 21 5.850 8.579 16.256766 8.579 0 1 0
 4908 2723.697 2208.428 -1 21 8.189 11.699 48.639072 11.699 0 1 0
 4909 2723.111 2174.888 -1 21 7.020 10.919 53.235632 10.919 0 1 0
 4910 2723.111 2140.568 -1 21 7.020 10.919 41.989388 10.919 0 1 0
 4911 2723.111 2106.638 -1 21 7.020 10.919 54.604576 10.919 0 1 0
 4912 2723.111 2072.513 -1 21 7.020 11.309 60.100048 11.309 0 1 0
 4913 2612.741 2157.728 -1 21 7.020 10.919 55.462928 10.919 0 1 0
 4914 2612.741 2123.798 -1 21 7.020 10.919 49.213492 10.919 0 1 0
 4915 2612.741 2089.673 -1 21 7.020 11.309 59.849524 11.309 0 1 0
 4916 2612.741 2055.548 -1 21 7.020 10.919 51.975844 10.919 0 1 0
 4917 2502.176 2174.693 -1 21 7.410 11.309 55.232684 11.309 0 1 0
 4918 2502.371 2140.568 -1 21 7.020 10.919 53.566088 10.919 0 1 0
 4919 2502.371 2106.638 -1 21 7.020 10.919 55.616824 10.919 0 1 0
 4920 2502.176 2072.513 -1 21 7.410 11.309 61.764260 11.309 0 1 0
 4921 2502.176 2038.583 -1 21 7.410 11.309 48.511420 11.309 0 1 0
 4922 2392.196 2225.198 -1 21 8.189 11.699 59.282856 11.699 0 1 0
 4923 2392.196 2157.728 -1 21 8.189 10.919 59.813136 10.919 0 1 0
 4924 2392.196 2123.603 -1 21 8.189 11.309 56.410752 11.309 0 1 0
 4925 2392.196 2055.743 -1 21 8.189 11.309 54.988120 11.309 0 1 0
 4926 2391.806 2089.673 -1 21 7.410 11.309 61.756504 11.309 0 1 0
 4927 2391.611 2191.658 -1 21 7.020 10.919 60.076788 10.919 0 1 0
 4928 2391.611 2022.398 -1 21 7.020 9.359 24.650588 9.359 0 1 0
 4929 2281.630 2242.748 -1 21 8.580 10.919 61.134364 10.919 0 1 0
 4930 2281.825 2106.443 -1 21 8.189 11.309 61.589488 11.309 0 1 0
 4931 2281.240 2174.693 -1 21 7.020 11.309 61.711768 11.309 0 1 0
 4932 2281.240 2140.763 -1 21 7.020 11.309 69.785272 11.309 0 1 0
 4933 2281.240 2072.513 -1 21 7.020 11.309 64.574328 11.309 0 1 0
 4934 2281.240 2038.583 -1 21 7.020 11.309 60.997172 11.309 0 1 0
 4935 2170.675 2191.853 -1 21 7.410 11.309 76.250048 11.309 0 1 0
 4936 2170.675 2157.533 -1 21 7.410 11.309 75.509800 11.309 0 1 0
 4937 2170.675 2123.603 -1 21 7.410 11.309 71.321832 11.309 0 1 0
 4938 2170.675 2089.478 -1 21 7.410 11.699 77.635696 11.699 0 1 0
 4939 2170.675 2055.743 -1 21 7.410 11.309 74.258360 11.309 0 1 0
 4940 2170.675 2021.618 -1 21 7.410 10.919 64.452048 10.919 0 1 0
 4941 2060.695 2242.553 -1 21 8.189 11.309 65.599696 11.309 0 1 0
 4942 2060.695 2174.693 -1 21 8.189 11.309 65.119524 11.309 0 1 0
 4943 2060.304 2208.623 -1 21 7.410 11.309 65.250152 11.309 0 1 0
 4944 2060.304 2140.568 -1 21 7.410 10.919 64.347664 10.919 0 1 0
 4945 2060.304 2106.443 -1 21 7.410 11.309 65.568084 11.309 0 1 0
 4946 2060.304 2072.513 -1 21 7.410 11.309 68.449136 11.309 0 1 0
 4947 2060.304 2038.583 -1 21 7.410 11.309 66.190224 11.309 0 1 0
 4948 2060.304 2006.798 -1 21 7.410 7.019 22.389886 7.410 0 1 0
 4949 2007.850 2191.658 -1 21 7.020 11.699 28.415640 11.699 0 1 0
 4950 2007.850 2157.533 -1 21 7.020 11.309 48.425528 11.309 0 1 0
 4951 2007.655 2123.603 -1 21 7.410 11.309 63.630680 11.309 0 1 0
 4952 2007.655 2089.478 -1 21 7.410 11.699 68.517136 11.699 0 1 0
 4953 2007.655 2055.743 -1 21 7.410 11.309 64.523628 11.309 0 1 0
 4954 2007.655 2021.423 -1 21 7.410 11.309 53.654964 11.309 0 1 0
 4955 2007.850 1989.053 -1 21 7.020 8.189 9.657786 8.189 0 1 0
 4956 1969.630 2006.603 -1 21 7.800 7.409 41.973284 7.800 0 1 0
 4957 1969.630 2038.583 -1 21 7.020 11.309 77.778848 11.309 0 1 0
 4958 1945.645 2415.713 -1 21 8.970 9.749 29.509604 9.749 0 1 0
 4959 1942.525 2329.718 -1 21 15.210 80.339 178.875728 80.339 0 1 0
 4960 1947.595 2281.748 -1 21 5.070 11.699 20.995290 11.699 0 1 0
 4961 1943.110 2251.328 -1 21 4.680 8.579 12.334838 8.579 0 1 0
 4962 1941.355 2234.363 -1 21 8.189 21.449 24.945254 21.449 0 1 0
 4963 1943.110 2168.648 -1 21 4.680 7.799 11.401329 7.799 0 1 0
 4964 1942.330 2261.273 -1 21 3.120 7.409 10.640803 7.409 0 1 0
 4965 1942.135 2211.743 -1 21 2.730 8.969 11.462768 8.969 0 1 0
 4966 1942.135 2182.493 -1 21 2.730 5.849 9.526558 5.849 0 1 0
 4967 1940.185 2037.608 -1 21 6.630 3.119 18.566380 6.630 0 1 0
 4968 1941.940 2201.993 -1 21 2.340 6.629 10.045505 6.629 0 1 0
 4969 1939.990 2015.378 -1 21 6.240 3.119 16.900380 6.240 0 1 0
 4970 1798.809 2189.708 -1 21 7.800 2.339 16.006240 7.800 0 1 0
 4971 1798.809 2159.873 -1 21 7.800 2.729 16.450626 7.800 0 1 0
 4972 1798.809 2130.428 -1 21 7.800 2.339 16.364731 7.800 0 1 0
 4973 1798.809 2100.788 -1 21 7.800 2.339 16.591994 7.800 0 1 0
 4974 1798.809 2071.342 -1 21 7.800 2.729 16.827608 7.800 0 1 0
 4975 1798.809 2037.608 -1 21 7.800 4.679 27.750552 7.800 0 1 0
 4976 1798.809 2013.233 -1 21 7.800 4.289 23.996834 7.800 0 1 0
 4977 1798.809 1982.033 -1 21 7.800 4.289 24.073184 7.800 0 1 0
 4978 1798.809 1960.388 -1 21 7.800 3.899 22.767466 7.800 0 1 0
 4979 1798.809 1938.743 -1 21 7.800 4.289 19.065642 7.800 0 1 0
 4980 1797.639 1917.098 -1 21 5.460 3.899 11.838557 5.460 0 1 0
 4981 1796.664 1895.258 -1 21 2.730 3.899 5.918980 3.899 0 1 0
 4982 1788.279 2214.083 -1 21 7.800 1.949 15.447925 7.800 0 1 0
 4983 1788.279 2184.638 -1 21 7.800 2.339 16.462556 7.800 0 1 0
 4984 1788.279 2155.193 -1 21 7.800 2.729 16.606907 7.800 0 1 0
 4985 1788.279 2125.553 -1 21 7.800 2.729 15.982381 7.800 0 1 0
 4986 1788.279 2096.108 -1 21 7.800 2.339 16.093924 7.800 0 1 0
 4987 1788.279 2066.467 -1 21 7.800 2.339 16.200100 7.800 0 1 0
 4988 1788.279 2043.653 -1 21 7.800 4.289 28.771744 7.800 0 1 0
 4989 1788.084 1988.858 -1 21 7.410 3.899 20.241922 7.410 0 1 0
 4990 1774.629 2137.643 -1 21 1.560 16.769 23.272096 16.769 0 1 0
 4991 1774.434 2111.318 -1 21 1.950 23.399 33.463146 23.399 0 1 0
 4992 1774.629 2081.678 -1 21 1.560 23.399 32.854726 23.399 0 1 0
 4993 1774.629 2055.353 -1 21 1.560 16.769 25.249464 16.769 0 1 0
 4994 1771.119 2017.133 -1 21 1.560 44.849 91.111024 44.849 0 1 0
 4995 1767.999 1982.033 -1 21 1.560 4.289 6.069296 4.289 0 1 0
 4996 1767.999 1960.193 -1 21 1.560 4.289 5.627893 4.289 0 1 0
 4997 1767.999 1938.743 -1 21 1.560 4.289 5.478770 4.289 0 1 0
 4998 1768.194 1916.903 -1 21 1.170 4.289 4.914490 4.289 0 1 0
 4999 1768.194 1895.258 -1 21 1.170 3.899 3.231788 3.899 0 1 0
 5000 1766.634 2115.023 -1 21 1.950 23.009 32.854726 23.009 0 1 0
 5001 1766.439 2139.593 -1 21 1.560 12.869 19.773678 12.869 0 1 0
 5002 1766.439 2085.578 -1 21 1.560 23.399 32.550514 23.399 0 1 0
 5003 1766.439 2054.768 -1 21 1.560 25.739 31.029462 25.739 0 1 0
 5004 1758.249 2070.563 -1 21 3.900 150.929 166.859424 150.929 0 1 0
 5005 1747.719 1916.903 -1 21 21.060 1.169 17.035784 21.060 0 1 0
 5006 1754.349 1951.808 -1 21 1.560 62.399 83.049448 62.399 0 1 0
 5007 1754.544 1900.718 -1 21 1.170 24.959 17.948416 24.959 0 1 0
 5008 1748.889 1968.188 -1 21 1.560 95.159 116.816800 95.159 0 1 0
 5009 1743.039 1964.093 -1 21 1.560 86.969 122.596800 86.969 0 1 0
 5010 1743.234 1898.963 -1 21 1.170 28.469 28.747886 28.469 0 1 0
 5011 1736.409 2018.498 -1 21 6.240 58.499 77.725760 58.499 0 1 0
 5012 1726.659 1936.598 -1 21 5.460 3.899 4.334700 5.460 0 1 0
 5013 1719.639 1938.158 -1 21 3.900 0.779 1.950526 3.900 0 1 0
 5014 1712.814 1938.158 -1 21 2.730 0.779 1.473333 2.730 0 1 0
 5015 1710.669 1933.283 -1 21 1.560 0.389 1.131543 1.560 0 1 0
 5016 1706.769 1938.158 -1 21 4.680 0.779 2.304841 4.680 0 1 0
 5017 1697.799 1938.158 -1 21 3.120 0.779 2.060876 3.120 0 1 0
 5018 1694.094 1938.158 -1 21 0.390 0.779 0.567859 0.779 0 1 0
 5019 1688.049 1938.158 -1 21 3.900 0.779 2.119929 3.900 0 1 0
 5020 1674.984 1933.283 -1 21 20.670 1.169 9.430523 20.670 0 1 0
 5021 1683.174 1909.688 -1 21 3.510 38.999 121.684168 38.999 0 1 0
 5022 1668.159 2098.838 -1 21 31.201 94.379 923.278656 94.379 0 1 0
 5023 1679.469 1938.158 -1 21 7.020 0.779 4.254174 7.020 0 1 0
 5024 1512.158 2165.918 -1 21 119.344 17.939 950.049152 119.344 0 1 0
 5025 1514.888 2101.373 -1 21 113.883 89.309 906.394944 113.883 0 1 0
 5026 1512.158 2053.208 -1 21 119.344 3.119 323.679904 119.344 0 1 0
 5027 1569.099 1947.128 -1 21 5.460 0.779 3.161402 5.460 0 1 0
 5028 1558.959 1977.353 -1 21 1.560 1.169 2.206420 1.560 0 1 0
 5029 1557.399 1946.933 -1 21 0.780 0.389 0.713403 0.780 0 1 0
 5030 1554.669 1977.938 -1 21 1.560 1.559 2.434280 1.560 0 1 0
 5031 1546.088 1946.738 -1 21 2.340 0.779 1.668385 2.340 0 1 0
 5032 1541.018 1947.128 -1 21 3.120 0.779 2.354947 3.120 0 1 0
 5033 1532.828 1946.933 -1 21 9.360 1.169 9.500909 9.360 0 1 0
 5034 1534.778 1942.643 -1 21 4.680 1.169 4.372279 4.680 0 1 0
 5035 1533.413 1938.158 -1 21 4.290 0.779 2.425333 4.290 0 1 0
 5036 1529.513 1933.283 -1 21 0.390 0.389 0.545789 0.390 0 1 0
 5037 1507.673 1942.643 -1 21 9.750 1.949 12.769680 9.750 0 1 0
 5038 1506.308 1938.158 -1 21 4.680 0.779 3.435192 4.680 0 1 0
 5039 1505.333 1908.713 -1 21 4.290 19.109 51.867876 19.109 0 1 0
 5040 1498.508 1946.348 -1 21 3.120 2.339 4.861998 3.120 0 1 0
 5041 1482.128 1908.713 -1 21 3.900 19.109 41.676828 19.109 0 1 0
 5042 1477.448 1937.963 -1 21 7.800 1.169 5.734665 7.800 0 1 0
 5043 1479.398 1933.283 -1 21 2.340 1.169 2.727157 2.340 0 1 0
 5044 1468.478 1935.233 -1 21 6.240 1.169 6.993857 6.240 0 1 0
 5045 1462.628 1916.318 -1 21 1.560 3.899 5.006349 3.899 0 1 0
 5046 1459.118 1902.278 -1 21 0.780 17.939 10.191049 17.939 0 1 0
 5047 1454.828 2040.533 -1 21 3.120 4.289 9.249190 4.289 0 1 0
 5048 1454.438 2108.978 -1 21 3.120 74.099 198.497296 74.099 0 1 0
 5049 1454.438 2017.133 -1 21 3.120 23.789 58.560508 23.789 0 1 0
 5050 1371.563 2089.673 -1 21 1.170 104.909 82.897344 104.909 0 1 0
 5051 1334.903 2026.103 -1 21 74.492 6.629 462.856160 74.492 0 1 0
 5052 1335.098 2007.578 -1 21 74.102 7.019 373.722496 74.102 0 1 0
 5053 1347.383 1998.608 -1 21 49.531 7.019 298.430432 49.531 0 1 0
 5054 1347.383 1989.248 -1 21 49.531 7.019 291.889888 49.531 0 1 0
 5055 1347.383 1980.083 -1 21 49.531 6.629 272.876736 49.531 0 1 0
 5056 1367.273 2089.478 -1 21 1.950 105.299 132.635744 105.299 0 1 0
 5057 1363.568 2032.928 -1 21 1.560 1.559 2.596525 1.560 0 1 0
 5058 1164.278 2241.578 -1 21 16.379 5.459 77.877872 16.379 0 1 0
 5059 1164.278 2226.368 -1 21 16.379 5.459 85.331024 16.379 0 1 0
 5060 1151.017 2090.453 -1 21 42.901 5.069 217.510448 42.901 0 1 0
 5061 1151.212 2075.243 -1 21 42.511 5.069 206.863088 42.511 0 1 0
 5062 1151.212 2038.193 -1 21 42.511 3.509 148.606784 42.511 0 1 0
 5063 1151.212 2026.298 -1 21 42.511 7.019 251.886224 42.511 0 1 0
 5064 1151.212 2007.578 -1 21 42.511 6.239 214.316240 42.511 0 1 0
 5065 1154.137 1998.608 -1 21 36.661 6.239 206.863088 36.661 0 1 0
 5066 1154.137 1989.443 -1 21 36.661 5.849 189.827312 36.661 0 1 0
 5067 1154.137 1980.083 -1 21 36.661 5.849 151.953104 36.661 0 1 0
 5068 1154.527 1970.918 -1 21 7.800 6.239 34.671636 7.800 0 1 0
 5069 1155.893 2120.873 -1 21 3.510 50.309 176.289936 50.309 0 1 0
 5070 1148.872 2120.873 -1 21 3.510 50.309 176.442048 50.309 0 1 0
 5071 1137.757 2047.943 -1 21 1.560 5.849 6.495787 5.849 0 1 0
 5072 964.402 2241.578 -1 21 16.770 5.459 83.657864 16.770 0 1 0
 5073 964.402 2233.973 -1 21 16.770 5.069 80.159448 16.770 0 1 0
 5074 964.402 2226.368 -1 21 16.770 5.459 81.984712 16.770 0 1 0
 5075 964.402 2218.568 -1 21 16.770 5.459 83.809976 16.770 0 1 0
 5076 964.402 2098.058 -1 21 16.770 5.459 83.049448 16.770 0 1 0
 5077 964.402 2090.453 -1 21 16.770 5.849 83.201552 16.770 0 1 0
 5078 964.402 2082.848 -1 21 16.770 5.459 83.962080 16.770 0 1 0
 5079 964.402 2075.243 -1 21 16.770 5.069 80.463656 16.770 0 1 0
 5080 902.977 2038.193 -1 21 139.624 3.509 436.541952 139.624 0 1 0
 5081 931.252 2026.103 -1 21 83.072 5.849 364.900416 83.072 0 1 0
 5082 941.587 2007.773 -1 21 62.402 5.849 316.226720 62.402 0 1 0
 5083 940.027 2185.223 -1 21 9.360 1.949 14.011574 9.360 0 1 0
 5084 940.027 2131.793 -1 21 9.360 1.949 13.081645 9.360 0 1 0
 5085 888.937 2086.748 -1 21 111.543 2.339 213.859920 111.543 0 1 0
 5086 939.832 2109.173 -1 21 8.970 1.949 12.637855 8.970 0 1 0
 5087 924.427 2185.223 -1 21 17.160 1.949 31.789988 17.160 0 1 0
 5088 922.672 2131.793 -1 21 19.890 1.949 36.657356 19.890 0 1 0
 5089 922.672 2109.173 -1 21 19.890 1.949 35.592620 19.890 0 1 0
 5090 764.527 2207.453 -1 21 17.160 1.949 32.398410 17.160 0 1 0
 5091 764.527 2185.223 -1 21 17.160 1.949 32.246304 17.160 0 1 0
 5092 764.527 2131.793 -1 21 17.160 1.949 31.789988 17.160 0 1 0
 5093 764.527 2109.173 -1 21 17.160 1.949 32.398410 17.160 0 1 0
 5094 769.792 2086.943 -1 21 6.630 1.949 11.515856 6.630 0 1 0
 5095 679.896 2038.193 -1 21 186.426 3.509 591.385088 186.426 0 1 0
 5096 772.327 1991.783 -1 21 1.560 1.169 1.575929 1.560 0 1 0
 5097 743.661 2207.453 -1 21 19.890 1.949 37.722092 19.890 0 1 0
 5098 743.661 2185.223 -1 21 19.890 1.949 37.265776 19.890 0 1 0
 5099 743.661 2131.793 -1 21 19.890 1.949 36.657356 19.890 0 1 0
 5100 743.661 2109.173 -1 21 19.890 1.949 37.569988 19.890 0 1 0
 5101 743.661 2067.248 -1 21 1.950 1.559 2.802315 1.950 0 1 0
 5102 743.661 2058.862 -1 21 1.950 1.169 2.561332 1.950 0 1 0
 5103 721.236 2185.223 -1 21 20.280 1.949 37.417880 20.280 0 1 0
 5104 721.236 2109.173 -1 21 20.280 1.949 37.569988 20.280 0 1 0
 5105 721.041 2207.453 -1 21 19.890 1.949 37.722092 19.890 0 1 0
 5106 721.041 2131.598 -1 21 19.890 2.339 37.113672 19.890 0 1 0
 5107 721.041 2067.248 -1 21 1.950 1.559 2.710455 1.950 0 1 0
 5108 721.041 2058.862 -1 21 1.950 1.169 2.576841 1.950 0 1 0
 5109 698.811 2207.453 -1 21 19.890 1.949 37.874196 19.890 0 1 0
 5110 698.811 2185.223 -1 21 19.890 1.949 37.113672 19.890 0 1 0
 5111 698.811 2131.793 -1 21 19.890 1.949 36.809460 19.890 0 1 0
 5112 698.811 2109.173 -1 21 19.890 1.949 37.265776 19.890 0 1 0
 5113 698.811 2067.248 -1 21 1.950 1.559 2.786806 1.950 0 1 0
 5114 698.811 2058.862 -1 21 1.950 1.169 2.564911 1.950 0 1 0
 5115 693.546 2010.113 -1 21 3.120 1.169 2.443227 3.120 0 1 0
 5116 670.146 2207.453 -1 21 32.761 1.949 62.058924 32.761 0 1 0
 5117 676.386 2185.223 -1 21 20.280 1.949 37.265776 20.280 0 1 0
 5118 665.271 2109.173 -1 21 42.511 1.949 80.159448 42.511 0 1 0
 5119 676.386 2131.793 -1 21 19.500 1.949 36.505252 19.500 0 1 0
 5120 676.191 2067.248 -1 21 1.950 1.559 2.703297 1.950 0 1 0
 5121 676.386 2058.862 -1 21 1.560 1.169 2.469473 1.560 0 1 0
 5122 670.146 2009.918 -1 21 2.340 1.559 2.518982 2.340 0 1 0
 5123 654.156 2185.223 -1 21 19.500 1.949 18.861046 19.500 0 1 0
 5124 653.961 2131.793 -1 21 19.890 1.949 36.809460 19.890 0 1 0
 5125 659.421 2017.718 -1 21 5.850 4.679 6.875752 5.850 0 1 0
 5126 648.696 2086.943 -1 21 9.360 1.949 14.625363 9.360 0 1 0
 5127 631.536 2131.793 -1 21 20.280 1.949 37.417880 20.280 0 1 0
 5128 631.536 2109.173 -1 21 20.280 1.949 37.417880 20.280 0 1 0
 5129 631.731 2086.943 -1 21 19.890 1.949 36.961568 19.890 0 1 0
 5130 631.731 2047.943 -1 21 1.950 5.849 8.700418 5.849 0 1 0
 5131 609.111 2131.793 -1 21 19.890 1.949 36.961568 19.890 0 1 0
 5132 609.111 2109.173 -1 21 19.890 1.949 37.265776 19.890 0 1 0
 5133 609.111 2086.943 -1 21 19.890 1.949 36.961568 19.890 0 1 0
 5134 609.696 2026.103 -1 21 7.800 6.629 35.058760 7.800 0 1 0
 5135 598.776 2026.103 -1 21 7.800 6.629 35.373708 7.800 0 1 0
 5136 592.146 2131.793 -1 21 9.360 1.949 12.789961 9.360 0 1 0
 5137 591.951 2109.173 -1 21 9.750 1.949 14.789995 9.750 0 1 0
 5138 592.146 2086.943 -1 21 9.360 1.949 14.367083 9.360 0 1 0
 5139 570.111 2067.443 -1 21 1.170 1.949 2.100841 1.949 0 1 0
 5140 562.311 2062.958 -1 21 1.170 1.559 1.755473 1.559 0 1 0
 5141 559.971 2054.572 -1 21 1.170 1.949 1.988105 1.949 0 1 0
 5142 546.321 2126.333 -1 21 1.950 1.949 3.740595 1.950 0 1 0
 5143 546.126 2135.888 -1 21 1.560 2.339 3.533016 2.339 0 1 0
 5144 546.126 2064.908 -1 21 1.560 1.559 2.269052 1.560 0 1 0
 5145 546.321 2055.158 -1 21 1.170 1.559 1.989894 1.559 0 1 0
 5146 546.321 2046.578 -1 21 1.170 3.899 4.961612 3.899 0 1 0
 5147 539.496 2223.053 -1 21 7.020 177.449 80.805448 177.449 0 1 0
 5148 539.496 2095.717 -1 21 7.020 63.179 403.535136 63.179 0 1 0
 5149 539.496 2045.213 -1 21 6.240 22.229 128.681008 22.229 0 1 0
 5150 530.331 2140.178 -1 21 7.410 11.699 82.265056 11.699 0 1 0
 5151 530.526 2034.878 -1 21 7.020 42.119 214.924672 42.119 0 1 0
 5152 530.136 2095.717 -1 21 7.020 63.179 404.904064 63.179 0 1 0
 5153 522.140 2140.568 -1 21 4.290 10.919 46.312160 10.919 0 1 0
 5154 522.140 2095.717 -1 21 4.290 63.179 210.361504 63.179 0 1 0
 5155 524.091 2010.308 -1 21 0.390 0.779 0.675824 0.779 0 1 0
 5156 522.140 2043.848 -1 21 3.510 24.959 36.353144 24.959 0 1 0
 5157 361.265 2091.623 -1 21 9.360 108.809 886.925504 108.809 0 1 0
 5158 361.265 2027.468 -1 21 8.580 10.919 25.664026 10.919 0 1 0
 5159 353.465 2111.903 -1 21 0.780 68.249 31.942094 68.249 0 1 0
 5160 166.070 2144.858 -1 21 15.990 7.019 25.047850 15.990 0 1 0
 5161 166.070 2129.258 -1 21 15.990 5.459 41.524724 15.990 0 1 0
 5162 173.870 2062.763 -1 21 0.390 4.289 2.813648 4.289 0 1 0
 5163 173.870 2056.523 -1 21 0.390 3.509 1.695824 3.509 0 1 0
 5164 166.265 2214.473 -1 21 3.900 8.969 29.678410 8.969 0 1 0
 5165 166.460 2060.228 -1 21 3.510 7.799 13.913153 7.799 0 1 0
 5166 160.025 2214.473 -1 21 1.560 8.189 13.049434 8.189 0 1 0
 5167 160.220 2060.033 -1 21 1.170 7.409 5.593296 7.409 0 1 0
 5168 3635.714 2490.398 0 21 0.780 0.779 0.439614 0.780 0 1 0
 5169 3461.383 2495.663 0 21 0.780 5.069 1.846140 5.069 0 1 0
 5170 3310.843 2521.208 0 21 0.780 1.559 0.808842 1.559 0 1 0
 5171 1945.644 2429.168 0 21 1.170 1.559 1.789473 1.559 0 1 0
 5172 352.880 2233.778 0 21 1.950 38.999 43.806300 38.999 0 1 0
 5173 4172.743 2256.398 1 21 0.780 0.779 0.323895 0.780 0 1 0
 5174 3945.178 2496.248 1 21 1.170 2.339 1.167333 2.339 0 1 0
 5175 2367.039 2396.993 1 21 0.780 1.169 0.628702 1.169 0 1 0
 5176 1766.243 2139.788 1 21 1.170 12.479 11.505715 12.479 0 1 0
 5177 4794.015 2188.733 2 21 31.201 72.149 807.374464 72.149 0 1 0
 5178 4754.625 2112.293 2 21 109.983 72.149 2419.385600 109.983 0 1 0
 5179 4805.715 1883.363 2 21 7.800 12.089 70.268432 12.089 0 1 0
 5180 4806.300 1868.738 2 21 6.630 10.139 51.216508 10.139 0 1 0
 5181 4797.525 1844.948 2 21 5.460 24.959 94.001024 24.959 0 1 0
 5182 4796.550 1888.043 2 21 3.510 1.169 1.821087 3.510 0 1 0
 5183 4751.700 1892.528 2 21 79.952 59.279 26.811078 79.952 0 1 0
 5184 4732.980 2188.538 2 21 67.472 72.539 1249.544320 72.539 0 1 0
 5185 4530.960 2188.733 2 21 72.152 72.149 1253.955328 72.152 0 1 0
 5186 4531.155 2112.293 2 21 71.762 72.929 892.097088 72.929 0 1 0
 5187 4536.810 1914.758 2 21 60.452 11.699 671.696640 60.452 0 1 0
 5188 4541.100 1878.098 2 21 44.071 21.839 309.229888 44.071 0 1 0
 5189 4506.390 2264.783 2 21 23.010 54.209 222.377824 54.209 0 1 0
 5190 4247.624 1851.773 2 21 239.468 5.849 1250.761216 239.468 0 1 0
 5191 4237.679 2499.953 2 21 0.390 2.729 1.914140 2.729 0 1 0
 5192 4234.169 2502.293 2 21 0.390 1.949 1.484070 1.949 0 1 0
 5193 4174.109 2168.843 2 21 14.430 2.729 36.961568 14.430 0 1 0
 5194 4163.774 1865.618 2 21 0.780 0.779 0.857754 0.780 0 1 0
 5195 4123.993 1905.008 2 21 0.780 0.779 0.946631 0.780 0 1 0
 5196 4123.604 2025.713 2 21 0.780 1.169 0.885193 1.169 0 1 0
 5197 4116.779 2099.228 2 21 8.189 4.679 28.305288 8.189 0 1 0
 5198 4116.974 2014.013 2 21 7.800 4.289 24.223500 7.800 0 1 0
 5199 4116.974 1947.713 2 21 7.800 2.729 19.551784 7.800 0 1 0
 5200 4116.974 1812.968 2 21 7.800 3.899 21.368098 7.800 0 1 0
 5201 4116.974 2007.578 2 21 6.240 2.339 12.767890 6.240 0 1 0
 5202 4119.118 1831.493 2 21 1.170 1.169 1.528210 1.170 0 1 0
 5203 4106.249 2120.093 2 21 8.189 4.289 29.545990 8.189 0 1 0
 5204 4106.249 2021.813 2 21 8.189 4.289 25.977782 8.189 0 1 0
 5205 4106.444 1944.398 2 21 7.800 3.119 19.425326 7.800 0 1 0
 5206 4106.249 1873.418 2 21 8.189 4.679 27.176130 8.189 0 1 0
 5207 4106.444 2005.238 2 21 6.240 2.339 12.059259 6.240 0 1 0
 5208 4106.249 1826.618 2 21 6.630 1.559 4.640700 6.630 0 1 0
 5209 4095.524 1931.138 2 21 8.580 7.019 52.235316 8.580 0 1 0
 5210 4095.719 1860.743 2 21 5.850 5.849 25.904412 5.850 0 1 0
 5211 4088.114 2129.063 2 21 1.560 4.289 5.390489 4.289 0 1 0
 5212 4087.919 2001.533 2 21 1.950 4.289 7.567085 4.289 0 1 0
 5213 4088.309 1959.023 2 21 1.170 2.729 3.309929 2.729 0 1 0
 5214 4088.309 1936.793 2 21 1.170 2.729 3.320666 2.729 0 1 0
 5215 3992.173 2098.643 2 21 7.020 5.849 30.806376 7.020 0 1 0
 5216 3991.978 2003.093 2 21 6.630 5.849 29.280552 6.630 0 1 0
 5217 3984.373 2028.638 2 21 2.340 5.459 7.649401 5.459 0 1 0
 5218 3983.788 2049.503 2 21 2.730 8.969 12.208978 8.969 0 1 0
 5219 3983.788 2036.633 2 21 1.950 5.069 8.196383 5.069 0 1 0
 5220 3970.333 2104.688 2 21 7.020 7.019 42.358616 7.020 0 1 0
 5221 3970.138 2072.708 2 21 7.410 10.919 79.430536 10.919 0 1 0
 5222 3970.138 2038.388 2 21 7.410 10.919 73.868256 10.919 0 1 0
 5223 3970.333 2004.458 2 21 7.020 10.919 73.050464 10.919 0 1 0
 5224 3970.333 1970.528 2 21 7.020 10.919 71.709552 10.919 0 1 0
 5225 3970.138 2140.568 2 21 6.630 10.919 66.237348 10.919 0 1 0
 5226 3970.138 1936.208 2 21 6.630 10.919 68.187272 10.919 0 1 0
 5227 3967.213 2207.258 2 21 1.560 8.579 10.100979 8.579 0 1 0
 5228 3967.213 2173.913 2 21 1.560 9.749 13.485469 9.749 0 1 0
 5229 3926.458 2191.268 2 21 7.410 10.139 51.517736 10.139 0 1 0
 5230 3926.458 2157.338 2 21 7.410 10.919 55.762368 10.919 0 1 0
 5231 3926.458 2123.408 2 21 7.410 10.919 56.924332 10.919 0 1 0
 5232 3926.458 2089.478 2 21 7.410 10.919 63.338996 10.919 0 1 0
 5233 3926.653 2055.548 2 21 7.020 10.919 57.918680 10.919 0 1 0
 5234 3926.653 2021.618 2 21 7.020 10.919 58.088084 10.919 0 1 0
 5235 3926.458 1987.298 2 21 7.410 10.919 60.797944 10.919 0 1 0
 5236 3926.653 1953.368 2 21 7.020 10.919 59.070504 10.919 0 1 0
 5237 3926.458 1920.413 2 21 6.630 8.189 34.527884 8.189 0 1 0
 5238 3828.568 2174.303 2 21 8.189 10.529 56.326052 10.529 0 1 0
 5239 3828.178 2140.568 2 21 7.410 10.919 55.969948 10.919 0 1 0
 5240 3828.178 2106.638 2 21 7.410 10.919 60.448996 10.919 0 1 0
 5241 3828.178 2072.513 2 21 7.410 11.309 63.024644 11.309 0 1 0
 5242 3828.178 2038.388 2 21 7.410 10.919 60.147768 10.919 0 1 0
 5243 3828.178 2004.458 2 21 7.410 10.919 61.090224 10.919 0 1 0
 5244 3828.373 1970.333 2 21 7.020 11.309 59.133732 11.309 0 1 0
 5245 3828.373 1936.208 2 21 7.020 10.919 56.777596 10.919 0 1 0
 5246 3718.198 2055.548 2 21 8.189 10.919 61.930680 10.919 0 1 0
 5247 3717.613 2123.408 2 21 7.020 10.919 60.002820 10.919 0 1 0
 5248 3717.613 2021.618 2 21 7.020 10.919 63.503628 10.919 0 1 0
 5249 3717.613 1987.298 2 21 7.020 10.919 63.816188 10.919 0 1 0
 5250 3717.613 1953.368 2 21 7.020 10.919 65.169628 10.919 0 1 0
 5251 3717.808 1920.998 2 21 6.630 7.019 22.837852 7.019 0 1 0
 5252 3607.242 2004.458 2 21 7.020 10.919 63.279348 10.919 0 1 0
 5253 3607.242 1970.333 2 21 7.020 11.309 60.773488 11.309 0 1 0
 5254 3607.242 1936.208 2 21 7.020 10.919 59.530996 10.919 0 1 0
 5255 3568.242 2370.668 2 21 1.560 0.779 1.098736 1.560 0 1 0
 5256 3496.677 1987.298 2 21 7.410 10.919 62.681664 10.919 0 1 0
 5257 3496.677 1953.368 2 21 7.410 10.919 62.228924 10.919 0 1 0
 5258 3386.112 1970.333 2 21 7.020 11.309 63.374188 11.309 0 1 0
 5259 3353.937 1989.248 2 21 0.390 1.559 0.854175 1.559 0 1 0
 5260 3336.582 2440.283 2 21 1.560 0.389 0.511789 1.560 0 1 0
 5261 3328.197 2440.283 2 21 1.170 0.389 0.474210 1.170 0 1 0
 5262 3240.641 2359.358 2 21 2.340 0.779 0.798701 2.340 0 1 0
 5263 3016.001 2506.778 2 21 1.560 0.779 0.820175 1.560 0 1 0
 5264 2757.235 2023.178 2 21 1.170 2.339 1.197754 2.339 0 1 0
 5265 2667.925 2500.538 2 21 3.510 3.119 2.559543 3.510 0 1 0
 5266 2378.349 2451.983 2 21 0.780 0.389 0.394877 0.780 0 1 0
 5267 4800.255 2248.988 3 21 18.720 20.279 219.639920 20.279 0 1 0
 5268 4793.430 2320.553 3 21 8.189 44.849 112.101544 44.849 0 1 0
 5269 4779.975 2289.353 3 21 7.800 1.169 5.397647 7.800 0 1 0
 5270 4765.155 2298.518 3 21 3.120 0.779 3.023613 3.120 0 1 0
 5271 4755.015 2289.353 3 21 12.480 1.169 10.915189 12.480 0 1 0
 5272 4743.900 2298.323 3 21 8.970 1.169 7.393506 8.970 0 1 0
 5273 4731.225 2263.028 3 21 13.260 56.159 309.686208 56.159 0 1 0
 5274 4532.715 2395.043 3 21 68.642 60.449 545.753472 68.642 0 1 0
 5275 4558.845 2289.353 3 21 10.140 0.389 7.441822 10.140 0 1 0
 5276 4548.120 2298.323 3 21 8.189 0.389 6.022173 8.189 0 1 0
 5277 4534.665 2289.353 3 21 10.920 0.389 7.927366 10.920 0 1 0
 5278 4525.110 2298.323 3 21 6.630 0.389 4.708104 6.630 0 1 0
 5279 4507.950 2320.163 3 21 19.110 47.189 217.206240 47.189 0 1 0
 5280 4253.864 2285.063 3 21 226.987 4.289 820.759744 226.987 0 1 0
 5281 4273.949 2277.068 3 21 186.816 3.899 727.367104 186.816 0 1 0
 5282 4180.739 2214.668 3 21 1.170 74.879 54.605772 74.879 0 1 0
 5283 4164.749 2215.838 3 21 5.850 85.019 463.768800 85.019 0 1 0
 5284 4153.439 2214.083 3 21 11.310 74.489 757.483968 74.489 0 1 0
 5285 4139.984 2215.838 3 21 10.920 85.019 76.356816 85.019 0 1 0
 5286 3717.612 2089.088 3 21 7.020 9.359 41.427496 9.359 0 1 0
 5287 3607.437 2037.803 3 21 6.630 8.969 28.378060 8.969 0 1 0
 5288 3607.437 2072.318 3 21 5.070 9.359 11.603540 9.359 0 1 0
 5289 3496.677 2020.643 3 21 4.290 4.289 2.400280 4.290 0 1 0
 5290 3312.986 2527.058 3 21 2.730 0.779 0.746807 2.730 0 1 0
 5291 3249.806 2527.448 3 21 1.170 0.779 0.591123 1.170 0 1 0
 5292 3215.681 2054.963 3 21 0.780 1.169 0.629895 1.169 0 1 0
 5293 2723.305 1902.083 3 21 6.630 10.529 53.150332 10.529 0 1 0
 5294 2612.155 1987.493 3 21 8.189 11.309 62.801556 11.309 0 1 0
 5295 2612.740 1919.048 3 21 7.020 10.919 58.725736 10.919 0 1 0
 5296 2612.740 1885.118 3 21 7.020 10.919 56.381524 10.919 0 1 0
 5297 2614.690 1854.698 3 21 1.560 1.559 2.598911 1.560 0 1 0
 5298 2536.104 2350.583 3 21 1.950 0.389 1.054596 1.950 0 1 0
 5299 2511.534 1924.118 3 21 0.390 1.559 0.844035 1.559 0 1 0
 5300 2502.369 1936.208 3 21 7.020 10.919 59.045452 10.919 0 1 0
 5301 2502.174 1901.888 3 21 7.410 10.919 56.670228 10.919 0 1 0
 5302 2502.369 1867.958 3 21 7.020 10.919 52.494192 10.919 0 1 0
 5303 2393.364 1987.298 3 21 10.530 10.919 59.278680 10.919 0 1 0
 5304 2392.389 1919.048 3 21 7.800 10.919 56.023032 10.919 0 1 0
 5305 2391.609 1953.368 3 21 7.020 10.919 61.692084 10.919 0 1 0
 5306 2391.609 1884.728 3 21 7.020 10.919 56.847980 10.919 0 1 0
 5307 2391.609 1850.798 3 21 7.020 10.919 54.694052 10.919 0 1 0
 5308 2281.239 1970.528 3 21 7.020 10.919 59.637172 10.919 0 1 0
 5309 2281.239 1936.208 3 21 7.020 10.919 56.575980 10.919 0 1 0
 5310 2281.239 1901.888 3 21 7.020 10.919 56.430436 10.919 0 1 0
 5311 2281.239 1867.763 3 21 7.020 11.309 58.650576 11.309 0 1 0
 5312 2281.239 1833.638 3 21 7.020 10.919 59.142084 10.919 0 1 0
 5313 2172.234 1987.298 3 21 4.290 10.919 40.653248 10.919 0 1 0
 5314 2170.674 1953.173 3 21 7.410 11.309 77.647624 11.309 0 1 0
 5315 2170.674 1919.048 3 21 7.410 10.919 70.251728 10.919 0 1 0
 5316 2170.674 1884.728 3 21 7.410 10.919 76.618080 10.919 0 1 0
 5317 2170.674 1850.798 3 21 7.410 10.919 78.141520 10.919 0 1 0
 5318 2170.674 1816.673 3 21 6.630 10.529 63.023452 10.529 0 1 0
 5319 2155.074 2340.443 3 21 1.170 0.389 0.551158 1.170 0 1 0
 5320 2113.928 2332.838 3 21 0.780 0.779 0.602456 0.780 0 1 0
 5321 2060.303 1970.333 3 21 7.410 11.309 55.916856 11.309 0 1 0
 5322 2060.303 1901.888 3 21 7.410 10.919 61.193416 10.919 0 1 0
 5323 2060.303 1867.763 3 21 7.410 11.309 62.859416 11.309 0 1 0
 5324 2060.303 1833.638 3 21 7.410 10.919 64.171696 10.919 0 1 0
 5325 2060.108 2004.458 3 21 7.020 10.919 58.839664 10.919 0 1 0
 5326 2060.108 1936.208 3 21 7.020 10.919 58.730508 10.919 0 1 0
 5327 2007.848 1987.298 3 21 7.020 10.919 46.120088 10.919 0 1 0
 5328 2007.653 1953.173 3 21 7.410 11.309 60.330296 11.309 0 1 0
 5329 2007.653 1919.048 3 21 7.410 10.919 62.765172 10.919 0 1 0
 5330 2007.653 1884.923 3 21 7.410 11.309 62.030892 11.309 0 1 0
 5331 2007.653 1850.798 3 21 7.410 10.919 64.499172 10.919 0 1 0
 5332 2007.848 1816.478 3 21 7.020 10.919 58.277768 10.919 0 1 0
 5333 1968.653 2003.483 3 21 5.070 8.969 40.091356 8.969 0 1 0
 5334 1968.653 1867.958 3 21 5.070 10.919 48.219140 10.919 0 1 0
 5335 1945.448 2465.633 3 21 9.360 25.349 62.667348 25.349 0 1 0
 5336 1947.398 2441.843 3 21 5.460 18.329 35.440516 18.329 0 1 0
 5337 1947.788 2420.393 3 21 3.900 3.509 9.991821 3.900 0 1 0
 5338 1945.058 2320.943 3 21 9.360 13.649 24.184728 13.649 0 1 0
 5339 1945.253 2307.878 3 21 8.970 6.239 19.236836 8.970 0 1 0
 5340 1945.253 2292.863 3 21 8.970 15.989 40.307880 15.989 0 1 0
 5341 1945.253 2256.983 3 21 8.970 15.989 33.463146 15.989 0 1 0
 5342 1947.008 2345.708 3 21 4.680 12.479 19.633502 12.479 0 1 0
 5343 1947.593 2371.448 3 21 2.730 1.559 3.973823 2.730 0 1 0
 5344 1945.253 2267.513 3 21 1.950 1.169 2.458736 1.950 0 1 0
 5345 1942.133 2405.183 3 21 1.950 1.949 3.142911 1.950 0 1 0
 5346 1942.133 2370.863 3 21 1.950 1.169 1.939192 1.950 0 1 0
 5347 1942.133 2276.288 3 21 1.950 1.559 2.330490 1.950 0 1 0
 5348 1940.378 1989.248 3 21 5.460 2.339 10.078909 5.460 0 1 0
 5349 1940.183 1862.888 3 21 5.850 2.339 11.620838 5.850 0 1 0
 5350 1941.743 2435.603 3 21 1.950 1.949 4.063893 1.950 0 1 0
 5351 1941.743 2411.228 3 21 1.950 1.559 2.983052 1.950 0 1 0
 5352 1941.743 2069.588 3 21 1.170 1.559 2.335859 1.559 0 1 0
 5353 1941.743 2060.228 3 21 1.170 0.779 1.508526 1.170 0 1 0
 5354 1937.648 2523.158 3 21 0.780 0.779 1.300947 0.780 0 1 0
 5355 1937.648 2505.218 3 21 0.780 5.459 2.662736 5.459 0 1 0
 5356 1937.648 2497.808 3 21 0.780 3.899 3.877192 3.899 0 1 0
 5357 1937.648 2491.373 3 21 0.780 1.169 1.634982 1.169 0 1 0
 5358 1936.283 2396.798 3 21 3.510 3.899 6.826243 3.899 0 1 0
 5359 1937.453 2361.698 3 21 1.170 1.559 1.884912 1.559 0 1 0
 5360 1937.648 2349.803 3 21 0.780 1.169 1.636771 1.169 0 1 0
 5361 1937.648 2340.053 3 21 0.780 1.169 1.638561 1.169 0 1 0
 5362 1937.453 2458.223 3 21 0.390 0.389 0.740842 0.390 0 1 0
 5363 1799.003 2037.608 3 21 7.410 3.899 25.689676 7.410 0 1 0
 5364 1798.808 2013.233 3 21 7.800 4.289 28.350026 7.800 0 1 0
 5365 1799.003 1982.033 3 21 7.410 4.289 27.166586 7.410 0 1 0
 5366 1799.003 1960.388 3 21 7.410 3.899 26.160902 7.410 0 1 0
 5367 1799.003 1938.743 3 21 7.410 4.289 27.548342 7.410 0 1 0
 5368 1799.003 1916.903 3 21 7.410 4.289 26.990026 7.410 0 1 0
 5369 1799.003 1895.258 3 21 7.410 3.899 25.674762 7.410 0 1 0
 5370 1799.003 1873.613 3 21 7.410 4.289 27.021640 7.410 0 1 0
 5371 1799.003 1864.448 3 21 7.410 4.679 28.590410 7.410 0 1 0
 5372 1799.003 1846.313 3 21 7.410 1.949 13.311294 7.410 0 1 0
 5373 1799.003 1837.538 3 21 7.410 2.339 13.444311 7.410 0 1 0
 5374 1799.003 1828.958 3 21 7.410 2.339 13.797434 7.410 0 1 0
 5375 1799.003 1820.378 3 21 7.410 2.339 14.217960 7.410 0 1 0
 5376 1799.003 1811.603 3 21 7.410 1.949 13.908381 7.410 0 1 0
 5377 1799.003 1800.488 3 21 7.410 3.899 26.456762 7.410 0 1 0
 5378 1798.808 1779.818 3 21 7.020 3.899 22.788940 7.020 0 1 0
 5379 1788.278 1988.858 3 21 7.800 4.679 30.041674 7.800 0 1 0
 5380 1788.278 1859.378 3 21 7.800 4.679 31.269252 7.800 0 1 0
 5381 1788.083 2066.273 3 21 7.410 1.949 14.598521 7.410 0 1 0
 5382 1788.083 2043.653 3 21 7.410 4.289 28.671534 7.410 0 1 0
 5383 1788.278 1774.943 3 21 7.020 3.509 18.630800 7.020 0 1 0
 5384 1772.288 1774.943 3 21 1.560 3.509 5.031998 3.509 0 1 0
 5385 1772.288 1859.378 3 21 0.780 3.899 3.818139 3.899 0 1 0
 5386 1768.388 1800.683 3 21 0.780 4.289 3.513929 4.289 0 1 0
 5387 1768.388 1780.208 3 21 0.780 3.119 3.364806 3.119 0 1 0
 5388 1767.803 1960.583 3 21 1.170 4.289 4.582244 4.289 0 1 0
 5389 1767.998 1938.743 3 21 0.780 4.289 4.340665 4.289 0 1 0
 5390 1767.998 1917.293 3 21 0.780 4.289 4.129507 4.289 0 1 0
 5391 1767.998 1895.453 3 21 0.780 4.289 4.000069 4.289 0 1 0
 5392 1767.998 1873.613 3 21 0.780 4.289 3.915367 4.289 0 1 0
 5393 1767.998 1864.643 3 21 0.780 4.289 3.868244 4.289 0 1 0
 5394 1716.517 1858.598 3 21 95.943 161.459 1470.401024 161.459 0 1 0
 5395 1735.822 1770.263 3 21 3.510 2.729 9.499716 3.510 0 1 0
 5396 1712.617 1770.458 3 21 0.780 1.559 1.804385 1.559 0 1 0
 5397 1684.927 1770.458 3 21 0.780 2.339 2.436069 2.339 0 1 0
 5398 1680.832 2099.033 3 21 5.070 93.989 257.666224 93.989 0 1 0
 5399 1533.217 2063.153 3 21 77.222 2.729 202.299936 77.222 0 1 0
 5400 1533.217 2058.278 3 21 77.222 3.119 222.225712 77.222 0 1 0
 5401 1531.657 2053.208 3 21 80.342 3.119 209.448880 80.342 0 1 0
 5402 1549.987 1946.933 3 21 43.681 1.949 79.094712 43.681 0 1 0
 5403 1552.132 1942.838 3 21 39.391 2.339 87.916816 39.391 0 1 0
 5404 1531.852 1938.158 3 21 79.952 3.119 173.247840 79.952 0 1 0
 5405 1531.852 1933.283 3 21 79.952 1.949 153.322048 79.952 0 1 0
 5406 1565.782 1926.653 3 21 1.170 6.629 7.819401 6.629 0 1 0
 5407 1558.762 1977.743 3 21 1.170 1.169 1.894456 1.170 0 1 0
 5408 1554.472 1978.133 3 21 1.170 1.169 1.819894 1.170 0 1 0
 5409 1516.252 1800.683 3 21 1.170 19.889 20.229994 19.889 0 1 0
 5410 1516.057 1893.308 3 21 0.780 49.919 17.796310 49.919 0 1 0
 5411 1516.252 1855.478 3 21 0.390 2.339 1.960070 2.339 0 1 0
 5412 1516.252 1816.868 3 21 0.390 0.779 0.992561 0.779 0 1 0
 5413 1516.252 1813.553 3 21 0.390 1.169 1.262772 1.169 0 1 0
 5414 1507.867 1942.643 3 21 9.360 1.949 16.896800 9.360 0 1 0
 5415 1505.332 1770.458 3 21 5.070 3.119 11.616066 5.070 0 1 0
 5416 1505.332 1854.113 3 21 4.290 128.309 412.205120 128.309 0 1 0
 5417 1498.507 1946.348 3 21 3.900 3.119 11.305891 3.900 0 1 0
 5418 1494.412 1801.073 3 21 1.170 20.669 21.142624 20.669 0 1 0
 5419 1421.872 2513.213 3 21 0.390 12.869 4.411051 12.869 0 1 0
 5420 1409.002 2490.788 3 21 0.390 0.779 0.722947 0.779 0 1 0
 5421 1409.002 2484.938 3 21 0.390 0.779 0.709228 0.779 0 1 0
 5422 1409.002 2479.478 3 21 0.390 0.779 0.716982 0.779 0 1 0
 5423 1404.322 2490.593 3 21 0.390 0.389 0.592912 0.390 0 1 0
 5424 1396.522 2484.743 3 21 0.390 4.289 2.411613 4.289 0 1 0
 5425 1392.622 2487.278 3 21 0.390 6.239 3.705402 6.239 0 1 0
 5426 1388.722 2490.008 3 21 0.390 3.899 2.470069 3.899 0 1 0
 5427 1383.847 2523.548 3 21 0.780 9.359 5.404805 9.359 0 1 0
 5428 1383.847 2508.143 3 21 0.780 15.989 4.563156 15.989 0 1 0
 5429 1383.847 2496.638 3 21 0.780 3.119 2.054315 3.119 0 1 0
 5430 1378.972 2513.408 3 21 0.390 30.419 8.669997 30.419 0 1 0
 5431 1371.757 2047.553 3 21 0.780 19.889 9.430523 19.889 0 1 0
 5432 1351.866 2026.103 3 21 40.561 7.409 300.407808 40.561 0 1 0
 5433 1351.866 1993.928 3 21 40.561 35.099 1183.530624 40.561 0 1 0
 5434 1369.612 2482.988 3 21 0.390 0.779 0.765298 0.779 0 1 0
 5435 1369.612 2443.403 3 21 0.390 6.629 3.325437 6.629 0 1 0
 5436 1367.077 2085.383 3 21 1.560 95.549 85.331024 95.549 0 1 0
 5437 1364.931 2430.728 3 21 0.390 53.819 19.165258 53.819 0 1 0
 5438 1364.931 2397.383 3 21 0.390 4.289 2.439052 4.289 0 1 0
 5439 1364.931 2367.548 3 21 0.390 7.019 3.392244 7.019 0 1 0
 5440 1363.371 2033.123 3 21 1.170 1.169 1.985122 1.170 0 1 0
 5441 1231.746 2155.193 3 21 114.663 19.889 480.500352 114.663 0 1 0
 5442 1264.311 2476.943 3 21 0.390 3.509 2.207613 3.509 0 1 0
 5443 1264.311 2454.323 3 21 0.390 3.509 2.130666 3.509 0 1 0
 5444 1158.816 2090.648 3 21 27.300 5.459 146.781536 27.300 0 1 0
 5445 1158.816 2075.243 3 21 27.300 5.069 126.095224 27.300 0 1 0
 5446 1158.816 2038.193 3 21 27.300 4.289 117.121016 27.300 0 1 0
 5447 1158.816 2026.298 3 21 27.300 7.799 195.455200 27.300 0 1 0
 5448 1158.816 1993.928 3 21 27.300 35.099 800.377600 35.099 0 1 0
 5449 1169.931 2121.068 3 21 2.730 49.919 132.331536 49.919 0 1 0
 5450 1154.331 1971.113 3 21 8.189 6.629 35.835392 8.189 0 1 0
 5451 1155.696 2120.873 3 21 3.900 50.309 164.425728 50.309 0 1 0
 5452 1152.186 1929.773 3 21 8.580 2.729 22.581360 8.580 0 1 0
 5453 1148.871 2121.068 3 21 3.510 49.919 26.922622 49.919 0 1 0
 5454 1111.431 2496.833 3 21 1.950 0.389 0.885789 1.950 0 1 0
 5455 1005.546 2360.918 3 21 10.140 0.779 6.346665 10.140 0 1 0
 5456 980.976 2361.113 3 21 6.240 1.169 4.437893 6.240 0 1 0
 5457 964.400 2098.058 3 21 16.770 5.459 82.441024 16.770 0 1 0
 5458 964.400 2090.648 3 21 16.770 5.459 88.068920 16.770 0 1 0
 5459 964.400 2083.043 3 21 16.770 5.849 87.612600 16.770 0 1 0
 5460 964.400 2075.243 3 21 16.770 5.849 86.852072 16.770 0 1 0
 5461 958.940 2038.193 3 21 27.690 4.289 116.968904 27.690 0 1 0
 5462 958.940 2026.103 3 21 27.690 7.409 202.908352 27.690 0 1 0
 5463 958.940 1998.608 3 21 27.690 25.739 607.508224 27.690 0 1 0
 5464 958.940 1980.083 3 21 27.690 7.409 194.390464 27.690 0 1 0
 5465 962.840 1770.263 3 21 8.189 2.729 18.161958 8.189 0 1 0
 5466 964.400 1827.203 3 21 2.730 4.289 10.157049 4.289 0 1 0
 5467 964.400 1799.903 3 21 2.730 5.069 12.323505 5.069 0 1 0
 5468 959.135 1929.773 3 21 3.900 2.729 9.723400 3.900 0 1 0
 5469 959.525 1821.158 3 21 0.780 3.899 4.175437 3.899 0 1 0
 5470 922.865 2455.298 3 21 0.780 2.339 1.346280 2.339 0 1 0
 5471 922.670 2433.068 3 21 1.170 2.339 2.235648 2.339 0 1 0
 5472 922.670 2401.868 3 21 1.170 2.339 2.285157 2.339 0 1 0
 5473 922.670 2379.638 3 21 1.170 2.339 1.969017 2.339 0 1 0
 5474 911.360 2390.753 3 21 1.950 1.169 1.822280 1.950 0 1 0
 5475 900.440 2433.653 3 21 1.170 3.509 1.996455 3.509 0 1 0
 5476 900.245 2401.868 3 21 1.560 2.339 2.612631 2.339 0 1 0
 5477 900.440 2379.638 3 21 1.170 2.339 2.137824 2.339 0 1 0
 5478 900.635 2356.043 3 21 0.780 0.389 0.739649 0.780 0 1 0
 5479 900.440 2456.273 3 21 0.390 0.389 0.578000 0.390 0 1 0
 5480 895.370 2185.418 3 21 5.850 0.779 3.828876 5.850 0 1 0
 5481 883.475 2185.223 3 21 7.020 1.169 6.160559 7.020 0 1 0
 5482 878.015 2401.868 3 21 1.560 4.679 4.149192 4.679 0 1 0
 5483 878.015 2379.443 3 21 1.560 2.729 2.393122 2.729 0 1 0
 5484 871.970 2185.418 3 21 4.290 0.779 3.690490 4.290 0 1 0
 5485 867.095 2390.948 3 21 2.340 1.559 1.668385 2.340 0 1 0
 5486 860.660 2185.418 3 21 2.730 0.779 2.737297 2.730 0 1 0
 5487 855.590 2401.868 3 21 1.950 2.339 2.493929 2.339 0 1 0
 5488 855.590 2432.873 3 21 1.170 2.729 2.332280 2.729 0 1 0
 5489 855.590 2379.638 3 21 1.170 2.339 1.679122 2.339 0 1 0
 5490 848.765 2185.223 3 21 5.460 1.169 4.033472 5.460 0 1 0
 5491 833.165 2185.223 3 21 16.379 1.169 7.757366 16.379 0 1 0
 5492 833.165 2357.018 3 21 0.780 2.339 1.662420 2.339 0 1 0
 5493 817.370 2185.418 3 21 4.290 0.779 3.122631 4.290 0 1 0
 5494 810.935 2379.638 3 21 1.560 2.339 2.085333 2.339 0 1 0
 5495 810.740 2433.653 3 21 1.170 3.509 2.242210 3.509 0 1 0
 5496 809.570 2401.868 3 21 3.510 2.339 2.955613 3.510 0 1 0
 5497 805.670 2185.223 3 21 8.189 1.169 8.723085 8.189 0 1 0
 5498 800.990 2390.753 3 21 4.290 1.169 2.822596 4.290 0 1 0
 5499 792.605 2185.223 3 21 10.140 1.169 8.599611 10.140 0 1 0
 5500 788.315 2433.068 3 21 1.560 2.339 2.115157 2.339 0 1 0
 5501 788.510 2401.868 3 21 1.170 2.339 2.114561 2.339 0 1 0
 5502 788.315 2379.638 3 21 1.560 2.339 2.302455 2.339 0 1 0
 5503 788.510 2456.273 3 21 0.390 0.389 0.554140 0.390 0 1 0
 5504 788.315 2357.018 3 21 0.780 2.339 0.940070 2.339 0 1 0
 5505 782.270 2185.418 3 21 6.630 0.779 5.753156 6.630 0 1 0
 5506 776.810 2368.913 3 21 1.170 1.949 0.906666 1.949 0 1 0
 5507 770.960 2185.223 3 21 8.189 1.169 10.877610 8.189 0 1 0
 5508 764.720 2131.793 3 21 16.770 1.169 19.621572 16.770 0 1 0
 5509 764.720 2109.368 3 21 16.770 1.559 25.553676 16.770 0 1 0
 5510 769.790 2087.138 3 21 6.630 1.559 9.797962 6.630 0 1 0
 5511 757.505 2038.193 3 21 31.201 4.289 122.596800 31.201 0 1 0
 5512 757.505 1984.568 3 21 31.201 16.379 437.454592 31.201 0 1 0
 5513 757.700 1923.923 3 21 30.811 1.169 29.204200 30.811 0 1 0
 5514 757.700 1870.298 3 21 30.811 100.619 833.688640 100.619 0 1 0
 5515 766.085 2455.298 3 21 0.780 2.339 1.314666 2.339 0 1 0
 5516 765.890 2433.068 3 21 1.170 2.339 1.708350 2.339 0 1 0
 5517 765.890 2401.868 3 21 1.170 2.339 2.117543 2.339 0 1 0
 5518 765.890 2379.443 3 21 1.170 2.729 2.288140 2.729 0 1 0
 5519 760.625 2185.223 3 21 7.800 1.169 7.483576 7.800 0 1 0
 5520 754.775 2368.328 3 21 1.560 0.779 1.471543 1.560 0 1 0
 5521 754.190 2420.003 3 21 1.170 0.389 0.746807 1.170 0 1 0
 5522 748.535 1794.248 3 21 12.480 2.339 16.508486 12.480 0 1 0
 5523 747.560 2131.793 3 21 11.310 1.169 13.897644 11.310 0 1 0
 5524 747.560 2109.368 3 21 11.310 1.559 14.530521 11.310 0 1 0
 5525 742.880 2185.223 3 21 17.550 1.169 17.644204 17.550 0 1 0
 5526 742.685 2379.443 3 21 3.120 2.729 2.068034 3.120 0 1 0
 5527 743.465 2067.443 3 21 1.560 1.169 1.999438 1.560 0 1 0
 5528 743.465 2058.862 3 21 1.560 1.169 1.895648 1.560 0 1 0
 5529 743.465 2401.868 3 21 0.780 2.339 1.477508 2.339 0 1 0
 5530 743.465 2357.018 3 21 0.780 2.339 1.647508 2.339 0 1 0
 5531 732.155 2390.948 3 21 2.340 0.779 1.289017 2.340 0 1 0
 5532 721.430 2185.223 3 21 18.330 1.169 17.339994 18.330 0 1 0
 5533 721.235 2401.868 3 21 1.560 2.339 2.354947 2.339 0 1 0
 5534 721.040 2433.068 3 21 1.170 2.339 2.014350 2.339 0 1 0
 5535 721.040 2379.638 3 21 1.170 2.339 1.831227 2.339 0 1 0
 5536 721.235 2356.238 3 21 0.780 0.779 0.965122 0.780 0 1 0
 5537 709.925 2390.948 3 21 1.560 1.559 2.016140 1.560 0 1 0
 5538 709.340 2346.293 3 21 0.390 0.389 0.549368 0.390 0 1 0
 5539 698.810 2185.223 3 21 19.110 1.169 19.013152 19.110 0 1 0
 5540 698.810 2454.713 3 21 1.170 3.509 1.986912 3.509 0 1 0
 5541 698.810 2401.868 3 21 1.170 2.339 2.034034 2.339 0 1 0
 5542 698.615 2379.443 3 21 1.560 2.729 2.221929 2.729 0 1 0
 5543 698.615 2433.068 3 21 0.780 2.339 1.665999 2.339 0 1 0
 5544 691.205 2444.183 3 21 9.360 1.169 5.081507 9.360 0 1 0
 5545 676.385 2185.223 3 21 18.720 1.169 19.925782 18.720 0 1 0
 5546 676.385 2432.873 3 21 1.560 2.729 2.632911 2.729 0 1 0
 5547 676.385 2401.868 3 21 1.560 2.339 2.404455 2.339 0 1 0
 5548 676.190 2379.443 3 21 1.950 2.729 2.297087 2.729 0 1 0
 5549 676.385 2456.273 3 21 0.780 0.389 0.761123 0.780 0 1 0
 5550 676.190 2357.018 3 21 1.170 2.339 1.953508 2.339 0 1 0
 5551 665.270 2390.948 3 21 1.950 1.559 2.064455 1.950 0 1 0
 5552 665.660 2444.183 3 21 0.390 1.169 0.959158 1.169 0 1 0
 5553 665.660 2368.328 3 21 0.390 0.779 0.739052 0.779 0 1 0
 5554 662.930 2207.648 3 21 4.290 0.779 3.912385 4.290 0 1 0
 5555 653.960 2185.028 3 21 19.110 1.559 18.708940 19.110 0 1 0
 5556 654.155 2433.068 3 21 1.560 2.339 2.377017 2.339 0 1 0
 5557 654.155 2456.273 3 21 0.780 0.389 0.727719 0.780 0 1 0
 5558 653.960 2401.868 3 21 1.170 2.339 2.019122 2.339 0 1 0
 5559 653.960 2379.638 3 21 1.170 2.339 1.815122 2.339 0 1 0
 5560 653.960 2357.018 3 21 0.390 2.339 1.271719 2.339 0 1 0
 5561 642.650 2390.753 3 21 2.730 1.169 1.646315 2.730 0 1 0
 5562 631.340 2185.223 3 21 19.110 1.169 20.686308 19.110 0 1 0
 5563 630.170 2207.648 3 21 7.410 0.779 4.965788 7.410 0 1 0
 5564 632.120 2412.983 3 21 0.390 0.389 0.540421 0.390 0 1 0
 5565 631.535 2401.868 3 21 1.560 2.339 2.459929 2.339 0 1 0
 5566 631.535 2455.298 3 21 0.780 2.339 1.488842 2.339 0 1 0
 5567 631.340 2433.068 3 21 1.170 2.339 1.988701 2.339 0 1 0
 5568 631.535 2379.443 3 21 0.780 2.729 1.998841 2.729 0 1 0
 5569 621.005 2444.378 3 21 3.120 1.559 1.644526 3.120 0 1 0
 5570 609.110 2185.223 3 21 19.110 1.169 19.925782 19.110 0 1 0
 5571 612.425 2207.648 3 21 7.800 0.779 6.336524 7.800 0 1 0
 5572 609.305 2432.873 3 21 1.560 2.729 2.403859 2.729 0 1 0
 5573 609.110 2455.298 3 21 1.170 2.339 1.682105 2.339 0 1 0
 5574 609.110 2401.868 3 21 1.170 2.339 2.056701 2.339 0 1 0
 5575 609.110 2379.443 3 21 1.170 2.729 1.940385 2.729 0 1 0
 5576 609.305 2356.433 3 21 0.780 0.389 0.713403 0.780 0 1 0
 5577 598.775 2466.608 3 21 0.780 0.779 1.026561 0.780 0 1 0
 5578 597.800 2444.183 3 21 2.730 1.169 1.663613 2.730 0 1 0
 5579 591.950 2185.223 3 21 8.189 1.169 9.353576 8.189 0 1 0
 5580 592.340 2207.648 3 21 4.290 0.779 3.746560 4.290 0 1 0
 5581 563.284 2003.093 3 21 20.280 15.989 288.695680 20.280 0 1 0
 5582 563.284 1989.443 3 21 20.280 7.409 145.868896 20.280 0 1 0
 5583 563.479 1980.278 3 21 19.890 7.019 139.328368 19.890 0 1 0
 5584 571.669 1849.433 3 21 3.510 7.409 24.703676 7.409 0 1 0
 5585 571.864 1838.513 3 21 3.120 7.409 21.547046 7.409 0 1 0
 5586 571.669 1827.983 3 21 3.510 7.409 25.139114 7.409 0 1 0
 5587 571.864 1817.258 3 21 3.120 7.019 16.085574 7.019 0 1 0
 5588 571.669 1807.703 3 21 3.510 5.069 12.602066 5.069 0 1 0
 5589 569.914 2067.443 3 21 0.780 1.169 1.605754 1.169 0 1 0
 5590 563.284 1800.293 3 21 10.140 2.729 17.771256 10.140 0 1 0
 5591 562.504 2063.348 3 21 0.780 1.559 1.709543 1.559 0 1 0
 5592 561.139 2059.058 3 21 1.170 1.559 1.901017 1.559 0 1 0
 5593 559.774 2054.768 3 21 0.780 1.559 1.637368 1.559 0 1 0
 5594 551.389 1849.238 3 21 10.530 7.019 63.364644 10.530 0 1 0
 5595 551.584 1838.513 3 21 10.140 7.409 63.343768 10.140 0 1 0
 5596 551.389 1827.983 3 21 10.530 7.409 65.989204 10.530 0 1 0
 5597 551.389 1807.508 3 21 10.530 5.459 38.913284 10.530 0 1 0
 5598 551.389 1817.258 3 21 9.750 7.019 48.835912 9.750 0 1 0
 5599 546.124 2135.888 3 21 1.560 1.559 2.574455 1.560 0 1 0
 5600 546.124 2126.333 3 21 1.560 1.949 2.677052 1.949 0 1 0
 5601 546.124 2064.908 3 21 1.560 1.559 2.728946 1.560 0 1 0
 5602 546.319 2055.548 3 21 1.170 1.559 2.407438 1.559 0 1 0
 5603 546.319 2046.773 3 21 1.170 3.509 4.959823 3.509 0 1 0
 5604 539.494 2190.488 3 21 7.020 112.319 56.225244 112.319 0 1 0
 5605 540.469 2095.523 3 21 5.070 63.569 301.472544 63.569 0 1 0
 5606 540.469 2045.408 3 21 5.070 22.619 102.518912 22.619 0 1 0
 5607 530.134 2196.923 3 21 7.020 103.349 582.867200 103.349 0 1 0
 5608 522.139 2200.433 3 21 4.290 110.369 363.075136 110.369 0 1 0
 5609 370.819 2101.958 3 21 5.850 305.759 1654.600448 305.759 0 1 0
 5610 369.259 1800.098 3 21 2.730 2.339 3.912385 2.730 0 1 0
 5611 361.264 2104.298 3 21 9.360 310.439 1260.800128 310.439 0 1 0
 5612 351.709 2193.998 3 21 4.290 97.499 325.353056 97.499 0 1 0
 5613 173.673 2214.473 3 21 0.780 10.529 7.200243 10.529 0 1 0
 5614 166.068 2144.858 3 21 15.990 7.019 31.139218 15.990 0 1 0
 5615 166.068 2129.258 3 21 15.990 6.239 39.851564 15.990 0 1 0
 5616 173.673 2060.033 3 21 0.780 10.529 10.218488 10.529 0 1 0
 5617 166.068 1989.638 3 21 15.990 7.799 71.489448 15.990 0 1 0
 5618 166.068 1930.358 3 21 15.990 11.699 186.480992 15.990 0 1 0
 5619 173.868 1913.393 3 21 0.390 7.409 5.922559 7.409 0 1 0
 5620 173.868 1903.058 3 21 0.390 7.799 7.043366 7.799 0 1 0
 5621 173.673 1892.138 3 21 0.780 7.799 7.312384 7.799 0 1 0
 5622 173.868 1881.608 3 21 0.390 7.799 6.625226 7.799 0 1 0
 5623 173.868 1870.883 3 21 0.390 7.409 5.175156 7.409 0 1 0
 5624 173.868 1850.603 3 21 0.390 5.069 3.483508 5.069 0 1 0
 5625 173.868 1828.178 3 21 0.390 7.019 5.021858 7.019 0 1 0
 5626 165.678 1973.843 3 21 15.210 15.209 221.617296 15.210 0 1 0
 5627 165.483 1956.098 3 21 14.820 14.819 219.639920 14.820 0 1 0
 5628 165.288 1860.158 3 21 12.090 7.799 68.953168 12.090 0 1 0
 5629 166.263 2214.668 3 21 3.900 8.579 28.493182 8.579 0 1 0
 5630 166.263 2060.228 3 21 3.900 8.579 26.964376 8.579 0 1 0
 5631 160.023 2214.668 3 21 1.560 7.799 10.211926 7.799 0 1 0
 5632 160.023 2060.228 3 21 1.560 7.799 10.486312 7.799 0 1 0
 5633 3427.648 2538.953 -2 21 1.170 4.289 1.014035 4.289 0 1 0
 5634 1788.279 2538.758 -2 21 7.800 4.679 27.139148 7.800 0 1 0
 5635 1759.419 2538.758 -2 21 1.560 4.679 6.676524 4.679 0 1 0
 5636 1744.599 2538.758 -2 21 1.560 4.679 6.402138 4.679 0 1 0
 5637 1738.944 2538.758 -2 21 1.170 4.679 5.952980 4.679 0 1 0
 5638 1551.549 2540.513 -2 21 40.561 1.169 47.456824 40.561 0 1 0
 5639 1369.223 2530.568 -2 21 5.850 21.059 54.909980 21.059 0 1 0
 5640 837.032 2541.438 -2 21 274.179 12.869 2754.625280 274.179 0 1 0
 5641 539.886 2527.838 -2 21 7.020 26.519 175.833632 26.519 0 1 0
 5642 1766.634 2538.563 -2 21 1.950 4.289 6.791647 4.289 0 1 0
 5643 1163.108 2538.758 -2 21 18.720 3.899 73.010504 18.720 0 1 0
 5644 167.125 2511.458 -2 21 17.940 53.039 612.984000 53.039 0 1 0
 5645 2170.675 2536.613 -2 21 5.850 1.169 7.598699 5.850 0 1 0
 5646 2007.150 2532.128 -2 21 7.800 10.139 48.893772 10.139 0 1 0
 5647 1551.549 2531.348 -2 21 40.561 10.139 307.556736 40.561 0 1 0
 5648 167.206 2652.978 -2 21 17.940 219.569 1296.088448 219.569 0 1 0
 5649 205.816 2647.518 -2 21 7.800 229.709 29.409990 229.709 0 1 0
 5650 2059.295 2547.483 -2 21 7.410 10.919 55.353772 10.919 0 1 0
 5651 1046.268 2545.728 -2 21 91.263 4.289 320.485696 91.263 0 1 0
 5652 1800.725 2542.218 -2 21 2.730 4.289 11.276066 4.289 0 1 0
 5653 1939.370 2542.218 -2 21 6.240 2.729 15.223048 6.240 0 1 0
 5654 1617.814 2540.268 -2 21 36.271 3.509 95.978392 36.271 0 1 0
 5655 1046.268 2537.148 -2 21 91.263 4.289 320.333568 91.263 0 1 0
 5656 1406.239 2534.418 -2 21 10.920 3.509 20.425046 10.920 0 1 0
 5657 1417.549 2534.418 -2 21 3.900 3.509 13.190206 3.900 0 1 0
 5658 1608.844 2533.638 -2 21 18.330 1.949 35.288408 18.330 0 1 0
 5659 370.820 2281.358 -1 21 5.850 519.479 2099.964544 519.479 0 1 0
 5660 3646.829 2537.198 -1 21 1.170 4.679 2.260105 4.679 0 1 0
 5661 1944.085 2514.383 -1 21 12.870 41.729 240.326240 41.729 0 1 0
 5662 1421.872 2538.758 3 21 0.390 4.679 2.683017 4.679 0 1 0
 5663 1406.742 2531.810 3 21 5.070 73.319 61.146296 73.319 0 1 0
 5664 1392.117 2530.055 3 21 17.160 82.289 1.667789 82.289 0 1 0
 5665 1376.907 2533.760 3 21 5.460 77.219 4.736139 77.219 0 1 0
 5666 1366.847 2534.150 3 21 6.240 77.999 2.326911 77.999 0 1 0
 5667 1943.888 2512.628 3 21 13.260 46.799 2.161087 46.799 0 1 0
 5668 1421.872 2527.448 3 21 0.390 7.799 4.221963 7.799 0 1 0
 5669 517.620 2538.318 3 21 0.390 10.529 6.418840 10.529 0 1 0
 5670 1183.157 2543.388 3 21 2.340 0.389 2.051929 2.340 0 1 0
 5671 512.940 2538.903 3 21 0.390 8.579 4.588805 8.579 0 1 0
 5672 1948.144 2541.438 3 21 1.950 2.729 2.972315 2.729 0 1 0
 5673 1184.522 2539.683 3 21 3.510 0.779 2.275613 3.510 0 1 0
 5674 1191.347 2537.733 3 21 0.780 4.679 3.432209 4.679 0 1 0
 5675 1719.408 2539.293 3 21 0.780 0.779 1.213263 0.780 0 1 0
 5676 1036.126 2534.028 3 21 11.700 1.949 8.968243 11.700 0 1 0
 5677 1180.037 2534.418 3 21 7.020 1.169 4.922840 7.020 0 1 0
 5678 571.440 1720.221 3 21 1.950 2.339 3.843192 2.339 0 1 0
 5679 583.530 1720.806 3 21 14.430 3.509 43.958404 14.430 0 1 0
 5680 1152.737 1720.806 3 21 1118.558 4.289 18.200730 1118.558 0 1 0
 5681 598.935 1694.481 3 21 1.560 0.779 1.344491 1.560 0 1 0
 5682 627.600 1694.481 3 21 1.950 0.779 1.443508 1.950 0 1 0
 5683 653.145 1694.676 3 21 2.340 0.389 1.562806 2.340 0 1 0
 5684 665.040 1694.481 3 21 3.510 0.779 1.946350 3.510 0 1 0
 5685 671.670 1694.481 3 21 2.730 0.779 1.681508 2.730 0 1 0
 5686 689.025 1694.481 3 21 6.240 0.779 2.667508 6.240 0 1 0
 5687 702.090 1694.481 3 21 10.530 0.779 6.377086 10.530 0 1 0
 5688 715.935 1694.481 3 21 0.780 0.779 0.903087 0.780 0 1 0
 5689 723.930 1694.481 3 21 5.850 0.779 3.713753 5.850 0 1 0
 5690 731.535 1694.481 3 21 2.340 0.779 1.887298 2.340 0 1 0
 5691 743.430 1694.481 3 21 15.210 0.779 4.715262 15.210 0 1 0
 5692 758.250 1694.481 3 21 5.850 0.779 3.611753 5.850 0 1 0
 5693 766.636 1694.676 3 21 0.780 0.389 0.706842 0.780 0 1 0
 5694 773.656 1694.676 3 21 0.780 0.389 0.532666 0.780 0 1 0
 5695 781.456 1694.286 3 21 10.140 1.169 8.171331 10.140 0 1 0
 5696 790.231 1694.481 3 21 1.950 0.779 1.778140 1.950 0 1 0
 5697 806.221 1694.286 3 21 25.350 1.169 5.679788 25.350 0 1 0
 5698 875.446 1694.286 3 21 107.643 1.949 71.793664 107.643 0 1 0
 5699 1082.926 1694.481 3 21 301.870 2.339 410.075648 301.870 0 1 0
 5700 1046.069 1666.011 3 21 0.390 1.559 1.110666 1.559 0 1 0
 5701 1104.961 1664.841 3 21 1.170 1.559 1.645122 1.559 0 1 0
 5702 1250.042 1695.066 3 21 23.790 1.169 14.602100 23.790 0 1 0
 5703 1285.532 1695.066 3 21 42.511 1.169 23.119992 42.511 0 1 0
 5704 1339.157 1695.066 3 21 60.842 1.169 36.201040 60.842 0 1 0
 5705 1384.007 1695.066 3 21 24.960 1.169 13.841574 24.960 0 1 0
 5706 1433.147 1695.066 3 21 65.522 1.169 44.871036 65.522 0 1 0
 5707 1470.002 1695.261 3 21 4.290 0.779 4.220771 4.290 0 1 0
 5708 1479.752 1695.066 3 21 11.310 1.169 10.306172 11.310 0 1 0
 5709 1492.622 1695.066 3 21 7.410 1.169 7.011752 7.410 0 1 0
 5710 1512.512 1695.066 3 21 28.470 1.169 18.404730 28.470 0 1 0
 5711 1535.327 1695.066 3 21 13.260 1.169 4.715262 13.260 0 1 0
 5712 1546.443 1695.261 3 21 4.290 0.779 3.851543 4.290 0 1 0
 5713 1555.413 1695.261 3 21 8.970 0.779 7.946453 8.970 0 1 0
 5714 1564.773 1695.261 3 21 5.070 0.779 4.470700 5.070 0 1 0
 5715 1571.208 1695.261 3 21 3.900 0.779 3.471578 3.900 0 1 0
 5716 1577.058 1695.066 3 21 3.900 1.169 3.619508 3.900 0 1 0
 5717 1584.663 1695.066 3 21 6.630 1.169 6.798805 6.630 0 1 0
 5718 1615.668 1695.066 3 21 50.701 1.169 7.814032 50.701 0 1 0
 5719 1645.698 1695.261 3 21 4.680 0.779 4.447437 4.680 0 1 0
 5720 1660.128 1695.066 3 21 19.500 1.169 10.191049 19.500 0 1 0
 5721 1670.073 1668.546 3 21 0.390 1.949 1.809157 1.949 0 1 0
 5722 1675.143 1694.481 3 21 4.290 1.559 4.203472 4.290 0 1 0
 5723 1673.583 1688.436 3 21 1.170 2.729 3.228209 2.729 0 1 0
 5724 1673.583 1678.101 3 21 1.170 1.559 2.085929 1.559 0 1 0
 5725 1698.543 1683.951 3 21 2.730 24.959 31.789988 24.959 0 1 0
 5726 1704.393 1687.266 3 21 2.730 17.549 13.993680 17.549 0 1 0
 5727 1710.243 1684.731 3 21 2.730 22.619 35.592620 22.619 0 1 0
 5728 1710.243 1670.496 3 21 1.170 1.169 1.462000 1.170 0 1 0
 5729 1766.988 1721.391 3 21 0.780 1.559 1.884912 1.559 0 1 0
 5730 1767.378 1707.546 3 21 0.780 1.169 1.481087 1.169 0 1 0
 5731 1787.853 1726.266 3 21 5.850 1.949 6.406314 5.850 0 1 0
 5732 1789.998 1712.226 3 21 1.560 1.169 1.624842 1.560 0 1 0
 5733 1794.873 1721.781 3 21 1.170 1.559 1.577719 1.559 0 1 0
 5734 1800.333 1721.586 3 21 1.950 1.949 2.301262 1.950 0 1 0
 5735 1800.918 1707.546 3 21 0.780 1.169 0.932912 1.169 0 1 0
 5736 379.755 1751.616 3 21 0.780 1.949 1.782315 1.949 0 1 0
 5737 1788.473 1759.733 3 21 7.410 4.289 21.838730 7.410 0 1 0
 5738 1676.347 1752.518 3 21 14.820 0.779 6.388419 14.820 0 1 0
 5739 1531.852 1752.518 3 21 79.952 0.779 59.929452 79.952 0 1 0
 5740 1352.061 1752.518 3 21 40.171 0.779 28.899990 40.171 0 1 0
 5741 1159.011 1752.518 3 21 26.910 0.779 17.187888 26.910 0 1 0
 5742 958.940 1752.518 3 21 27.690 0.779 18.252624 27.690 0 1 0
 5743 757.700 1752.518 3 21 30.811 0.779 13.841574 30.811 0 1 0
 5744 558.409 1752.518 3 21 30.031 0.779 5.565858 30.031 0 1 0
 5745 4329.490 2533.248 2 21 1.170 0.389 1.014631 1.170 0 1 0
 5746 4791.058 1629.867 -4 19 0.780 1.169 0.455719 1.169 0 1 0
 5747 4743.315 3613.153 3 17 0.780 1.169 0.603052 1.169 0 1 0
 5748 1560.483 3165.674 4 17 1.170 0.779 0.479579 1.170 0 1 0
 5749 1757.434 3157.289 4 17 1.170 0.389 0.532070 1.170 0 1 0
 5750 2221.145 2925.824 4 17 5.070 1.559 2.356736 5.070 0 1 0
 5751 2399.766 2926.604 4 17 1.170 0.779 0.408000 1.170 0 1 0
 5752 2542.116 2951.369 4 17 2.730 1.949 2.867929 2.730 0 1 0
 5753 2573.316 2926.799 4 17 0.390 0.389 0.240982 0.390 0 1 0
 5754 4320.327 2957.247 -4 14 2.340 0.389 1.021193 2.340 0 1 0
 5755 4433.427 3136.842 -4 14 3.120 0.779 2.722385 3.120 0 1 0
 5756 2797.016 543.269 6 14 1.170 0.779 0.449754 1.170 0 1 0
 5757 2739.296 461.174 6 14 0.390 0.389 0.245754 0.390 0 1 0
 5758 2768.156 3854.945 4 9 1.170 1.169 0.788561 1.170 0 1 0
 5759 3800.844 1018.981 -6 6 4.680 7.799 7.668489 7.799 0 1 0
 5760 840.770 3694.787 17 4 1.170 0.779 0.434842 1.170 0 1 0
 5761 2211.039 669.986 14 4 1.560 1.169 0.464070 1.560 0 1 0
 5762 3327.384 3661.701 -1 3 0.780 1.559 1.021789 1.559 0 1 0
 5763 481.350 3573.171 13 3 4.290 3.119 5.035577 4.290 0 1 0
 5764 1757.823 2953.470 2 2 4.290 4.289 2.535087 4.290 0 1 0
 5765 4110.895 342.905 -16 -4 2.340 1.559 1.627228 2.340 0 1 0
 5766 603.261 760.442 -14 -5 5.850 5.069 10.825716 5.850 0 1 0
 5767 1021.341 3700.925 13 -9 1.170 1.559 0.950210 1.559 0 1 0
 5768 1297.268 1174.251 -15 -12 2.340 4.289 5.623121 4.289 0 1 0
 5769 1220.438 1137.591 -15 -12 0.780 0.389 0.526105 0.780 0 1 0
 5770 1624.868 2709.580 13 -14 3.120 5.849 4.198700 5.849 0 1 0
 5771 3554.559 1230.386 -6 -15 0.390 0.779 0.384737 0.779 0 1 0
 5772 3562.164 1150.046 -6 -15 4.680 5.459 6.852489 5.459 0 1 0
 5773 3637.239 1237.991 -6 -15 1.950 0.389 0.539228 1.950 0 1 0
 5774 3662.589 1217.516 -6 -15 1.170 0.779 0.377579 1.170 0 1 0
 5775 3676.044 1195.286 -6 -15 3.120 3.899 1.658842 3.899 0 1 0
 5776 3905.755 1089.986 -6 -15 5.460 3.119 3.709578 5.460 0 1 0
 5777 3922.525 1081.991 -6 -15 2.340 1.169 1.172701 2.340 0 1 0
 5778 3927.790 1078.676 -6 -15 2.730 3.899 1.066526 3.899 0 1 0
 5779 4291.500 858.852 -6 -15 1.170 0.389 0.688351 1.170 0 1 0
 5780 4251.720 895.707 -6 -15 1.170 0.779 1.405333 1.170 0 1 0
 5781 4228.710 909.357 -6 -15 2.730 1.559 1.557438 2.730 0 1 0
 5782 4171.770 894.537 -6 -15 3.510 6.239 6.553050 6.239 0 1 0
 5783 4163.190 864.117 -6 -15 3.510 3.119 4.871542 3.510 0 1 0
 5784 1990.574 970.227 -12 -15 5.070 3.899 9.554593 5.070 0 1 0
 5785 3931.139 970.197 -6 -15 0.390 0.779 0.377579 0.779 0 1 0
 5786 3906.179 964.542 -6 -15 2.730 5.069 4.711086 5.069 0 1 0
 5787 4221.655 2354.042 13 -16 2.340 1.559 1.018210 2.340 0 1 0
 5788 1101.291 579.930 13 -17 1.170 0.779 1.123789 1.170 0 1 0
 5789 1005.351 581.685 13 -17 1.170 1.169 0.539824 1.170 0 1 0
 5790 2898.966 525.184 7 -18 15.990 15.989 46.848404 15.990 0 1 0
 5791 726.110 2474.217 9 -19 0.390 0.389 0.431263 0.390 0 1 0
 5792 4791.838 1630.647 -4 19 0.780 1.169 0.473017 1.169 0 2 0
 5793 4805.910 3636.553 3 17 0.390 0.389 0.300035 0.390 0 2 0
 5794 4744.095 3613.933 3 17 0.780 1.169 0.609614 1.169 0 2 0
 5795 1561.263 3166.259 4 17 1.170 0.389 0.484947 1.170 0 2 0
 5796 1758.409 3158.264 4 17 0.780 0.779 0.468842 0.780 0 2 0
 5797 2221.925 2926.604 4 17 5.070 1.559 2.595332 5.070 0 2 0
 5798 2400.741 2927.579 4 17 0.780 0.389 0.269017 0.780 0 2 0
 5799 2542.896 2951.954 4 17 2.730 1.559 2.694350 2.730 0 2 0
 5800 2574.486 2927.189 4 17 1.170 1.169 0.646596 1.170 0 2 0
 5801 4435.606 3137.404 -4 14 3.120 0.779 2.807087 3.120 0 2 0
 5802 4322.311 2957.614 -4 14 1.950 0.779 0.980631 1.950 0 2 0
 5803 2797.406 543.854 6 14 1.170 1.169 0.510596 1.170 0 2 0
 5804 2739.491 461.564 6 14 1.560 1.169 0.595895 1.560 0 2 0
 5805 2211.429 670.376 14 4 1.560 1.169 0.490316 1.560 0 2 0
 5806 3327.969 3661.896 -1 3 1.170 1.169 1.027754 1.170 0 2 0
 5807 481.740 3573.171 13 3 4.290 3.119 5.092840 4.290 0 2 0
 5808 1760.978 2955.046 2 2 2.340 1.169 1.272315 2.340 0 2 0
 5809 1759.223 2951.926 2 2 2.730 1.169 1.136315 2.730 0 2 0
 5810 4112.880 342.905 -16 -4 1.950 1.559 1.606350 1.950 0 2 0
 5811 1624.868 2709.900 13 -14 3.120 6.239 3.988735 6.239 0 2 0
 5812 4157.339 2099.914 4 -15 0.390 0.779 0.293474 0.779 0 2 0
 5813 1990.070 969.671 -12 -15 3.120 2.729 4.827402 3.120 0 2 0
 5814 3554.949 1230.386 -6 -15 0.390 0.779 0.422316 0.779 0 2 0
 5815 3562.359 1151.411 -6 -15 5.070 6.629 6.908559 6.629 0 2 0
 5816 3637.434 1237.991 -6 -15 1.560 0.389 0.461684 1.560 0 2 0
 5817 3662.979 1217.711 -6 -15 1.170 0.389 0.354316 1.170 0 2 0
 5818 3673.899 1200.551 -6 -15 0.390 0.389 0.316737 0.390 0 2 0
 5819 3676.239 1195.286 -6 -15 3.510 3.899 1.629613 3.899 0 2 0
 5820 3906.730 1090.181 -6 -15 4.290 2.729 3.120841 4.290 0 2 0
 5821 3922.720 1081.211 -6 -15 2.730 2.729 1.743543 2.730 0 2 0
 5822 3928.180 1078.481 -6 -15 2.730 3.509 1.356421 3.509 0 2 0
 5823 1003.952 582.223 13 -17 1.170 0.779 0.550561 1.170 0 2 0
 5824 1099.892 580.273 13 -17 1.170 0.779 1.148842 1.170 0 2 0
 5825 726.305 2474.217 9 -19 0.780 0.389 0.508210 0.780 0 2 0;
EndOfFile;
