FileVersion 1 2;
FileTimestamp 11-20-19 14:24:31;
InspectionStationID "KLA-TENCOR" "AIT" "SMPW01";
SampleType WAFER;
ResultTimestamp 11-20-19 14:20:21;
LotID "1991120";
SampleSize 1 200;
DeviceID "AAIT";
SetupID "AAIT" 11-20-19 14:20:21;
StepID "2019AIT1";
ProcessEquipmentIDList 1
"A";
SampleOrientationMarkType NOTCH;
OrientationMarkLocation DOWN;
DiePitch 6.0302000899e+003 3.6096000977e+003;
DieOrigin 0.000000 0.000000;
WaferID "@11";
Slot 11;
SampleCenterLocation 3.0760000000e+003 1.0610000000e+003;
ClassLookup 1
 0 "0";
InspectionTest 1;
SampleTestPlan 1266
 -4 25
 -3 25
 -2 25
 -1 25
  0 25
  1 25
  2 25
  3 25
  4 25
 -5 24
 -4 24
 -3 24
 -2 24
 -1 24
  0 24
  1 24
  2 24
  3 24
  4 24
  5 24
 -6 23
 -5 23
 -4 23
 -3 23
 -2 23
 -1 23
  0 23
  1 23
  2 23
  3 23
  4 23
  5 23
  6 23
 -7 22
 -6 22
 -5 22
 -4 22
 -3 22
 -2 22
 -1 22
  0 22
  1 22
  2 22
  3 22
  4 22
  5 22
  6 22
  7 22
 -8 21
 -7 21
 -6 21
 -5 21
 -4 21
 -3 21
 -2 21
 -1 21
  0 21
  1 21
  2 21
  3 21
  4 21
  5 21
  6 21
  7 21
  8 21
 -9 20
 -8 20
 -7 20
 -6 20
 -5 20
 -4 20
 -3 20
 -2 20
 -1 20
  0 20
  1 20
  2 20
  3 20
  4 20
  5 20
  6 20
  7 20
  8 20
  9 20
 -10 19
 -9 19
 -8 19
 -7 19
 -6 19
 -5 19
 -4 19
 -3 19
 -2 19
 -1 19
  0 19
  1 19
  2 19
  3 19
  4 19
  5 19
  6 19
  7 19
  8 19
  9 19
 10 19
 -11 18
 -10 18
 -9 18
 -8 18
 -7 18
 -6 18
 -5 18
 -4 18
 -3 18
 -2 18
 -1 18
  0 18
  1 18
  2 18
  3 18
  4 18
  5 18
  6 18
  7 18
  8 18
  9 18
 10 18
 11 18
 -11 17
 -10 17
 -9 17
 -8 17
 -7 17
 -6 17
 -5 17
 -4 17
 -3 17
 -2 17
 -1 17
  0 17
  1 17
  2 17
  3 17
  4 17
  5 17
  6 17
  7 17
  8 17
  9 17
 10 17
 11 17
 -12 16
 -11 16
 -10 16
 -9 16
 -8 16
 -7 16
 -6 16
 -5 16
 -4 16
 -3 16
 -2 16
 -1 16
  0 16
  1 16
  2 16
  3 16
  4 16
  5 16
  6 16
  7 16
  8 16
  9 16
 10 16
 11 16
 12 16
 -12 15
 -11 15
 -10 15
 -9 15
 -8 15
 -7 15
 -6 15
 -5 15
 -4 15
 -3 15
 -2 15
 -1 15
  0 15
  1 15
  2 15
  3 15
  4 15
  5 15
  6 15
  7 15
  8 15
  9 15
 10 15
 11 15
 12 15
 -12 14
 -11 14
 -10 14
 -9 14
 -8 14
 -7 14
 -6 14
 -5 14
 -4 14
 -3 14
 -2 14
 -1 14
  0 14
  1 14
  2 14
  3 14
  4 14
  5 14
  6 14
  7 14
  8 14
  9 14
 10 14
 11 14
 12 14
 -13 13
 -12 13
 -11 13
 -10 13
 -9 13
 -8 13
 -7 13
 -6 13
 -5 13
 -4 13
 -3 13
 -2 13
 -1 13
  0 13
  1 13
  2 13
  3 13
  4 13
  5 13
  6 13
  7 13
  8 13
  9 13
 10 13
 11 13
 12 13
 13 13
 -13 12
 -12 12
 -11 12
 -10 12
 -9 12
 -8 12
 -7 12
 -6 12
 -5 12
 -4 12
 -3 12
 -2 12
 -1 12
  0 12
  1 12
  2 12
  3 12
  4 12
  5 12
  6 12
  7 12
  8 12
  9 12
 10 12
 11 12
 12 12
 13 12
 -13 11
 -12 11
 -11 11
 -10 11
 -9 11
 -8 11
 -7 11
 -6 11
 -5 11
 -4 11
 -3 11
 -2 11
 -1 11
  0 11
  1 11
  2 11
  3 11
  4 11
  5 11
  6 11
  7 11
  8 11
  9 11
 10 11
 11 11
 12 11
 13 11
 -14 10
 -13 10
 -12 10
 -11 10
 -10 10
 -9 10
 -8 10
 -7 10
 -6 10
 -5 10
 -4 10
 -3 10
 -2 10
 -1 10
  0 10
  1 10
  2 10
  3 10
  4 10
  5 10
  6 10
  7 10
  8 10
  9 10
 10 10
 11 10
 12 10
 13 10
 14 10
 -14  9
 -13  9
 -12  9
 -11  9
 -10  9
 -9  9
 -8  9
 -7  9
 -6  9
 -5  9
 -4  9
 -3  9
 -2  9
 -1  9
  0  9
  1  9
  2  9
  3  9
  4  9
  5  9
  6  9
  7  9
  8  9
  9  9
 10  9
 11  9
 12  9
 13  9
 14  9
 -14  8
 -13  8
 -12  8
 -11  8
 -10  8
 -9  8
 -8  8
 -7  8
 -6  8
 -5  8
 -4  8
 -3  8
 -2  8
 -1  8
  0  8
  1  8
  2  8
  3  8
  4  8
  5  8
  6  8
  7  8
  8  8
  9  8
 10  8
 11  8
 12  8
 13  8
 14  8
 -14  7
 -13  7
 -12  7
 -11  7
 -10  7
 -9  7
 -8  7
 -7  7
 -6  7
 -5  7
 -4  7
 -3  7
 -2  7
 -1  7
  0  7
  1  7
  2  7
  3  7
  4  7
  5  7
  6  7
  7  7
  8  7
  9  7
 10  7
 11  7
 12  7
 13  7
 14  7
 -15  6
 -14  6
 -13  6
 -12  6
 -11  6
 -10  6
 -9  6
 -8  6
 -7  6
 -6  6
 -5  6
 -4  6
 -3  6
 -2  6
 -1  6
  0  6
  1  6
  2  6
  3  6
  4  6
  5  6
  6  6
  7  6
  8  6
  9  6
 10  6
 11  6
 12  6
 13  6
 14  6
 15  6
 -15  5
 -14  5
 -13  5
 -12  5
 -11  5
 -10  5
 -9  5
 -8  5
 -7  5
 -6  5
 -5  5
 -4  5
 -3  5
 -2  5
 -1  5
  0  5
  1  5
  2  5
  3  5
  4  5
  5  5
  6  5
  7  5
  8  5
  9  5
 10  5
 11  5
 12  5
 13  5
 14  5
 15  5
 -15  4
 -14  4
 -13  4
 -12  4
 -11  4
 -10  4
 -9  4
 -8  4
 -7  4
 -6  4
 -5  4
 -4  4
 -3  4
 -2  4
 -1  4
  0  4
  1  4
  2  4
  3  4
  4  4
  5  4
  6  4
  7  4
  8  4
  9  4
 10  4
 11  4
 12  4
 13  4
 14  4
 15  4
 -15  3
 -14  3
 -13  3
 -12  3
 -11  3
 -10  3
 -9  3
 -8  3
 -7  3
 -6  3
 -5  3
 -4  3
 -3  3
 -2  3
 -1  3
  0  3
  1  3
  2  3
  3  3
  4  3
  5  3
  6  3
  7  3
  8  3
  9  3
 10  3
 11  3
 12  3
 13  3
 14  3
 15  3
 -15  2
 -14  2
 -13  2
 -12  2
 -11  2
 -10  2
 -9  2
 -8  2
 -7  2
 -6  2
 -5  2
 -4  2
 -3  2
 -2  2
 -1  2
  0  2
  1  2
  2  2
  3  2
  4  2
  5  2
  6  2
  7  2
  8  2
  9  2
 10  2
 11  2
 12  2
 13  2
 14  2
 15  2
 -15  1
 -14  1
 -13  1
 -12  1
 -11  1
 -10  1
 -9  1
 -8  1
 -7  1
 -6  1
 -5  1
 -4  1
 -3  1
 -2  1
 -1  1
  0  1
  1  1
  2  1
  3  1
  4  1
  5  1
  6  1
  7  1
  8  1
  9  1
 10  1
 11  1
 12  1
 13  1
 14  1
 15  1
 -15  0
 -14  0
 -13  0
 -12  0
 -11  0
 -10  0
 -9  0
 -8  0
 -7  0
 -6  0
 -5  0
 -4  0
 -3  0
 -2  0
 -1  0
  0  0
  1  0
  2  0
  3  0
  4  0
  5  0
  6  0
  7  0
  8  0
  9  0
 10  0
 11  0
 12  0
 13  0
 14  0
 15  0
 -15 -1
 -14 -1
 -13 -1
 -12 -1
 -11 -1
 -10 -1
 -9 -1
 -8 -1
 -7 -1
 -6 -1
 -5 -1
 -4 -1
 -3 -1
 -2 -1
 -1 -1
  0 -1
  1 -1
  2 -1
  3 -1
  4 -1
  5 -1
  6 -1
  7 -1
  8 -1
  9 -1
 10 -1
 11 -1
 12 -1
 13 -1
 14 -1
 15 -1
 -15 -2
 -14 -2
 -13 -2
 -12 -2
 -11 -2
 -10 -2
 -9 -2
 -8 -2
 -7 -2
 -6 -2
 -5 -2
 -4 -2
 -3 -2
 -2 -2
 -1 -2
  0 -2
  1 -2
  2 -2
  3 -2
  4 -2
  5 -2
  6 -2
  7 -2
  8 -2
  9 -2
 10 -2
 11 -2
 12 -2
 13 -2
 14 -2
 15 -2
 -15 -3
 -14 -3
 -13 -3
 -12 -3
 -11 -3
 -10 -3
 -9 -3
 -8 -3
 -7 -3
 -6 -3
 -5 -3
 -4 -3
 -3 -3
 -2 -3
 -1 -3
  0 -3
  1 -3
  2 -3
  3 -3
  4 -3
  5 -3
  6 -3
  7 -3
  8 -3
  9 -3
 10 -3
 11 -3
 12 -3
 13 -3
 14 -3
 15 -3
 -15 -4
 -14 -4
 -13 -4
 -12 -4
 -11 -4
 -10 -4
 -9 -4
 -8 -4
 -7 -4
 -6 -4
 -5 -4
 -4 -4
 -3 -4
 -2 -4
 -1 -4
  0 -4
  1 -4
  2 -4
  3 -4
  4 -4
  5 -4
  6 -4
  7 -4
  8 -4
  9 -4
 10 -4
 11 -4
 12 -4
 13 -4
 14 -4
 15 -4
 -15 -5
 -14 -5
 -13 -5
 -12 -5
 -11 -5
 -10 -5
 -9 -5
 -8 -5
 -7 -5
 -6 -5
 -5 -5
 -4 -5
 -3 -5
 -2 -5
 -1 -5
  0 -5
  1 -5
  2 -5
  3 -5
  4 -5
  5 -5
  6 -5
  7 -5
  8 -5
  9 -5
 10 -5
 11 -5
 12 -5
 13 -5
 14 -5
 15 -5
 -15 -6
 -14 -6
 -13 -6
 -12 -6
 -11 -6
 -10 -6
 -9 -6
 -8 -6
 -7 -6
 -6 -6
 -5 -6
 -4 -6
 -3 -6
 -2 -6
 -1 -6
  0 -6
  1 -6
  2 -6
  3 -6
  4 -6
  5 -6
  6 -6
  7 -6
  8 -6
  9 -6
 10 -6
 11 -6
 12 -6
 13 -6
 14 -6
 15 -6
 -14 -7
 -13 -7
 -12 -7
 -11 -7
 -10 -7
 -9 -7
 -8 -7
 -7 -7
 -6 -7
 -5 -7
 -4 -7
 -3 -7
 -2 -7
 -1 -7
  0 -7
  1 -7
  2 -7
  3 -7
  4 -7
  5 -7
  6 -7
  7 -7
  8 -7
  9 -7
 10 -7
 11 -7
 12 -7
 13 -7
 14 -7
 -14 -8
 -13 -8
 -12 -8
 -11 -8
 -10 -8
 -9 -8
 -8 -8
 -7 -8
 -6 -8
 -5 -8
 -4 -8
 -3 -8
 -2 -8
 -1 -8
  0 -8
  1 -8
  2 -8
  3 -8
  4 -8
  5 -8
  6 -8
  7 -8
  8 -8
  9 -8
 10 -8
 11 -8
 12 -8
 13 -8
 14 -8
 -14 -9
 -13 -9
 -12 -9
 -11 -9
 -10 -9
 -9 -9
 -8 -9
 -7 -9
 -6 -9
 -5 -9
 -4 -9
 -3 -9
 -2 -9
 -1 -9
  0 -9
  1 -9
  2 -9
  3 -9
  4 -9
  5 -9
  6 -9
  7 -9
  8 -9
  9 -9
 10 -9
 11 -9
 12 -9
 13 -9
 14 -9
 -14 -10
 -13 -10
 -12 -10
 -11 -10
 -10 -10
 -9 -10
 -8 -10
 -7 -10
 -6 -10
 -5 -10
 -4 -10
 -3 -10
 -2 -10
 -1 -10
  0 -10
  1 -10
  2 -10
  3 -10
  4 -10
  5 -10
  6 -10
  7 -10
  8 -10
  9 -10
 10 -10
 11 -10
 12 -10
 13 -10
 14 -10
 -13 -11
 -12 -11
 -11 -11
 -10 -11
 -9 -11
 -8 -11
 -7 -11
 -6 -11
 -5 -11
 -4 -11
 -3 -11
 -2 -11
 -1 -11
  0 -11
  1 -11
  2 -11
  3 -11
  4 -11
  5 -11
  6 -11
  7 -11
  8 -11
  9 -11
 10 -11
 11 -11
 12 -11
 13 -11
 -13 -12
 -12 -12
 -11 -12
 -10 -12
 -9 -12
 -8 -12
 -7 -12
 -6 -12
 -5 -12
 -4 -12
 -3 -12
 -2 -12
 -1 -12
  0 -12
  1 -12
  2 -12
  3 -12
  4 -12
  5 -12
  6 -12
  7 -12
  8 -12
  9 -12
 10 -12
 11 -12
 12 -12
 13 -12
 -13 -13
 -12 -13
 -11 -13
 -10 -13
 -9 -13
 -8 -13
 -7 -13
 -6 -13
 -5 -13
 -4 -13
 -3 -13
 -2 -13
 -1 -13
  0 -13
  1 -13
  2 -13
  3 -13
  4 -13
  5 -13
  6 -13
  7 -13
  8 -13
  9 -13
 10 -13
 11 -13
 12 -13
 13 -13
 -13 -14
 -12 -14
 -11 -14
 -10 -14
 -9 -14
 -8 -14
 -7 -14
 -6 -14
 -5 -14
 -4 -14
 -3 -14
 -2 -14
 -1 -14
  0 -14
  1 -14
  2 -14
  3 -14
  4 -14
  5 -14
  6 -14
  7 -14
  8 -14
  9 -14
 10 -14
 11 -14
 12 -14
 13 -14
 -12 -15
 -11 -15
 -10 -15
 -9 -15
 -8 -15
 -7 -15
 -6 -15
 -5 -15
 -4 -15
 -3 -15
 -2 -15
 -1 -15
  0 -15
  1 -15
  2 -15
  3 -15
  4 -15
  5 -15
  6 -15
  7 -15
  8 -15
  9 -15
 10 -15
 11 -15
 12 -15
 -12 -16
 -11 -16
 -10 -16
 -9 -16
 -8 -16
 -7 -16
 -6 -16
 -5 -16
 -4 -16
 -3 -16
 -2 -16
 -1 -16
  0 -16
  1 -16
  2 -16
  3 -16
  4 -16
  5 -16
  6 -16
  7 -16
  8 -16
  9 -16
 10 -16
 11 -16
 12 -16
 -11 -17
 -10 -17
 -9 -17
 -8 -17
 -7 -17
 -6 -17
 -5 -17
 -4 -17
 -3 -17
 -2 -17
 -1 -17
  0 -17
  1 -17
  2 -17
  3 -17
  4 -17
  5 -17
  6 -17
  7 -17
  8 -17
  9 -17
 10 -17
 11 -17
 -11 -18
 -10 -18
 -9 -18
 -8 -18
 -7 -18
 -6 -18
 -5 -18
 -4 -18
 -3 -18
 -2 -18
 -1 -18
  0 -18
  1 -18
  2 -18
  3 -18
  4 -18
  5 -18
  6 -18
  7 -18
  8 -18
  9 -18
 10 -18
 11 -18
 -10 -19
 -9 -19
 -8 -19
 -7 -19
 -6 -19
 -5 -19
 -4 -19
 -3 -19
 -2 -19
 -1 -19
  0 -19
  1 -19
  2 -19
  3 -19
  4 -19
  5 -19
  6 -19
  7 -19
  8 -19
  9 -19
 10 -19
 -10 -20
 -9 -20
 -8 -20
 -7 -20
 -6 -20
 -5 -20
 -4 -20
 -3 -20
 -2 -20
 -1 -20
  0 -20
  1 -20
  2 -20
  3 -20
  4 -20
  5 -20
  6 -20
  7 -20
  8 -20
  9 -20
 10 -20
 -9 -21
 -8 -21
 -7 -21
 -6 -21
 -5 -21
 -4 -21
 -3 -21
 -2 -21
 -1 -21
  0 -21
  1 -21
  2 -21
  3 -21
  4 -21
  5 -21
  6 -21
  7 -21
  8 -21
  9 -21
 -8 -22
 -7 -22
 -6 -22
 -5 -22
 -4 -22
 -3 -22
 -2 -22
 -1 -22
  0 -22
  1 -22
  2 -22
  3 -22
  4 -22
  5 -22
  6 -22
  7 -22
  8 -22
 -7 -23
 -6 -23
 -5 -23
 -4 -23
 -3 -23
 -2 -23
 -1 -23
  0 -23
  1 -23
  2 -23
  3 -23
  4 -23
  5 -23
  6 -23
  7 -23
 -6 -24
 -5 -24
 -4 -24
 -3 -24
 -2 -24
 -1 -24
  0 -24
  1 -24
  2 -24
  3 -24
  4 -24
  5 -24
  6 -24
 -4 -25
 -3 -25
 -2 -25
 -1 -25
  0 -25
  1 -25
  2 -25
  3 -25
  4 -25
 -2 -26
 -1 -26
  0 -26
  1 -26
  2 -26;
AreaPerTest 1.5883000e+010;
DefectRecordSpec 15 DEFECTID XREL YREL XINDEX YINDEX XSIZE YSIZE DEFECTAREA DSIZE CLASSNUMBER TEST CLUSTERNUMBER ROUGHBINNUMBER FINEBINNUMBER REVIEWSAMPLE;
DefectList
1 479.2 838.6 -1 -26 72.0 27.1 1951.20 4040.0 0 1 0 0 0 0
2 2323.2 1961.6 -1 -26 128.0 35.2 4505.60 4071.0 0 1 0 0 0 0
3 3558.2 1159.6 -1 -26 72.0 35.2 2534.40 3888.0 0 1 0 0 0 0
4 3132.8 1131.6 1 -26 56.0 21.6 1209.60 3882.0 0 1 0 0 0 0
5 4818.8 2063.6 1 -26 96.0 40.6 3897.60 3900.0 0 1 0 0 0 0
6 5420.4 282.0 3 -25 72.0 27.1 1951.20 3989.0 0 1 0 0 0 0
7 2779.4 2760.0 3 -25 64.0 35.2 2252.80 3875.0 0 1 0 0 0 0
8 1257.6 1195.0 2 -25 128.0 46.0 5888.00 3941.0 0 1 0 0 0 0
9 1186.6 1175.0 2 -25 8.0 5.4 43.20 878.0 0 1 0 0 0 0
10 1168.6 1235.0 2 -25 16.0 5.4 86.40 1473.0 0 1 0 0 0 0
11 1166.6 1199.0 2 -25 24.0 27.1 650.40 2730.0 0 1 0 0 0 0
12 1157.6 1177.0 2 -25 16.0 8.1 129.60 2273.0 0 1 0 0 0 0
13 1123.6 1196.0 2 -25 16.0 37.9 606.40 2401.0 0 1 0 0 0 0
14 1075.6 1196.0 2 -25 64.0 59.6 3814.40 3934.0 0 1 0 0 0 0
15 1058.6 1228.0 2 -25 40.0 5.4 216.00 984.0 0 1 0 0 0 0
16 3579.8 1961.0 1 -25 104.0 40.6 4222.40 4072.0 0 1 0 0 0 0
17 2806.8 1060.0 1 -25 88.0 35.2 3097.60 3863.0 0 1 0 0 0 0
18 1684.8 140.0 1 -25 56.0 24.4 1366.40 3889.0 0 1 0 0 0 0
19 304.8 1313.0 1 -25 184.0 108.4 19945.60 3902.0 0 1 0 0 0 0
20 2793.0 1372.0 0 -25 72.0 32.5 2340.00 3877.0 0 1 0 0 0 0
21 4404.2 398.0 -1 -25 64.0 27.1 1734.40 3879.0 0 1 0 0 0 0
22 3330.2 2097.0 -1 -25 24.0 2.7 64.80 1928.0 0 1 0 0 0 0
23 3318.2 2082.0 -1 -25 16.0 18.9 302.40 2915.0 0 1 0 0 0 0
24 2659.2 2369.0 -1 -25 72.0 32.5 2340.00 3696.0 0 1 0 0 0 0
25 2326.2 2360.0 -1 -25 56.0 29.8 1668.80 3900.0 0 1 0 0 0 0
26 1479.6 748.0 -3 -25 16.0 10.8 172.80 1971.0 0 1 0 0 0 0
27 1477.6 739.0 -3 -25 16.0 2.7 43.20 1760.0 0 1 0 0 0 0
28 2964.8 468.4 -4 -24 24.0 8.1 194.40 2103.0 0 1 0 0 0 0
29 3762.8 2385.4 -4 -24 16.0 10.8 172.80 1978.0 0 1 0 0 0 0
30 5157.8 1442.4 -4 -24 104.0 43.3 4503.20 3866.0 0 1 0 0 0 0
31 5393.8 603.4 -4 -24 112.0 48.7 5454.40 3783.0 0 1 0 0 0 0
32 5393.8 2299.4 -4 -24 24.0 10.8 259.20 3331.0 0 1 0 0 0 0
33 4977.6 1433.4 -3 -24 64.0 29.8 1907.20 3845.0 0 1 0 0 0 0
34 4993.6 393.4 -3 -24 56.0 21.6 1209.60 3811.0 0 1 0 0 0 0
35 3237.4 2660.4 -2 -24 104.0 46.0 4784.00 3911.0 0 1 0 0 0 0
36 252.2 2783.4 -1 -24 56.0 51.5 2884.00 4056.0 0 1 0 0 0 0
37 321.2 2747.4 -1 -24 24.0 10.8 259.20 2734.0 0 1 0 0 0 0
38 354.2 2752.4 -1 -24 8.0 5.4 43.20 942.0 0 1 0 0 0 0
39 1526.2 1957.4 -1 -24 64.0 24.4 1561.60 3896.0 0 1 0 0 0 0
40 2385.2 1219.4 -1 -24 48.0 27.1 1300.80 3463.0 0 1 0 0 0 0
41 3010.2 3092.4 -1 -24 48.0 18.9 907.20 3848.0 0 1 0 0 0 0
42 3232.2 209.4 -1 -24 48.0 21.6 1036.80 3838.0 0 1 0 0 0 0
43 3448.0 969.4 0 -24 64.0 16.2 1036.80 760.0 0 1 0 0 0 0
44 3464.0 932.4 0 -24 72.0 27.1 1951.20 3816.0 0 1 0 0 0 0
45 3523.0 939.4 0 -24 16.0 13.5 216.00 2016.0 0 1 0 0 0 0
46 3569.0 924.4 0 -24 8.0 5.4 43.20 1671.0 0 1 0 0 0 0
47 3623.0 977.4 0 -24 16.0 2.7 43.20 1089.0 0 1 0 0 0 0
48 3647.0 988.4 0 -24 64.0 13.5 864.00 3011.0 0 1 0 0 0 0
49 3686.0 934.4 0 -24 232.0 73.1 16959.20 3843.0 0 1 0 0 0 0
50 4694.0 428.4 0 -24 80.0 32.5 2600.00 3879.0 0 1 0 0 0 0
51 1723.8 3365.4 1 -24 120.0 56.9 6828.00 4071.0 0 1 0 0 0 0
52 5442.8 1568.4 1 -24 16.0 2.7 43.20 104.0 0 1 0 0 0 0
53 5507.8 1550.4 1 -24 104.0 51.5 5356.00 4039.0 0 1 0 0 0 0
54 5784.8 2132.4 1 -24 40.0 27.1 1084.00 3829.0 0 1 0 0 0 0
55 3072.6 2858.4 2 -24 152.0 67.7 10290.40 3845.0 0 1 0 0 0 0
56 3089.6 3255.4 2 -24 48.0 21.6 1036.80 3857.0 0 1 0 0 0 0
57 4454.6 3178.4 2 -24 88.0 48.7 4285.60 3861.0 0 1 0 0 0 0
58 1617.4 506.4 3 -24 8.0 2.7 21.60 1461.0 0 1 0 0 0 0
59 1633.4 517.4 3 -24 8.0 2.7 21.60 1374.0 0 1 0 0 0 0
60 1635.4 526.4 3 -24 24.0 2.7 64.80 1932.0 0 1 0 0 0 0
61 2427.4 170.4 3 -24 16.0 13.5 216.00 103.0 0 1 0 0 0 0
62 2477.4 263.4 3 -24 88.0 37.9 3335.20 3895.0 0 1 0 0 0 0
63 2753.4 394.4 3 -24 64.0 27.1 1734.40 3873.0 0 1 0 0 0 0
64 3133.4 2888.4 3 -24 48.0 18.9 907.20 3809.0 0 1 0 0 0 0
65 2754.2 2765.4 4 -24 48.0 21.6 1036.80 3840.0 0 1 0 0 0 0
66 5255.2 177.4 4 -24 104.0 29.8 3099.20 4078.0 0 1 0 0 0 0
67 3783.8 1992.8 6 -23 16.0 8.1 129.60 1418.0 0 1 0 0 0 0
68 3563.8 1950.8 6 -23 304.0 40.6 12342.40 3952.0 0 1 0 0 0 0
69 3314.8 1953.8 6 -23 24.0 5.4 129.60 439.0 0 1 0 0 0 0
70 2271.0 3288.8 5 -23 80.0 37.9 3032.00 4074.0 0 1 0 0 0 0
71 5685.2 1433.8 4 -23 72.0 37.9 2728.80 3891.0 0 1 0 0 0 0
72 4807.2 1086.8 4 -23 80.0 32.5 2600.00 3891.0 0 1 0 0 0 0
73 4261.4 1993.8 3 -23 144.0 62.3 8971.20 4030.0 0 1 0 0 0 0
74 4248.6 2609.8 2 -23 88.0 43.3 3810.40 3847.0 0 1 0 0 0 0
75 4194.6 1182.8 2 -23 8.0 21.6 172.80 3315.0 0 1 0 0 0 0
76 793.6 963.8 2 -23 112.0 46.0 5152.00 3877.0 0 1 0 0 0 0
77 5296.8 2130.8 1 -23 64.0 18.9 1209.60 3861.0 0 1 0 0 0 0
78 1253.8 1303.8 1 -23 72.0 29.8 2145.60 3912.0 0 1 0 0 0 0
79 415.8 497.8 1 -23 24.0 13.5 324.00 1994.0 0 1 0 0 0 0
80 369.8 501.8 1 -23 40.0 27.1 1084.00 3784.0 0 1 0 0 0 0
81 2272.0 3364.8 0 -23 96.0 62.3 5980.80 4076.0 0 1 0 0 0 0
82 2236.0 769.8 0 -23 8.0 18.9 151.20 2298.0 0 1 0 0 0 0
83 1795.4 2866.8 -2 -23 8.0 13.5 108.00 2216.0 0 1 0 0 0 0
84 5795.6 2995.8 -3 -23 8.0 5.4 43.20 1153.0 0 1 0 0 0 0
85 1288.6 324.8 -3 -23 56.0 18.9 1058.40 3829.0 0 1 0 0 0 0
86 2584.8 1444.8 -4 -23 56.0 27.1 1517.60 3875.0 0 1 0 0 0 0
87 1392.8 543.8 -4 -23 80.0 29.8 2384.00 3859.0 0 1 0 0 0 0
88 737.8 2761.8 -4 -23 72.0 29.8 2145.60 3800.0 0 1 0 0 0 0
89 3599.0 3321.8 -5 -23 56.0 27.1 1517.60 3854.0 0 1 0 0 0 0
90 2684.0 3029.8 -5 -23 8.0 10.8 86.40 1436.0 0 1 0 0 0 0
91 2517.0 2827.8 -5 -23 40.0 18.9 756.00 3808.0 0 1 0 0 0 0
92 5429.2 741.8 -6 -23 48.0 24.4 1171.20 3527.0 0 1 0 0 0 0
93 2431.2 516.8 -6 -23 24.0 18.9 453.60 3269.0 0 1 0 0 0 0
94 2382.2 515.8 -6 -23 32.0 16.2 518.40 3651.0 0 1 0 0 0 0
95 1274.2 2545.8 -6 -23 40.0 13.5 540.00 3255.0 0 1 0 0 0 0
96 3114.2 3387.2 -6 -22 40.0 10.8 432.00 682.0 0 1 0 0 0 0
97 3192.2 327.2 -6 -22 40.0 18.9 756.00 3594.0 0 1 0 0 0 0
98 3328.2 1214.2 -6 -22 16.0 8.1 129.60 2874.0 0 1 0 0 0 0
99 3730.2 2811.2 -6 -22 8.0 5.4 43.20 1368.0 0 1 0 0 0 0
100 3730.2 2819.2 -6 -22 8.0 5.4 43.20 1351.0 0 1 0 0 0 0
101 3310.0 368.2 -5 -22 32.0 21.6 691.20 3367.0 0 1 0 0 0 0
102 1043.8 603.2 -4 -22 64.0 24.4 1561.60 3850.0 0 1 0 0 0 0
103 1431.8 702.2 -4 -22 16.0 13.5 216.00 2334.0 0 1 0 0 0 0
104 3705.8 2414.2 -4 -22 8.0 2.7 21.60 1500.0 0 1 0 0 0 0
105 2431.6 1199.2 -3 -22 136.0 35.2 4787.20 3962.0 0 1 0 0 0 0
106 4768.6 2739.2 -3 -22 72.0 27.1 1951.20 3856.0 0 1 0 0 0 0
107 5395.6 3339.2 -3 -22 80.0 27.1 2168.00 3797.0 0 1 0 0 0 0
108 890.4 2714.2 -2 -22 24.0 16.2 388.80 2816.0 0 1 0 0 0 0
109 2253.4 1122.2 -2 -22 40.0 46.0 1840.00 3870.0 0 1 0 0 0 0
110 3531.4 739.2 -2 -22 8.0 2.7 21.60 1344.0 0 1 0 0 0 0
111 3543.4 720.2 -2 -22 16.0 8.1 129.60 2197.0 0 1 0 0 0 0
112 3558.4 740.2 -2 -22 16.0 8.1 129.60 1904.0 0 1 0 0 0 0
113 5639.4 379.2 -2 -22 16.0 2.7 43.20 1562.0 0 1 0 0 0 0
114 469.2 2217.2 -1 -22 48.0 16.2 777.60 3834.0 0 1 0 0 0 0
115 1682.8 571.2 1 -22 8.0 2.7 21.60 1201.0 0 1 0 0 0 0
116 5680.8 1967.2 1 -22 96.0 35.2 3379.20 4076.0 0 1 0 0 0 0
117 3131.6 3103.2 2 -22 80.0 32.5 2600.00 3896.0 0 1 0 0 0 0
118 4653.6 2454.2 2 -22 104.0 46.0 4784.00 3895.0 0 1 0 0 0 0
119 4951.6 2926.2 2 -22 72.0 32.5 2340.00 3854.0 0 1 0 0 0 0
120 270.4 849.2 3 -22 120.0 51.5 6180.00 4048.0 0 1 0 0 0 0
121 644.4 2210.2 3 -22 80.0 29.8 2384.00 3889.0 0 1 0 0 0 0
122 4646.0 2878.2 5 -22 136.0 67.7 9207.20 3893.0 0 1 0 0 0 0
123 3326.8 1228.2 6 -22 32.0 18.9 604.80 3098.0 0 1 0 0 0 0
124 3367.8 1279.2 6 -22 32.0 13.5 432.00 3118.0 0 1 0 0 0 0
125 3447.8 938.2 6 -22 120.0 65.0 7800.00 3884.0 0 1 0 0 0 0
126 4590.8 1986.2 6 -22 104.0 48.7 5064.80 4021.0 0 1 0 0 0 0
127 4618.8 278.2 6 -22 64.0 29.8 1907.20 3900.0 0 1 0 0 0 0
128 4633.8 2013.2 6 -22 24.0 10.8 259.20 1626.0 0 1 0 0 0 0
129 5401.8 132.2 6 -22 104.0 21.6 2246.40 2252.0 0 1 0 0 0 0
130 550.6 661.2 7 -22 72.0 29.8 2145.60 3882.0 0 1 0 0 0 0
131 595.6 2936.2 7 -22 64.0 24.4 1561.60 3900.0 0 1 0 0 0 0
132 609.6 2869.2 7 -22 80.0 62.3 4984.00 3886.0 0 1 0 0 0 0
133 766.6 2930.2 7 -22 40.0 13.5 540.00 3201.0 0 1 0 0 0 0
134 778.6 2819.2 7 -22 56.0 46.0 2576.00 3891.0 0 1 0 0 0 0
135 802.6 2470.2 7 -22 32.0 13.5 432.00 2280.0 0 1 0 0 0 0
136 805.6 2356.2 7 -22 24.0 10.8 259.20 2072.0 0 1 0 0 0 0
137 840.6 2418.2 7 -22 40.0 18.9 756.00 3644.0 0 1 0 0 0 0
138 859.6 2444.2 7 -22 24.0 10.8 259.20 1086.0 0 1 0 0 0 0
139 874.6 2771.2 7 -22 40.0 16.2 648.00 3100.0 0 1 0 0 0 0
140 875.6 2499.2 7 -22 32.0 13.5 432.00 2522.0 0 1 0 0 0 0
141 1025.6 3310.2 7 -22 24.0 8.1 194.40 2826.0 0 1 0 0 0 0
142 1028.6 3291.2 7 -22 32.0 18.9 604.80 3520.0 0 1 0 0 0 0
143 1031.6 2541.2 7 -22 40.0 16.2 648.00 3080.0 0 1 0 0 0 0
144 1040.6 3161.2 7 -22 40.0 21.6 864.00 3902.0 0 1 0 0 0 0
145 1057.6 2256.2 7 -22 40.0 13.5 540.00 2897.0 0 1 0 0 0 0
146 1085.6 2241.2 7 -22 16.0 5.4 86.40 1104.0 0 1 0 0 0 0
147 1116.6 3272.2 7 -22 40.0 18.9 756.00 3061.0 0 1 0 0 0 0
148 1130.6 3215.2 7 -22 112.0 54.2 6070.40 3893.0 0 1 0 0 0 0
149 1130.6 3063.2 7 -22 24.0 16.2 388.80 3452.0 0 1 0 0 0 0
150 1133.6 2242.2 7 -22 88.0 27.1 2384.80 3891.0 0 1 0 0 0 0
151 1139.6 2060.2 7 -22 48.0 16.2 777.60 3269.0 0 1 0 0 0 0
152 1143.6 3347.2 7 -22 56.0 24.4 1366.40 2956.0 0 1 0 0 0 0
153 1180.6 3189.2 7 -22 56.0 8.1 453.60 919.0 0 1 0 0 0 0
154 1184.6 2077.2 7 -22 96.0 32.5 3120.00 3742.0 0 1 0 0 0 0
155 1210.6 3176.2 7 -22 40.0 13.5 540.00 2883.0 0 1 0 0 0 0
156 1210.6 3109.2 7 -22 112.0 92.1 10315.20 3895.0 0 1 0 0 0 0
157 1227.6 3213.2 7 -22 64.0 32.5 2080.00 3671.0 0 1 0 0 0 0
158 1253.6 3179.2 7 -22 32.0 13.5 432.00 2318.0 0 1 0 0 0 0
159 1265.6 2894.2 7 -22 40.0 21.6 864.00 3402.0 0 1 0 0 0 0
160 1332.6 3366.2 7 -22 192.0 43.3 8313.60 4074.0 0 1 0 0 0 0
161 1391.6 3023.2 7 -22 24.0 8.1 194.40 2110.0 0 1 0 0 0 0
162 1396.6 3332.2 7 -22 40.0 16.2 648.00 3832.0 0 1 0 0 0 0
163 1409.6 2988.2 7 -22 40.0 27.1 1084.00 3617.0 0 1 0 0 0 0
164 1563.6 1231.2 7 -22 40.0 27.1 1084.00 3404.0 0 1 0 0 0 0
165 1629.6 1563.2 7 -22 48.0 24.4 1171.20 3457.0 0 1 0 0 0 0
166 1634.6 3302.2 7 -22 88.0 27.1 2384.80 3896.0 0 1 0 0 0 0
167 1665.6 3253.2 7 -22 40.0 16.2 648.00 3696.0 0 1 0 0 0 0
168 2257.6 2907.2 7 -22 24.0 27.1 650.40 3904.0 0 1 0 0 0 0
169 2257.6 3260.2 7 -22 24.0 16.2 388.80 3427.0 0 1 0 0 0 0
170 2262.6 3223.2 7 -22 40.0 18.9 756.00 3902.0 0 1 0 0 0 0
171 2265.6 2877.2 7 -22 40.0 18.9 756.00 3907.0 0 1 0 0 0 0
172 2304.6 2803.2 7 -22 32.0 10.8 345.60 2974.0 0 1 0 0 0 0
173 2319.6 3108.2 7 -22 96.0 37.9 3638.40 3921.0 0 1 0 0 0 0
174 2377.6 3010.2 7 -22 56.0 32.5 1820.00 3911.0 0 1 0 0 0 0
175 2460.6 2688.2 7 -22 48.0 24.4 1171.20 3898.0 0 1 0 0 0 0
176 2646.6 3285.2 7 -22 72.0 29.8 2145.60 3920.0 0 1 0 0 0 0
177 2667.6 3255.2 7 -22 32.0 13.5 432.00 2748.0 0 1 0 0 0 0
178 3251.6 678.2 7 -22 56.0 21.6 1209.60 2529.0 0 1 0 0 0 0
179 3271.6 728.2 7 -22 32.0 16.2 518.40 3089.0 0 1 0 0 0 0
180 3328.6 691.2 7 -22 72.0 51.5 3708.00 3957.0 0 1 0 0 0 0
181 3387.6 674.2 7 -22 8.0 8.1 64.80 1953.0 0 1 0 0 0 0
182 5311.4 182.6 8 -21 48.0 18.9 907.20 3708.0 0 1 0 0 0 0
183 1806.4 2309.6 8 -21 16.0 29.8 476.80 3889.0 0 1 0 0 0 0
184 5097.6 2416.6 7 -21 24.0 10.8 259.20 986.0 0 1 0 0 0 0
185 5025.6 2290.6 7 -21 56.0 37.9 2122.40 3927.0 0 1 0 0 0 0
186 4993.6 2308.6 7 -21 23.9 5.4 129.06 1809.0 0 1 0 0 0 0
187 4974.6 2276.6 7 -21 16.0 10.8 172.80 2446.0 0 1 0 0 0 0
188 4973.6 2293.6 7 -21 16.0 10.8 172.80 2718.0 0 1 0 0 0 0
189 3088.6 3170.6 7 -21 64.0 27.1 1734.40 3880.0 0 1 0 0 0 0
190 2329.6 216.6 7 -21 24.0 13.5 324.00 1370.0 0 1 0 0 0 0
191 2324.6 184.6 7 -21 40.0 27.1 1084.00 3393.0 0 1 0 0 0 0
192 1761.6 2053.6 7 -21 96.0 27.1 2601.60 3818.0 0 1 0 0 0 0
193 733.6 3251.6 7 -21 32.0 24.4 780.80 2917.0 0 1 0 0 0 0
194 630.6 264.6 7 -21 40.0 16.2 648.00 3281.0 0 1 0 0 0 0
195 443.6 1544.6 7 -21 16.0 5.4 86.40 1292.0 0 1 0 0 0 0
196 441.6 1482.6 7 -21 512.0 176.1 90163.20 4076.0 0 1 0 0 0 0
197 353.6 1582.6 7 -21 40.0 5.4 216.00 656.0 0 1 0 0 0 0
198 5641.8 1438.6 6 -21 64.0 27.1 1734.40 3857.0 0 1 0 0 0 0
199 1189.8 498.6 6 -21 48.0 32.5 1560.00 3820.0 0 1 0 0 0 0
200 1100.8 498.6 6 -21 48.0 37.9 1819.20 3324.0 0 1 0 0 0 0
201 950.8 889.6 6 -21 32.0 10.8 345.60 3088.0 0 1 0 0 0 0
202 5124.2 2984.6 4 -21 64.0 27.1 1734.40 3728.0 0 1 0 0 0 0
203 3414.2 2730.6 4 -21 112.0 48.7 5454.40 3863.0 0 1 0 0 0 0
204 3367.2 2720.6 4 -21 16.0 5.4 86.40 1857.0 0 1 0 0 0 0
205 3169.2 2465.6 4 -21 96.0 37.9 3638.40 3888.0 0 1 0 0 0 0
206 2288.2 1163.6 4 -21 80.0 32.5 2600.00 3843.0 0 1 0 0 0 0
207 5692.4 2984.6 3 -21 72.0 35.2 2534.40 3857.0 0 1 0 0 0 0
208 5411.4 2591.6 3 -21 136.0 35.2 4787.20 3783.0 0 1 0 0 0 0
209 2838.4 2447.6 3 -21 88.0 32.5 2860.00 3872.0 0 1 0 0 0 0
210 1189.4 3204.6 3 -21 48.0 21.6 1036.80 3882.0 0 1 0 0 0 0
211 4565.6 3164.6 2 -21 56.0 21.6 1209.60 3870.0 0 1 0 0 0 0
212 954.6 1582.6 2 -21 64.0 13.5 864.00 2974.0 0 1 0 0 0 0
213 4628.8 467.6 1 -21 144.0 46.0 6624.00 3868.0 0 1 0 0 0 0
214 5073.0 2667.6 0 -21 40.0 32.5 1300.00 1790.0 0 1 0 0 0 0
215 490.0 3369.6 0 -21 56.0 24.4 1366.40 4055.0 0 1 0 0 0 0
216 1596.2 3232.6 -1 -21 40.0 16.2 648.00 3383.0 0 1 0 0 0 0
217 1561.2 1387.6 -1 -21 56.0 21.6 1209.60 3882.0 0 1 0 0 0 0
218 518.4 1011.6 -2 -21 80.0 35.2 2816.00 3838.0 0 1 0 0 0 0
219 3455.6 415.6 -3 -21 64.0 24.4 1561.60 3722.0 0 1 0 0 0 0
220 5147.8 2124.6 -4 -21 64.0 27.1 1734.40 3859.0 0 1 0 0 0 0
221 384.0 2225.6 -5 -21 40.0 16.2 648.00 3731.0 0 1 0 0 0 0
222 5720.2 3312.6 -6 -21 48.0 18.9 907.20 3884.0 0 1 0 0 0 0
223 3356.4 2571.6 -7 -21 48.0 18.9 907.20 3816.0 0 1 0 0 0 0
224 3325.6 2656.6 -8 -21 80.0 32.5 2600.00 3850.0 0 1 0 0 0 0
225 4297.8 2447.0 -9 -20 48.0 18.9 907.20 3980.0 0 1 0 0 0 0
226 1584.6 3027.0 -8 -20 40.0 24.4 976.00 3685.0 0 1 0 0 0 0
227 2393.6 2101.0 -8 -20 48.0 21.6 1036.80 3856.0 0 1 0 0 0 0
228 2953.6 2133.0 -8 -20 56.0 21.6 1209.60 3836.0 0 1 0 0 0 0
229 3267.6 1319.0 -8 -20 64.0 54.2 3468.80 3836.0 0 1 0 0 0 0
230 4220.6 2163.0 -8 -20 56.0 21.6 1209.60 3370.0 0 1 0 0 0 0
231 2360.4 2985.0 -7 -20 80.0 43.3 3464.00 4067.0 0 1 0 0 0 0
232 4453.0 706.0 -5 -20 72.0 29.8 2145.60 3870.0 0 1 0 0 0 0
233 4740.0 2620.0 -5 -20 8.0 2.7 21.60 1392.0 0 1 0 0 0 0
234 4762.0 2640.0 -5 -20 96.0 24.4 2342.40 4008.0 0 1 0 0 0 0
235 776.8 2647.0 -4 -20 96.0 35.2 3379.20 4005.0 0 1 0 0 0 0
236 3071.8 732.0 -4 -20 88.0 51.5 4532.00 3857.0 0 1 0 0 0 0
237 4723.8 870.0 -4 -20 64.0 27.1 1734.40 3870.0 0 1 0 0 0 0
238 366.4 452.0 -2 -20 64.0 27.1 1734.40 3868.0 0 1 0 0 0 0
239 1046.4 558.0 -2 -20 40.0 13.5 540.00 2480.0 0 1 0 0 0 0
240 4196.2 1291.0 -1 -20 8.0 24.4 195.20 3452.0 0 1 0 0 0 0
241 5102.2 957.0 -1 -20 80.0 40.6 3248.00 3886.0 0 1 0 0 0 0
242 5759.2 2689.0 -1 -20 96.0 54.2 5203.20 3854.0 0 1 0 0 0 0
243 2576.0 1566.0 0 -20 32.0 13.5 432.00 181.0 0 1 0 0 0 0
244 2684.0 1583.0 0 -20 56.0 5.4 302.40 389.0 0 1 0 0 0 0
245 1219.8 754.0 1 -20 64.0 24.4 1561.60 3875.0 0 1 0 0 0 0
246 3627.8 1278.0 1 -20 112.0 24.4 2732.80 3866.0 0 1 0 0 0 0
247 4615.8 1479.0 1 -20 72.0 27.1 1951.20 3896.0 0 1 0 0 0 0
248 5156.8 1524.0 1 -20 32.0 10.8 345.60 1132.0 0 1 0 0 0 0
249 5252.8 2327.0 1 -20 80.0 27.1 2168.00 3701.0 0 1 0 0 0 0
250 228.6 276.0 2 -20 32.0 27.1 867.20 3852.0 0 1 0 0 0 0
251 424.6 2511.0 2 -20 56.0 24.4 1366.40 3873.0 0 1 0 0 0 0
252 638.6 1946.0 2 -20 16.0 5.4 86.40 593.0 0 1 0 0 0 0
253 3002.6 2171.0 2 -20 56.0 21.6 1209.60 3847.0 0 1 0 0 0 0
254 4615.6 1030.0 2 -20 88.0 40.6 3572.80 3905.0 0 1 0 0 0 0
255 901.4 2388.0 3 -20 72.0 32.5 2340.00 3832.0 0 1 0 0 0 0
256 1733.4 1375.0 3 -20 24.0 10.8 259.20 2526.0 0 1 0 0 0 0
257 2779.4 627.0 3 -20 40.0 18.9 756.00 3877.0 0 1 0 0 0 0
258 4791.2 1386.0 4 -20 72.0 27.1 1951.20 3815.0 0 1 0 0 0 0
259 4942.2 1285.0 4 -20 128.0 65.0 8320.00 3927.0 0 1 0 0 0 0
260 5361.2 1425.0 4 -20 80.0 40.6 3248.00 3914.0 0 1 0 0 0 0
261 1684.0 2908.0 5 -20 72.0 37.9 2728.80 3873.0 0 1 0 0 0 0
262 5344.0 525.0 5 -20 88.0 18.9 1663.20 3688.0 0 1 0 0 0 0
263 223.8 2607.0 6 -20 24.0 18.9 453.60 3758.0 0 1 0 0 0 0
264 424.8 1572.0 6 -20 16.0 5.4 86.40 48.0 0 1 0 0 0 0
265 4446.8 3251.0 6 -20 32.0 18.9 604.80 3493.0 0 1 0 0 0 0
266 5227.6 1946.0 7 -20 72.0 16.2 1166.40 2200.0 0 1 0 0 0 0
267 1174.4 3370.0 8 -20 144.0 48.7 7012.80 4069.0 0 1 0 0 0 0
268 2803.4 2991.0 8 -20 32.0 18.9 604.80 2673.0 0 1 0 0 0 0
269 3024.4 2032.0 8 -20 32.0 8.1 259.20 2860.0 0 1 0 0 0 0
270 655.2 159.0 9 -20 80.0 29.8 2384.00 4067.0 0 1 0 0 0 0
271 4295.2 432.0 9 -20 120.0 35.2 4224.00 4028.0 0 1 0 0 0 0
272 5333.2 1038.0 9 -20 56.0 24.4 1366.40 3944.0 0 1 0 0 0 0
273 5469.2 2970.4 9 -19 88.0 43.3 3810.40 3959.0 0 1 0 0 0 0
274 426.2 3009.4 9 -19 48.0 54.2 2601.60 3573.0 0 1 0 0 0 0
275 390.2 3000.4 9 -19 16.0 27.1 433.60 1240.0 0 1 0 0 0 0
276 5441.4 2843.4 8 -19 64.0 29.8 1907.20 3941.0 0 1 0 0 0 0
277 4902.4 2131.4 8 -19 88.0 35.2 3097.60 3930.0 0 1 0 0 0 0
278 2921.4 3386.4 8 -19 24.0 10.8 259.20 213.0 0 1 0 0 0 0
279 2901.4 3363.4 8 -19 32.0 5.4 172.80 49.0 0 1 0 0 0 0
280 2875.4 378.4 8 -19 80.0 32.5 2600.00 3936.0 0 1 0 0 0 0
281 2692.4 2711.4 8 -19 24.0 8.1 194.40 2266.0 0 1 0 0 0 0
282 2510.4 2397.4 8 -19 56.0 27.1 1517.60 3896.0 0 1 0 0 0 0
283 2976.6 2538.4 7 -19 112.0 54.2 6070.40 3920.0 0 1 0 0 0 0
284 259.6 559.4 7 -19 64.0 21.6 1382.40 3815.0 0 1 0 0 0 0
285 4235.8 2974.4 6 -19 40.0 24.4 976.00 3896.0 0 1 0 0 0 0
286 3615.8 1285.4 6 -19 128.0 40.6 5196.80 3752.0 0 1 0 0 0 0
287 3549.8 1304.4 6 -19 40.0 21.6 864.00 3374.0 0 1 0 0 0 0
288 2538.8 2996.4 6 -19 8.0 8.1 64.80 2259.0 0 1 0 0 0 0
289 1487.8 2553.4 6 -19 16.0 16.2 259.20 2522.0 0 1 0 0 0 0
290 1157.8 1437.4 6 -19 56.0 21.6 1209.60 3888.0 0 1 0 0 0 0
291 4253.0 932.4 5 -19 16.0 10.8 172.80 3384.0 0 1 0 0 0 0
292 4231.0 910.4 5 -19 80.0 56.9 4552.00 3646.0 0 1 0 0 0 0
293 3786.0 3349.4 5 -19 32.0 27.1 867.20 3672.0 0 1 0 0 0 0
294 3684.0 2596.4 5 -19 136.0 59.6 8105.60 3843.0 0 1 0 0 0 0
295 3673.0 2571.4 5 -19 8.0 2.7 21.60 970.0 0 1 0 0 0 0
296 1564.0 781.4 5 -19 104.0 32.5 3380.00 3809.0 0 1 0 0 0 0
297 1531.0 750.4 5 -19 56.0 27.1 1517.60 3603.0 0 1 0 0 0 0
298 1491.0 741.4 5 -19 8.0 10.8 86.40 1342.0 0 1 0 0 0 0
299 1491.0 768.4 5 -19 8.0 8.1 64.80 1619.0 0 1 0 0 0 0
300 5044.2 3040.4 4 -19 16.0 18.9 302.40 2933.0 0 1 0 0 0 0
301 5009.2 3048.4 4 -19 8.0 2.7 21.60 1448.0 0 1 0 0 0 0
302 5009.2 3034.4 4 -19 8.0 10.8 86.40 2174.0 0 1 0 0 0 0
303 4972.2 3032.4 4 -19 32.0 27.1 867.20 3262.0 0 1 0 0 0 0
304 4686.2 150.4 4 -19 96.0 43.3 4156.80 3971.0 0 1 0 0 0 0
305 3095.2 2983.4 4 -19 40.0 16.2 648.00 3772.0 0 1 0 0 0 0
306 2609.4 2792.4 3 -19 64.0 27.1 1734.40 3911.0 0 1 0 0 0 0
307 5549.6 2583.4 2 -19 24.0 21.6 518.40 2398.0 0 1 0 0 0 0
308 5495.6 2578.4 2 -19 48.0 32.5 1560.00 3553.0 0 1 0 0 0 0
309 4395.6 2583.4 2 -19 56.0 29.8 1668.80 3918.0 0 1 0 0 0 0
310 1773.6 831.4 2 -19 24.0 13.5 324.00 3532.0 0 1 0 0 0 0
311 1296.8 996.4 1 -19 48.0 21.6 1036.80 3847.0 0 1 0 0 0 0
312 4684.0 3091.4 0 -19 56.0 24.4 1366.40 3896.0 0 1 0 0 0 0
313 4431.0 2775.4 0 -19 128.0 56.9 7283.20 3916.0 0 1 0 0 0 0
314 282.0 2132.4 0 -19 72.0 35.2 2534.40 4032.0 0 1 0 0 0 0
315 2413.2 1582.4 -1 -19 40.0 10.8 432.00 1603.0 0 1 0 0 0 0
316 5470.4 279.4 -2 -19 72.0 27.1 1951.20 3770.0 0 1 0 0 0 0
317 4426.4 1945.4 -2 -19 8.0 2.7 21.60 577.0 0 1 0 0 0 0
318 4382.4 1945.4 -2 -19 40.0 13.5 540.00 935.0 0 1 0 0 0 0
319 4556.6 2643.4 -3 -19 128.0 29.8 3814.40 4040.0 0 1 0 0 0 0
320 540.6 2295.4 -3 -19 48.0 27.1 1300.80 3920.0 0 1 0 0 0 0
321 494.6 2294.4 -3 -19 16.0 8.1 129.60 2117.0 0 1 0 0 0 0
322 4703.8 2679.4 -4 -19 32.0 16.2 518.40 3251.0 0 1 0 0 0 0
323 2907.8 2586.4 -4 -19 104.0 24.4 2537.60 3843.0 0 1 0 0 0 0
324 2891.8 2605.4 -4 -19 16.0 8.1 129.60 1728.0 0 1 0 0 0 0
325 2289.8 673.4 -4 -19 104.0 35.2 3660.80 4064.0 0 1 0 0 0 0
326 962.8 1527.4 -4 -19 40.0 13.5 540.00 2920.0 0 1 0 0 0 0
327 695.8 3020.4 -4 -19 48.0 29.8 1430.40 3904.0 0 1 0 0 0 0
328 649.8 3032.4 -4 -19 24.0 24.4 585.60 2384.0 0 1 0 0 0 0
329 4592.2 2671.4 -6 -19 56.0 21.6 1209.60 3872.0 0 1 0 0 0 0
330 4573.2 1323.4 -6 -19 72.0 29.8 2145.60 3866.0 0 1 0 0 0 0
331 3079.4 2382.4 -7 -19 72.0 43.3 3117.60 3857.0 0 1 0 0 0 0
332 5661.6 1075.4 -8 -19 48.0 2.7 129.60 2247.0 0 1 0 0 0 0
333 5643.6 1064.4 -8 -19 112.0 8.1 907.20 3104.0 0 1 0 0 0 0
334 1809.6 2216.4 -8 -19 8.0 21.6 172.80 2702.0 0 1 0 0 0 0
335 1782.6 2187.4 -8 -19 24.0 16.2 388.80 2448.0 0 1 0 0 0 0
336 306.6 1069.4 -8 -19 80.0 29.8 2384.00 4051.0 0 1 0 0 0 0
337 2931.8 1341.4 -9 -19 80.0 32.5 2600.00 3873.0 0 1 0 0 0 0
338 2280.8 374.4 -9 -19 48.0 29.8 1430.40 4037.0 0 1 0 0 0 0
339 861.0 2880.8 -10 -18 56.0 16.2 907.20 3811.0 0 1 0 0 0 0
340 921.0 2692.8 -10 -18 64.0 24.4 1561.60 3792.0 0 1 0 0 0 0
341 3260.8 1052.8 -9 -18 80.0 35.2 2816.00 3808.0 0 1 0 0 0 0
342 4893.8 2110.8 -9 -18 72.0 35.2 2534.40 3818.0 0 1 0 0 0 0
343 2814.6 615.8 -8 -18 40.0 13.5 540.00 3516.0 0 1 0 0 0 0
344 2556.2 3100.8 -6 -18 56.0 35.2 1971.20 3868.0 0 1 0 0 0 0
345 3636.0 3281.8 -5 -18 88.0 37.9 3335.20 3891.0 0 1 0 0 0 0
346 3778.0 2040.8 -5 -18 24.0 5.4 129.60 1114.0 0 1 0 0 0 0
347 4307.0 3060.8 -5 -18 48.0 24.4 1171.20 3635.0 0 1 0 0 0 0
348 3071.8 657.8 -4 -18 64.0 29.8 1907.20 3838.0 0 1 0 0 0 0
349 2481.6 3007.8 -3 -18 64.0 21.6 1382.40 3937.0 0 1 0 0 0 0
350 4745.6 1224.8 -3 -18 24.0 16.2 388.80 2056.0 0 1 0 0 0 0
351 4759.6 887.8 -3 -18 80.0 18.9 1512.00 3779.0 0 1 0 0 0 0
352 4782.6 1227.8 -3 -18 16.0 8.1 129.60 2131.0 0 1 0 0 0 0
353 836.4 845.8 -2 -18 80.0 32.5 2600.00 3912.0 0 1 0 0 0 0
354 3229.4 2123.8 -2 -18 88.0 32.5 2860.00 3889.0 0 1 0 0 0 0
355 3315.4 2133.8 -2 -18 80.0 32.5 2600.00 3864.0 0 1 0 0 0 0
356 3480.4 1995.8 -2 -18 88.0 32.5 2860.00 3911.0 0 1 0 0 0 0
357 1708.2 2646.8 -1 -18 80.0 43.3 3464.00 3896.0 0 1 0 0 0 0
358 2466.2 296.8 -1 -18 80.0 35.2 2816.00 3895.0 0 1 0 0 0 0
359 3746.2 2243.8 -1 -18 8.0 2.7 21.60 1162.0 0 1 0 0 0 0
360 599.8 458.8 1 -18 72.0 29.8 2145.60 3911.0 0 1 0 0 0 0
361 759.8 625.8 1 -18 152.0 65.0 9880.00 3902.0 0 1 0 0 0 0
362 1314.8 407.8 1 -18 32.0 10.8 345.60 2314.0 0 1 0 0 0 0
363 399.6 803.8 2 -18 56.0 24.4 1366.40 3886.0 0 1 0 0 0 0
364 3130.4 1951.8 3 -18 88.0 29.8 2622.40 3884.0 0 1 0 0 0 0
365 1059.2 1580.8 4 -18 40.0 10.8 432.00 1176.0 0 1 0 0 0 0
366 2289.2 272.8 4 -18 48.0 29.8 1430.40 3998.0 0 1 0 0 0 0
367 3778.2 656.8 4 -18 32.0 24.4 780.80 3793.0 0 1 0 0 0 0
368 461.0 1143.8 5 -18 120.0 40.6 4872.00 3911.0 0 1 0 0 0 0
369 875.0 872.8 5 -18 112.0 37.9 4244.80 3879.0 0 1 0 0 0 0
370 562.8 2540.8 6 -18 96.0 43.3 4156.80 3873.0 0 1 0 0 0 0
371 5225.8 2310.8 6 -18 72.0 65.0 4680.00 3808.0 0 1 0 0 0 0
372 5292.8 2297.8 6 -18 32.0 13.5 432.00 2467.0 0 1 0 0 0 0
373 1667.6 2677.8 7 -18 88.0 37.9 3335.20 3886.0 0 1 0 0 0 0
374 5749.6 2911.8 7 -18 56.0 21.6 1209.60 3825.0 0 1 0 0 0 0
375 3214.4 1581.8 8 -18 144.0 27.1 3902.40 3966.0 0 1 0 0 0 0
376 3762.4 916.8 8 -18 64.0 21.6 1382.40 3813.0 0 1 0 0 0 0
377 3561.2 663.8 9 -18 8.0 2.7 21.60 1189.0 0 1 0 0 0 0
378 3629.2 680.8 9 -18 32.0 5.4 172.80 1800.0 0 1 0 0 0 0
379 4333.2 754.8 9 -18 48.0 27.1 1300.80 3976.0 0 1 0 0 0 0
380 4455.2 3387.8 9 -18 24.0 8.1 194.40 270.0 0 1 0 0 0 0
381 4490.2 2964.8 9 -18 88.0 62.3 5482.40 3927.0 0 1 0 0 0 0
382 358.0 2748.8 10 -18 112.0 40.6 4547.20 3927.0 0 1 0 0 0 0
383 1218.0 738.8 10 -18 160.0 62.3 9968.00 3927.0 0 1 0 0 0 0
384 1428.0 1370.8 10 -18 56.0 29.8 1668.80 3912.0 0 1 0 0 0 0
385 5042.0 2847.8 10 -18 64.0 27.1 1734.40 3927.0 0 1 0 0 0 0
386 5159.0 446.8 10 -18 24.0 10.8 259.20 3191.0 0 1 0 0 0 0
387 5437.0 2112.8 10 -18 80.0 40.6 3248.00 3921.0 0 1 0 0 0 0
388 3475.0 3367.2 10 -17 120.0 40.6 4872.00 4080.0 0 1 0 0 0 0
389 2741.0 2086.2 10 -17 72.0 32.5 2340.00 3944.0 0 1 0 0 0 0
390 792.0 1272.2 10 -17 80.0 37.9 3032.00 3621.0 0 1 0 0 0 0
391 3327.2 264.2 9 -17 48.0 21.6 1036.80 3886.0 0 1 0 0 0 0
392 3120.2 3154.2 9 -17 72.0 35.2 2534.40 3909.0 0 1 0 0 0 0
393 2645.2 348.2 9 -17 128.0 81.3 10406.40 3950.0 0 1 0 0 0 0
394 1198.2 302.2 9 -17 88.0 40.6 3572.80 3923.0 0 1 0 0 0 0
395 932.2 832.2 9 -17 96.0 54.2 5203.20 4033.0 0 1 0 0 0 0
396 2667.4 2679.2 8 -17 56.0 21.6 1209.60 3904.0 0 1 0 0 0 0
397 1499.4 1043.2 8 -17 24.0 8.1 194.40 1786.0 0 1 0 0 0 0
398 845.4 3299.2 8 -17 88.0 37.9 3335.20 3939.0 0 1 0 0 0 0
399 3336.6 882.2 7 -17 56.0 21.6 1209.60 3836.0 0 1 0 0 0 0
400 2941.6 2977.2 7 -17 56.0 24.4 1366.40 3882.0 0 1 0 0 0 0
401 2312.6 2949.2 7 -17 80.0 27.1 2168.00 4017.0 0 1 0 0 0 0
402 1082.6 1035.2 7 -17 64.0 37.9 2425.60 3907.0 0 1 0 0 0 0
403 595.6 1290.2 7 -17 64.0 37.9 2425.60 3912.0 0 1 0 0 0 0
404 5686.8 317.2 6 -17 32.0 5.4 172.80 2240.0 0 1 0 0 0 0
405 5664.8 330.2 6 -17 48.0 13.5 648.00 2408.0 0 1 0 0 0 0
406 5650.8 358.2 6 -17 8.0 5.4 43.20 1235.0 0 1 0 0 0 0
407 5628.8 312.2 6 -17 48.0 10.8 518.40 2632.0 0 1 0 0 0 0
408 5622.8 358.2 6 -17 24.0 13.5 324.00 1768.0 0 1 0 0 0 0
409 5606.8 337.2 6 -17 16.0 5.4 86.40 2060.0 0 1 0 0 0 0
410 2473.8 3159.2 6 -17 88.0 54.2 4769.60 3907.0 0 1 0 0 0 0
411 2473.8 608.2 6 -17 64.0 27.1 1734.40 3893.0 0 1 0 0 0 0
412 3613.0 266.2 5 -17 16.0 5.4 86.40 1534.0 0 1 0 0 0 0
413 1571.0 1266.2 5 -17 184.0 54.2 9972.80 3879.0 0 1 0 0 0 0
414 5397.2 286.2 4 -17 48.0 18.9 907.20 3178.0 0 1 0 0 0 0
415 5327.2 168.2 4 -17 16.0 8.1 129.60 49.0 0 1 0 0 0 0
416 4619.2 591.2 4 -17 72.0 32.5 2340.00 3911.0 0 1 0 0 0 0
417 4469.4 3216.2 3 -17 72.0 29.8 2145.60 3902.0 0 1 0 0 0 0
418 5322.6 2635.2 2 -17 24.0 13.5 324.00 2476.0 0 1 0 0 0 0
419 3534.6 3076.2 2 -17 64.0 27.1 1734.40 3760.0 0 1 0 0 0 0
420 3011.6 998.2 2 -17 168.0 81.3 13658.40 3937.0 0 1 0 0 0 0
421 2813.6 1161.2 2 -17 24.0 18.9 453.60 3333.0 0 1 0 0 0 0
422 2732.6 1162.2 2 -17 104.0 37.9 3941.60 3918.0 0 1 0 0 0 0
423 2662.6 1013.2 2 -17 56.0 27.1 1517.60 3916.0 0 1 0 0 0 0
424 2335.6 1319.2 2 -17 72.0 29.8 2145.60 3927.0 0 1 0 0 0 0
425 2485.8 429.2 1 -17 112.0 48.7 5454.40 3898.0 0 1 0 0 0 0
426 5399.4 3162.2 -2 -17 72.0 29.8 2145.60 3898.0 0 1 0 0 0 0
427 4475.4 3023.2 -2 -17 64.0 27.1 1734.40 3825.0 0 1 0 0 0 0
428 2966.4 2656.2 -2 -17 128.0 54.2 6937.60 3927.0 0 1 0 0 0 0
429 281.4 848.2 -2 -17 64.0 24.4 1561.60 3948.0 0 1 0 0 0 0
430 4195.8 3098.2 -4 -17 8.0 13.5 108.00 2789.0 0 1 0 0 0 0
431 3665.8 897.2 -4 -17 64.0 37.9 2425.60 3857.0 0 1 0 0 0 0
432 2247.0 1168.2 -5 -17 32.0 18.9 604.80 3642.0 0 1 0 0 0 0
433 4530.2 163.2 -6 -17 96.0 35.2 3379.20 4081.0 0 1 0 0 0 0
434 5795.4 288.2 -7 -17 8.0 16.2 129.60 1955.0 0 1 0 0 0 0
435 5019.4 384.2 -7 -17 64.0 24.4 1561.60 3854.0 0 1 0 0 0 0
436 2653.6 734.2 -8 -17 88.0 40.6 3572.80 3859.0 0 1 0 0 0 0
437 387.6 2577.2 -8 -17 80.0 35.2 2816.00 3825.0 0 1 0 0 0 0
438 967.0 3354.2 -10 -17 88.0 51.5 4532.00 3975.0 0 1 0 0 0 0
439 4262.2 2436.6 -11 -16 80.0 32.5 2600.00 3758.0 0 1 0 0 0 0
440 4715.2 1995.6 -11 -16 32.0 16.2 518.40 1740.0 0 1 0 0 0 0
441 1270.0 2947.6 -10 -16 80.0 32.5 2600.00 3873.0 0 1 0 0 0 0
442 1465.4 2062.6 -7 -16 24.0 29.8 715.20 3690.0 0 1 0 0 0 0
443 336.2 3029.6 -6 -16 96.0 54.2 5203.20 4074.0 0 1 0 0 0 0
444 1417.2 2795.6 -6 -16 24.0 10.8 259.20 1685.0 0 1 0 0 0 0
445 4554.2 2224.6 -6 -16 88.0 27.1 2384.80 3872.0 0 1 0 0 0 0
446 5177.2 2851.6 -6 -16 40.0 16.2 648.00 3735.0 0 1 0 0 0 0
447 5274.2 1532.6 -6 -16 48.0 13.5 648.00 3584.0 0 1 0 0 0 0
448 1652.0 2183.6 -5 -16 16.0 8.1 129.60 1642.0 0 1 0 0 0 0
449 3063.0 2643.6 -5 -16 72.0 21.6 1555.20 4026.0 0 1 0 0 0 0
450 4434.0 2071.6 -5 -16 64.0 24.4 1561.60 3907.0 0 1 0 0 0 0
451 941.8 696.6 -4 -16 56.0 21.6 1209.60 3845.0 0 1 0 0 0 0
452 1017.8 2460.6 -4 -16 96.0 40.6 3897.60 3888.0 0 1 0 0 0 0
453 1289.8 1543.6 -4 -16 96.0 35.2 3379.20 3962.0 0 1 0 0 0 0
454 5798.6 2586.6 -3 -16 24.0 16.2 388.80 2954.0 0 1 0 0 0 0
455 5511.2 1964.6 -1 -16 160.0 43.3 6928.00 4080.0 0 1 0 0 0 0
456 1025.0 538.6 0 -16 40.0 18.9 756.00 3829.0 0 1 0 0 0 0
457 1301.0 2952.6 0 -16 40.0 18.9 756.00 3265.0 0 1 0 0 0 0
458 2783.8 2296.6 1 -16 32.0 16.2 518.40 3528.0 0 1 0 0 0 0
459 793.6 2706.6 2 -16 40.0 24.4 976.00 3857.0 0 1 0 0 0 0
460 2269.6 2232.6 2 -16 64.0 24.4 1561.60 3742.0 0 1 0 0 0 0
461 3324.4 217.6 3 -16 96.0 29.8 2860.80 3895.0 0 1 0 0 0 0
462 3611.4 967.6 3 -16 24.0 10.8 259.20 1633.0 0 1 0 0 0 0
463 5643.4 3074.6 3 -16 104.0 37.9 3941.60 3512.0 0 1 0 0 0 0
464 5681.4 3043.6 3 -16 8.0 5.4 43.20 1223.0 0 1 0 0 0 0
465 5707.4 3061.6 3 -16 16.0 5.4 86.40 1793.0 0 1 0 0 0 0
466 5766.4 3064.6 3 -16 56.0 24.4 1366.40 3319.0 0 1 0 0 0 0
467 5647.2 523.6 4 -16 24.0 5.4 129.60 1660.0 0 1 0 0 0 0
468 5649.2 509.6 4 -16 16.0 2.7 43.20 1344.0 0 1 0 0 0 0
469 1403.0 2027.6 5 -16 32.0 21.6 691.20 3752.0 0 1 0 0 0 0
470 1499.0 2012.6 5 -16 152.0 86.7 13178.40 3920.0 0 1 0 0 0 0
471 1653.0 1062.6 5 -16 16.0 5.4 86.40 1678.0 0 1 0 0 0 0
472 4749.0 219.6 5 -16 64.0 24.4 1561.60 3107.0 0 1 0 0 0 0
473 446.8 3254.6 6 -16 56.0 32.5 1820.00 3900.0 0 1 0 0 0 0
474 2276.8 2047.6 6 -16 72.0 37.9 2728.80 3989.0 0 1 0 0 0 0
475 2278.8 650.6 6 -16 16.0 5.4 86.40 840.0 0 1 0 0 0 0
476 2304.8 702.6 6 -16 32.0 2.7 86.40 332.0 0 1 0 0 0 0
477 2318.8 679.6 6 -16 176.0 35.2 6195.20 4056.0 0 1 0 0 0 0
478 2876.8 3141.6 6 -16 104.0 43.3 4503.20 3912.0 0 1 0 0 0 0
479 4275.8 839.6 6 -16 96.0 29.8 2860.80 4051.0 0 1 0 0 0 0
480 4437.8 1987.6 6 -16 96.0 48.7 4675.20 4032.0 0 1 0 0 0 0
481 4964.8 318.6 6 -16 72.0 32.5 2340.00 3912.0 0 1 0 0 0 0
482 5582.8 3269.6 6 -16 144.0 75.8 10915.20 3909.0 0 1 0 0 0 0
483 343.6 2853.6 7 -16 96.0 32.5 3120.00 3927.0 0 1 0 0 0 0
484 1394.6 225.6 7 -16 32.0 27.1 867.20 3758.0 0 1 0 0 0 0
485 1547.6 1578.6 7 -16 112.0 29.8 3337.60 4076.0 0 1 0 0 0 0
486 2235.6 516.6 7 -16 8.0 10.8 86.40 1628.0 0 1 0 0 0 0
487 2287.6 1452.6 7 -16 56.0 18.9 1058.40 3827.0 0 1 0 0 0 0
488 2380.6 635.6 7 -16 32.0 16.2 518.40 3777.0 0 1 0 0 0 0
489 3001.6 976.6 7 -16 48.0 21.6 1036.80 3900.0 0 1 0 0 0 0
490 3545.6 2401.6 7 -16 8.0 2.7 21.60 1217.0 0 1 0 0 0 0
491 3598.6 2374.6 7 -16 56.0 8.1 453.60 2956.0 0 1 0 0 0 0
492 3625.6 2398.6 7 -16 8.0 2.7 21.60 1674.0 0 1 0 0 0 0
493 3650.6 2398.6 7 -16 24.0 8.1 194.40 2256.0 0 1 0 0 0 0
494 4232.6 2831.6 7 -16 56.0 32.5 1820.00 3950.0 0 1 0 0 0 0
495 4947.6 1259.6 7 -16 64.0 32.5 2080.00 3939.0 0 1 0 0 0 0
496 2545.4 133.6 8 -16 56.0 8.1 453.60 2284.0 0 1 0 0 0 0
497 3601.4 1558.6 8 -16 120.0 48.7 5844.00 4081.0 0 1 0 0 0 0
498 4744.4 3153.6 8 -16 72.0 29.8 2145.60 3916.0 0 1 0 0 0 0
499 1449.2 1192.6 9 -16 24.0 13.5 324.00 622.0 0 1 0 0 0 0
500 1485.2 1153.6 9 -16 176.0 78.6 13833.60 3898.0 0 1 0 0 0 0
501 5729.2 2612.6 9 -16 56.0 29.8 1668.80 3918.0 0 1 0 0 0 0
502 3420.0 333.6 10 -16 40.0 8.1 324.00 2465.0 0 1 0 0 0 0
503 3554.0 2330.6 10 -16 32.0 8.1 259.20 2010.0 0 1 0 0 0 0
504 4315.0 133.6 10 -16 8.0 5.4 43.20 474.0 0 1 0 0 0 0
505 4328.0 1946.6 10 -16 48.0 18.9 907.20 3930.0 0 1 0 0 0 0
506 2666.8 2866.6 11 -16 48.0 24.4 1171.20 3909.0 0 1 0 0 0 0
507 4888.8 287.0 11 -15 128.0 65.0 8320.00 3907.0 0 1 0 0 0 0
508 3771.8 697.0 11 -15 32.0 24.4 780.80 3806.0 0 1 0 0 0 0
509 3721.8 686.0 11 -15 8.0 2.7 21.60 1111.0 0 1 0 0 0 0
510 3717.8 698.0 11 -15 32.0 10.8 345.60 2453.0 0 1 0 0 0 0
511 3157.8 1406.0 11 -15 216.0 102.9 22226.40 3920.0 0 1 0 0 0 0
512 690.8 1242.0 11 -15 64.0 29.8 1907.20 3882.0 0 1 0 0 0 0
513 5238.2 3036.0 9 -15 24.0 18.9 453.60 2462.0 0 1 0 0 0 0
514 5202.2 3046.0 9 -15 8.0 5.4 43.20 1688.0 0 1 0 0 0 0
515 5199.2 3034.0 9 -15 16.0 8.1 129.60 2424.0 0 1 0 0 0 0
516 3525.2 1181.0 9 -15 72.0 27.1 1951.20 3847.0 0 1 0 0 0 0
517 3489.2 1190.0 9 -15 24.0 5.4 129.60 1464.0 0 1 0 0 0 0
518 1803.2 864.0 9 -15 48.0 48.7 2337.60 3059.0 0 1 0 0 0 0
519 1777.2 855.0 9 -15 24.0 13.5 324.00 2451.0 0 1 0 0 0 0
520 1763.2 3064.0 9 -15 8.0 5.4 43.20 529.0 0 1 0 0 0 0
521 1762.2 3095.0 9 -15 56.0 35.2 1971.20 3708.0 0 1 0 0 0 0
522 1413.2 2013.0 9 -15 64.0 46.0 2944.00 3916.0 0 1 0 0 0 0
523 1190.2 372.0 9 -15 80.0 37.9 3032.00 3888.0 0 1 0 0 0 0
524 405.2 2121.0 9 -15 80.0 29.8 2384.00 3907.0 0 1 0 0 0 0
525 3476.4 227.0 8 -15 40.0 29.8 1192.00 3800.0 0 1 0 0 0 0
526 3421.4 225.0 8 -15 16.0 8.1 129.60 1680.0 0 1 0 0 0 0
527 2921.6 142.0 7 -15 56.0 27.1 1517.60 3909.0 0 1 0 0 0 0
528 913.6 2869.0 7 -15 64.0 24.4 1561.60 3895.0 0 1 0 0 0 0
529 5803.8 276.0 6 -15 24.0 13.5 324.00 2801.0 0 1 0 0 0 0
530 2831.8 1101.0 6 -15 72.0 32.5 2340.00 3880.0 0 1 0 0 0 0
531 2343.8 2346.0 6 -15 56.0 24.4 1366.40 3736.0 0 1 0 0 0 0
532 496.8 2466.0 6 -15 56.0 24.4 1366.40 3884.0 0 1 0 0 0 0
533 5028.2 301.0 4 -15 96.0 48.7 4675.20 3882.0 0 1 0 0 0 0
534 418.2 881.0 4 -15 64.0 24.4 1561.60 3884.0 0 1 0 0 0 0
535 256.4 276.0 3 -15 56.0 35.2 1971.20 3644.0 0 1 0 0 0 0
536 4381.6 3028.0 2 -15 112.0 78.6 8803.20 4080.0 0 1 0 0 0 0
537 3639.6 2732.0 2 -15 72.0 40.6 2923.20 3916.0 0 1 0 0 0 0
538 1628.6 1482.0 2 -15 48.0 18.9 907.20 3653.0 0 1 0 0 0 0
539 4544.8 2971.0 1 -15 24.0 2.7 64.80 2890.0 0 1 0 0 0 0
540 4538.8 2954.0 1 -15 40.0 24.4 976.00 3681.0 0 1 0 0 0 0
541 2597.8 601.0 1 -15 40.0 21.6 864.00 3656.0 0 1 0 0 0 0
542 5067.0 1338.0 0 -15 64.0 32.5 2080.00 3918.0 0 1 0 0 0 0
543 4758.0 927.0 0 -15 72.0 18.9 1360.80 3697.0 0 1 0 0 0 0
544 4737.0 914.0 0 -15 8.0 5.4 43.20 1740.0 0 1 0 0 0 0
545 3240.0 531.0 0 -15 72.0 32.5 2340.00 3813.0 0 1 0 0 0 0
546 4558.2 135.0 -1 -15 128.0 40.6 5196.80 3886.0 0 1 0 0 0 0
547 4412.2 1377.0 -1 -15 80.0 37.9 3032.00 3911.0 0 1 0 0 0 0
548 3559.2 278.0 -1 -15 80.0 29.8 2384.00 3884.0 0 1 0 0 0 0
549 3077.2 3178.0 -1 -15 128.0 108.4 13875.20 3930.0 0 1 0 0 0 0
550 338.2 939.0 -1 -15 40.0 18.9 756.00 3468.0 0 1 0 0 0 0
551 304.2 948.0 -1 -15 16.0 13.5 216.00 2336.0 0 1 0 0 0 0
552 282.2 927.0 -1 -15 8.0 2.7 21.60 1454.0 0 1 0 0 0 0
553 5049.4 524.0 -2 -15 32.0 16.2 518.40 3079.0 0 1 0 0 0 0
554 2720.4 1310.0 -2 -15 72.0 35.2 2534.40 3909.0 0 1 0 0 0 0
555 4528.6 1146.0 -3 -15 32.0 13.5 432.00 2624.0 0 1 0 0 0 0
556 2972.6 3261.0 -3 -15 40.0 16.2 648.00 3772.0 0 1 0 0 0 0
557 1299.6 1026.0 -3 -15 48.0 27.1 1300.80 3863.0 0 1 0 0 0 0
558 612.6 2085.0 -3 -15 64.0 24.4 1561.60 3889.0 0 1 0 0 0 0
559 5790.8 265.0 -4 -15 40.0 32.5 1300.00 3852.0 0 1 0 0 0 0
560 4833.8 3201.0 -4 -15 24.0 10.8 259.20 1674.0 0 1 0 0 0 0
561 4696.8 3381.0 -4 -15 112.0 27.1 3035.20 4074.0 0 1 0 0 0 0
562 4582.8 1946.0 -4 -15 56.0 8.1 453.60 1175.0 0 1 0 0 0 0
563 3451.8 3174.0 -4 -15 64.0 29.8 1907.20 3916.0 0 1 0 0 0 0
564 2816.8 2629.0 -4 -15 24.0 13.5 324.00 1960.0 0 1 0 0 0 0
565 2630.8 2754.0 -4 -15 72.0 32.5 2340.00 3863.0 0 1 0 0 0 0
566 5650.0 3152.0 -5 -15 24.0 10.8 259.20 2903.0 0 1 0 0 0 0
567 5384.0 172.0 -5 -15 128.0 40.6 5196.80 4071.0 0 1 0 0 0 0
568 2484.0 1583.0 -5 -15 32.0 5.4 172.80 385.0 0 1 0 0 0 0
569 2396.0 1570.0 -5 -15 24.0 8.1 194.40 83.0 0 1 0 0 0 0
570 3387.2 1370.0 -6 -15 40.0 18.9 756.00 3822.0 0 1 0 0 0 0
571 3204.2 304.0 -6 -15 32.0 13.5 432.00 2174.0 0 1 0 0 0 0
572 3144.2 1152.0 -6 -15 32.0 29.8 953.60 3564.0 0 1 0 0 0 0
573 437.2 858.0 -6 -15 72.0 48.7 3506.40 3861.0 0 1 0 0 0 0
574 1693.4 2002.0 -7 -15 72.0 35.2 2534.40 3861.0 0 1 0 0 0 0
575 259.4 1510.0 -7 -15 24.0 13.5 324.00 1210.0 0 1 0 0 0 0
576 4939.6 548.0 -8 -15 24.0 13.5 324.00 2919.0 0 1 0 0 0 0
577 4960.8 324.0 -9 -15 64.0 24.4 1561.60 3843.0 0 1 0 0 0 0
578 3289.8 2940.0 -9 -15 48.0 18.9 907.20 3827.0 0 1 0 0 0 0
579 1809.8 2813.0 -9 -15 8.0 21.6 172.80 2968.0 0 1 0 0 0 0
580 1553.8 3061.0 -9 -15 48.0 21.6 1036.80 3797.0 0 1 0 0 0 0
581 1533.0 2088.0 -10 -15 56.0 21.6 1209.60 3841.0 0 1 0 0 0 0
582 4916.2 3141.0 -11 -15 72.0 27.1 1951.20 3857.0 0 1 0 0 0 0
583 3548.2 1355.0 -11 -15 24.0 8.1 194.40 1710.0 0 1 0 0 0 0
584 3527.2 1345.0 -11 -15 24.0 8.1 194.40 2129.0 0 1 0 0 0 0
585 3478.2 1354.0 -11 -15 40.0 32.5 1300.00 3384.0 0 1 0 0 0 0
586 2249.2 2144.0 -11 -15 8.0 10.8 86.40 1847.0 0 1 0 0 0 0
587 2978.2 167.4 -11 -14 40.0 16.2 648.00 741.0 0 1 0 0 0 0
588 5261.2 3231.4 -11 -14 56.0 21.6 1209.60 3793.0 0 1 0 0 0 0
589 1550.0 190.4 -10 -14 64.0 29.8 1907.20 3893.0 0 1 0 0 0 0
590 2311.0 1491.4 -10 -14 16.0 5.4 86.40 65.0 0 1 0 0 0 0
591 2363.0 1583.4 -10 -14 72.0 24.4 1756.80 3015.0 0 1 0 0 0 0
592 2537.0 2181.4 -10 -14 48.0 24.4 1171.20 3768.0 0 1 0 0 0 0
593 5102.0 733.4 -10 -14 40.0 18.9 756.00 3836.0 0 1 0 0 0 0
594 5643.0 1577.4 -10 -14 72.0 27.1 1951.20 4074.0 0 1 0 0 0 0
595 386.8 2576.4 -9 -14 64.0 24.4 1561.60 3800.0 0 1 0 0 0 0
596 2400.8 1296.4 -9 -14 64.0 29.8 1907.20 3852.0 0 1 0 0 0 0
597 5736.8 912.4 -9 -14 72.0 35.2 2534.40 3857.0 0 1 0 0 0 0
598 2790.6 1359.4 -8 -14 80.0 40.6 3248.00 3825.0 0 1 0 0 0 0
599 4245.6 2735.4 -8 -14 16.0 8.1 129.60 2458.0 0 1 0 0 0 0
600 5690.6 1560.4 -8 -14 88.0 32.5 2860.00 4071.0 0 1 0 0 0 0
601 1288.4 330.4 -7 -14 56.0 21.6 1209.60 3811.0 0 1 0 0 0 0
602 1685.2 2309.4 -6 -14 16.0 5.4 86.40 1537.0 0 1 0 0 0 0
603 1731.2 2312.4 -6 -14 8.0 2.7 21.60 1143.0 0 1 0 0 0 0
604 3436.2 2127.4 -6 -14 40.0 16.2 648.00 3738.0 0 1 0 0 0 0
605 3475.2 2128.4 -6 -14 8.0 5.4 43.20 1329.0 0 1 0 0 0 0
606 4661.0 3360.4 -5 -14 96.0 40.6 3897.60 4055.0 0 1 0 0 0 0
607 5307.0 2592.4 -5 -14 32.0 10.8 345.60 1800.0 0 1 0 0 0 0
608 4906.8 2958.4 -4 -14 88.0 35.2 3097.60 3902.0 0 1 0 0 0 0
609 4963.8 198.4 -4 -14 8.0 8.1 64.80 1781.0 0 1 0 0 0 0
610 4965.8 233.4 -4 -14 40.0 18.9 756.00 794.0 0 1 0 0 0 0
611 5020.8 214.4 -4 -14 16.0 18.9 302.40 3432.0 0 1 0 0 0 0
612 5147.8 3087.4 -4 -14 120.0 40.6 4872.00 3836.0 0 1 0 0 0 0
613 900.6 1129.4 -3 -14 64.0 27.1 1734.40 3902.0 0 1 0 0 0 0
614 4250.4 2883.4 -2 -14 80.0 37.9 3032.00 3948.0 0 1 0 0 0 0
615 2617.2 2455.4 -1 -14 32.0 16.2 518.40 2903.0 0 1 0 0 0 0
616 2629.2 3251.4 -1 -14 56.0 21.6 1209.60 3904.0 0 1 0 0 0 0
617 1313.0 960.4 0 -14 56.0 24.4 1366.40 3918.0 0 1 0 0 0 0
618 3237.8 1995.4 1 -14 48.0 18.9 907.20 3802.0 0 1 0 0 0 0
619 320.6 2809.4 2 -14 104.0 48.7 5064.80 3932.0 0 1 0 0 0 0
620 664.6 2209.4 2 -14 48.0 18.9 907.20 3651.0 0 1 0 0 0 0
621 2272.6 758.4 2 -14 88.0 37.9 3335.20 4040.0 0 1 0 0 0 0
622 2370.6 342.4 2 -14 88.0 40.6 3572.80 3921.0 0 1 0 0 0 0
623 2498.6 2328.4 2 -14 40.0 10.8 432.00 2359.0 0 1 0 0 0 0
624 2623.6 2249.4 2 -14 56.0 21.6 1209.60 3902.0 0 1 0 0 0 0
625 5013.6 1124.4 2 -14 88.0 29.8 2622.40 3925.0 0 1 0 0 0 0
626 5256.6 3127.4 2 -14 80.0 32.5 2600.00 3930.0 0 1 0 0 0 0
627 3001.2 1968.4 4 -14 24.0 2.7 64.80 51.0 0 1 0 0 0 0
628 3040.2 2064.4 4 -14 128.0 56.9 7283.20 3928.0 0 1 0 0 0 0
629 3736.2 3348.4 4 -14 80.0 37.9 3032.00 3916.0 0 1 0 0 0 0
630 5352.2 416.4 4 -14 72.0 16.2 1166.40 3363.0 0 1 0 0 0 0
631 1184.0 1973.4 5 -14 104.0 32.5 3380.00 4080.0 0 1 0 0 0 0
632 3471.0 3217.4 5 -14 32.0 13.5 432.00 3344.0 0 1 0 0 0 0
633 4618.0 2804.4 5 -14 104.0 51.5 5356.00 3909.0 0 1 0 0 0 0
634 4974.0 2496.4 5 -14 80.0 35.2 2816.00 3829.0 0 1 0 0 0 0
635 4246.8 2265.4 6 -14 72.0 35.2 2534.40 3925.0 0 1 0 0 0 0
636 1050.6 2249.4 7 -14 208.0 81.3 16910.40 3895.0 0 1 0 0 0 0
637 2786.6 2103.4 7 -14 80.0 29.8 2384.00 3893.0 0 1 0 0 0 0
638 4892.6 3075.4 7 -14 80.0 35.2 2816.00 3900.0 0 1 0 0 0 0
639 1123.4 2252.4 8 -14 24.0 13.5 324.00 3470.0 0 1 0 0 0 0
640 2463.4 3051.4 8 -14 56.0 27.1 1517.60 3852.0 0 1 0 0 0 0
641 2683.4 3319.4 8 -14 72.0 18.9 1360.80 2531.0 0 1 0 0 0 0
642 2745.4 3300.4 8 -14 176.0 29.8 5244.80 3879.0 0 1 0 0 0 0
643 5658.4 1519.4 8 -14 48.0 21.6 1036.80 3856.0 0 1 0 0 0 0
644 1171.2 1266.4 9 -14 24.0 10.8 259.20 2428.0 0 1 0 0 0 0
645 4630.2 3102.4 9 -14 88.0 43.3 3810.40 3877.0 0 1 0 0 0 0
646 4859.2 1061.4 9 -14 120.0 65.0 7800.00 3911.0 0 1 0 0 0 0
647 5365.2 744.4 9 -14 64.0 29.8 1907.20 3793.0 0 1 0 0 0 0
648 3214.0 686.4 10 -14 96.0 65.0 6240.00 3920.0 0 1 0 0 0 0
649 3251.0 2876.4 10 -14 112.0 43.3 4849.60 3863.0 0 1 0 0 0 0
650 3339.0 1530.4 10 -14 72.0 21.6 1555.20 3045.0 0 1 0 0 0 0
651 1757.8 1146.4 11 -14 56.0 67.7 3791.20 3831.0 0 1 0 0 0 0
652 2271.8 870.4 11 -14 16.0 5.4 86.40 412.0 0 1 0 0 0 0
653 2401.8 833.4 11 -14 112.0 43.3 4849.60 4019.0 0 1 0 0 0 0
654 2834.6 639.4 12 -14 64.0 29.8 1907.20 3944.0 0 1 0 0 0 0
655 3220.6 2495.4 12 -14 88.0 48.7 4285.60 3907.0 0 1 0 0 0 0
656 5198.6 2852.8 12 -13 272.0 135.5 36856.00 3946.0 0 1 0 0 0 0
657 4377.6 3008.8 12 -13 80.0 46.0 3680.00 4071.0 0 1 0 0 0 0
658 4323.6 1267.8 12 -13 104.0 46.0 4784.00 3944.0 0 1 0 0 0 0
659 4244.6 758.8 12 -13 128.0 70.4 9011.20 3912.0 0 1 0 0 0 0
660 4219.6 2919.8 12 -13 24.0 18.9 453.60 2478.0 0 1 0 0 0 0
661 3779.6 719.8 12 -13 48.0 81.3 3902.40 3877.0 0 1 0 0 0 0
662 3715.6 748.8 12 -13 8.0 2.7 21.60 1344.0 0 1 0 0 0 0
663 3713.6 738.8 12 -13 8.0 2.7 21.60 1804.0 0 1 0 0 0 0
664 3694.6 774.8 12 -13 56.0 10.8 604.80 2686.0 0 1 0 0 0 0
665 3675.6 746.8 12 -13 8.0 5.4 43.20 1617.0 0 1 0 0 0 0
666 3659.6 819.8 12 -13 88.0 29.8 2622.40 764.0 0 1 0 0 0 0
667 3131.0 2494.8 10 -13 64.0 27.1 1734.40 3896.0 0 1 0 0 0 0
668 2658.0 2276.8 10 -13 48.0 18.9 907.20 2880.0 0 1 0 0 0 0
669 408.0 2616.8 10 -13 80.0 37.9 3032.00 3900.0 0 1 0 0 0 0
670 4405.2 2726.8 9 -13 48.0 32.5 1560.00 3868.0 0 1 0 0 0 0
671 3188.2 403.8 9 -13 56.0 24.4 1366.40 3864.0 0 1 0 0 0 0
672 2932.2 2850.8 9 -13 224.0 119.2 26700.80 3898.0 0 1 0 0 0 0
673 1359.2 1320.8 9 -13 64.0 24.4 1561.60 3905.0 0 1 0 0 0 0
674 743.2 1563.8 9 -13 208.0 54.2 11273.60 4081.0 0 1 0 0 0 0
675 4616.4 2753.8 8 -13 56.0 27.1 1517.60 3895.0 0 1 0 0 0 0
676 2388.4 2342.8 8 -13 104.0 37.9 3941.60 3836.0 0 1 0 0 0 0
677 250.4 2456.8 8 -13 56.0 37.9 2122.40 3534.0 0 1 0 0 0 0
678 3326.6 337.8 7 -13 56.0 27.1 1517.60 3815.0 0 1 0 0 0 0
679 1188.6 3126.8 7 -13 64.0 40.6 2598.40 3941.0 0 1 0 0 0 0
680 4815.8 1288.8 6 -13 72.0 29.8 2145.60 3914.0 0 1 0 0 0 0
681 3562.8 3198.8 6 -13 64.0 29.8 1907.20 3916.0 0 1 0 0 0 0
682 2484.8 2472.8 6 -13 64.0 35.2 2252.80 3928.0 0 1 0 0 0 0
683 337.8 1531.8 6 -13 120.0 56.9 6828.00 4067.0 0 1 0 0 0 0
684 5378.0 1145.8 5 -13 80.0 29.8 2384.00 3582.0 0 1 0 0 0 0
685 1182.0 2053.8 5 -13 80.0 29.8 2384.00 3934.0 0 1 0 0 0 0
686 1102.0 469.8 5 -13 64.0 27.1 1734.40 3864.0 0 1 0 0 0 0
687 1021.0 2280.8 5 -13 32.0 16.2 518.40 3804.0 0 1 0 0 0 0
688 851.0 541.8 5 -13 40.0 18.9 756.00 3724.0 0 1 0 0 0 0
689 5495.2 2152.8 4 -13 32.0 27.1 867.20 3672.0 0 1 0 0 0 0
690 5252.2 1330.8 4 -13 96.0 35.2 3379.20 3948.0 0 1 0 0 0 0
691 1457.2 1950.8 4 -13 136.0 24.4 3318.40 3731.0 0 1 0 0 0 0
692 5612.4 2989.8 3 -13 104.0 46.0 4784.00 3939.0 0 1 0 0 0 0
693 2580.4 1011.8 3 -13 136.0 56.9 7738.40 3937.0 0 1 0 0 0 0
694 2353.4 2258.8 3 -13 88.0 35.2 3097.60 3952.0 0 1 0 0 0 0
695 1763.4 551.8 3 -13 24.0 18.9 453.60 3866.0 0 1 0 0 0 0
696 660.4 2591.8 3 -13 40.0 18.9 756.00 3840.0 0 1 0 0 0 0
697 4425.6 3299.8 2 -13 24.0 5.4 129.60 1434.0 0 1 0 0 0 0
698 2811.6 1505.8 2 -13 32.0 18.9 604.80 3312.0 0 1 0 0 0 0
699 972.6 1315.8 2 -13 80.0 29.8 2384.00 3941.0 0 1 0 0 0 0
700 5796.8 2780.8 1 -13 24.0 24.4 585.60 3480.0 0 1 0 0 0 0
701 5342.8 2932.8 1 -13 72.0 27.1 1951.20 3932.0 0 1 0 0 0 0
702 4861.8 2924.8 1 -13 80.0 32.5 2600.00 3950.0 0 1 0 0 0 0
703 3788.8 3083.8 1 -13 32.0 24.4 780.80 3848.0 0 1 0 0 0 0
704 1324.8 709.8 1 -13 48.0 27.1 1300.80 3916.0 0 1 0 0 0 0
705 3084.0 3038.8 0 -13 56.0 35.2 1971.20 3902.0 0 1 0 0 0 0
706 616.0 2226.8 0 -13 40.0 16.2 648.00 2917.0 0 1 0 0 0 0
707 329.0 926.8 0 -13 32.0 8.1 259.20 3107.0 0 1 0 0 0 0
708 4242.2 2530.8 -1 -13 72.0 35.2 2534.40 3907.0 0 1 0 0 0 0
709 4225.2 2935.8 -1 -13 48.0 32.5 1560.00 3742.0 0 1 0 0 0 0
710 3230.2 2176.8 -1 -13 32.0 16.2 518.40 3539.0 0 1 0 0 0 0
711 639.2 2279.8 -1 -13 32.0 18.9 604.80 3637.0 0 1 0 0 0 0
712 688.4 1122.8 -2 -13 72.0 32.5 2340.00 3943.0 0 1 0 0 0 0
713 531.4 1232.8 -2 -13 16.0 5.4 86.40 1886.0 0 1 0 0 0 0
714 476.4 1240.8 -2 -13 128.0 35.2 4505.60 3904.0 0 1 0 0 0 0
715 687.6 1367.8 -3 -13 56.0 21.6 1209.60 3916.0 0 1 0 0 0 0
716 549.6 629.8 -3 -13 72.0 29.8 2145.60 3920.0 0 1 0 0 0 0
717 3234.8 694.8 -4 -13 40.0 18.9 756.00 3260.0 0 1 0 0 0 0
718 954.8 1020.8 -4 -13 128.0 59.6 7628.80 3911.0 0 1 0 0 0 0
719 4700.0 1481.8 -5 -13 80.0 27.1 2168.00 3911.0 0 1 0 0 0 0
720 3394.0 1580.8 -5 -13 120.0 32.5 3900.00 4067.0 0 1 0 0 0 0
721 5484.4 1415.8 -7 -13 40.0 27.1 1084.00 3806.0 0 1 0 0 0 0
722 5140.4 1464.8 -7 -13 64.0 29.8 1907.20 3859.0 0 1 0 0 0 0
723 2877.4 2241.8 -7 -13 16.0 8.1 129.60 1004.0 0 1 0 0 0 0
724 2847.4 1466.8 -7 -13 56.0 24.4 1366.40 3863.0 0 1 0 0 0 0
725 939.4 2907.8 -7 -13 80.0 32.5 2600.00 3875.0 0 1 0 0 0 0
726 5019.8 2010.8 -9 -13 32.0 27.1 867.20 3431.0 0 1 0 0 0 0
727 4993.8 1994.8 -9 -13 24.0 10.8 259.20 1884.0 0 1 0 0 0 0
728 2479.8 2163.8 -9 -13 104.0 40.6 4222.40 3859.0 0 1 0 0 0 0
729 3792.0 1946.8 -10 -13 24.0 2.7 64.80 2627.0 0 1 0 0 0 0
730 4607.2 1557.8 -11 -13 80.0 35.2 2816.00 4076.0 0 1 0 0 0 0
731 2803.2 2412.8 -11 -13 96.0 35.2 3379.20 3829.0 0 1 0 0 0 0
732 498.2 3280.8 -11 -13 48.0 24.4 1171.20 3820.0 0 1 0 0 0 0
733 919.4 2294.8 -12 -13 16.0 18.9 302.40 2721.0 0 1 0 0 0 0
734 804.4 476.8 -12 -13 40.0 16.2 648.00 2919.0 0 1 0 0 0 0
735 276.2 1073.2 -11 -12 80.0 29.8 2384.00 3772.0 0 1 0 0 0 0
736 3126.0 618.2 -10 -12 80.0 37.9 3032.00 3768.0 0 1 0 0 0 0
737 3459.8 2357.2 -9 -12 80.0 43.3 3464.00 3793.0 0 1 0 0 0 0
738 3547.8 2358.2 -9 -12 24.0 8.1 194.40 2677.0 0 1 0 0 0 0
739 3547.8 2372.2 -9 -12 24.0 8.1 194.40 2547.0 0 1 0 0 0 0
740 2514.6 1430.2 -8 -12 56.0 32.5 1820.00 3816.0 0 1 0 0 0 0
741 964.4 1112.2 -7 -12 80.0 37.9 3032.00 3754.0 0 1 0 0 0 0
742 2675.4 1971.2 -7 -12 32.0 8.1 259.20 410.0 0 1 0 0 0 0
743 3069.4 2654.2 -7 -12 56.0 27.1 1517.60 3932.0 0 1 0 0 0 0
744 4948.4 2873.2 -7 -12 72.0 29.8 2145.60 3896.0 0 1 0 0 0 0
745 5351.4 1985.2 -7 -12 80.0 35.2 2816.00 4065.0 0 1 0 0 0 0
746 2300.2 754.2 -6 -12 80.0 29.8 2384.00 4064.0 0 1 0 0 0 0
747 3104.2 2286.2 -6 -12 72.0 29.8 2145.60 3891.0 0 1 0 0 0 0
748 5271.2 1158.2 -6 -12 64.0 24.4 1561.60 3882.0 0 1 0 0 0 0
749 3398.0 1061.2 -5 -12 72.0 29.8 2145.60 3884.0 0 1 0 0 0 0
750 4331.8 2396.2 -4 -12 56.0 29.8 1668.80 4016.0 0 1 0 0 0 0
751 1433.4 3388.2 -2 -12 64.0 21.6 1382.40 4019.0 0 1 0 0 0 0
752 5252.4 364.2 -2 -12 32.0 16.2 518.40 3310.0 0 1 0 0 0 0
753 5273.4 1011.2 -2 -12 56.0 27.1 1517.60 3939.0 0 1 0 0 0 0
754 489.2 2173.2 -1 -12 48.0 24.4 1171.20 3927.0 0 1 0 0 0 0
755 800.2 1459.2 -1 -12 88.0 37.9 3335.20 3955.0 0 1 0 0 0 0
756 3265.0 2199.2 0 -12 8.0 8.1 64.80 1592.0 0 1 0 0 0 0
757 3538.0 1948.2 0 -12 160.0 27.1 4336.00 3873.0 0 1 0 0 0 0
758 1378.8 2866.2 1 -12 64.0 24.4 1561.60 3966.0 0 1 0 0 0 0
759 4402.8 3020.2 1 -12 48.0 18.9 907.20 4039.0 0 1 0 0 0 0
760 5418.8 3371.2 1 -12 32.0 21.6 691.20 64.0 0 1 0 0 0 0
761 5541.8 3360.2 1 -12 48.0 8.1 388.80 60.0 0 1 0 0 0 0
762 1264.6 2342.2 2 -12 64.0 46.0 2944.00 3923.0 0 1 0 0 0 0
763 1626.6 1161.2 2 -12 96.0 37.9 3638.40 3941.0 0 1 0 0 0 0
764 2684.6 2217.2 2 -12 104.0 35.2 3660.80 3960.0 0 1 0 0 0 0
765 3535.6 1119.2 2 -12 96.0 35.2 3379.20 3934.0 0 1 0 0 0 0
766 4195.2 3303.2 4 -12 8.0 16.2 129.60 2949.0 0 1 0 0 0 0
767 4403.2 900.2 4 -12 32.0 16.2 518.40 3040.0 0 1 0 0 0 0
768 1716.0 3264.2 5 -12 72.0 32.5 2340.00 3941.0 0 1 0 0 0 0
769 3205.0 376.2 5 -12 120.0 62.3 7476.00 3930.0 0 1 0 0 0 0
770 3272.0 3064.2 5 -12 96.0 40.6 3897.60 3952.0 0 1 0 0 0 0
771 3538.0 2886.2 5 -12 56.0 18.9 1058.40 3605.0 0 1 0 0 0 0
772 4412.0 761.2 5 -12 72.0 29.8 2145.60 3921.0 0 1 0 0 0 0
773 4536.0 818.2 5 -12 64.0 16.2 1036.80 3189.0 0 1 0 0 0 0
774 2966.8 507.2 6 -12 24.0 8.1 194.40 2403.0 0 1 0 0 0 0
775 4246.8 1213.2 6 -12 48.0 21.6 1036.80 3889.0 0 1 0 0 0 0
776 5365.8 2190.2 6 -12 16.0 8.1 129.60 1521.0 0 1 0 0 0 0
777 5439.8 2192.2 6 -12 48.0 29.8 1430.40 3584.0 0 1 0 0 0 0
778 5489.8 2181.2 6 -12 48.0 43.3 2078.40 3774.0 0 1 0 0 0 0
779 1606.6 3134.2 7 -12 56.0 32.5 1820.00 3914.0 0 1 0 0 0 0
780 1623.6 3103.2 7 -12 24.0 8.1 194.40 2860.0 0 1 0 0 0 0
781 1655.6 2660.2 7 -12 72.0 27.1 1951.20 3905.0 0 1 0 0 0 0
782 1666.6 3127.2 7 -12 32.0 43.3 1385.60 3374.0 0 1 0 0 0 0
783 4521.6 1079.2 7 -12 96.0 48.7 4675.20 3909.0 0 1 0 0 0 0
784 5624.6 3212.2 7 -12 40.0 16.2 648.00 3075.0 0 1 0 0 0 0
785 674.4 1137.2 8 -12 128.0 65.0 8320.00 3920.0 0 1 0 0 0 0
786 798.4 3291.2 8 -12 56.0 21.6 1209.60 3902.0 0 1 0 0 0 0
787 1545.4 767.2 8 -12 40.0 8.1 324.00 2682.0 0 1 0 0 0 0
788 2444.4 2285.2 8 -12 32.0 29.8 953.60 3287.0 0 1 0 0 0 0
789 4913.4 2819.2 8 -12 40.0 5.4 216.00 1038.0 0 1 0 0 0 0
790 4920.4 2807.2 8 -12 64.0 21.6 1382.40 3904.0 0 1 0 0 0 0
791 5801.4 521.2 8 -12 24.0 10.8 259.20 2078.0 0 1 0 0 0 0
792 3103.2 2578.2 9 -12 40.0 16.2 648.00 3726.0 0 1 0 0 0 0
793 3643.0 1136.2 10 -12 48.0 21.6 1036.80 3845.0 0 1 0 0 0 0
794 5084.0 165.2 10 -12 120.0 59.6 7152.00 4076.0 0 1 0 0 0 0
795 5244.0 765.2 10 -12 184.0 86.7 15952.80 3886.0 0 1 0 0 0 0
796 674.8 2358.2 11 -12 72.0 24.4 1756.80 3582.0 0 1 0 0 0 0
797 918.8 1064.2 11 -12 64.0 27.1 1734.40 3877.0 0 1 0 0 0 0
798 964.8 597.2 11 -12 104.0 46.0 4784.00 3891.0 0 1 0 0 0 0
799 1157.8 3295.2 11 -12 72.0 27.1 1951.20 3925.0 0 1 0 0 0 0
800 303.6 974.2 12 -12 56.0 27.1 1517.60 3900.0 0 1 0 0 0 0
801 677.6 526.2 12 -12 16.0 2.7 43.20 1420.0 0 1 0 0 0 0
802 698.6 488.2 12 -12 31.9 2.7 86.13 1461.0 0 1 0 0 0 0
803 721.6 526.2 12 -12 24.0 8.1 194.40 2311.0 0 1 0 0 0 0
804 722.6 507.2 12 -12 24.0 16.2 388.80 2620.0 0 1 0 0 0 0
805 765.6 511.2 12 -12 32.0 40.6 1299.20 3703.0 0 1 0 0 0 0
806 4925.6 3143.2 12 -12 120.0 62.3 7476.00 3934.0 0 1 0 0 0 0
807 5408.6 2735.2 12 -12 152.0 70.4 10700.80 3902.0 0 1 0 0 0 0
808 4429.6 886.6 12 -11 120.0 43.3 5196.00 3948.0 0 1 0 0 0 0
809 1407.6 2559.6 12 -11 16.0 8.1 129.60 2064.0 0 1 0 0 0 0
810 886.6 2874.6 12 -11 48.0 21.6 1036.80 3866.0 0 1 0 0 0 0
811 4507.8 621.6 11 -11 24.0 10.8 259.20 693.0 0 1 0 0 0 0
812 4388.8 1139.6 11 -11 72.0 35.2 2534.40 4060.0 0 1 0 0 0 0
813 4388.8 1220.6 11 -11 24.0 8.1 194.40 115.0 0 1 0 0 0 0
814 4195.8 773.6 11 -11 8.0 10.8 86.40 2842.0 0 1 0 0 0 0
815 3731.8 1068.6 11 -11 64.0 27.1 1734.40 3532.0 0 1 0 0 0 0
816 3608.8 2884.6 11 -11 48.0 5.4 259.20 2992.0 0 1 0 0 0 0
817 2683.8 1449.6 11 -11 56.0 21.6 1209.60 3916.0 0 1 0 0 0 0
818 2644.8 2873.6 11 -11 72.0 40.6 2923.20 3900.0 0 1 0 0 0 0
819 4333.0 666.6 10 -11 56.0 51.5 2884.00 3987.0 0 1 0 0 0 0
820 3447.0 2622.6 10 -11 72.0 24.4 1756.80 3863.0 0 1 0 0 0 0
821 569.2 704.6 9 -11 48.0 21.6 1036.80 3774.0 0 1 0 0 0 0
822 5782.4 2437.6 8 -11 56.0 35.2 1971.20 3868.0 0 1 0 0 0 0
823 5719.4 2458.6 8 -11 32.0 24.4 780.80 2535.0 0 1 0 0 0 0
824 5654.4 2581.6 8 -11 48.0 13.5 648.00 3032.0 0 1 0 0 0 0
825 1212.4 1221.6 8 -11 24.0 10.8 259.20 1765.0 0 1 0 0 0 0
826 1173.4 1214.6 8 -11 24.0 5.4 129.60 2216.0 0 1 0 0 0 0
827 1172.4 1228.6 8 -11 24.0 5.4 129.60 2528.0 0 1 0 0 0 0
828 577.4 165.6 8 -11 96.0 46.0 4416.00 4076.0 0 1 0 0 0 0
829 4716.6 1273.6 7 -11 96.0 48.7 4675.20 3920.0 0 1 0 0 0 0
830 564.6 448.6 7 -11 104.0 46.0 4784.00 3946.0 0 1 0 0 0 0
831 418.6 2782.6 7 -11 80.0 29.8 2384.00 3925.0 0 1 0 0 0 0
832 4820.8 802.6 6 -11 48.0 29.8 1430.40 3923.0 0 1 0 0 0 0
833 3495.8 653.6 6 -11 16.0 16.2 259.20 2771.0 0 1 0 0 0 0
834 4684.0 1124.6 5 -11 144.0 46.0 6624.00 3952.0 0 1 0 0 0 0
835 2302.0 460.6 5 -11 136.0 84.0 11424.00 3953.0 0 1 0 0 0 0
836 1695.0 2060.6 5 -11 16.0 5.4 86.40 1528.0 0 1 0 0 0 0
837 5041.2 1494.6 4 -11 48.0 27.1 1300.80 3953.0 0 1 0 0 0 0
838 4864.2 2456.6 4 -11 160.0 111.1 17776.00 3971.0 0 1 0 0 0 0
839 4531.2 2621.6 4 -11 24.0 10.8 259.20 2414.0 0 1 0 0 0 0
840 3033.2 519.6 4 -11 56.0 27.1 1517.60 3925.0 0 1 0 0 0 0
841 2966.2 521.6 4 -11 16.0 16.2 259.20 2414.0 0 1 0 0 0 0
842 3677.4 1311.6 3 -11 24.0 13.5 324.00 2979.0 0 1 0 0 0 0
843 2460.4 1956.6 3 -11 48.0 18.9 907.20 2771.0 0 1 0 0 0 0
844 4447.6 301.6 2 -11 128.0 51.5 6592.00 3985.0 0 1 0 0 0 0
845 4418.6 178.6 2 -11 24.0 16.2 388.80 60.0 0 1 0 0 0 0
846 4366.6 160.6 2 -11 24.0 8.1 194.40 46.0 0 1 0 0 0 0
847 1461.6 3262.6 2 -11 80.0 37.9 3032.00 3982.0 0 1 0 0 0 0
848 1025.6 3126.6 2 -11 128.0 48.7 6233.60 3985.0 0 1 0 0 0 0
849 2760.8 437.6 1 -11 48.0 18.9 907.20 3936.0 0 1 0 0 0 0
850 3671.0 1493.6 0 -11 80.0 32.5 2600.00 3964.0 0 1 0 0 0 0
851 2722.0 3099.6 0 -11 40.0 21.6 864.00 3836.0 0 1 0 0 0 0
852 1767.0 1301.6 0 -11 40.0 24.4 976.00 3864.0 0 1 0 0 0 0
853 5014.2 190.6 -1 -11 64.0 29.8 1907.20 3962.0 0 1 0 0 0 0
854 424.2 934.6 -1 -11 80.0 40.6 3248.00 3971.0 0 1 0 0 0 0
855 4332.6 2404.6 -3 -11 24.0 18.9 453.60 3025.0 0 1 0 0 0 0
856 4195.6 835.6 -3 -11 8.0 24.4 195.20 3591.0 0 1 0 0 0 0
857 3643.6 659.6 -3 -11 24.0 10.8 259.20 2302.0 0 1 0 0 0 0
858 880.6 3386.6 -3 -11 296.0 43.3 12816.80 4026.0 0 1 0 0 0 0
859 367.6 1024.6 -3 -11 168.0 56.9 9559.20 3992.0 0 1 0 0 0 0
860 3097.8 2050.6 -4 -11 104.0 35.2 3660.80 3934.0 0 1 0 0 0 0
861 3288.2 2130.6 -6 -11 56.0 24.4 1366.40 3877.0 0 1 0 0 0 0
862 3007.2 180.6 -6 -11 72.0 29.8 2145.60 4055.0 0 1 0 0 0 0
863 2834.2 644.6 -6 -11 40.0 18.9 756.00 3214.0 0 1 0 0 0 0
864 4917.4 3265.6 -7 -11 56.0 27.1 1517.60 3822.0 0 1 0 0 0 0
865 4283.4 3335.6 -7 -11 40.0 21.6 864.00 3406.0 0 1 0 0 0 0
866 1602.4 3232.6 -7 -11 72.0 27.1 1951.20 3852.0 0 1 0 0 0 0
867 5653.6 1533.6 -8 -11 56.0 18.9 1058.40 3815.0 0 1 0 0 0 0
868 4788.6 3278.6 -8 -11 56.0 32.5 1820.00 3836.0 0 1 0 0 0 0
869 4196.6 455.6 -8 -11 8.0 24.4 195.20 3544.0 0 1 0 0 0 0
870 1142.6 568.6 -8 -11 24.0 13.5 324.00 2453.0 0 1 0 0 0 0
871 4881.0 2126.6 -10 -11 56.0 21.6 1209.60 3751.0 0 1 0 0 0 0
872 4629.2 2929.6 -11 -11 56.0 24.4 1366.40 3719.0 0 1 0 0 0 0
873 588.2 3342.6 -11 -11 96.0 43.3 4156.80 3811.0 0 1 0 0 0 0
874 388.4 2995.6 -12 -11 40.0 18.9 756.00 3367.0 0 1 0 0 0 0
875 4669.4 2797.0 -12 -10 16.0 8.1 129.60 1370.0 0 1 0 0 0 0
876 799.2 1184.0 -11 -10 48.0 13.5 648.00 2108.0 0 1 0 0 0 0
877 2427.2 1317.0 -11 -10 64.0 18.9 1209.60 3845.0 0 1 0 0 0 0
878 1326.0 2915.0 -10 -10 80.0 35.2 2816.00 3856.0 0 1 0 0 0 0
879 5328.0 313.0 -10 -10 56.0 32.5 1820.00 3770.0 0 1 0 0 0 0
880 5382.0 315.0 -10 -10 48.0 16.2 777.60 3194.0 0 1 0 0 0 0
881 1160.8 854.0 -9 -10 88.0 35.2 3097.60 3859.0 0 1 0 0 0 0
882 4228.8 2984.0 -9 -10 24.0 13.5 324.00 3068.0 0 1 0 0 0 0
883 476.6 2291.0 -8 -10 16.0 32.5 520.00 2563.0 0 1 0 0 0 0
884 2462.6 792.0 -8 -10 56.0 27.1 1517.60 3815.0 0 1 0 0 0 0
885 701.4 1179.0 -7 -10 64.0 48.7 3116.80 3888.0 0 1 0 0 0 0
886 772.4 1180.0 -7 -10 40.0 21.6 864.00 2529.0 0 1 0 0 0 0
887 1420.2 626.0 -6 -10 40.0 35.2 1408.00 2954.0 0 1 0 0 0 0
888 1479.2 620.0 -6 -10 16.0 24.4 390.40 2851.0 0 1 0 0 0 0
889 1659.2 1968.0 -6 -10 112.0 40.6 4547.20 4071.0 0 1 0 0 0 0
890 1756.2 3139.0 -6 -10 24.0 8.1 194.40 2366.0 0 1 0 0 0 0
891 2519.2 3285.0 -6 -10 72.0 24.4 1756.80 3930.0 0 1 0 0 0 0
892 3713.2 2757.0 -6 -10 56.0 24.4 1366.40 3930.0 0 1 0 0 0 0
893 1787.0 531.0 -5 -10 32.0 18.9 604.80 3105.0 0 1 0 0 0 0
894 1246.8 539.0 -4 -10 80.0 27.1 2168.00 3877.0 0 1 0 0 0 0
895 1373.8 3372.0 -4 -10 32.0 8.1 259.20 119.0 0 1 0 0 0 0
896 1447.8 3371.0 -4 -10 40.0 10.8 432.00 60.0 0 1 0 0 0 0
897 1469.8 3388.0 -4 -10 72.0 13.5 972.00 334.0 0 1 0 0 0 0
898 2646.8 971.0 -4 -10 48.0 21.6 1036.80 3912.0 0 1 0 0 0 0
899 5305.8 145.0 -4 -10 72.0 29.8 2145.60 3966.0 0 1 0 0 0 0
900 767.6 2782.0 -3 -10 104.0 40.6 4222.40 3982.0 0 1 0 0 0 0
901 1189.6 875.0 -3 -10 72.0 29.8 2145.60 3973.0 0 1 0 0 0 0
902 1351.6 1554.0 -3 -10 72.0 29.8 2145.60 4069.0 0 1 0 0 0 0
903 2742.4 158.0 -2 -10 104.0 48.7 5064.80 4074.0 0 1 0 0 0 0
904 3188.4 171.0 -2 -10 64.0 24.4 1561.60 4081.0 0 1 0 0 0 0
905 5558.4 3200.0 -2 -10 48.0 29.8 1430.40 3930.0 0 1 0 0 0 0
906 5715.4 2587.0 -2 -10 56.0 13.5 756.00 3854.0 0 1 0 0 0 0
907 2278.2 156.0 -1 -10 32.0 5.4 172.80 437.0 0 1 0 0 0 0
908 2396.2 164.0 -1 -10 152.0 54.2 8238.40 4087.0 0 1 0 0 0 0
909 2594.2 3255.0 -1 -10 88.0 37.9 3335.20 3994.0 0 1 0 0 0 0
910 411.6 2642.0 2 -10 80.0 27.1 2168.00 4039.0 0 1 0 0 0 0
911 3025.6 250.0 2 -10 112.0 46.0 5152.00 3980.0 0 1 0 0 0 0
912 3558.6 893.0 2 -10 16.0 2.7 43.20 1436.0 0 1 0 0 0 0
913 3595.6 904.0 2 -10 40.0 21.6 864.00 2513.0 0 1 0 0 0 0
914 5440.6 542.0 2 -10 40.0 18.9 756.00 3646.0 0 1 0 0 0 0
915 5637.6 2806.0 2 -10 16.0 2.7 43.20 1244.0 0 1 0 0 0 0
916 5677.6 2806.0 2 -10 16.0 2.7 43.20 1301.0 0 1 0 0 0 0
917 2243.4 635.0 3 -10 24.0 32.5 780.00 3724.0 0 1 0 0 0 0
918 2269.4 638.0 3 -10 16.0 8.1 129.60 288.0 0 1 0 0 0 0
919 675.2 2894.0 4 -10 64.0 29.8 1907.20 3976.0 0 1 0 0 0 0
920 2409.2 2758.0 4 -10 128.0 59.6 7628.80 4000.0 0 1 0 0 0 0
921 2906.2 631.0 4 -10 96.0 46.0 4416.00 3985.0 0 1 0 0 0 0
922 4213.2 908.0 4 -10 40.0 29.8 1192.00 3432.0 0 1 0 0 0 0
923 1021.0 2096.0 5 -10 48.0 16.2 777.60 3287.0 0 1 0 0 0 0
924 1197.0 2172.0 5 -10 80.0 35.2 2816.00 3966.0 0 1 0 0 0 0
925 2801.0 1570.0 5 -10 40.0 10.8 432.00 259.0 0 1 0 0 0 0
926 2857.0 1549.0 5 -10 24.0 8.1 194.40 323.0 0 1 0 0 0 0
927 2933.0 1519.0 5 -10 128.0 89.4 11443.20 3930.0 0 1 0 0 0 0
928 2957.0 1577.0 5 -10 24.0 5.4 129.60 53.0 0 1 0 0 0 0
929 398.8 3008.0 6 -10 56.0 27.1 1517.60 3635.0 0 1 0 0 0 0
930 5160.8 1020.0 6 -10 88.0 51.5 4532.00 3962.0 0 1 0 0 0 0
931 1578.6 794.0 7 -10 112.0 62.3 6977.60 3927.0 0 1 0 0 0 0
932 3087.6 2260.0 7 -10 72.0 32.5 2340.00 3920.0 0 1 0 0 0 0
933 5106.6 2648.0 7 -10 192.0 43.3 8313.60 4026.0 0 1 0 0 0 0
934 2940.4 236.0 8 -10 64.0 27.1 1734.40 3834.0 0 1 0 0 0 0
935 3059.4 3211.0 8 -10 48.0 18.9 907.20 3914.0 0 1 0 0 0 0
936 5236.4 519.0 8 -10 40.0 16.2 648.00 3610.0 0 1 0 0 0 0
937 3038.2 2296.0 9 -10 16.0 18.9 302.40 2296.0 0 1 0 0 0 0
938 3079.2 2297.0 9 -10 24.0 18.9 453.60 2778.0 0 1 0 0 0 0
939 3218.2 582.0 9 -10 48.0 24.4 1171.20 3852.0 0 1 0 0 0 0
940 1090.0 3138.0 10 -10 48.0 24.4 1171.20 3877.0 0 1 0 0 0 0
941 1259.0 2403.0 10 -10 248.0 59.6 14780.80 3902.0 0 1 0 0 0 0
942 1655.0 3084.0 10 -10 32.0 13.5 432.00 3370.0 0 1 0 0 0 0
943 5259.0 1537.0 10 -10 32.0 10.8 345.60 2311.0 0 1 0 0 0 0
944 5288.0 2040.0 10 -10 64.0 24.4 1561.60 3594.0 0 1 0 0 0 0
945 5326.0 2011.0 10 -10 72.0 37.9 2728.80 3884.0 0 1 0 0 0 0
946 5331.0 1961.0 10 -10 160.0 43.3 6928.00 4065.0 0 1 0 0 0 0
947 5358.0 2123.0 10 -10 16.0 5.4 86.40 1418.0 0 1 0 0 0 0
948 5362.0 2778.0 10 -10 40.0 16.2 648.00 3194.0 0 1 0 0 0 0
949 5386.0 2058.0 10 -10 24.0 5.4 129.60 1580.0 0 1 0 0 0 0
950 5444.0 1385.0 10 -10 24.0 8.1 194.40 1054.0 0 1 0 0 0 0
951 5449.0 1420.0 10 -10 96.0 48.7 4675.20 3889.0 0 1 0 0 0 0
952 5458.0 1584.0 10 -10 72.0 16.2 1166.40 3132.0 0 1 0 0 0 0
953 5498.0 1329.0 10 -10 136.0 70.4 9574.40 3889.0 0 1 0 0 0 0
954 233.8 3114.0 11 -10 8.0 8.1 64.80 1255.0 0 1 0 0 0 0
955 248.8 2069.0 11 -10 56.0 24.4 1366.40 3585.0 0 1 0 0 0 0
956 251.8 2692.0 11 -10 56.0 35.2 1971.20 3788.0 0 1 0 0 0 0
957 268.8 3051.0 11 -10 24.0 8.1 194.40 1672.0 0 1 0 0 0 0
958 291.8 2629.0 11 -10 40.0 21.6 864.00 2915.0 0 1 0 0 0 0
959 296.8 3065.0 11 -10 40.0 13.5 540.00 3669.0 0 1 0 0 0 0
960 4514.8 2734.0 11 -10 40.0 13.5 540.00 3448.0 0 1 0 0 0 0
961 422.6 2277.0 12 -10 32.0 29.8 953.60 3918.0 0 1 0 0 0 0
962 465.6 2269.0 12 -10 24.0 27.1 650.40 2881.0 0 1 0 0 0 0
963 2873.6 2700.0 12 -10 24.0 10.8 259.20 1134.0 0 1 0 0 0 0
964 4644.6 500.0 12 -10 112.0 43.3 4849.60 3944.0 0 1 0 0 0 0
965 5475.6 2375.0 12 -10 80.0 59.6 4768.00 3879.0 0 1 0 0 0 0
966 1418.4 2179.0 13 -10 16.0 10.8 172.80 2346.0 0 1 0 0 0 0
967 2288.4 1195.0 13 -10 80.0 27.1 2168.00 3795.0 0 1 0 0 0 0
968 2559.4 3226.0 13 -10 24.0 8.1 194.40 897.0 0 1 0 0 0 0
969 5779.4 1444.4 13 -9 64.0 24.4 1561.60 3827.0 0 1 0 0 0 0
970 3112.4 3232.4 13 -9 80.0 32.5 2600.00 3923.0 0 1 0 0 0 0
971 5400.6 848.4 12 -9 88.0 37.9 3335.20 3941.0 0 1 0 0 0 0
972 5129.6 942.4 12 -9 224.0 105.7 23676.80 3932.0 0 1 0 0 0 0
973 3160.6 2936.4 12 -9 56.0 27.1 1517.60 3948.0 0 1 0 0 0 0
974 1766.6 602.4 12 -9 32.0 27.1 867.20 3847.0 0 1 0 0 0 0
975 727.6 408.4 12 -9 72.0 29.8 2145.60 3893.0 0 1 0 0 0 0
976 4415.8 1451.4 11 -9 184.0 59.6 10966.40 3920.0 0 1 0 0 0 0
977 4397.8 1486.4 11 -9 16.0 5.4 86.40 122.0 0 1 0 0 0 0
978 4362.8 1428.4 11 -9 72.0 16.2 1166.40 3498.0 0 1 0 0 0 0
979 3347.8 2546.4 11 -9 16.0 5.4 86.40 577.0 0 1 0 0 0 0
980 2903.8 3081.4 11 -9 32.0 13.5 432.00 2739.0 0 1 0 0 0 0
981 2883.8 3147.4 11 -9 40.0 18.9 756.00 3532.0 0 1 0 0 0 0
982 2643.8 3319.4 11 -9 8.0 5.4 43.20 1406.0 0 1 0 0 0 0
983 2619.8 3276.4 11 -9 56.0 21.6 1209.60 3918.0 0 1 0 0 0 0
984 2476.8 2440.4 11 -9 48.0 16.2 777.60 3132.0 0 1 0 0 0 0
985 2464.8 2497.4 11 -9 24.0 8.1 194.40 821.0 0 1 0 0 0 0
986 2398.8 1333.4 11 -9 80.0 24.4 1952.00 3662.0 0 1 0 0 0 0
987 2385.8 1369.4 11 -9 24.0 10.8 259.20 1182.0 0 1 0 0 0 0
988 1796.8 1944.4 11 -9 40.0 21.6 864.00 3728.0 0 1 0 0 0 0
989 1683.8 879.4 11 -9 16.0 8.1 129.60 1491.0 0 1 0 0 0 0
990 1641.8 532.4 11 -9 8.0 2.7 21.60 1329.0 0 1 0 0 0 0
991 1509.8 1315.4 11 -9 16.0 8.1 129.60 1971.0 0 1 0 0 0 0
992 1483.8 387.4 11 -9 16.0 5.4 86.40 1450.0 0 1 0 0 0 0
993 1473.8 372.4 11 -9 24.0 13.5 324.00 3443.0 0 1 0 0 0 0
994 1403.8 842.4 11 -9 48.0 18.9 907.20 3699.0 0 1 0 0 0 0
995 1362.8 1120.4 11 -9 48.0 29.8 1430.40 3653.0 0 1 0 0 0 0
996 1313.8 957.4 11 -9 88.0 37.9 3335.20 3875.0 0 1 0 0 0 0
997 1239.8 814.4 11 -9 40.0 18.9 756.00 3568.0 0 1 0 0 0 0
998 1111.8 1119.4 11 -9 40.0 16.2 648.00 2997.0 0 1 0 0 0 0
999 1092.8 1146.4 11 -9 24.0 8.1 194.40 1335.0 0 1 0 0 0 0
1000 315.8 1280.4 11 -9 24.0 10.8 259.20 1601.0 0 1 0 0 0 0
1001 5778.0 1016.4 10 -9 40.0 27.1 1084.00 3290.0 0 1 0 0 0 0
1002 4907.0 2526.4 10 -9 232.0 108.4 25148.80 3886.0 0 1 0 0 0 0
1003 5476.2 807.4 9 -9 56.0 32.5 1820.00 3790.0 0 1 0 0 0 0
1004 4941.2 3072.4 9 -9 72.0 35.2 2534.40 3880.0 0 1 0 0 0 0
1005 3097.2 3055.4 9 -9 64.0 21.6 1382.40 3832.0 0 1 0 0 0 0
1006 2951.2 3111.4 9 -9 80.0 32.5 2600.00 3895.0 0 1 0 0 0 0
1007 2876.2 3001.4 9 -9 56.0 37.9 2122.40 3902.0 0 1 0 0 0 0
1008 2814.2 3004.4 9 -9 24.0 18.9 453.60 2449.0 0 1 0 0 0 0
1009 2812.2 3034.4 9 -9 16.0 13.5 216.00 2512.0 0 1 0 0 0 0
1010 1332.2 631.4 9 -9 80.0 40.6 3248.00 3873.0 0 1 0 0 0 0
1011 4792.4 494.4 8 -9 56.0 32.5 1820.00 3880.0 0 1 0 0 0 0
1012 4747.4 491.4 8 -9 16.0 16.2 259.20 2448.0 0 1 0 0 0 0
1013 4741.4 472.4 8 -9 16.0 2.7 43.20 1098.0 0 1 0 0 0 0
1014 300.4 1080.4 8 -9 96.0 37.9 3638.40 4056.0 0 1 0 0 0 0
1015 2912.6 2569.4 7 -9 64.0 29.8 1907.20 3944.0 0 1 0 0 0 0
1016 5792.8 3375.4 6 -9 8.0 13.5 108.00 1642.0 0 1 0 0 0 0
1017 4410.8 1397.4 6 -9 96.0 37.9 3638.40 3980.0 0 1 0 0 0 0
1018 2714.8 1230.4 6 -9 112.0 56.9 6372.80 3946.0 0 1 0 0 0 0
1019 787.8 2233.4 6 -9 104.0 43.3 4503.20 3992.0 0 1 0 0 0 0
1020 4981.0 234.4 5 -9 56.0 18.9 1058.40 3893.0 0 1 0 0 0 0
1021 1455.0 568.4 5 -9 64.0 24.4 1561.60 3932.0 0 1 0 0 0 0
1022 5600.2 158.4 4 -9 120.0 46.0 5520.00 4065.0 0 1 0 0 0 0
1023 4395.2 1336.4 4 -9 200.0 75.8 15160.00 3980.0 0 1 0 0 0 0
1024 2695.2 2312.4 4 -9 16.0 5.4 86.40 1358.0 0 1 0 0 0 0
1025 1272.2 2630.4 4 -9 88.0 40.6 3572.80 4000.0 0 1 0 0 0 0
1026 1003.2 1395.4 4 -9 80.0 37.9 3032.00 3975.0 0 1 0 0 0 0
1027 576.2 727.4 4 -9 144.0 73.1 10526.40 3976.0 0 1 0 0 0 0
1028 532.2 960.4 4 -9 80.0 37.9 3032.00 3971.0 0 1 0 0 0 0
1029 4676.4 312.4 3 -9 216.0 92.1 19893.60 3962.0 0 1 0 0 0 0
1030 4495.4 562.4 3 -9 24.0 8.1 194.40 2343.0 0 1 0 0 0 0
1031 3175.4 1421.4 3 -9 72.0 27.1 1951.20 3969.0 0 1 0 0 0 0
1032 3099.4 212.4 3 -9 16.0 5.4 86.40 1662.0 0 1 0 0 0 0
1033 3045.4 230.4 3 -9 16.0 8.1 129.60 1797.0 0 1 0 0 0 0
1034 1678.4 3273.4 3 -9 80.0 32.5 2600.00 3973.0 0 1 0 0 0 0
1035 896.6 1293.4 2 -9 64.0 27.1 1734.40 3960.0 0 1 0 0 0 0
1036 630.6 1248.4 2 -9 64.0 43.3 2771.20 3957.0 0 1 0 0 0 0
1037 585.6 1234.4 2 -9 8.0 5.4 43.20 2275.0 0 1 0 0 0 0
1038 543.6 1266.4 2 -9 88.0 65.0 5720.00 3619.0 0 1 0 0 0 0
1039 493.6 1228.4 2 -9 32.0 10.8 345.60 1648.0 0 1 0 0 0 0
1040 1015.8 1369.4 1 -9 96.0 51.5 4944.00 3980.0 0 1 0 0 0 0
1041 2968.0 3364.4 0 -9 48.0 21.6 1036.80 3191.0 0 1 0 0 0 0
1042 2513.0 2110.4 0 -9 24.0 10.8 259.20 739.0 0 1 0 0 0 0
1043 4299.2 2643.4 -1 -9 64.0 24.4 1561.60 4056.0 0 1 0 0 0 0
1044 2465.2 3324.4 -1 -9 56.0 24.4 1366.40 3921.0 0 1 0 0 0 0
1045 3445.4 3027.4 -2 -9 72.0 32.5 2340.00 3989.0 0 1 0 0 0 0
1046 1010.4 3208.4 -2 -9 80.0 32.5 2600.00 3976.0 0 1 0 0 0 0
1047 4253.6 1113.4 -3 -9 32.0 13.5 432.00 2622.0 0 1 0 0 0 0
1048 3610.6 2063.4 -3 -9 104.0 43.3 4503.20 3973.0 0 1 0 0 0 0
1049 5609.8 356.4 -4 -9 8.0 5.4 43.20 1445.0 0 1 0 0 0 0
1050 5608.8 338.4 -4 -9 8.0 5.4 43.20 1882.0 0 1 0 0 0 0
1051 4724.8 174.4 -4 -9 24.0 8.1 194.40 161.0 0 1 0 0 0 0
1052 5739.0 2981.4 -5 -9 120.0 48.7 5844.00 3971.0 0 1 0 0 0 0
1053 3263.0 1120.4 -5 -9 120.0 51.5 6180.00 3964.0 0 1 0 0 0 0
1054 1550.0 722.4 -5 -9 16.0 10.8 172.80 1861.0 0 1 0 0 0 0
1055 3196.2 1258.4 -6 -9 32.0 21.6 691.20 3706.0 0 1 0 0 0 0
1056 577.2 357.4 -6 -9 64.0 27.1 1734.40 3909.0 0 1 0 0 0 0
1057 5522.4 1486.4 -7 -9 80.0 29.8 2384.00 3898.0 0 1 0 0 0 0
1058 4839.4 2368.4 -7 -9 72.0 27.1 1951.20 3896.0 0 1 0 0 0 0
1059 4774.6 2161.4 -8 -9 48.0 21.6 1036.80 3848.0 0 1 0 0 0 0
1060 2625.6 2941.4 -8 -9 80.0 27.1 2168.00 3868.0 0 1 0 0 0 0
1061 3351.8 187.4 -9 -9 56.0 24.4 1366.40 3909.0 0 1 0 0 0 0
1062 5223.0 2492.4 -10 -9 56.0 24.4 1366.40 3866.0 0 1 0 0 0 0
1063 4810.0 2894.4 -10 -9 48.0 24.4 1171.20 3850.0 0 1 0 0 0 0
1064 1161.0 2711.4 -10 -9 56.0 24.4 1366.40 3879.0 0 1 0 0 0 0
1065 4321.2 773.4 -11 -9 24.0 10.8 259.20 1050.0 0 1 0 0 0 0
1066 2776.4 3149.4 -12 -9 48.0 24.4 1171.20 3827.0 0 1 0 0 0 0
1067 3123.6 3127.4 -13 -9 96.0 43.3 4156.80 3852.0 0 1 0 0 0 0
1068 2527.6 346.4 -13 -9 56.0 21.6 1209.60 3795.0 0 1 0 0 0 0
1069 651.6 951.8 -13 -8 64.0 27.1 1734.40 3797.0 0 1 0 0 0 0
1070 5620.4 2763.8 -12 -8 24.0 8.1 194.40 1326.0 0 1 0 0 0 0
1071 541.2 2198.8 -11 -8 72.0 32.5 2340.00 3792.0 0 1 0 0 0 0
1072 2808.2 2697.8 -11 -8 56.0 29.8 1668.80 3793.0 0 1 0 0 0 0
1073 4737.2 1307.8 -11 -8 16.0 5.4 86.40 782.0 0 1 0 0 0 0
1074 231.0 542.8 -10 -8 32.0 27.1 867.20 3818.0 0 1 0 0 0 0
1075 739.0 2776.8 -10 -8 8.0 5.4 43.20 1034.0 0 1 0 0 0 0
1076 783.0 1583.8 -10 -8 64.0 13.5 864.00 3991.0 0 1 0 0 0 0
1077 1090.0 1132.8 -10 -8 48.0 21.6 1036.80 3792.0 0 1 0 0 0 0
1078 3443.0 2216.8 -10 -8 24.0 13.5 324.00 2945.0 0 1 0 0 0 0
1079 3784.0 2876.8 -10 -8 32.0 18.9 604.80 3596.0 0 1 0 0 0 0
1080 896.8 2160.8 -9 -8 88.0 40.6 3572.80 3818.0 0 1 0 0 0 0
1081 1106.8 2740.8 -9 -8 24.0 10.8 259.20 1470.0 0 1 0 0 0 0
1082 2320.8 710.8 -9 -8 8.0 8.1 64.80 167.0 0 1 0 0 0 0
1083 2560.8 1292.8 -9 -8 48.0 18.9 907.20 3806.0 0 1 0 0 0 0
1084 5500.8 1025.8 -9 -8 48.0 32.5 1560.00 3713.0 0 1 0 0 0 0
1085 2792.0 3082.8 -5 -8 72.0 29.8 2145.60 3704.0 0 1 0 0 0 0
1086 3098.0 2310.8 -5 -8 64.0 113.8 7283.20 3937.0 0 1 0 0 0 0
1087 4196.0 2681.8 -5 -8 8.0 16.2 129.60 2369.0 0 1 0 0 0 0
1088 2432.8 2488.8 -4 -8 64.0 27.1 1734.40 3939.0 0 1 0 0 0 0
1089 2990.8 1294.8 -4 -8 88.0 37.9 3335.20 3925.0 0 1 0 0 0 0
1090 4236.8 1496.8 -4 -8 40.0 18.9 756.00 3182.0 0 1 0 0 0 0
1091 258.6 1219.8 -3 -8 24.0 10.8 259.20 1480.0 0 1 0 0 0 0
1092 1425.6 169.8 -3 -8 176.0 62.3 10964.80 4081.0 0 1 0 0 0 0
1093 4210.6 3257.8 -3 -8 40.0 24.4 976.00 3480.0 0 1 0 0 0 0
1094 1340.2 2728.8 -1 -8 8.0 5.4 43.20 1169.0 0 1 0 0 0 0
1095 5404.2 148.8 -1 -8 24.0 5.4 129.60 206.0 0 1 0 0 0 0
1096 5495.2 173.8 -1 -8 176.0 43.3 7620.80 4078.0 0 1 0 0 0 0
1097 1728.0 1467.8 0 -8 104.0 56.9 5917.60 3987.0 0 1 0 0 0 0
1098 2531.0 2432.8 0 -8 136.0 59.6 8105.60 3984.0 0 1 0 0 0 0
1099 5044.0 475.8 0 -8 64.0 35.2 2252.80 3907.0 0 1 0 0 0 0
1100 4323.6 3310.8 2 -8 48.0 18.9 907.20 3281.0 0 1 0 0 0 0
1101 718.2 2297.8 4 -8 16.0 5.4 86.40 2236.0 0 1 0 0 0 0
1102 836.2 2282.8 4 -8 160.0 70.4 11264.00 3948.0 0 1 0 0 0 0
1103 910.2 2294.8 4 -8 16.0 13.5 216.00 2659.0 0 1 0 0 0 0
1104 913.2 2309.8 4 -8 24.0 8.1 194.40 2021.0 0 1 0 0 0 0
1105 1075.2 3316.8 4 -8 24.0 10.8 259.20 2001.0 0 1 0 0 0 0
1106 3055.2 3086.8 4 -8 152.0 54.2 8238.40 3980.0 0 1 0 0 0 0
1107 544.0 3278.8 5 -8 56.0 32.5 1820.00 3962.0 0 1 0 0 0 0
1108 5733.0 2543.8 5 -8 16.0 5.4 86.40 1724.0 0 1 0 0 0 0
1109 5737.0 2529.8 5 -8 16.0 2.7 43.20 1576.0 0 1 0 0 0 0
1110 5783.0 2538.8 5 -8 32.0 37.9 1212.80 3859.0 0 1 0 0 0 0
1111 1057.8 3261.8 6 -8 40.0 10.8 432.00 1971.0 0 1 0 0 0 0
1112 3650.8 740.8 6 -8 8.0 2.7 21.60 1264.0 0 1 0 0 0 0
1113 4362.8 1520.8 6 -8 24.0 5.4 129.60 60.0 0 1 0 0 0 0
1114 4386.8 2356.8 6 -8 160.0 65.0 10400.00 3989.0 0 1 0 0 0 0
1115 4390.8 1555.8 6 -8 168.0 54.2 9105.60 4071.0 0 1 0 0 0 0
1116 4481.8 2356.8 6 -8 16.0 18.9 302.40 2478.0 0 1 0 0 0 0
1117 4798.8 2936.8 6 -8 72.0 24.4 1756.80 3964.0 0 1 0 0 0 0
1118 403.6 3164.8 7 -8 176.0 84.0 14784.00 3964.0 0 1 0 0 0 0
1119 3641.6 2997.8 7 -8 72.0 24.4 1756.80 3925.0 0 1 0 0 0 0
1120 5329.6 2804.8 7 -8 72.0 27.1 1951.20 3930.0 0 1 0 0 0 0
1121 673.4 3300.8 8 -8 48.0 16.2 777.60 3256.0 0 1 0 0 0 0
1122 745.4 3111.8 8 -8 88.0 54.2 4769.60 3918.0 0 1 0 0 0 0
1123 1757.2 422.8 9 -8 24.0 8.1 194.40 2094.0 0 1 0 0 0 0
1124 2512.2 1004.8 9 -8 56.0 27.1 1517.60 3884.0 0 1 0 0 0 0
1125 2831.2 2182.8 9 -8 104.0 51.5 5356.00 3888.0 0 1 0 0 0 0
1126 4325.2 625.8 9 -8 64.0 62.3 3987.20 4062.0 0 1 0 0 0 0
1127 4347.2 608.8 9 -8 8.0 2.7 21.60 2147.0 0 1 0 0 0 0
1128 4386.2 629.8 9 -8 48.0 54.2 2601.60 3879.0 0 1 0 0 0 0
1129 4417.2 1417.8 9 -8 80.0 32.5 2600.00 3864.0 0 1 0 0 0 0
1130 4590.2 3010.8 9 -8 24.0 13.5 324.00 2394.0 0 1 0 0 0 0
1131 4635.2 3010.8 9 -8 40.0 18.9 756.00 3733.0 0 1 0 0 0 0
1132 5298.2 898.8 9 -8 24.0 13.5 324.00 3004.0 0 1 0 0 0 0
1133 5338.2 906.8 9 -8 16.0 2.7 43.20 1516.0 0 1 0 0 0 0
1134 232.0 2518.8 10 -8 48.0 18.9 907.20 3468.0 0 1 0 0 0 0
1135 4312.0 3037.8 10 -8 80.0 29.8 2384.00 3895.0 0 1 0 0 0 0
1136 5423.0 2301.8 10 -8 16.0 5.4 86.40 1664.0 0 1 0 0 0 0
1137 5461.0 2315.8 10 -8 24.0 21.6 518.40 2190.0 0 1 0 0 0 0
1138 580.8 3138.8 11 -8 80.0 65.0 5200.00 3902.0 0 1 0 0 0 0
1139 5538.8 2956.8 11 -8 24.0 8.1 194.40 1665.0 0 1 0 0 0 0
1140 474.6 1286.8 12 -8 48.0 21.6 1036.80 3898.0 0 1 0 0 0 0
1141 825.6 725.8 12 -8 64.0 27.1 1734.40 3918.0 0 1 0 0 0 0
1142 2958.6 2951.8 12 -8 80.0 40.6 3248.00 3893.0 0 1 0 0 0 0
1143 3450.6 3091.8 12 -8 40.0 18.9 756.00 3712.0 0 1 0 0 0 0
1144 544.4 1299.8 13 -8 32.0 13.5 432.00 3255.0 0 1 0 0 0 0
1145 2254.4 3004.8 13 -8 48.0 24.4 1171.20 3918.0 0 1 0 0 0 0
1146 272.4 809.2 13 -7 104.0 48.7 5064.80 4067.0 0 1 0 0 0 0
1147 5401.6 500.2 12 -7 24.0 5.4 129.60 1788.0 0 1 0 0 0 0
1148 3668.6 1317.2 12 -7 32.0 29.8 953.60 3329.0 0 1 0 0 0 0
1149 3158.6 629.2 12 -7 80.0 35.2 2816.00 3893.0 0 1 0 0 0 0
1150 1176.6 2187.2 12 -7 40.0 16.2 648.00 3344.0 0 1 0 0 0 0
1151 1037.6 754.2 12 -7 72.0 29.8 2145.60 3882.0 0 1 0 0 0 0
1152 909.6 1261.2 12 -7 96.0 51.5 4944.00 3898.0 0 1 0 0 0 0
1153 4970.8 1072.2 11 -7 48.0 21.6 1036.80 3856.0 0 1 0 0 0 0
1154 4442.8 1492.2 11 -7 32.0 29.8 953.60 3621.0 0 1 0 0 0 0
1155 4380.8 1500.2 11 -7 72.0 46.0 3312.00 4055.0 0 1 0 0 0 0
1156 3400.8 1079.2 11 -7 112.0 62.3 6977.60 3920.0 0 1 0 0 0 0
1157 2924.8 1557.2 11 -7 16.0 8.1 129.60 56.0 0 1 0 0 0 0
1158 2589.8 2546.2 11 -7 88.0 35.2 3097.60 3900.0 0 1 0 0 0 0
1159 5780.0 602.2 10 -7 40.0 27.1 1084.00 3825.0 0 1 0 0 0 0
1160 5109.0 762.2 10 -7 64.0 27.1 1734.40 3886.0 0 1 0 0 0 0
1161 1028.0 1574.2 10 -7 24.0 10.8 259.20 74.0 0 1 0 0 0 0
1162 5046.2 947.2 9 -7 32.0 16.2 518.40 2602.0 0 1 0 0 0 0
1163 3528.2 182.2 9 -7 112.0 51.5 5768.00 4076.0 0 1 0 0 0 0
1164 3311.2 460.2 9 -7 80.0 29.8 2384.00 4019.0 0 1 0 0 0 0
1165 2783.2 173.2 9 -7 120.0 29.8 3576.00 4081.0 0 1 0 0 0 0
1166 2727.2 2934.2 9 -7 152.0 67.7 10290.40 3918.0 0 1 0 0 0 0
1167 292.2 761.2 9 -7 48.0 24.4 1171.20 4076.0 0 1 0 0 0 0
1168 5139.4 3213.2 8 -7 96.0 37.9 3638.40 3905.0 0 1 0 0 0 0
1169 284.4 2760.2 8 -7 40.0 18.9 756.00 3441.0 0 1 0 0 0 0
1170 281.4 2744.2 8 -7 8.0 2.7 21.60 1560.0 0 1 0 0 0 0
1171 5129.6 978.2 7 -7 120.0 48.7 5844.00 3944.0 0 1 0 0 0 0
1172 4883.6 364.2 7 -7 96.0 43.3 4156.80 3925.0 0 1 0 0 0 0
1173 1741.6 2904.2 7 -7 128.0 56.9 7283.20 3902.0 0 1 0 0 0 0
1174 1524.6 2603.2 7 -7 40.0 35.2 1408.00 3594.0 0 1 0 0 0 0
1175 1472.6 2607.2 7 -7 56.0 37.9 2122.40 3724.0 0 1 0 0 0 0
1176 434.6 384.2 7 -7 64.0 32.5 2080.00 3937.0 0 1 0 0 0 0
1177 5338.8 655.2 6 -7 48.0 27.1 1300.80 3905.0 0 1 0 0 0 0
1178 4233.8 2819.2 6 -7 72.0 48.7 3506.40 3953.0 0 1 0 0 0 0
1179 4220.8 375.2 6 -7 40.0 21.6 864.00 3836.0 0 1 0 0 0 0
1180 1794.8 671.2 6 -7 8.0 8.1 64.80 2472.0 0 1 0 0 0 0
1181 1289.8 3054.2 6 -7 64.0 27.1 1734.40 3932.0 0 1 0 0 0 0
1182 777.8 2186.2 6 -7 120.0 54.2 6504.00 3975.0 0 1 0 0 0 0
1183 4739.0 2455.2 5 -7 72.0 29.8 2145.60 3966.0 0 1 0 0 0 0
1184 4547.0 905.2 5 -7 48.0 27.1 1300.80 3854.0 0 1 0 0 0 0
1185 4515.0 920.2 5 -7 16.0 5.4 86.40 2264.0 0 1 0 0 0 0
1186 4511.0 906.2 5 -7 8.0 2.7 21.60 1955.0 0 1 0 0 0 0
1187 2625.4 1288.2 3 -7 96.0 46.0 4416.00 3969.0 0 1 0 0 0 0
1188 2251.4 415.2 3 -7 48.0 29.8 1430.40 3792.0 0 1 0 0 0 0
1189 3783.6 1125.2 2 -7 40.0 27.1 1084.00 3822.0 0 1 0 0 0 0
1190 2373.6 2241.2 2 -7 144.0 51.5 7416.00 3996.0 0 1 0 0 0 0
1191 1009.8 1317.2 1 -7 64.0 29.8 1907.20 3950.0 0 1 0 0 0 0
1192 732.0 834.2 0 -7 128.0 32.5 4160.00 4067.0 0 1 0 0 0 0
1193 4934.2 2218.2 -1 -7 80.0 35.2 2816.00 3989.0 0 1 0 0 0 0
1194 4737.4 2737.2 -2 -7 48.0 21.6 1036.80 3898.0 0 1 0 0 0 0
1195 3170.4 3358.2 -2 -7 88.0 27.1 2384.80 4055.0 0 1 0 0 0 0
1196 4763.8 883.2 -4 -7 112.0 29.8 3337.60 3959.0 0 1 0 0 0 0
1197 2543.8 2179.2 -4 -7 72.0 29.8 2145.60 3957.0 0 1 0 0 0 0
1198 5732.0 680.2 -5 -7 40.0 8.1 324.00 2280.0 0 1 0 0 0 0
1199 3405.0 2937.2 -5 -7 48.0 18.9 907.20 3841.0 0 1 0 0 0 0
1200 5046.2 1394.2 -6 -7 32.0 10.8 345.60 2350.0 0 1 0 0 0 0
1201 3498.2 1058.2 -6 -7 24.0 13.5 324.00 2723.0 0 1 0 0 0 0
1202 4878.4 2731.2 -7 -7 56.0 29.8 1668.80 3843.0 0 1 0 0 0 0
1203 2438.4 3119.2 -7 -7 88.0 37.9 3335.20 3896.0 0 1 0 0 0 0
1204 1560.4 2940.2 -7 -7 88.0 27.1 2384.80 3866.0 0 1 0 0 0 0
1205 648.4 2634.2 -7 -7 24.0 8.1 194.40 1831.0 0 1 0 0 0 0
1206 4843.6 462.2 -8 -7 40.0 37.9 1516.00 3383.0 0 1 0 0 0 0
1207 1665.6 2605.2 -8 -7 56.0 24.4 1366.40 3847.0 0 1 0 0 0 0
1208 1285.6 2280.2 -8 -7 16.0 5.4 86.40 1539.0 0 1 0 0 0 0
1209 966.6 1479.2 -8 -7 88.0 32.5 2860.00 3877.0 0 1 0 0 0 0
1210 4469.8 3096.2 -9 -7 80.0 35.2 2816.00 3857.0 0 1 0 0 0 0
1211 796.8 2427.2 -9 -7 32.0 16.2 518.40 3075.0 0 1 0 0 0 0
1212 3777.0 2177.2 -10 -7 32.0 18.9 604.80 3470.0 0 1 0 0 0 0
1213 3145.0 694.2 -10 -7 48.0 32.5 1560.00 3777.0 0 1 0 0 0 0
1214 5278.2 1120.2 -11 -7 32.0 10.8 345.60 1655.0 0 1 0 0 0 0
1215 2657.2 1191.2 -11 -7 40.0 21.6 864.00 3886.0 0 1 0 0 0 0
1216 5801.4 3077.2 -12 -7 8.0 8.1 64.80 1184.0 0 1 0 0 0 0
1217 4382.6 581.2 -13 -7 56.0 21.6 1209.60 3790.0 0 1 0 0 0 0
1218 1714.6 1116.2 -13 -7 56.0 24.4 1366.40 3793.0 0 1 0 0 0 0
1219 686.8 2261.6 -14 -6 24.0 13.5 324.00 3166.0 0 1 0 0 0 0
1220 1652.8 1112.6 -14 -6 56.0 21.6 1209.60 3792.0 0 1 0 0 0 0
1221 3409.8 2505.6 -14 -6 8.0 5.4 43.20 2026.0 0 1 0 0 0 0
1222 5613.8 1404.6 -14 -6 56.0 21.6 1209.60 3418.0 0 1 0 0 0 0
1223 3475.2 2029.6 -11 -6 32.0 18.9 604.80 3623.0 0 1 0 0 0 0
1224 4647.2 2819.6 -11 -6 56.0 24.4 1366.40 3847.0 0 1 0 0 0 0
1225 4742.2 474.6 -11 -6 32.0 8.1 259.20 2327.0 0 1 0 0 0 0
1226 4406.0 677.6 -10 -6 48.0 27.1 1300.80 3845.0 0 1 0 0 0 0
1227 4696.0 664.6 -10 -6 32.0 13.5 432.00 2168.0 0 1 0 0 0 0
1228 5784.0 2943.6 -10 -6 48.0 18.9 907.20 3804.0 0 1 0 0 0 0
1229 482.8 3154.6 -9 -6 48.0 18.9 907.20 3848.0 0 1 0 0 0 0
1230 3321.8 818.6 -9 -6 64.0 27.1 1734.40 3838.0 0 1 0 0 0 0
1231 750.6 138.6 -8 -6 48.0 16.2 777.60 3824.0 0 1 0 0 0 0
1232 5629.4 660.6 -7 -6 16.0 5.4 86.40 1377.0 0 1 0 0 0 0
1233 932.8 1997.6 -4 -6 24.0 8.1 194.40 2227.0 0 1 0 0 0 0
1234 3005.8 577.6 -4 -6 72.0 29.8 2145.60 3904.0 0 1 0 0 0 0
1235 4229.8 747.6 -4 -6 40.0 27.1 1084.00 3335.0 0 1 0 0 0 0
1236 4326.8 1035.6 -4 -6 160.0 62.3 9968.00 3966.0 0 1 0 0 0 0
1237 4353.8 1089.6 -4 -6 24.0 8.1 194.40 78.0 0 1 0 0 0 0
1238 5796.6 615.6 -3 -6 40.0 35.2 1408.00 3868.0 0 1 0 0 0 0
1239 373.4 2388.6 -2 -6 88.0 40.6 3572.80 3987.0 0 1 0 0 0 0
1240 4349.4 1974.6 -2 -6 80.0 27.1 2168.00 4076.0 0 1 0 0 0 0
1241 3536.2 3289.6 -1 -6 104.0 48.7 5064.80 3996.0 0 1 0 0 0 0
1242 1564.0 1106.6 0 -6 120.0 46.0 5520.00 3960.0 0 1 0 0 0 0
1243 3276.0 893.6 0 -6 56.0 27.1 1517.60 2944.0 0 1 0 0 0 0
1244 515.8 2674.6 1 -6 128.0 35.2 4505.60 3984.0 0 1 0 0 0 0
1245 3209.6 2199.6 2 -6 40.0 16.2 648.00 2661.0 0 1 0 0 0 0
1246 4453.6 421.6 2 -6 120.0 48.7 5844.00 3985.0 0 1 0 0 0 0
1247 2764.2 2897.6 4 -6 24.0 10.8 259.20 1015.0 0 1 0 0 0 0
1248 4893.2 1235.6 4 -6 56.0 32.5 1820.00 3873.0 0 1 0 0 0 0
1249 5479.2 228.6 4 -6 24.0 35.2 844.80 3813.0 0 1 0 0 0 0
1250 4849.0 2877.6 5 -6 64.0 29.8 1907.20 3952.0 0 1 0 0 0 0
1251 591.8 2413.6 6 -6 16.0 8.1 129.60 938.0 0 1 0 0 0 0
1252 2637.8 547.6 6 -6 56.0 32.5 1820.00 3870.0 0 1 0 0 0 0
1253 3622.8 2890.6 6 -6 32.0 13.5 432.00 2364.0 0 1 0 0 0 0
1254 3724.8 2911.6 6 -6 152.0 81.3 12357.60 3943.0 0 1 0 0 0 0
1255 4305.8 771.6 6 -6 72.0 59.6 4291.20 4048.0 0 1 0 0 0 0
1256 5801.8 1180.6 6 -6 24.0 18.9 453.60 3182.0 0 1 0 0 0 0
1257 565.6 877.6 7 -6 80.0 27.1 2168.00 3930.0 0 1 0 0 0 0
1258 3550.6 2610.6 7 -6 64.0 29.8 1907.20 3904.0 0 1 0 0 0 0
1259 4304.6 2668.6 7 -6 80.0 29.8 2384.00 3872.0 0 1 0 0 0 0
1260 5734.6 1411.6 7 -6 56.0 13.5 756.00 3656.0 0 1 0 0 0 0
1261 900.4 882.6 8 -6 88.0 43.3 3810.40 3916.0 0 1 0 0 0 0
1262 2634.4 3213.6 8 -6 176.0 78.6 13833.60 3948.0 0 1 0 0 0 0
1263 5337.4 1976.6 8 -6 88.0 29.8 2622.40 4083.0 0 1 0 0 0 0
1264 783.2 1967.6 9 -6 152.0 43.3 6581.60 4083.0 0 1 0 0 0 0
1265 1014.2 1340.6 9 -6 208.0 119.2 24793.60 3932.0 0 1 0 0 0 0
1266 2648.2 2361.6 9 -6 168.0 51.5 8652.00 3905.0 0 1 0 0 0 0
1267 4283.2 1192.6 9 -6 48.0 21.6 1036.80 3708.0 0 1 0 0 0 0
1268 546.0 1153.6 10 -6 8.0 5.4 43.20 1363.0 0 1 0 0 0 0
1269 566.0 1168.6 10 -6 48.0 24.4 1171.20 3528.0 0 1 0 0 0 0
1270 618.0 1173.6 10 -6 24.0 18.9 453.60 1916.0 0 1 0 0 0 0
1271 1371.0 2552.6 10 -6 24.0 8.1 194.40 2613.0 0 1 0 0 0 0
1272 2997.0 2407.6 10 -6 80.0 37.9 3032.00 3895.0 0 1 0 0 0 0
1273 3610.0 695.6 10 -6 8.0 2.7 21.60 2019.0 0 1 0 0 0 0
1274 3630.0 660.6 10 -6 32.0 8.1 259.20 2330.0 0 1 0 0 0 0
1275 3638.0 678.6 10 -6 16.0 2.7 43.20 1717.0 0 1 0 0 0 0
1276 4292.0 2846.6 10 -6 72.0 29.8 2145.60 3937.0 0 1 0 0 0 0
1277 299.8 2456.6 11 -6 32.0 10.8 345.60 1082.0 0 1 0 0 0 0
1278 393.8 2400.6 11 -6 352.0 132.8 46745.60 4021.0 0 1 0 0 0 0
1279 481.8 735.6 11 -6 120.0 48.7 5844.00 3907.0 0 1 0 0 0 0
1280 3776.8 2712.6 11 -6 56.0 29.8 1668.80 3840.0 0 1 0 0 0 0
1281 4886.8 230.6 11 -6 48.0 10.8 518.40 3390.0 0 1 0 0 0 0
1282 280.6 293.6 12 -6 72.0 51.5 3708.00 4058.0 0 1 0 0 0 0
1283 3675.6 2622.6 12 -6 72.0 29.8 2145.60 3911.0 0 1 0 0 0 0
1284 5737.6 3383.6 12 -6 24.0 5.4 129.60 467.0 0 1 0 0 0 0
1285 675.4 574.6 13 -6 216.0 108.4 23414.40 3898.0 0 1 0 0 0 0
1286 2481.4 241.6 13 -6 64.0 27.1 1734.40 3838.0 0 1 0 0 0 0
1287 4507.4 810.6 13 -6 24.0 10.8 259.20 2670.0 0 1 0 0 0 0
1288 4549.4 803.6 13 -6 16.0 2.7 43.20 1448.0 0 1 0 0 0 0
1289 4553.4 824.6 13 -6 120.0 21.6 2592.00 3568.0 0 1 0 0 0 0
1290 4571.4 781.6 13 -6 152.0 29.8 4529.60 3902.0 0 1 0 0 0 0
1291 4615.4 838.6 13 -6 24.0 2.7 64.80 654.0 0 1 0 0 0 0
1292 4630.4 809.6 13 -6 16.0 8.1 129.60 1811.0 0 1 0 0 0 0
1293 4807.4 2810.6 13 -6 312.0 159.9 49888.80 3943.0 0 1 0 0 0 0
1294 722.2 490.6 14 -6 24.0 10.8 259.20 2455.0 0 1 0 0 0 0
1295 753.2 493.6 14 -6 24.0 13.5 324.00 2672.0 0 1 0 0 0 0
1296 4308.2 577.6 14 -6 40.0 18.9 756.00 3783.0 0 1 0 0 0 0
1297 4341.2 2475.6 14 -6 88.0 67.7 5957.60 4037.0 0 1 0 0 0 0
1298 5001.2 3235.6 14 -6 48.0 18.9 907.20 3875.0 0 1 0 0 0 0
1299 5606.2 1230.6 14 -6 32.0 18.9 604.80 3150.0 0 1 0 0 0 0
1300 1062.2 2336.0 14 -5 24.0 13.5 324.00 2062.0 0 1 0 0 0 0
1301 1021.2 2332.0 14 -5 48.0 24.4 1171.20 3923.0 0 1 0 0 0 0
1302 989.2 1481.0 14 -5 56.0 24.4 1366.40 3882.0 0 1 0 0 0 0
1303 5436.4 145.0 13 -5 88.0 29.8 2622.40 3927.0 0 1 0 0 0 0
1304 4775.4 342.0 13 -5 48.0 21.6 1036.80 3925.0 0 1 0 0 0 0
1305 4453.4 3361.0 13 -5 24.0 13.5 324.00 648.0 0 1 0 0 0 0
1306 2684.4 1101.0 13 -5 136.0 62.3 8472.80 3923.0 0 1 0 0 0 0
1307 2624.8 1573.0 11 -5 88.0 27.1 2384.80 4067.0 0 1 0 0 0 0
1308 5783.0 3106.0 10 -5 32.0 24.4 780.80 3909.0 0 1 0 0 0 0
1309 5070.0 2932.0 10 -5 128.0 56.9 7283.20 3932.0 0 1 0 0 0 0
1310 3491.0 731.0 10 -5 16.0 13.5 216.00 2896.0 0 1 0 0 0 0
1311 2602.0 1319.0 10 -5 168.0 89.4 15019.20 3928.0 0 1 0 0 0 0
1312 5489.2 2203.0 9 -5 32.0 18.9 604.80 3596.0 0 1 0 0 0 0
1313 5447.2 2186.0 9 -5 16.0 2.7 43.20 1404.0 0 1 0 0 0 0
1314 5445.2 2202.0 9 -5 32.0 24.4 780.80 3543.0 0 1 0 0 0 0
1315 2478.2 498.0 9 -5 24.0 24.4 585.60 2760.0 0 1 0 0 0 0
1316 2270.2 2623.0 9 -5 72.0 32.5 2340.00 3820.0 0 1 0 0 0 0
1317 4537.4 2398.0 8 -5 56.0 21.6 1209.60 3895.0 0 1 0 0 0 0
1318 1656.4 1972.0 8 -5 16.0 8.1 129.60 206.0 0 1 0 0 0 0
1319 2716.6 2983.0 7 -5 64.0 35.2 2252.80 3893.0 0 1 0 0 0 0
1320 994.6 2689.0 7 -5 64.0 29.8 1907.20 3939.0 0 1 0 0 0 0
1321 4359.8 170.0 6 -5 192.0 54.2 10406.40 4081.0 0 1 0 0 0 0
1322 1120.8 2259.0 6 -5 120.0 73.1 8772.00 3928.0 0 1 0 0 0 0
1323 5222.0 2687.0 5 -5 152.0 51.5 7828.00 3944.0 0 1 0 0 0 0
1324 5149.0 1522.0 5 -5 72.0 27.1 1951.20 3932.0 0 1 0 0 0 0
1325 5139.0 1558.0 5 -5 8.0 5.4 43.20 92.0 0 1 0 0 0 0
1326 3192.0 3183.0 5 -5 88.0 40.6 3572.80 3964.0 0 1 0 0 0 0
1327 1371.0 148.0 5 -5 56.0 29.8 1668.80 3987.0 0 1 0 0 0 0
1328 634.0 984.0 5 -5 104.0 46.0 4784.00 3984.0 0 1 0 0 0 0
1329 5499.2 1104.0 4 -5 96.0 37.9 3638.40 3969.0 0 1 0 0 0 0
1330 4548.2 1987.0 4 -5 16.0 5.4 86.40 174.0 0 1 0 0 0 0
1331 3776.2 391.0 4 -5 32.0 27.1 867.20 3744.0 0 1 0 0 0 0
1332 3771.2 410.0 4 -5 8.0 5.4 43.20 1328.0 0 1 0 0 0 0
1333 3738.2 412.0 4 -5 24.0 18.9 453.60 3111.0 0 1 0 0 0 0
1334 2727.2 1973.0 4 -5 88.0 29.8 2622.40 4080.0 0 1 0 0 0 0
1335 1775.2 1402.0 4 -5 56.0 29.8 1668.80 3866.0 0 1 0 0 0 0
1336 3565.4 3343.0 3 -5 72.0 37.9 2728.80 3959.0 0 1 0 0 0 0
1337 4940.6 382.0 2 -5 72.0 32.5 2340.00 3982.0 0 1 0 0 0 0
1338 3779.6 628.0 2 -5 40.0 70.4 2816.00 3784.0 0 1 0 0 0 0
1339 2776.6 2722.0 2 -5 80.0 37.9 3032.00 3886.0 0 1 0 0 0 0
1340 1487.8 728.0 1 -5 24.0 13.5 324.00 2963.0 0 1 0 0 0 0
1341 783.8 987.0 1 -5 56.0 24.4 1366.40 3960.0 0 1 0 0 0 0
1342 4571.0 503.0 0 -5 48.0 24.4 1171.20 3749.0 0 1 0 0 0 0
1343 1638.0 590.0 0 -5 16.0 5.4 86.40 1436.0 0 1 0 0 0 0
1344 5038.2 448.0 -1 -5 56.0 32.5 1820.00 3987.0 0 1 0 0 0 0
1345 4311.2 2193.0 -1 -5 16.0 5.4 86.40 96.0 0 1 0 0 0 0
1346 4966.4 3087.0 -2 -5 64.0 27.1 1734.40 3968.0 0 1 0 0 0 0
1347 3755.4 1273.0 -2 -5 8.0 8.1 64.80 1425.0 0 1 0 0 0 0
1348 3555.6 484.0 -3 -5 24.0 5.4 129.60 2039.0 0 1 0 0 0 0
1349 5282.8 1476.0 -4 -5 48.0 21.6 1036.80 3946.0 0 1 0 0 0 0
1350 3232.8 2479.0 -4 -5 112.0 48.7 5454.40 3960.0 0 1 0 0 0 0
1351 2254.8 3022.0 -4 -5 40.0 24.4 976.00 3959.0 0 1 0 0 0 0
1352 455.8 1429.0 -4 -5 48.0 18.9 907.20 3918.0 0 1 0 0 0 0
1353 5562.2 1141.0 -6 -5 48.0 27.1 1300.80 3948.0 0 1 0 0 0 0
1354 3693.2 258.0 -6 -5 64.0 18.9 1209.60 3708.0 0 1 0 0 0 0
1355 1220.2 1326.0 -6 -5 80.0 32.5 2600.00 3930.0 0 1 0 0 0 0
1356 1138.2 2423.0 -6 -5 80.0 29.8 2384.00 3934.0 0 1 0 0 0 0
1357 4333.4 1584.0 -7 -5 72.0 13.5 972.00 3985.0 0 1 0 0 0 0
1358 3238.4 475.0 -7 -5 16.0 5.4 86.40 1969.0 0 1 0 0 0 0
1359 3122.4 2227.0 -7 -5 24.0 8.1 194.40 1440.0 0 1 0 0 0 0
1360 2612.4 1567.0 -7 -5 64.0 27.1 1734.40 4062.0 0 1 0 0 0 0
1361 957.4 266.0 -7 -5 24.0 13.5 324.00 1408.0 0 1 0 0 0 0
1362 5710.6 785.0 -8 -5 56.0 18.9 1058.40 3806.0 0 1 0 0 0 0
1363 4778.6 3036.0 -8 -5 8.0 13.5 108.00 2167.0 0 1 0 0 0 0
1364 4738.6 3040.0 -8 -5 32.0 18.9 604.80 3100.0 0 1 0 0 0 0
1365 2359.8 2759.0 -9 -5 48.0 24.4 1171.20 3441.0 0 1 0 0 0 0
1366 1179.0 2206.0 -10 -5 24.0 10.8 259.20 2903.0 0 1 0 0 0 0
1367 547.0 2017.0 -10 -5 8.0 5.4 43.20 1534.0 0 1 0 0 0 0
1368 1672.2 171.0 -11 -5 80.0 40.6 3248.00 4067.0 0 1 0 0 0 0
1369 1075.2 251.0 -11 -5 8.0 2.7 21.60 712.0 0 1 0 0 0 0
1370 4744.4 430.0 -12 -5 56.0 29.8 1668.80 3809.0 0 1 0 0 0 0
1371 747.8 1495.4 -14 -4 24.0 10.8 259.20 2288.0 0 1 0 0 0 0
1372 4734.8 1152.4 -14 -4 56.0 24.4 1366.40 3786.0 0 1 0 0 0 0
1373 2629.6 735.4 -13 -4 56.0 21.6 1209.60 3832.0 0 1 0 0 0 0
1374 2633.6 2499.4 -13 -4 64.0 27.1 1734.40 3799.0 0 1 0 0 0 0
1375 5305.6 1478.4 -13 -4 40.0 24.4 976.00 3543.0 0 1 0 0 0 0
1376 5027.4 2209.4 -12 -4 104.0 43.3 4503.20 3838.0 0 1 0 0 0 0
1377 5180.4 293.4 -12 -4 40.0 18.9 756.00 3640.0 0 1 0 0 0 0
1378 2257.2 1561.4 -11 -4 24.0 27.1 650.40 2124.0 0 1 0 0 0 0
1379 2259.2 531.4 -11 -4 8.0 8.1 64.80 1400.0 0 1 0 0 0 0
1380 2328.2 533.4 -11 -4 72.0 56.9 4096.80 3619.0 0 1 0 0 0 0
1381 3447.2 1216.4 -11 -4 64.0 35.2 2252.80 3783.0 0 1 0 0 0 0
1382 915.0 1102.4 -10 -4 48.0 21.6 1036.80 3827.0 0 1 0 0 0 0
1383 5009.0 2850.4 -10 -4 88.0 29.8 2622.40 3827.0 0 1 0 0 0 0
1384 1034.8 3187.4 -9 -4 48.0 35.2 1689.60 3818.0 0 1 0 0 0 0
1385 4417.8 3135.4 -9 -4 64.0 29.8 1907.20 3884.0 0 1 0 0 0 0
1386 4545.8 2210.4 -9 -4 64.0 29.8 1907.20 3896.0 0 1 0 0 0 0
1387 5348.8 2685.4 -9 -4 64.0 21.6 1382.40 3879.0 0 1 0 0 0 0
1388 5608.8 944.4 -9 -4 32.0 16.2 518.40 3347.0 0 1 0 0 0 0
1389 4334.6 2874.4 -8 -4 56.0 24.4 1366.40 4008.0 0 1 0 0 0 0
1390 2593.4 470.4 -7 -4 24.0 10.8 259.20 1541.0 0 1 0 0 0 0
1391 2619.4 729.4 -7 -4 56.0 21.6 1209.60 3946.0 0 1 0 0 0 0
1392 4258.2 690.4 -6 -4 112.0 46.0 5152.00 3955.0 0 1 0 0 0 0
1393 2737.0 2984.4 -5 -4 24.0 10.8 259.20 1900.0 0 1 0 0 0 0
1394 1303.6 2145.4 -3 -4 56.0 18.9 1058.40 3918.0 0 1 0 0 0 0
1395 3145.6 2205.4 -3 -4 8.0 5.4 43.20 318.0 0 1 0 0 0 0
1396 3120.4 3263.4 -2 -4 72.0 29.8 2145.60 3946.0 0 1 0 0 0 0
1397 891.2 1426.4 -1 -4 64.0 35.2 2252.80 3964.0 0 1 0 0 0 0
1398 2512.2 1313.4 -1 -4 72.0 32.5 2340.00 3975.0 0 1 0 0 0 0
1399 857.0 2576.4 0 -4 128.0 35.2 4505.60 3941.0 0 1 0 0 0 0
1400 1011.0 1962.4 0 -4 96.0 40.6 3897.60 4071.0 0 1 0 0 0 0
1401 1340.0 1410.4 0 -4 88.0 43.3 3810.40 3955.0 0 1 0 0 0 0
1402 525.8 3157.4 1 -4 56.0 27.1 1517.60 3936.0 0 1 0 0 0 0
1403 2478.8 3340.4 1 -4 88.0 35.2 3097.60 3884.0 0 1 0 0 0 0
1404 2597.8 3388.4 1 -4 112.0 27.1 3035.20 4040.0 0 1 0 0 0 0
1405 2942.8 756.4 1 -4 184.0 51.5 9476.00 3969.0 0 1 0 0 0 0
1406 2701.6 599.4 2 -4 40.0 16.2 648.00 2926.0 0 1 0 0 0 0
1407 3637.6 2202.4 2 -4 24.0 2.7 64.80 1696.0 0 1 0 0 0 0
1408 3653.6 2186.4 2 -4 32.0 10.8 345.60 2872.0 0 1 0 0 0 0
1409 3657.6 2194.4 2 -4 8.0 5.4 43.20 1456.0 0 1 0 0 0 0
1410 5108.6 418.4 2 -4 168.0 62.3 10466.40 3973.0 0 1 0 0 0 0
1411 3591.4 134.4 3 -4 232.0 29.8 6913.60 3946.0 0 1 0 0 0 0
1412 3634.4 158.4 3 -4 72.0 27.1 1951.20 124.0 0 1 0 0 0 0
1413 4398.2 330.4 4 -4 88.0 35.2 3097.60 3962.0 0 1 0 0 0 0
1414 2396.0 2703.4 5 -4 160.0 46.0 7360.00 3971.0 0 1 0 0 0 0
1415 2638.0 2159.4 5 -4 72.0 32.5 2340.00 3962.0 0 1 0 0 0 0
1416 2972.0 2806.4 5 -4 104.0 56.9 5917.60 3966.0 0 1 0 0 0 0
1417 5489.0 1247.4 5 -4 32.0 21.6 691.20 3185.0 0 1 0 0 0 0
1418 5561.0 1251.4 5 -4 48.0 43.3 2078.40 3918.0 0 1 0 0 0 0
1419 673.8 636.4 6 -4 24.0 5.4 129.60 391.0 0 1 0 0 0 0
1420 682.8 552.4 6 -4 8.0 5.4 43.20 833.0 0 1 0 0 0 0
1421 721.8 561.4 6 -4 184.0 89.4 16449.60 3964.0 0 1 0 0 0 0
1422 1445.8 2901.4 6 -4 88.0 35.2 3097.60 3955.0 0 1 0 0 0 0
1423 2364.8 3287.4 6 -4 64.0 13.5 864.00 113.0 0 1 0 0 0 0
1424 2367.8 3319.4 6 -4 64.0 13.5 864.00 165.0 0 1 0 0 0 0
1425 2415.8 3383.4 6 -4 176.0 37.9 6670.40 4083.0 0 1 0 0 0 0
1426 2669.8 3379.4 6 -4 56.0 10.8 604.80 87.0 0 1 0 0 0 0
1427 398.6 1163.4 7 -4 136.0 37.9 5154.40 4056.0 0 1 0 0 0 0
1428 652.6 1069.4 7 -4 136.0 51.5 7004.00 3953.0 0 1 0 0 0 0
1429 2243.6 527.4 7 -4 24.0 27.1 650.40 3882.0 0 1 0 0 0 0
1430 442.4 3213.4 8 -4 72.0 32.5 2340.00 3964.0 0 1 0 0 0 0
1431 3234.4 2741.4 8 -4 64.0 21.6 1382.40 3902.0 0 1 0 0 0 0
1432 4226.4 431.4 8 -4 64.0 48.7 3116.80 3932.0 0 1 0 0 0 0
1433 4922.4 2777.4 8 -4 112.0 51.5 5768.00 3953.0 0 1 0 0 0 0
1434 2330.2 1115.4 9 -4 120.0 67.7 8124.00 4080.0 0 1 0 0 0 0
1435 1320.0 1286.4 10 -4 56.0 21.6 1209.60 3902.0 0 1 0 0 0 0
1436 2841.0 2580.4 10 -4 72.0 32.5 2340.00 3918.0 0 1 0 0 0 0
1437 3237.0 2306.4 10 -4 40.0 18.9 756.00 2700.0 0 1 0 0 0 0
1438 3277.0 2298.4 10 -4 16.0 10.8 172.80 2273.0 0 1 0 0 0 0
1439 2283.8 1058.4 11 -4 88.0 43.3 3810.40 3841.0 0 1 0 0 0 0
1440 2496.8 2920.4 11 -4 56.0 21.6 1209.60 3896.0 0 1 0 0 0 0
1441 948.6 2296.4 12 -4 32.0 8.1 259.20 2643.0 0 1 0 0 0 0
1442 949.6 2305.4 12 -4 16.0 2.7 43.20 2252.0 0 1 0 0 0 0
1443 953.6 2285.4 12 -4 24.0 5.4 129.60 1349.0 0 1 0 0 0 0
1444 992.6 2295.4 12 -4 24.0 18.9 453.60 2894.0 0 1 0 0 0 0
1445 3006.6 305.4 12 -4 128.0 43.3 5542.40 3918.0 0 1 0 0 0 0
1446 5178.6 676.4 12 -4 88.0 40.6 3572.80 3916.0 0 1 0 0 0 0
1447 276.4 2567.4 13 -4 104.0 94.8 9859.20 4067.0 0 1 0 0 0 0
1448 356.4 2560.4 13 -4 32.0 29.8 953.60 3096.0 0 1 0 0 0 0
1449 3163.4 2217.4 13 -4 160.0 40.6 6496.00 3911.0 0 1 0 0 0 0
1450 3228.4 2798.4 13 -4 48.0 16.2 777.60 3196.0 0 1 0 0 0 0
1451 1604.2 3261.4 14 -4 80.0 32.5 2600.00 3879.0 0 1 0 0 0 0
1452 4987.2 1429.8 14 -3 24.0 13.5 324.00 3237.0 0 1 0 0 0 0
1453 4378.2 1996.8 14 -3 40.0 18.9 756.00 3137.0 0 1 0 0 0 0
1454 1783.2 3310.8 14 -3 32.0 18.9 604.80 2837.0 0 1 0 0 0 0
1455 1506.2 1975.8 14 -3 88.0 32.5 2860.00 4081.0 0 1 0 0 0 0
1456 5297.4 2752.8 13 -3 64.0 24.4 1561.60 3904.0 0 1 0 0 0 0
1457 1160.6 414.8 12 -3 56.0 24.4 1366.40 3888.0 0 1 0 0 0 0
1458 884.6 673.8 12 -3 88.0 35.2 3097.60 3898.0 0 1 0 0 0 0
1459 5774.8 437.8 11 -3 16.0 21.6 345.60 1815.0 0 1 0 0 0 0
1460 5535.8 832.8 11 -3 64.0 24.4 1561.60 3276.0 0 1 0 0 0 0
1461 5490.8 932.8 11 -3 24.0 10.8 259.20 2604.0 0 1 0 0 0 0
1462 5474.8 977.8 11 -3 48.0 37.9 1819.20 3879.0 0 1 0 0 0 0
1463 5427.8 136.8 11 -3 80.0 29.8 2384.00 3904.0 0 1 0 0 0 0
1464 3235.8 2517.8 11 -3 48.0 18.9 907.20 3879.0 0 1 0 0 0 0
1465 5772.0 2265.8 10 -3 16.0 10.8 172.80 2144.0 0 1 0 0 0 0
1466 5747.0 2269.8 10 -3 16.0 5.4 86.40 1936.0 0 1 0 0 0 0
1467 5742.0 2253.8 10 -3 16.0 2.7 43.20 1344.0 0 1 0 0 0 0
1468 3223.0 1562.8 10 -3 104.0 35.2 3660.80 4076.0 0 1 0 0 0 0
1469 836.0 301.8 10 -3 176.0 81.3 14308.80 3936.0 0 1 0 0 0 0
1470 4525.2 3220.8 9 -3 72.0 32.5 2340.00 3959.0 0 1 0 0 0 0
1471 1149.2 2905.8 9 -3 96.0 43.3 4156.80 3966.0 0 1 0 0 0 0
1472 979.2 1474.8 9 -3 112.0 37.9 4244.80 3969.0 0 1 0 0 0 0
1473 897.2 2747.8 9 -3 88.0 37.9 3335.20 3968.0 0 1 0 0 0 0
1474 3122.4 1458.8 8 -3 112.0 48.7 5454.40 3984.0 0 1 0 0 0 0
1475 2965.4 427.8 8 -3 72.0 27.1 1951.20 3966.0 0 1 0 0 0 0
1476 5729.6 1513.8 7 -3 184.0 78.6 14462.40 3989.0 0 1 0 0 0 0
1477 5593.6 1570.8 7 -3 40.0 10.8 432.00 261.0 0 1 0 0 0 0
1478 3288.6 464.8 7 -3 40.0 13.5 540.00 3751.0 0 1 0 0 0 0
1479 2753.6 164.8 7 -3 176.0 46.0 8096.00 4078.0 0 1 0 0 0 0
1480 2564.6 3381.8 7 -3 96.0 32.5 3120.00 4078.0 0 1 0 0 0 0
1481 1322.6 1035.8 7 -3 192.0 70.4 13516.80 3971.0 0 1 0 0 0 0
1482 348.6 2748.8 7 -3 64.0 21.6 1382.40 3623.0 0 1 0 0 0 0
1483 303.6 2729.8 7 -3 16.0 8.1 129.60 1399.0 0 1 0 0 0 0
1484 299.6 2750.8 7 -3 8.0 5.4 43.20 2247.0 0 1 0 0 0 0
1485 278.6 2744.8 7 -3 24.0 13.5 324.00 2968.0 0 1 0 0 0 0
1486 5292.8 1344.8 6 -3 112.0 40.6 4547.20 3978.0 0 1 0 0 0 0
1487 4949.8 719.8 6 -3 72.0 46.0 3312.00 3969.0 0 1 0 0 0 0
1488 3638.8 949.8 6 -3 168.0 59.6 10012.80 3966.0 0 1 0 0 0 0
1489 2777.8 2757.8 6 -3 120.0 51.5 6180.00 3996.0 0 1 0 0 0 0
1490 2638.8 1960.8 6 -3 96.0 35.2 3379.20 4062.0 0 1 0 0 0 0
1491 1522.8 1570.8 6 -3 40.0 16.2 648.00 2341.0 0 1 0 0 0 0
1492 4877.0 432.8 5 -3 80.0 32.5 2600.00 3969.0 0 1 0 0 0 0
1493 3326.0 2600.8 5 -3 128.0 70.4 9011.20 3985.0 0 1 0 0 0 0
1494 871.2 2841.8 4 -3 64.0 24.4 1561.60 3964.0 0 1 0 0 0 0
1495 5305.4 134.8 3 -3 24.0 2.7 64.80 424.0 0 1 0 0 0 0
1496 4921.4 991.8 3 -3 48.0 21.6 1036.80 3944.0 0 1 0 0 0 0
1497 1145.4 3381.8 3 -3 64.0 24.4 1561.60 4055.0 0 1 0 0 0 0
1498 587.4 2755.8 3 -3 72.0 32.5 2340.00 3969.0 0 1 0 0 0 0
1499 4907.6 3153.8 2 -3 80.0 35.2 2816.00 3982.0 0 1 0 0 0 0
1500 3614.6 3252.8 2 -3 48.0 24.4 1171.20 3957.0 0 1 0 0 0 0
1501 3129.6 2733.8 2 -3 88.0 40.6 3572.80 3969.0 0 1 0 0 0 0
1502 4526.8 929.8 1 -3 88.0 46.0 4048.00 3852.0 0 1 0 0 0 0
1503 3003.8 1189.8 1 -3 24.0 16.2 388.80 2768.0 0 1 0 0 0 0
1504 2953.8 1188.8 1 -3 48.0 29.8 1430.40 3841.0 0 1 0 0 0 0
1505 4222.0 422.8 0 -3 32.0 35.2 1126.40 3244.0 0 1 0 0 0 0
1506 3562.0 553.8 0 -3 64.0 8.1 518.40 2551.0 0 1 0 0 0 0
1507 3557.0 543.8 0 -3 16.0 8.1 129.60 2501.0 0 1 0 0 0 0
1508 3549.0 559.8 0 -3 16.0 5.4 86.40 1788.0 0 1 0 0 0 0
1509 5489.2 1115.8 -1 -3 56.0 21.6 1209.60 3937.0 0 1 0 0 0 0
1510 3135.2 2159.8 -1 -3 56.0 24.4 1366.40 3960.0 0 1 0 0 0 0
1511 2733.2 857.8 -1 -3 88.0 35.2 3097.60 3971.0 0 1 0 0 0 0
1512 5465.4 2283.8 -2 -3 40.0 29.8 1192.00 3200.0 0 1 0 0 0 0
1513 5422.4 2286.8 -2 -3 32.0 13.5 432.00 3011.0 0 1 0 0 0 0
1514 5209.4 3272.8 -2 -3 112.0 43.3 4849.60 3976.0 0 1 0 0 0 0
1515 4671.4 2571.8 -2 -3 96.0 29.8 2860.80 3975.0 0 1 0 0 0 0
1516 1626.4 153.8 -2 -3 96.0 43.3 4156.80 4048.0 0 1 0 0 0 0
1517 5599.6 570.8 -3 -3 24.0 8.1 194.40 2520.0 0 1 0 0 0 0
1518 5048.6 2763.8 -3 -3 88.0 35.2 3097.60 3968.0 0 1 0 0 0 0
1519 4368.6 2058.8 -3 -3 24.0 13.5 324.00 2581.0 0 1 0 0 0 0
1520 4230.6 3365.8 -3 -3 72.0 27.1 1951.20 4060.0 0 1 0 0 0 0
1521 3154.6 2509.8 -3 -3 104.0 46.0 4784.00 3980.0 0 1 0 0 0 0
1522 1698.6 1954.8 -3 -3 112.0 43.3 4849.60 4048.0 0 1 0 0 0 0
1523 403.6 2624.8 -3 -3 72.0 40.6 2923.20 3980.0 0 1 0 0 0 0
1524 3618.8 571.8 -4 -3 24.0 5.4 129.60 2163.0 0 1 0 0 0 0
1525 5094.0 3199.8 -5 -3 56.0 21.6 1209.60 3966.0 0 1 0 0 0 0
1526 5577.2 1279.8 -6 -3 72.0 21.6 1555.20 3934.0 0 1 0 0 0 0
1527 4680.2 1005.8 -6 -3 88.0 37.9 3335.20 3944.0 0 1 0 0 0 0
1528 1749.2 2320.8 -6 -3 16.0 5.4 86.40 1662.0 0 1 0 0 0 0
1529 263.2 3053.8 -6 -3 48.0 24.4 1171.20 3936.0 0 1 0 0 0 0
1530 488.4 3384.8 -7 -3 104.0 32.5 3380.00 4069.0 0 1 0 0 0 0
1531 288.4 3382.8 -7 -3 96.0 32.5 3120.00 4076.0 0 1 0 0 0 0
1532 4577.8 484.8 -9 -3 24.0 18.9 453.60 2920.0 0 1 0 0 0 0
1533 897.0 2649.8 -10 -3 64.0 21.6 1382.40 4001.0 0 1 0 0 0 0
1534 5733.2 1089.8 -11 -3 16.0 8.1 129.60 1448.0 0 1 0 0 0 0
1535 5020.2 2889.8 -11 -3 32.0 10.8 345.60 1891.0 0 1 0 0 0 0
1536 3413.2 1134.8 -11 -3 56.0 21.6 1209.60 3809.0 0 1 0 0 0 0
1537 3219.2 1570.8 -11 -3 16.0 2.7 43.20 80.0 0 1 0 0 0 0
1538 4743.4 2531.8 -12 -3 88.0 43.3 3810.40 3843.0 0 1 0 0 0 0
1539 733.4 554.8 -12 -3 16.0 16.2 259.20 3237.0 0 1 0 0 0 0
1540 1685.6 3218.8 -13 -3 40.0 16.2 648.00 3575.0 0 1 0 0 0 0
1541 514.6 2565.8 -13 -3 80.0 27.1 2168.00 3834.0 0 1 0 0 0 0
1542 277.6 341.2 -13 -2 24.0 10.8 259.20 343.0 0 1 0 0 0 0
1543 1133.6 1549.2 -13 -2 24.0 10.8 259.20 1153.0 0 1 0 0 0 0
1544 2856.6 458.2 -13 -2 24.0 10.8 259.20 1393.0 0 1 0 0 0 0
1545 4650.4 1462.2 -12 -2 40.0 18.9 756.00 3731.0 0 1 0 0 0 0
1546 1604.2 568.2 -11 -2 32.0 8.1 259.20 2768.0 0 1 0 0 0 0
1547 1631.2 874.2 -11 -2 56.0 27.1 1517.60 3792.0 0 1 0 0 0 0
1548 5649.2 980.2 -11 -2 32.0 10.8 345.60 3416.0 0 1 0 0 0 0
1549 731.0 682.2 -10 -2 24.0 10.8 259.20 2364.0 0 1 0 0 0 0
1550 3361.0 1060.2 -10 -2 56.0 21.6 1209.60 3815.0 0 1 0 0 0 0
1551 5545.0 3304.2 -10 -2 80.0 29.8 2384.00 3880.0 0 1 0 0 0 0
1552 238.8 1500.2 -9 -2 64.0 43.3 2771.20 3863.0 0 1 0 0 0 0
1553 275.6 2354.2 -8 -2 8.0 8.1 64.80 1582.0 0 1 0 0 0 0
1554 320.6 2356.2 -8 -2 32.0 10.8 345.60 3381.0 0 1 0 0 0 0
1555 2519.6 140.2 -8 -2 72.0 24.4 1756.80 3937.0 0 1 0 0 0 0
1556 4211.4 2360.2 -7 -2 48.0 29.8 1430.40 3333.0 0 1 0 0 0 0
1557 5782.4 1382.2 -7 -2 48.0 35.2 1689.60 3856.0 0 1 0 0 0 0
1558 3421.2 2291.2 -6 -2 32.0 8.1 259.20 2517.0 0 1 0 0 0 0
1559 3425.2 2279.2 -6 -2 24.0 8.1 194.40 2103.0 0 1 0 0 0 0
1560 5643.2 1196.2 -6 -2 64.0 24.4 1561.60 3932.0 0 1 0 0 0 0
1561 336.0 135.2 -5 -2 64.0 8.1 518.40 1987.0 0 1 0 0 0 0
1562 340.0 159.2 -5 -2 24.0 5.4 129.60 49.0 0 1 0 0 0 0
1563 577.0 3361.2 -5 -2 16.0 10.8 172.80 74.0 0 1 0 0 0 0
1564 587.0 3334.2 -5 -2 56.0 8.1 453.60 3354.0 0 1 0 0 0 0
1565 1062.0 1945.2 -5 -2 40.0 5.4 216.00 1672.0 0 1 0 0 0 0
1566 5090.8 3387.2 -4 -2 168.0 29.8 5006.40 2696.0 0 1 0 0 0 0
1567 1059.6 1250.2 -3 -2 64.0 35.2 2252.80 3950.0 0 1 0 0 0 0
1568 1349.6 798.2 -3 -2 72.0 35.2 2534.40 3964.0 0 1 0 0 0 0
1569 4981.6 2263.2 -3 -2 40.0 27.1 1084.00 3665.0 0 1 0 0 0 0
1570 5023.6 2266.2 -3 -2 32.0 27.1 867.20 3376.0 0 1 0 0 0 0
1571 5085.6 2952.2 -3 -2 56.0 21.6 1209.60 3959.0 0 1 0 0 0 0
1572 5758.6 1537.2 -3 -2 48.0 40.6 1948.80 3898.0 0 1 0 0 0 0
1573 2247.4 1495.2 -2 -2 32.0 21.6 691.20 3875.0 0 1 0 0 0 0
1574 4484.4 1975.2 -2 -2 96.0 29.8 2860.80 4083.0 0 1 0 0 0 0
1575 5581.4 1339.2 -2 -2 104.0 51.5 5356.00 3925.0 0 1 0 0 0 0
1576 3194.2 1352.2 -1 -2 104.0 40.6 4222.40 3959.0 0 1 0 0 0 0
1577 4515.2 2762.2 -1 -2 96.0 40.6 3897.60 3944.0 0 1 0 0 0 0
1578 2461.0 3380.2 0 -2 176.0 40.6 7145.60 4081.0 0 1 0 0 0 0
1579 2668.0 3370.2 0 -2 32.0 10.8 345.60 49.0 0 1 0 0 0 0
1580 3052.8 3361.2 1 -2 48.0 18.9 907.20 2604.0 0 1 0 0 0 0
1581 5794.8 2403.2 1 -2 8.0 2.7 21.60 1127.0 0 1 0 0 0 0
1582 898.6 3300.2 2 -2 64.0 51.5 3296.00 3971.0 0 1 0 0 0 0
1583 1027.4 2301.2 3 -2 32.0 21.6 691.20 3600.0 0 1 0 0 0 0
1584 1068.4 2303.2 3 -2 16.0 5.4 86.40 1464.0 0 1 0 0 0 0
1585 2747.4 1304.2 3 -2 80.0 46.0 3680.00 3953.0 0 1 0 0 0 0
1586 5217.4 3376.2 3 -2 24.0 10.8 259.20 206.0 0 1 0 0 0 0
1587 5346.4 3343.2 3 -2 56.0 18.9 1058.40 641.0 0 1 0 0 0 0
1588 5351.4 3287.2 3 -2 48.0 21.6 1036.80 833.0 0 1 0 0 0 0
1589 5402.4 3365.2 3 -2 24.0 8.1 194.40 92.0 0 1 0 0 0 0
1590 5409.4 3314.2 3 -2 152.0 56.9 8648.80 3973.0 0 1 0 0 0 0
1591 797.2 3042.2 4 -2 16.0 8.1 129.60 2551.0 0 1 0 0 0 0
1592 803.2 3292.2 4 -2 40.0 16.2 648.00 3290.0 0 1 0 0 0 0
1593 805.2 3051.2 4 -2 16.0 2.7 43.20 1662.0 0 1 0 0 0 0
1594 868.2 2748.2 4 -2 120.0 65.0 7800.00 3976.0 0 1 0 0 0 0
1595 1141.2 935.2 4 -2 32.0 13.5 432.00 1742.0 0 1 0 0 0 0
1596 2450.2 1584.2 4 -2 72.0 13.5 972.00 4019.0 0 1 0 0 0 0
1597 4337.2 3360.2 4 -2 16.0 5.4 86.40 131.0 0 1 0 0 0 0
1598 4357.2 3295.2 4 -2 120.0 73.1 8772.00 4081.0 0 1 0 0 0 0
1599 3385.0 1039.2 5 -2 64.0 29.8 1907.20 3971.0 0 1 0 0 0 0
1600 1079.8 2368.2 6 -2 160.0 81.3 13008.00 3991.0 0 1 0 0 0 0
1601 3365.8 1007.2 6 -2 56.0 21.6 1209.60 3991.0 0 1 0 0 0 0
1602 5780.8 2645.2 6 -2 40.0 29.8 1192.00 3912.0 0 1 0 0 0 0
1603 3046.6 2427.2 7 -2 96.0 43.3 4156.80 3985.0 0 1 0 0 0 0
1604 4575.6 2641.2 7 -2 64.0 21.6 1382.40 4023.0 0 1 0 0 0 0
1605 4797.6 1515.2 7 -2 32.0 24.4 780.80 3708.0 0 1 0 0 0 0
1606 5349.6 879.2 7 -2 144.0 40.6 5846.40 3982.0 0 1 0 0 0 0
1607 1312.4 1241.2 8 -2 40.0 75.8 3032.00 3774.0 0 1 0 0 0 0
1608 1361.4 1213.2 8 -2 16.0 8.1 129.60 1927.0 0 1 0 0 0 0
1609 1408.4 1237.2 8 -2 96.0 37.9 3638.40 3971.0 0 1 0 0 0 0
1610 1765.4 2735.2 8 -2 40.0 27.1 1084.00 3795.0 0 1 0 0 0 0
1611 2493.4 1157.2 8 -2 64.0 29.8 1907.20 3955.0 0 1 0 0 0 0
1612 2827.4 2255.2 8 -2 40.0 16.2 648.00 3180.0 0 1 0 0 0 0
1613 3582.4 2038.2 8 -2 72.0 37.9 2728.80 3989.0 0 1 0 0 0 0
1614 5051.4 2846.2 8 -2 64.0 29.8 1907.20 3975.0 0 1 0 0 0 0
1615 5175.4 2765.2 8 -2 192.0 105.7 20294.40 3987.0 0 1 0 0 0 0
1616 5251.4 2717.2 8 -2 24.0 5.4 129.60 1847.0 0 1 0 0 0 0
1617 3207.2 2834.2 9 -2 104.0 59.6 6198.40 3968.0 0 1 0 0 0 0
1618 1069.0 3336.2 10 -2 48.0 10.8 518.40 3377.0 0 1 0 0 0 0
1619 2687.0 2717.2 10 -2 16.0 16.2 259.20 2549.0 0 1 0 0 0 0
1620 2715.0 2738.2 10 -2 40.0 32.5 1300.00 773.0 0 1 0 0 0 0
1621 2723.0 2717.2 10 -2 8.0 8.1 64.80 1971.0 0 1 0 0 0 0
1622 2730.0 611.2 10 -2 112.0 54.2 6070.40 3939.0 0 1 0 0 0 0
1623 2785.0 2651.2 10 -2 168.0 116.5 19572.00 4030.0 0 1 0 0 0 0
1624 5022.0 602.2 10 -2 80.0 40.6 3248.00 3948.0 0 1 0 0 0 0
1625 4519.6 2538.2 12 -2 16.0 8.1 129.60 515.0 0 1 0 0 0 0
1626 3540.4 2292.6 13 -1 24.0 8.1 194.40 2135.0 0 1 0 0 0 0
1627 3485.4 2305.6 13 -1 32.0 21.6 691.20 3226.0 0 1 0 0 0 0
1628 3368.4 962.6 13 -1 56.0 21.6 1209.60 3925.0 0 1 0 0 0 0
1629 2659.4 1263.6 13 -1 152.0 67.7 10290.40 3959.0 0 1 0 0 0 0
1630 1280.4 1984.6 13 -1 120.0 37.9 4548.00 4076.0 0 1 0 0 0 0
1631 1085.4 379.6 13 -1 72.0 29.8 2145.60 3914.0 0 1 0 0 0 0
1632 220.4 403.6 13 -1 16.0 27.1 433.60 2759.0 0 1 0 0 0 0
1633 2261.6 569.6 12 -1 48.0 29.8 1430.40 3934.0 0 1 0 0 0 0
1634 1446.6 2279.6 12 -1 48.0 27.1 1300.80 3873.0 0 1 0 0 0 0
1635 4823.8 453.6 11 -1 88.0 51.5 4532.00 3912.0 0 1 0 0 0 0
1636 3623.8 165.6 11 -1 88.0 35.2 3097.60 4083.0 0 1 0 0 0 0
1637 2575.8 399.6 11 -1 16.0 5.4 86.40 552.0 0 1 0 0 0 0
1638 1759.8 2083.6 11 -1 32.0 32.5 1040.00 3537.0 0 1 0 0 0 0
1639 1687.8 1965.6 11 -1 32.0 10.8 345.60 152.0 0 1 0 0 0 0
1640 1641.8 741.6 11 -1 8.0 2.7 21.60 1463.0 0 1 0 0 0 0
1641 1073.8 2279.6 11 -1 64.0 35.2 2252.80 3909.0 0 1 0 0 0 0
1642 640.8 1090.6 11 -1 120.0 70.4 8448.00 3943.0 0 1 0 0 0 0
1643 1764.0 180.6 10 -1 48.0 21.6 1036.80 4021.0 0 1 0 0 0 0
1644 5546.2 3235.6 9 -1 96.0 46.0 4416.00 3927.0 0 1 0 0 0 0
1645 2282.2 1454.6 9 -1 88.0 21.6 1900.80 3824.0 0 1 0 0 0 0
1646 2260.2 1418.6 9 -1 56.0 40.6 2273.60 3948.0 0 1 0 0 0 0
1647 3371.6 2527.6 7 -1 48.0 16.2 777.60 3575.0 0 1 0 0 0 0
1648 3271.6 1966.6 7 -1 40.0 10.8 432.00 60.0 0 1 0 0 0 0
1649 3213.6 2043.6 7 -1 120.0 54.2 6504.00 3991.0 0 1 0 0 0 0
1650 1688.6 1117.6 7 -1 40.0 18.9 756.00 3946.0 0 1 0 0 0 0
1651 5683.8 3076.6 6 -1 40.0 10.8 432.00 2556.0 0 1 0 0 0 0
1652 5583.8 3007.6 6 -1 104.0 51.5 5356.00 3959.0 0 1 0 0 0 0
1653 5479.8 3022.6 6 -1 48.0 24.4 1171.20 3914.0 0 1 0 0 0 0
1654 4510.8 184.6 6 -1 56.0 24.4 1366.40 4032.0 0 1 0 0 0 0
1655 3659.8 2118.6 6 -1 16.0 8.1 129.60 1902.0 0 1 0 0 0 0
1656 3557.8 2100.6 6 -1 96.0 35.2 3379.20 3928.0 0 1 0 0 0 0
1657 3517.8 1980.6 6 -1 16.0 10.8 172.80 64.0 0 1 0 0 0 0
1658 3474.8 2113.6 6 -1 48.0 46.0 2208.00 3845.0 0 1 0 0 0 0
1659 3431.8 2116.6 6 -1 24.0 10.8 259.20 2428.0 0 1 0 0 0 0
1660 3418.8 2104.6 6 -1 48.0 13.5 648.00 1886.0 0 1 0 0 0 0
1661 2511.8 2561.6 6 -1 112.0 46.0 5152.00 3984.0 0 1 0 0 0 0
1662 1729.8 2962.6 6 -1 96.0 48.7 4675.20 3969.0 0 1 0 0 0 0
1663 345.8 200.6 6 -1 184.0 65.0 11960.00 4071.0 0 1 0 0 0 0
1664 256.8 237.6 6 -1 32.0 10.8 345.60 1683.0 0 1 0 0 0 0
1665 4486.0 2866.6 5 -1 80.0 40.6 3248.00 3973.0 0 1 0 0 0 0
1666 2407.0 759.6 5 -1 24.0 8.1 194.40 563.0 0 1 0 0 0 0
1667 439.2 3245.6 4 -1 56.0 32.5 1820.00 3944.0 0 1 0 0 0 0
1668 245.2 3042.6 4 -1 48.0 40.6 1948.80 3966.0 0 1 0 0 0 0
1669 2598.4 2274.6 3 -1 56.0 21.6 1209.60 3880.0 0 1 0 0 0 0
1670 1066.4 1263.6 3 -1 64.0 29.8 1907.20 3946.0 0 1 0 0 0 0
1671 5052.6 1360.6 2 -1 96.0 37.9 3638.40 3980.0 0 1 0 0 0 0
1672 1124.6 165.6 2 -1 144.0 48.7 7012.80 4083.0 0 1 0 0 0 0
1673 3424.8 3008.6 1 -1 64.0 37.9 2425.60 3936.0 0 1 0 0 0 0
1674 3374.8 3002.6 1 -1 16.0 5.4 86.40 1800.0 0 1 0 0 0 0
1675 743.0 1978.6 0 -1 104.0 32.5 3380.00 4083.0 0 1 0 0 0 0
1676 571.0 878.6 0 -1 48.0 29.8 1430.40 3904.0 0 1 0 0 0 0
1677 248.0 891.6 0 -1 40.0 18.9 756.00 3672.0 0 1 0 0 0 0
1678 1620.2 845.6 -1 -1 72.0 29.8 2145.60 3941.0 0 1 0 0 0 0
1679 4257.4 2844.6 -2 -1 104.0 54.2 5636.80 3953.0 0 1 0 0 0 0
1680 1802.4 2920.6 -2 -1 24.0 24.4 585.60 3662.0 0 1 0 0 0 0
1681 1778.4 2923.6 -2 -1 8.0 2.7 21.60 700.0 0 1 0 0 0 0
1682 5805.6 2502.6 -3 -1 24.0 8.1 194.40 2439.0 0 1 0 0 0 0
1683 4404.8 1385.6 -4 -1 88.0 35.2 3097.60 3975.0 0 1 0 0 0 0
1684 1376.8 550.6 -4 -1 80.0 35.2 2816.00 3964.0 0 1 0 0 0 0
1685 247.8 2907.6 -4 -1 56.0 40.6 2273.60 3964.0 0 1 0 0 0 0
1686 5175.0 1441.6 -5 -1 72.0 35.2 2534.40 3968.0 0 1 0 0 0 0
1687 3305.4 2891.6 -7 -1 104.0 40.6 4222.40 3950.0 0 1 0 0 0 0
1688 718.6 3340.6 -8 -1 88.0 43.3 3810.40 3768.0 0 1 0 0 0 0
1689 5697.8 1446.6 -9 -1 80.0 32.5 2600.00 3909.0 0 1 0 0 0 0
1690 5066.2 936.6 -11 -1 48.0 16.2 777.60 3688.0 0 1 0 0 0 0
1691 2862.4 2469.6 -12 -1 32.0 13.5 432.00 2725.0 0 1 0 0 0 0
1692 4621.6 2779.6 -13 -1 88.0 51.5 4532.00 3795.0 0 1 0 0 0 0
1693 992.6 1968.6 -13 -1 104.0 40.6 4222.40 4076.0 0 1 0 0 0 0
1694 5085.8 3231.6 -14 -1 80.0 32.5 2600.00 3781.0 0 1 0 0 0 0
1695 661.8 644.6 -14 -1 80.0 32.5 2600.00 3811.0 0 1 0 0 0 0
1696 5380.6 233.0 -13 0 40.0 13.5 540.00 3192.0 0 1 0 0 0 0
1697 5387.6 1024.0 -13 0 40.0 21.6 864.00 1509.0 0 1 0 0 0 0
1698 5393.6 252.0 -13 0 8.0 8.1 64.80 1836.0 0 1 0 0 0 0
1699 5425.6 231.0 -13 0 24.0 13.5 324.00 2568.0 0 1 0 0 0 0
1700 5426.6 256.0 -13 0 24.0 18.9 453.60 2561.0 0 1 0 0 0 0
1701 261.2 2115.0 -11 0 72.0 35.2 2534.40 3998.0 0 1 0 0 0 0
1702 3238.2 3267.0 -11 0 24.0 8.1 194.40 1082.0 0 1 0 0 0 0
1703 354.0 2777.0 -10 0 56.0 24.3 1360.80 3848.0 0 1 0 0 0 0
1704 3349.6 1451.0 -8 0 56.0 24.3 1360.80 3904.0 0 1 0 0 0 0
1705 3454.6 2511.0 -8 0 16.0 16.2 259.20 2444.0 0 1 0 0 0 0
1706 997.4 2604.0 -7 0 24.0 21.6 518.40 2432.0 0 1 0 0 0 0
1707 2921.4 687.0 -7 0 80.0 35.2 2816.00 3944.0 0 1 0 0 0 0
1708 4260.4 3361.0 -7 0 88.0 32.5 2860.00 4069.0 0 1 0 0 0 0
1709 4767.4 3132.0 -7 0 80.0 37.9 3032.00 3959.0 0 1 0 0 0 0
1710 233.2 3358.0 -6 0 40.0 24.3 972.00 4042.0 0 1 0 0 0 0
1711 323.2 310.0 -6 0 64.0 27.1 1734.40 4021.0 0 1 0 0 0 0
1712 3325.2 2382.0 -6 0 48.0 18.9 907.20 3916.0 0 1 0 0 0 0
1713 3623.2 2741.0 -6 0 96.0 40.6 3897.60 3944.0 0 1 0 0 0 0
1714 4210.2 924.0 -6 0 8.0 8.1 64.80 2199.0 0 1 0 0 0 0
1715 2431.0 2213.0 -5 0 48.0 5.4 259.20 983.0 0 1 0 0 0 0
1716 2434.0 2197.0 -5 0 88.0 24.3 2138.40 3948.0 0 1 0 0 0 0
1717 4432.0 2617.0 -5 0 80.0 35.2 2816.00 3971.0 0 1 0 0 0 0
1718 3396.8 546.0 -4 0 128.0 51.5 6592.00 3960.0 0 1 0 0 0 0
1719 3447.8 2780.0 -4 0 32.0 13.5 432.00 2590.0 0 1 0 0 0 0
1720 5295.8 981.0 -4 0 112.0 46.0 5152.00 3959.0 0 1 0 0 0 0
1721 3719.6 2998.0 -3 0 72.0 32.5 2340.00 3937.0 0 1 0 0 0 0
1722 3113.4 3217.0 -2 0 56.0 29.8 1668.80 3943.0 0 1 0 0 0 0
1723 5734.2 1203.0 -1 0 96.0 27.1 2601.60 3904.0 0 1 0 0 0 0
1724 5784.2 1554.0 -1 0 48.0 24.3 1166.40 3992.0 0 1 0 0 0 0
1725 2538.0 1165.0 0 0 24.0 13.5 324.00 3578.0 0 1 0 0 0 0
1726 4223.0 567.0 0 0 48.0 24.4 1171.20 3790.0 0 1 0 0 0 0
1727 597.8 2951.0 1 0 64.0 24.3 1555.20 3616.0 0 1 0 0 0 0
1728 2346.8 928.0 1 0 48.0 5.4 259.20 3116.0 0 1 0 0 0 0
1729 4200.6 2323.0 2 0 24.0 27.1 650.40 3864.0 0 1 0 0 0 0
1730 5151.4 2365.0 3 0 48.0 21.6 1036.80 2981.0 0 1 0 0 0 0
1731 5199.4 2361.0 3 0 32.0 18.9 604.80 2323.0 0 1 0 0 0 0
1732 2290.2 2601.0 4 0 64.0 24.3 1555.20 4065.0 0 1 0 0 0 0
1733 4577.2 757.0 4 0 48.0 18.9 907.20 3943.0 0 1 0 0 0 0
1734 5492.2 264.0 4 0 32.0 21.6 691.20 3772.0 0 1 0 0 0 0
1735 563.0 1514.0 5 0 16.0 2.7 43.20 1895.0 0 1 0 0 0 0
1736 567.0 1541.0 5 0 72.0 43.3 3117.60 3955.0 0 1 0 0 0 0
1737 1075.0 3189.0 5 0 88.0 51.4 4523.20 3973.0 0 1 0 0 0 0
1738 1190.0 1577.0 5 0 192.0 32.5 6240.00 4076.0 0 1 0 0 0 0
1739 1425.0 1572.0 5 0 72.0 8.1 583.20 49.0 0 1 0 0 0 0
1740 3600.8 1213.0 6 0 48.0 29.8 1430.40 3669.0 0 1 0 0 0 0
1741 5489.8 1219.0 6 0 40.0 29.8 1192.00 3621.0 0 1 0 0 0 0
1742 5563.8 1221.0 6 0 64.0 43.3 2771.20 3969.0 0 1 0 0 0 0
1743 1016.6 3322.0 7 0 32.0 16.2 518.40 3699.0 0 1 0 0 0 0
1744 2373.6 2713.0 7 0 72.0 16.2 1166.40 3022.0 0 1 0 0 0 0
1745 4765.6 3146.0 7 0 32.0 16.2 518.40 2478.0 0 1 0 0 0 0
1746 5315.6 364.0 7 0 16.0 8.1 129.60 1493.0 0 1 0 0 0 0
1747 5594.6 3182.0 7 0 64.0 37.9 2425.60 3975.0 0 1 0 0 0 0
1748 5478.4 362.0 8 0 56.0 35.2 1971.20 3744.0 0 1 0 0 0 0
1749 469.2 2669.0 9 0 72.0 37.9 2728.80 3971.0 0 1 0 0 0 0
1750 625.2 633.0 9 0 176.0 81.3 14308.80 3966.0 0 1 0 0 0 0
1751 2709.2 202.0 9 0 16.0 16.2 259.20 3169.0 0 1 0 0 0 0
1752 2752.2 204.0 9 0 24.0 18.9 453.60 2551.0 0 1 0 0 0 0
1753 4312.2 359.0 9 0 48.0 32.5 1560.00 4049.0 0 1 0 0 0 0
1754 5097.2 553.0 9 0 72.0 29.8 2145.60 3941.0 0 1 0 0 0 0
1755 5698.2 1490.0 9 0 40.0 18.9 756.00 3720.0 0 1 0 0 0 0
1756 5712.2 1568.0 9 0 24.0 10.8 259.20 286.0 0 1 0 0 0 0
1757 5766.2 1375.0 9 0 16.0 8.1 129.60 2128.0 0 1 0 0 0 0
1758 5782.2 1580.0 9 0 56.0 18.9 1058.40 3365.0 0 1 0 0 0 0
1759 5786.2 1531.0 9 0 56.0 51.4 2878.40 3909.0 0 1 0 0 0 0
1760 5786.2 2873.0 9 0 32.0 32.5 1040.00 3852.0 0 1 0 0 0 0
1761 5786.2 1316.0 9 0 56.0 65.0 3640.00 3912.0 0 1 0 0 0 0
1762 5799.2 1439.0 9 0 32.0 21.6 691.20 3665.0 0 1 0 0 0 0
1763 5806.2 1370.0 9 0 24.0 10.8 259.20 2311.0 0 1 0 0 0 0
1764 3691.0 2847.0 10 0 8.0 2.7 21.60 1287.0 0 1 0 0 0 0
1765 3727.0 2843.0 10 0 16.0 8.1 129.60 1724.0 0 1 0 0 0 0
1766 2910.8 382.0 11 0 120.0 48.7 5844.00 3911.0 0 1 0 0 0 0
1767 3282.8 2723.0 11 0 24.0 27.1 650.40 2840.0 0 1 0 0 0 0
1768 3317.8 2719.0 11 0 16.0 5.4 86.40 1831.0 0 1 0 0 0 0
1769 567.6 487.0 12 0 32.0 18.9 604.80 3404.0 0 1 0 0 0 0
1770 587.6 512.0 12 0 16.0 5.4 86.40 1555.0 0 1 0 0 0 0
1771 619.6 479.0 12 0 64.0 48.7 3116.80 3884.0 0 1 0 0 0 0
1772 790.6 2603.0 12 0 32.0 13.5 432.00 2723.0 0 1 0 0 0 0
1773 3023.6 2207.0 12 0 40.0 8.1 324.00 2577.0 0 1 0 0 0 0
1774 3024.6 2213.0 12 0 32.0 5.4 172.80 1438.0 0 1 0 0 0 0
1775 5665.6 2977.0 12 0 48.0 18.9 907.20 3832.0 0 1 0 0 0 0
1776 2896.2 621.0 14 0 56.0 21.6 1209.60 3893.0 0 1 0 0 0 0
1777 5076.2 2717.4 14 1 40.0 13.5 540.00 2296.0 0 1 0 0 0 0
1778 1290.2 887.4 14 1 56.0 18.9 1058.40 3726.0 0 1 0 0 0 0
1779 1203.2 387.4 14 1 64.0 29.8 1907.20 3873.0 0 1 0 0 0 0
1780 5772.6 1513.4 12 1 72.0 29.8 2145.60 3856.0 0 1 0 0 0 0
1781 3269.6 813.4 12 1 136.0 65.0 8840.00 3896.0 0 1 0 0 0 0
1782 1420.6 131.4 12 1 48.0 5.4 259.20 1064.0 0 1 0 0 0 0
1783 1357.6 131.4 12 1 48.0 21.6 1036.80 881.0 0 1 0 0 0 0
1784 1271.6 149.4 12 1 16.0 5.4 86.40 476.0 0 1 0 0 0 0
1785 1690.8 1124.4 11 1 64.0 29.8 1907.20 3898.0 0 1 0 0 0 0
1786 2943.0 627.4 10 1 88.0 37.9 3335.20 3923.0 0 1 0 0 0 0
1787 873.0 2160.4 10 1 48.0 18.9 907.20 3815.0 0 1 0 0 0 0
1788 415.0 349.4 10 1 104.0 43.3 4503.20 3943.0 0 1 0 0 0 0
1789 2366.2 1233.4 9 1 96.0 54.2 5203.20 4074.0 0 1 0 0 0 0
1790 2332.2 1136.4 9 1 32.0 10.8 345.60 136.0 0 1 0 0 0 0
1791 2250.2 1528.4 9 1 40.0 40.6 1624.00 3884.0 0 1 0 0 0 0
1792 1768.2 826.4 9 1 72.0 35.2 2534.40 3847.0 0 1 0 0 0 0
1793 780.2 3233.4 9 1 112.0 46.0 5152.00 3953.0 0 1 0 0 0 0
1794 5414.6 2625.4 7 1 72.0 35.2 2534.40 3971.0 0 1 0 0 0 0
1795 3421.6 2954.4 7 1 64.0 29.8 1907.20 3971.0 0 1 0 0 0 0
1796 5644.8 1523.4 6 1 72.0 35.2 2534.40 3964.0 0 1 0 0 0 0
1797 1365.8 2284.4 6 1 40.0 8.1 324.00 2782.0 0 1 0 0 0 0
1798 4220.0 2416.4 5 1 56.0 27.1 1517.60 3964.0 0 1 0 0 0 0
1799 3575.0 2021.4 5 1 48.0 24.3 1166.40 3955.0 0 1 0 0 0 0
1800 3536.0 131.4 5 1 72.0 13.5 972.00 3640.0 0 1 0 0 0 0
1801 4873.2 727.4 4 1 24.0 13.5 324.00 1717.0 0 1 0 0 0 0
1802 3777.2 2349.4 4 1 40.0 29.8 1192.00 3905.0 0 1 0 0 0 0
1803 2293.2 1368.4 4 1 104.0 48.7 5064.80 3973.0 0 1 0 0 0 0
1804 1405.2 541.4 4 1 72.0 29.8 2145.60 3941.0 0 1 0 0 0 0
1805 782.2 3088.4 4 1 40.0 13.5 540.00 3297.0 0 1 0 0 0 0
1806 4573.6 887.4 2 1 104.0 32.5 3380.00 3930.0 0 1 0 0 0 0
1807 772.6 853.4 2 1 64.0 32.5 2080.00 3953.0 0 1 0 0 0 0
1808 3154.8 2669.4 1 1 56.0 21.6 1209.60 3937.0 0 1 0 0 0 0
1809 5592.0 2042.4 0 1 112.0 65.0 7280.00 3925.0 0 1 0 0 0 0
1810 5561.0 1979.4 0 1 16.0 5.4 86.40 78.0 0 1 0 0 0 0
1811 4539.0 2419.4 0 1 64.0 29.8 1907.20 3914.0 0 1 0 0 0 0
1812 4329.0 2250.4 0 1 24.0 10.8 259.20 1338.0 0 1 0 0 0 0
1813 5555.2 485.4 -1 1 24.0 5.4 129.60 2113.0 0 1 0 0 0 0
1814 5506.2 492.4 -1 1 32.0 24.3 777.60 2993.0 0 1 0 0 0 0
1815 2361.2 3047.4 -1 1 64.0 29.8 1907.20 4071.0 0 1 0 0 0 0
1816 2263.2 1027.4 -1 1 56.0 43.3 2424.80 3943.0 0 1 0 0 0 0
1817 4502.4 2567.4 -2 1 104.0 46.0 4784.00 3957.0 0 1 0 0 0 0
1818 1637.4 204.4 -2 1 72.0 32.5 2340.00 3943.0 0 1 0 0 0 0
1819 5604.6 1397.4 -3 1 40.0 21.6 864.00 3790.0 0 1 0 0 0 0
1820 2269.6 2229.4 -3 1 80.0 40.6 3248.00 3904.0 0 1 0 0 0 0
1821 1109.6 283.4 -3 1 16.0 2.7 43.20 382.0 0 1 0 0 0 0
1822 505.6 3232.4 -3 1 200.0 94.8 18960.00 3969.0 0 1 0 0 0 0
1823 1585.8 1562.4 -4 1 112.0 35.2 3942.40 4078.0 0 1 0 0 0 0
1824 242.8 1535.4 -4 1 56.0 48.7 2727.20 3898.0 0 1 0 0 0 0
1825 2758.0 729.4 -5 1 56.0 24.3 1360.80 3936.0 0 1 0 0 0 0
1826 5370.2 1488.4 -6 1 48.0 13.5 648.00 3511.0 0 1 0 0 0 0
1827 5207.2 1051.4 -6 1 16.0 10.8 172.80 1326.0 0 1 0 0 0 0
1828 3782.2 269.4 -6 1 48.0 27.1 1300.80 3660.0 0 1 0 0 0 0
1829 2629.2 632.4 -6 1 72.0 29.8 2145.60 3939.0 0 1 0 0 0 0
1830 3239.4 1436.4 -7 1 112.0 48.7 5454.40 3923.0 0 1 0 0 0 0
1831 1379.4 2462.4 -7 1 8.0 8.1 64.80 1824.0 0 1 0 0 0 0
1832 1337.4 2459.4 -7 1 48.0 29.8 1430.40 3866.0 0 1 0 0 0 0
1833 4578.6 735.4 -8 1 72.0 46.0 3312.00 3916.0 0 1 0 0 0 0
1834 1607.6 2907.4 -8 1 80.0 27.1 2168.00 3836.0 0 1 0 0 0 0
1835 1559.6 1183.4 -8 1 64.0 21.6 1382.40 3863.0 0 1 0 0 0 0
1836 5396.8 395.4 -9 1 72.0 24.3 1749.60 3850.0 0 1 0 0 0 0
1837 1171.8 2287.4 -9 1 24.0 16.2 388.80 2135.0 0 1 0 0 0 0
1838 4969.0 634.4 -10 1 56.0 27.1 1517.60 3845.0 0 1 0 0 0 0
1839 1575.0 2759.4 -10 1 24.0 16.2 388.80 2120.0 0 1 0 0 0 0
1840 5197.2 1252.4 -11 1 40.0 27.1 1084.00 3521.0 0 1 0 0 0 0
1841 5153.2 1258.4 -11 1 16.0 8.1 129.60 1804.0 0 1 0 0 0 0
1842 3399.4 650.4 -12 1 16.0 5.4 86.40 1653.0 0 1 0 0 0 0
1843 3397.4 657.4 -12 1 16.0 5.4 86.40 1966.0 0 1 0 0 0 0
1844 2359.4 1177.4 -12 1 16.0 5.4 86.40 65.0 0 1 0 0 0 0
1845 2299.4 1286.4 -12 1 80.0 29.8 2384.00 3834.0 0 1 0 0 0 0
1846 5692.6 2775.4 -13 1 24.0 10.8 259.20 2474.0 0 1 0 0 0 0
1847 857.8 131.4 -14 1 48.0 8.1 388.80 3280.0 0 1 0 0 0 0
1848 371.8 1175.8 -14 2 56.0 27.1 1517.60 4065.0 0 1 0 0 0 0
1849 2807.8 3289.8 -14 2 152.0 65.0 9880.00 3802.0 0 1 0 0 0 0
1850 4353.8 3037.8 -14 2 88.0 54.2 4769.60 4067.0 0 1 0 0 0 0
1851 4680.6 1577.8 -13 2 136.0 21.6 2937.60 496.0 0 1 0 0 0 0
1852 5039.4 420.8 -12 2 88.0 35.2 3097.60 3857.0 0 1 0 0 0 0
1853 2315.2 865.8 -11 2 64.0 32.5 2080.00 3832.0 0 1 0 0 0 0
1854 5509.0 1102.8 -10 2 56.0 24.3 1360.80 3834.0 0 1 0 0 0 0
1855 5614.8 2592.8 -9 2 56.0 24.3 1360.80 3765.0 0 1 0 0 0 0
1856 1091.6 486.8 -8 2 24.0 8.1 194.40 670.0 0 1 0 0 0 0
1857 1233.6 276.8 -8 2 104.0 37.9 3941.60 1489.0 0 1 0 0 0 0
1858 1305.6 415.8 -8 2 72.0 10.8 777.60 3320.0 0 1 0 0 0 0
1859 1319.6 299.8 -8 2 16.0 5.4 86.40 1840.0 0 1 0 0 0 0
1860 1367.6 354.8 -8 2 152.0 43.3 6581.60 3891.0 0 1 0 0 0 0
1861 1373.6 407.8 -8 2 16.0 10.8 172.80 1072.0 0 1 0 0 0 0
1862 1395.6 269.8 -8 2 24.0 5.4 129.60 2368.0 0 1 0 0 0 0
1863 1399.6 322.8 -8 2 184.0 27.1 4986.40 4044.0 0 1 0 0 0 0
1864 1449.6 530.8 -8 2 40.0 78.5 3140.00 878.0 0 1 0 0 0 0
1865 1461.6 430.8 -8 2 40.0 32.5 1300.00 1168.0 0 1 0 0 0 0
1866 1465.6 284.8 -8 2 40.0 18.9 756.00 3041.0 0 1 0 0 0 0
1867 1479.6 350.8 -8 2 32.0 18.9 604.80 2753.0 0 1 0 0 0 0
1868 1513.6 193.8 -8 2 16.0 8.1 129.60 488.0 0 1 0 0 0 0
1869 1553.6 296.8 -8 2 80.0 27.1 2168.00 3431.0 0 1 0 0 0 0
1870 1593.6 331.8 -8 2 8.0 2.7 21.60 1473.0 0 1 0 0 0 0
1871 1635.6 350.8 -8 2 16.0 2.7 43.20 1180.0 0 1 0 0 0 0
1872 1657.6 331.8 -8 2 8.0 2.7 21.60 1315.0 0 1 0 0 0 0
1873 1660.6 312.8 -8 2 48.0 8.1 388.80 2609.0 0 1 0 0 0 0
1874 1779.6 333.8 -8 2 56.0 29.8 1668.80 3841.0 0 1 0 0 0 0
1875 1781.6 311.8 -8 2 48.0 32.5 1560.00 3866.0 0 1 0 0 0 0
1876 5029.6 164.8 -8 2 96.0 32.5 3120.00 4085.0 0 1 0 0 0 0
1877 470.4 3119.8 -7 2 96.0 54.2 5203.20 3927.0 0 1 0 0 0 0
1878 3685.4 967.8 -7 2 16.0 5.4 86.40 1109.0 0 1 0 0 0 0
1879 5630.4 1271.8 -7 2 56.0 16.2 907.20 3450.0 0 1 0 0 0 0
1880 891.0 1243.8 -5 2 80.0 29.8 2384.00 3850.0 0 1 0 0 0 0
1881 2458.0 2239.8 -5 2 40.0 18.9 756.00 3651.0 0 1 0 0 0 0
1882 5442.0 1424.8 -5 2 120.0 56.9 6828.00 3957.0 0 1 0 0 0 0
1883 464.8 1089.8 -4 2 24.0 13.5 324.00 2782.0 0 1 0 0 0 0
1884 1142.8 2250.8 -4 2 24.0 8.1 194.40 2051.0 0 1 0 0 0 0
1885 1191.8 2249.8 -4 2 48.0 27.1 1300.80 3911.0 0 1 0 0 0 0
1886 2735.8 3372.8 -4 2 24.0 5.4 129.60 131.0 0 1 0 0 0 0
1887 2948.8 3291.8 -4 2 168.0 70.4 11827.20 3944.0 0 1 0 0 0 0
1888 4719.8 1558.8 -4 2 16.0 8.1 129.60 51.0 0 1 0 0 0 0
1889 5036.8 2449.8 -4 2 80.0 32.5 2600.00 3964.0 0 1 0 0 0 0
1890 5325.8 1263.8 -4 2 72.0 35.2 2534.40 3927.0 0 1 0 0 0 0
1891 5787.8 2606.8 -4 2 56.0 46.0 2576.00 3870.0 0 1 0 0 0 0
1892 495.6 2554.8 -3 2 128.0 62.3 7974.40 3975.0 0 1 0 0 0 0
1893 3348.6 3257.8 -3 2 56.0 21.6 1209.60 3943.0 0 1 0 0 0 0
1894 4970.6 2383.8 -3 2 32.0 10.8 345.60 2693.0 0 1 0 0 0 0
1895 1356.4 2835.8 -2 2 64.0 32.5 2080.00 3930.0 0 1 0 0 0 0
1896 5265.4 2039.8 -2 2 88.0 62.3 5482.40 3953.0 0 1 0 0 0 0
1897 5326.4 2046.8 -2 2 16.0 18.9 302.40 2968.0 0 1 0 0 0 0
1898 403.2 787.8 -1 2 72.0 32.5 2340.00 3960.0 0 1 0 0 0 0
1899 2688.0 961.8 0 2 80.0 32.5 2600.00 3928.0 0 1 0 0 0 0
1900 2739.0 2791.8 0 2 64.0 37.9 2425.60 3916.0 0 1 0 0 0 0
1901 4328.0 3381.8 0 2 96.0 24.3 2332.80 4071.0 0 1 0 0 0 0
1902 3436.8 2802.8 1 2 88.0 35.2 3097.60 3939.0 0 1 0 0 0 0
1903 568.6 398.8 2 2 64.0 27.1 1734.40 3994.0 0 1 0 0 0 0
1904 1148.6 584.8 2 2 80.0 29.8 2384.00 3936.0 0 1 0 0 0 0
1905 1284.6 1116.8 2 2 104.0 48.7 5064.80 3968.0 0 1 0 0 0 0
1906 4252.6 352.8 2 2 104.0 32.5 3380.00 3953.0 0 1 0 0 0 0
1907 5796.6 2596.8 2 2 40.0 27.1 1084.00 3847.0 0 1 0 0 0 0
1908 5127.2 967.8 4 2 48.0 21.6 1036.80 3953.0 0 1 0 0 0 0
1909 1563.0 3161.8 5 2 72.0 40.6 2923.20 3937.0 0 1 0 0 0 0
1910 2998.0 3264.8 5 2 72.0 29.8 2145.60 3957.0 0 1 0 0 0 0
1911 4289.0 447.8 5 2 96.0 40.6 3897.60 3973.0 0 1 0 0 0 0
1912 5639.0 273.8 5 2 24.0 5.4 129.60 1498.0 0 1 0 0 0 0
1913 783.8 685.8 6 2 48.0 18.9 907.20 3943.0 0 1 0 0 0 0
1914 2559.8 2257.8 6 2 40.0 18.9 756.00 3392.0 0 1 0 0 0 0
1915 2743.8 945.8 6 2 72.0 35.2 2534.40 3973.0 0 1 0 0 0 0
1916 3142.8 1469.8 6 2 24.0 13.5 324.00 2522.0 0 1 0 0 0 0
1917 3321.8 2642.8 6 2 96.0 29.8 2860.80 4044.0 0 1 0 0 0 0
1918 245.6 1158.8 7 2 48.0 32.5 1560.00 3971.0 0 1 0 0 0 0
1919 3030.6 2325.8 7 2 24.0 10.8 259.20 2179.0 0 1 0 0 0 0
1920 4997.6 1273.8 7 2 72.0 32.5 2340.00 3799.0 0 1 0 0 0 0
1921 1302.4 1074.8 8 2 56.0 24.3 1360.80 3966.0 0 1 0 0 0 0
1922 3171.4 3009.8 8 2 24.0 8.1 194.40 1795.0 0 1 0 0 0 0
1923 3172.4 1959.8 8 2 64.0 27.1 1734.40 4062.0 0 1 0 0 0 0
1924 4445.4 843.8 8 2 72.0 35.2 2534.40 4062.0 0 1 0 0 0 0
1925 759.2 1119.8 9 2 80.0 32.5 2600.00 3973.0 0 1 0 0 0 0
1926 3789.2 915.8 9 2 40.0 24.3 972.00 3303.0 0 1 0 0 0 0
1927 4553.2 1559.8 9 2 24.0 8.1 194.40 53.0 0 1 0 0 0 0
1928 242.0 1314.8 10 2 24.0 46.0 1104.00 3656.0 0 1 0 0 0 0
1929 3248.0 2846.8 10 2 64.0 32.5 2080.00 3911.0 0 1 0 0 0 0
1930 4859.0 562.8 10 2 64.0 29.8 1907.20 3911.0 0 1 0 0 0 0
1931 5301.0 1040.8 10 2 104.0 56.9 5917.60 3930.0 0 1 0 0 0 0
1932 5336.0 2058.8 10 2 32.0 13.5 432.00 3301.0 0 1 0 0 0 0
1933 711.8 1473.8 11 2 56.0 24.3 1360.80 3909.0 0 1 0 0 0 0
1934 1607.8 3372.8 11 2 256.0 16.2 4147.20 597.0 0 1 0 0 0 0
1935 1706.8 3270.8 11 2 200.0 116.5 23300.00 3911.0 0 1 0 0 0 0
1936 1715.8 3356.8 11 2 72.0 32.5 2340.00 700.0 0 1 0 0 0 0
1937 3579.8 208.8 11 2 40.0 18.9 756.00 3715.0 0 1 0 0 0 0
1938 964.6 3221.8 12 2 80.0 48.7 3896.00 3896.0 0 1 0 0 0 0
1939 348.2 1164.8 14 2 64.0 27.1 1734.40 4064.0 0 1 0 0 0 0
1940 4313.2 2148.2 14 3 16.0 5.4 86.40 71.0 0 1 0 0 0 0
1941 4260.2 1015.2 14 3 16.0 8.1 129.60 664.0 0 1 0 0 0 0
1942 3193.2 2308.2 14 3 48.0 24.3 1166.40 3671.0 0 1 0 0 0 0
1943 485.4 3315.2 13 3 32.0 10.8 345.60 2437.0 0 1 0 0 0 0
1944 5495.6 2917.2 12 3 88.0 37.9 3335.20 3898.0 0 1 0 0 0 0
1945 2322.6 797.2 12 3 104.0 35.2 3660.80 4055.0 0 1 0 0 0 0
1946 3121.8 2061.2 11 3 112.0 27.1 3035.20 1932.0 0 1 0 0 0 0
1947 3107.8 2050.2 11 3 136.0 21.6 2937.60 3893.0 0 1 0 0 0 0
1948 3081.8 495.2 11 3 24.0 18.9 453.60 2416.0 0 1 0 0 0 0
1949 3214.0 392.2 10 3 80.0 35.2 2816.00 3904.0 0 1 0 0 0 0
1950 2252.0 605.2 10 3 24.0 18.9 453.60 3244.0 0 1 0 0 0 0
1951 597.0 791.2 10 3 32.0 13.5 432.00 2615.0 0 1 0 0 0 0
1952 421.0 963.2 10 3 72.0 37.9 2728.80 3939.0 0 1 0 0 0 0
1953 1520.2 3073.2 9 3 88.0 29.8 2622.40 3841.0 0 1 0 0 0 0
1954 1199.2 2519.2 9 3 72.0 29.8 2145.60 3953.0 0 1 0 0 0 0
1955 1044.2 2515.2 9 3 56.0 21.6 1209.60 3952.0 0 1 0 0 0 0
1956 718.2 2129.2 9 3 80.0 32.5 2600.00 3971.0 0 1 0 0 0 0
1957 3791.4 1945.2 8 3 32.0 2.7 86.40 663.0 0 1 0 0 0 0
1958 3709.4 1953.2 8 3 48.0 16.2 777.60 1189.0 0 1 0 0 0 0
1959 1505.4 3106.2 8 3 16.0 5.4 86.40 2659.0 0 1 0 0 0 0
1960 1504.4 3088.2 8 3 216.0 94.8 20476.80 3964.0 0 1 0 0 0 0
1961 1106.6 2437.2 7 3 136.0 54.2 7371.20 3968.0 0 1 0 0 0 0
1962 371.6 1104.2 7 3 16.0 5.4 86.40 108.0 0 1 0 0 0 0
1963 363.6 1080.2 7 3 24.0 16.2 388.80 152.0 0 1 0 0 0 0
1964 5641.8 906.2 6 3 88.0 48.7 4285.60 3975.0 0 1 0 0 0 0
1965 5579.8 924.2 6 3 16.0 5.4 86.40 2200.0 0 1 0 0 0 0
1966 5573.8 890.2 6 3 16.0 5.4 86.40 2240.0 0 1 0 0 0 0
1967 1536.8 808.2 6 3 24.0 18.9 453.60 2752.0 0 1 0 0 0 0
1968 1044.8 3077.2 6 3 56.0 40.6 2273.60 3960.0 0 1 0 0 0 0
1969 974.8 3047.2 6 3 16.0 2.7 43.20 1429.0 0 1 0 0 0 0
1970 963.8 3071.2 6 3 96.0 73.1 7017.60 3957.0 0 1 0 0 0 0
1971 264.8 1037.2 6 3 72.0 37.9 2728.80 3984.0 0 1 0 0 0 0
1972 2631.0 1103.2 5 3 40.0 18.9 756.00 3713.0 0 1 0 0 0 0
1973 2474.0 2091.2 5 3 64.0 27.1 1734.40 3980.0 0 1 0 0 0 0
1974 2269.0 3175.2 5 3 72.0 40.6 2923.20 3971.0 0 1 0 0 0 0
1975 2255.0 851.2 5 3 24.0 13.5 324.00 1907.0 0 1 0 0 0 0
1976 1297.0 1363.2 5 3 56.0 21.6 1209.60 3955.0 0 1 0 0 0 0
1977 4574.2 2083.2 4 3 32.0 10.8 345.60 830.0 0 1 0 0 0 0
1978 4552.2 2043.2 4 3 64.0 29.8 1907.20 3957.0 0 1 0 0 0 0
1979 4549.2 2023.2 4 3 16.0 2.7 43.20 2328.0 0 1 0 0 0 0
1980 4536.2 1978.2 4 3 64.0 70.4 4505.60 4049.0 0 1 0 0 0 0
1981 817.2 3068.2 4 3 16.0 10.8 172.80 2775.0 0 1 0 0 0 0
1982 689.2 445.2 4 3 32.0 16.2 518.40 2942.0 0 1 0 0 0 0
1983 4892.4 3386.2 3 3 80.0 10.8 864.00 627.0 0 1 0 0 0 0
1984 3662.4 1126.2 3 3 56.0 21.6 1209.60 3939.0 0 1 0 0 0 0
1985 2475.4 2120.2 3 3 136.0 51.4 6990.40 3976.0 0 1 0 0 0 0
1986 1366.6 2046.2 2 3 24.0 13.5 324.00 3148.0 0 1 0 0 0 0
1987 735.6 2901.2 2 3 48.0 21.6 1036.80 3953.0 0 1 0 0 0 0
1988 3675.8 2439.2 1 3 16.0 5.4 86.40 1639.0 0 1 0 0 0 0
1989 3650.8 2440.2 1 3 8.0 2.7 21.60 1649.0 0 1 0 0 0 0
1990 2248.8 3382.2 1 3 48.0 29.8 1430.40 3877.0 0 1 0 0 0 0
1991 2328.0 2964.2 0 3 16.0 16.2 259.20 650.0 0 1 0 0 0 0
1992 2319.0 2934.2 0 3 128.0 48.7 6233.60 4076.0 0 1 0 0 0 0
1993 3292.2 1124.2 -1 3 88.0 40.6 3572.80 3959.0 0 1 0 0 0 0
1994 2512.2 3318.2 -1 3 48.0 8.1 388.80 2232.0 0 1 0 0 0 0
1995 2480.2 3328.2 -1 3 112.0 32.5 3640.00 3880.0 0 1 0 0 0 0
1996 2940.4 429.2 -2 3 136.0 46.0 6256.00 3953.0 0 1 0 0 0 0
1997 3733.6 2008.2 -3 3 32.0 13.5 432.00 2696.0 0 1 0 0 0 0
1998 3367.0 2523.2 -5 3 56.0 27.1 1517.60 3825.0 0 1 0 0 0 0
1999 1379.0 1016.2 -5 3 48.0 24.3 1166.40 3916.0 0 1 0 0 0 0
2000 2718.2 823.2 -6 3 64.0 24.3 1555.20 3440.0 0 1 0 0 0 0
2001 5574.4 1188.2 -7 3 56.0 24.3 1360.80 3909.0 0 1 0 0 0 0
2002 3110.4 3273.2 -7 3 104.0 37.9 3941.60 3944.0 0 1 0 0 0 0
2003 5746.6 1175.2 -8 3 40.0 18.9 756.00 3781.0 0 1 0 0 0 0
2004 1053.0 3364.2 -10 3 96.0 37.9 3638.40 4072.0 0 1 0 0 0 0
2005 5553.2 488.2 -11 3 24.0 5.4 129.60 2104.0 0 1 0 0 0 0
2006 4397.2 1972.2 -11 3 16.0 10.8 172.80 122.0 0 1 0 0 0 0
2007 1778.2 3274.2 -11 3 32.0 21.6 691.20 3767.0 0 1 0 0 0 0
2008 709.2 2796.2 -11 3 72.0 29.8 2145.60 3840.0 0 1 0 0 0 0
2009 5240.6 1196.2 -13 3 32.0 27.1 867.20 3800.0 0 1 0 0 0 0
2010 4618.6 436.2 -13 3 64.0 27.1 1734.40 3772.0 0 1 0 0 0 0
2011 1159.6 2725.2 -13 3 48.0 27.1 1300.80 3888.0 0 1 0 0 0 0
2012 219.6 2494.2 -13 3 8.0 13.5 108.00 1411.0 0 1 0 0 0 0
2013 4781.8 1466.2 -14 3 40.0 16.2 648.00 3608.0 0 1 0 0 0 0
2014 561.8 2428.2 -14 3 72.0 32.5 2340.00 3820.0 0 1 0 0 0 0
2015 3430.8 2420.6 -14 4 24.0 13.5 324.00 3095.0 0 1 0 0 0 0
2016 2273.6 675.6 -13 4 72.0 24.3 1749.60 4019.0 0 1 0 0 0 0
2017 2447.6 219.6 -13 4 72.0 32.5 2340.00 3745.0 0 1 0 0 0 0
2018 3241.6 1953.6 -13 4 128.0 29.8 3814.40 3921.0 0 1 0 0 0 0
2019 4657.6 1311.6 -13 4 40.0 13.5 540.00 3356.0 0 1 0 0 0 0
2020 5332.6 1254.6 -13 4 96.0 54.2 5203.20 3776.0 0 1 0 0 0 0
2021 5403.6 1351.6 -13 4 48.0 21.6 1036.80 3770.0 0 1 0 0 0 0
2022 923.4 180.6 -12 4 64.0 24.3 1555.20 4053.0 0 1 0 0 0 0
2023 2315.4 283.6 -12 4 24.0 10.8 259.20 1306.0 0 1 0 0 0 0
2024 2861.4 426.6 -12 4 64.0 27.1 1734.40 3779.0 0 1 0 0 0 0
2025 4674.4 734.6 -12 4 80.0 37.9 3032.00 3788.0 0 1 0 0 0 0
2026 3558.0 2021.6 -10 4 56.0 24.3 1360.80 3838.0 0 1 0 0 0 0
2027 2799.8 1027.6 -9 4 32.0 10.8 345.60 2188.0 0 1 0 0 0 0
2028 3299.8 217.6 -9 4 8.0 8.1 64.80 1184.0 0 1 0 0 0 0
2029 3300.8 236.6 -9 4 64.0 27.1 1734.40 3244.0 0 1 0 0 0 0
2030 5419.8 1016.6 -9 4 64.0 24.3 1555.20 3873.0 0 1 0 0 0 0
2031 1238.6 2101.6 -8 4 56.0 24.3 1360.80 3856.0 0 1 0 0 0 0
2032 4328.4 3196.6 -7 4 56.0 27.1 1517.60 3920.0 0 1 0 0 0 0
2033 422.2 840.6 -6 4 72.0 29.8 2145.60 4037.0 0 1 0 0 0 0
2034 3057.2 338.6 -6 4 80.0 29.8 2384.00 3941.0 0 1 0 0 0 0
2035 3098.2 1031.6 -6 4 80.0 29.8 2384.00 3889.0 0 1 0 0 0 0
2036 5571.2 996.6 -6 4 8.0 2.7 21.60 1388.0 0 1 0 0 0 0
2037 3413.0 1581.6 -5 4 24.0 8.1 194.40 1164.0 0 1 0 0 0 0
2038 408.8 852.6 -4 4 64.0 27.1 1734.40 3955.0 0 1 0 0 0 0
2039 1392.8 729.6 -4 4 32.0 10.8 345.60 2906.0 0 1 0 0 0 0
2040 644.6 1294.6 -3 4 80.0 37.9 3032.00 3948.0 0 1 0 0 0 0
2041 713.6 2294.6 -3 4 24.0 5.4 129.60 2192.0 0 1 0 0 0 0
2042 714.6 2279.6 -3 4 24.0 5.4 129.60 2492.0 0 1 0 0 0 0
2043 1771.6 2469.6 -3 4 24.0 18.9 453.60 3880.0 0 1 0 0 0 0
2044 2860.6 1024.6 -3 4 64.0 29.8 1907.20 3930.0 0 1 0 0 0 0
2045 5079.6 666.6 -3 4 56.0 24.3 1360.80 3939.0 0 1 0 0 0 0
2046 1150.4 766.6 -2 4 96.0 32.5 3120.00 3941.0 0 1 0 0 0 0
2047 1292.2 2523.6 -1 4 120.0 35.2 4224.00 3870.0 0 1 0 0 0 0
2048 3245.2 703.6 -1 4 40.0 18.9 756.00 3809.0 0 1 0 0 0 0
2049 4206.2 1220.6 -1 4 48.0 24.3 1166.40 3553.0 0 1 0 0 0 0
2050 5131.2 463.6 -1 4 88.0 46.0 4048.00 3934.0 0 1 0 0 0 0
2051 1285.0 2555.6 0 4 64.0 27.1 1734.40 3934.0 0 1 0 0 0 0
2052 1780.0 412.6 0 4 8.0 5.4 43.20 1196.0 0 1 0 0 0 0
2053 1796.0 410.6 0 4 8.0 18.9 151.20 2896.0 0 1 0 0 0 0
2054 4351.0 2778.6 0 4 88.0 32.5 2860.00 3941.0 0 1 0 0 0 0
2055 5422.0 2670.6 0 4 56.0 29.8 1668.80 3936.0 0 1 0 0 0 0
2056 642.6 2046.6 2 4 64.0 27.1 1734.40 3957.0 0 1 0 0 0 0
2057 2846.6 1468.6 2 4 104.0 40.6 4222.40 3968.0 0 1 0 0 0 0
2058 3230.6 2249.6 2 4 32.0 13.5 432.00 3008.0 0 1 0 0 0 0
2059 4205.6 2012.6 2 4 48.0 32.5 1560.00 3521.0 0 1 0 0 0 0
2060 4448.6 539.6 2 4 32.0 24.3 777.60 3420.0 0 1 0 0 0 0
2061 4466.6 519.6 2 4 8.0 2.7 21.60 1144.0 0 1 0 0 0 0
2062 4486.6 544.6 2 4 16.0 32.5 520.00 2695.0 0 1 0 0 0 0
2063 4514.6 530.6 2 4 8.0 2.7 21.60 1978.0 0 1 0 0 0 0
2064 4530.6 544.6 2 4 24.0 10.8 259.20 2540.0 0 1 0 0 0 0
2065 5480.6 2209.6 2 4 32.0 18.9 604.80 3040.0 0 1 0 0 0 0
2066 577.4 737.6 3 4 40.0 18.9 756.00 3952.0 0 1 0 0 0 0
2067 1736.4 1558.6 3 4 96.0 43.3 4156.80 4060.0 0 1 0 0 0 0
2068 4519.4 1387.6 3 4 96.0 43.3 4156.80 3962.0 0 1 0 0 0 0
2069 2340.2 628.6 4 4 72.0 24.3 1749.60 3884.0 0 1 0 0 0 0
2070 1407.0 2164.6 5 4 56.0 16.2 907.20 3420.0 0 1 0 0 0 0
2071 2880.0 2862.6 5 4 88.0 37.9 3335.20 3966.0 0 1 0 0 0 0
2072 3549.0 221.6 5 4 64.0 35.2 2252.80 3960.0 0 1 0 0 0 0
2073 455.8 2879.6 6 4 88.0 35.2 3097.60 3975.0 0 1 0 0 0 0
2074 1615.8 1143.6 6 4 96.0 32.5 3120.00 3941.0 0 1 0 0 0 0
2075 1417.6 895.6 7 4 80.0 29.8 2384.00 3955.0 0 1 0 0 0 0
2076 2381.6 367.6 7 4 40.0 18.9 756.00 3797.0 0 1 0 0 0 0
2077 3041.6 988.6 7 4 96.0 40.6 3897.60 3960.0 0 1 0 0 0 0
2078 1199.4 162.6 8 4 120.0 37.9 4548.00 4080.0 0 1 0 0 0 0
2079 3694.4 1050.6 8 4 16.0 8.1 129.60 1790.0 0 1 0 0 0 0
2080 2469.2 1039.6 9 4 40.0 16.2 648.00 3253.0 0 1 0 0 0 0
2081 4215.2 3165.6 9 4 40.0 29.8 1192.00 3244.0 0 1 0 0 0 0
2082 4226.2 580.6 9 4 64.0 65.0 4160.00 3680.0 0 1 0 0 0 0
2083 833.0 499.6 10 4 80.0 21.6 1728.00 3891.0 0 1 0 0 0 0
2084 1526.0 2609.6 10 4 48.0 24.3 1166.40 3861.0 0 1 0 0 0 0
2085 5658.0 3379.6 10 4 128.0 35.2 4505.60 4078.0 0 1 0 0 0 0
2086 481.8 2717.6 11 4 24.0 5.4 129.60 2085.0 0 1 0 0 0 0
2087 920.8 757.6 11 4 88.0 37.9 3335.20 3911.0 0 1 0 0 0 0
2088 2922.8 721.6 11 4 96.0 37.9 3638.40 3914.0 0 1 0 0 0 0
2089 4195.8 1195.6 11 4 16.0 16.2 259.20 3128.0 0 1 0 0 0 0
2090 5007.6 355.6 12 4 80.0 37.9 3032.00 3905.0 0 1 0 0 0 0
2091 5441.4 1577.6 13 4 32.0 8.1 259.20 103.0 0 1 0 0 0 0
2092 3411.2 2036.6 14 4 24.0 10.8 259.20 2945.0 0 1 0 0 0 0
2093 3413.2 2057.6 14 4 48.0 13.5 648.00 3816.0 0 1 0 0 0 0
2094 3495.2 1124.6 14 4 56.0 27.1 1517.60 3877.0 0 1 0 0 0 0
2095 4350.2 267.0 14 5 16.0 2.7 43.20 1246.0 0 1 0 0 0 0
2096 3796.2 3271.0 14 5 24.0 16.2 388.80 2677.0 0 1 0 0 0 0
2097 1029.2 543.0 14 5 56.0 21.6 1209.60 3658.0 0 1 0 0 0 0
2098 257.2 246.0 14 5 64.0 21.6 1382.40 4051.0 0 1 0 0 0 0
2099 1113.6 1499.0 12 5 40.0 24.3 972.00 3809.0 0 1 0 0 0 0
2100 1081.6 1498.0 12 5 8.0 5.4 43.20 1767.0 0 1 0 0 0 0
2101 1071.6 1509.0 12 5 16.0 5.4 86.40 2129.0 0 1 0 0 0 0
2102 1061.6 1476.0 12 5 16.0 8.1 129.60 695.0 0 1 0 0 0 0
2103 5742.8 2877.0 11 5 104.0 43.3 4503.20 3838.0 0 1 0 0 0 0
2104 5741.8 2805.0 11 5 56.0 29.8 1668.80 2768.0 0 1 0 0 0 0
2105 5675.8 2804.0 11 5 24.0 8.1 194.40 2350.0 0 1 0 0 0 0
2106 5626.8 2869.0 11 5 112.0 5.4 604.80 2764.0 0 1 0 0 0 0
2107 5613.8 2804.0 11 5 64.0 2.7 172.80 1630.0 0 1 0 0 0 0
2108 5557.8 2793.0 11 5 32.0 5.4 172.80 2513.0 0 1 0 0 0 0
2109 5549.8 2869.0 11 5 16.0 5.4 86.40 1918.0 0 1 0 0 0 0
2110 5493.8 2766.0 11 5 16.0 18.9 302.40 1646.0 0 1 0 0 0 0
2111 5460.8 2879.0 11 5 392.0 211.3 82829.60 3877.0 0 1 0 0 0 0
2112 5035.8 1983.0 11 5 24.0 8.1 194.40 154.0 0 1 0 0 0 0
2113 2376.8 1408.0 11 5 144.0 43.3 6235.20 3920.0 0 1 0 0 0 0
2114 3176.0 2837.0 10 5 72.0 32.5 2340.00 3891.0 0 1 0 0 0 0
2115 2953.0 1460.0 10 5 96.0 40.6 3897.60 3916.0 0 1 0 0 0 0
2116 2512.0 422.0 10 5 72.0 29.8 2145.60 3914.0 0 1 0 0 0 0
2117 4519.2 2698.0 9 5 16.0 5.4 86.40 1628.0 0 1 0 0 0 0
2118 1242.2 273.0 9 5 56.0 24.3 1360.80 3920.0 0 1 0 0 0 0
2119 5573.4 1334.0 8 5 104.0 48.7 5064.80 3898.0 0 1 0 0 0 0
2120 4926.4 1954.0 8 5 80.0 27.1 2168.00 3980.0 0 1 0 0 0 0
2121 2383.4 674.0 8 5 72.0 35.2 2534.40 3952.0 0 1 0 0 0 0
2122 2264.4 3291.0 8 5 40.0 29.8 1192.00 3114.0 0 1 0 0 0 0
2123 947.4 2185.0 8 5 64.0 35.2 2252.80 3948.0 0 1 0 0 0 0
2124 4413.6 2730.0 7 5 56.0 24.3 1360.80 3909.0 0 1 0 0 0 0
2125 3119.8 2900.0 6 5 48.0 18.9 907.20 3847.0 0 1 0 0 0 0
2126 1702.8 3354.0 6 5 80.0 37.9 3032.00 3994.0 0 1 0 0 0 0
2127 896.8 3373.0 6 5 96.0 13.5 1296.00 179.0 0 1 0 0 0 0
2128 687.8 1128.0 6 5 40.0 18.9 756.00 3176.0 0 1 0 0 0 0
2129 3772.0 2817.0 5 5 56.0 27.1 1517.60 3845.0 0 1 0 0 0 0
2130 3764.0 3370.0 5 5 48.0 35.2 1689.60 3918.0 0 1 0 0 0 0
2131 1289.0 2522.0 5 5 8.0 2.7 21.60 744.0 0 1 0 0 0 0
2132 3246.2 2587.0 4 5 72.0 29.8 2145.60 3964.0 0 1 0 0 0 0
2133 4712.4 2108.0 3 5 72.0 37.9 2728.80 3982.0 0 1 0 0 0 0
2134 4811.6 643.0 2 5 96.0 40.6 3897.60 3968.0 0 1 0 0 0 0
2135 3716.6 3220.0 2 5 72.0 27.1 1951.20 3916.0 0 1 0 0 0 0
2136 982.6 2823.0 2 5 136.0 51.4 6990.40 3982.0 0 1 0 0 0 0
2137 5329.8 1236.0 1 5 48.0 27.1 1300.80 3816.0 0 1 0 0 0 0
2138 3808.8 847.0 1 5 8.0 5.4 43.20 2625.0 0 1 0 0 0 0
2139 3808.8 842.0 1 5 8.0 2.7 21.60 2590.0 0 1 0 0 0 0
2140 1452.2 1575.0 -1 5 32.0 8.1 259.20 103.0 0 1 0 0 0 0
2141 504.2 790.0 -1 5 56.0 16.2 907.20 3064.0 0 1 0 0 0 0
2142 500.2 803.0 -1 5 16.0 5.4 86.40 2017.0 0 1 0 0 0 0
2143 2425.4 2231.0 -2 5 200.0 48.7 9740.00 3960.0 0 1 0 0 0 0
2144 2341.4 2890.0 -2 5 48.0 27.1 1300.80 4001.0 0 1 0 0 0 0
2145 2325.4 2213.0 -2 5 16.0 10.8 172.80 2000.0 0 1 0 0 0 0
2146 3106.6 804.0 -3 5 24.0 8.1 194.40 2291.0 0 1 0 0 0 0
2147 2706.6 709.0 -3 5 112.0 48.7 5454.40 3966.0 0 1 0 0 0 0
2148 2622.6 2835.0 -3 5 56.0 27.1 1517.60 3936.0 0 1 0 0 0 0
2149 338.8 3303.0 -4 5 48.0 35.2 1689.60 3971.0 0 1 0 0 0 0
2150 3502.0 2496.0 -5 5 16.0 27.1 433.60 2760.0 0 1 0 0 0 0
2151 1280.0 1381.0 -5 5 72.0 35.2 2534.40 3943.0 0 1 0 0 0 0
2152 2719.4 3274.0 -7 5 48.0 18.9 907.20 3852.0 0 1 0 0 0 0
2153 951.4 2388.0 -7 5 32.0 10.8 345.60 2631.0 0 1 0 0 0 0
2154 562.4 1342.0 -7 5 56.0 21.6 1209.60 3902.0 0 1 0 0 0 0
2155 5048.6 589.0 -8 5 72.0 29.8 2145.60 3898.0 0 1 0 0 0 0
2156 4449.6 1559.0 -8 5 24.0 10.8 259.20 60.0 0 1 0 0 0 0
2157 4339.6 1517.0 -8 5 40.0 13.5 540.00 126.0 0 1 0 0 0 0
2158 3498.8 2492.0 -9 5 16.0 27.1 433.60 2387.0 0 1 0 0 0 0
2159 1336.0 727.0 -10 5 56.0 24.3 1360.80 3797.0 0 1 0 0 0 0
2160 1068.0 144.0 -10 5 72.0 37.9 2728.80 3914.0 0 1 0 0 0 0
2161 748.2 2015.0 -11 5 32.0 27.1 867.20 2968.0 0 1 0 0 0 0
2162 698.2 2016.0 -11 5 24.0 29.8 715.20 2965.0 0 1 0 0 0 0
2163 1484.4 583.0 -12 5 24.0 16.2 388.80 2590.0 0 1 0 0 0 0
2164 762.6 1190.0 -13 5 16.0 8.1 129.60 2296.0 0 1 0 0 0 0
2165 704.6 1195.0 -13 5 48.0 27.1 1300.80 3886.0 0 1 0 0 0 0
2166 4221.8 1389.0 -14 5 32.0 18.9 604.80 2853.0 0 1 0 0 0 0
2167 3365.8 1024.0 -14 5 56.0 21.6 1209.60 3800.0 0 1 0 0 0 0
2168 3143.8 420.0 -14 5 72.0 29.8 2145.60 3808.0 0 1 0 0 0 0
2169 5619.8 3364.4 -14 6 128.0 48.7 6233.60 4078.0 0 1 0 0 0 0
2170 2840.6 372.4 -13 6 40.0 18.9 756.00 3720.0 0 1 0 0 0 0
2171 901.0 2125.4 -10 6 40.0 16.2 648.00 3760.0 0 1 0 0 0 0
2172 4345.0 634.4 -10 6 80.0 29.8 2384.00 3840.0 0 1 0 0 0 0
2173 5060.0 2632.4 -10 6 56.0 21.6 1209.60 2990.0 0 1 0 0 0 0
2174 4202.6 2793.4 -8 6 16.0 32.5 520.00 3694.0 0 1 0 0 0 0
2175 5451.6 2915.4 -8 6 40.0 16.2 648.00 3744.0 0 1 0 0 0 0
2176 5553.4 2939.4 -7 6 80.0 32.5 2600.00 3927.0 0 1 0 0 0 0
2177 1094.2 3016.4 -6 6 56.0 27.1 1517.60 3832.0 0 1 0 0 0 0
2178 378.0 2897.4 -5 6 88.0 67.7 5957.60 4067.0 0 1 0 0 0 0
2179 783.0 2669.4 -5 6 96.0 51.4 4934.40 3966.0 0 1 0 0 0 0
2180 3790.0 3154.4 -5 6 16.0 8.1 129.60 1523.0 0 1 0 0 0 0
2181 1117.8 1575.4 -4 6 96.0 29.8 2860.80 4078.0 0 1 0 0 0 0
2182 2469.8 871.4 -4 6 120.0 48.7 5844.00 3968.0 0 1 0 0 0 0
2183 3712.8 2859.4 -4 6 32.0 16.2 518.40 2398.0 0 1 0 0 0 0
2184 3672.6 2140.4 -3 6 32.0 10.8 345.60 2320.0 0 1 0 0 0 0
2185 3495.4 2330.4 -2 6 48.0 35.2 1689.60 3824.0 0 1 0 0 0 0
2186 3546.4 2330.4 -2 6 8.0 2.7 21.60 1701.0 0 1 0 0 0 0
2187 5275.4 1378.4 -2 6 64.0 27.1 1734.40 3960.0 0 1 0 0 0 0
2188 767.2 1191.4 -1 6 24.0 5.4 129.60 2065.0 0 1 0 0 0 0
2189 797.2 1185.4 -1 6 40.0 18.9 756.00 2832.0 0 1 0 0 0 0
2190 1390.2 1564.4 -1 6 64.0 32.5 2080.00 4076.0 0 1 0 0 0 0
2191 2507.2 1324.4 -1 6 64.0 29.8 1907.20 3987.0 0 1 0 0 0 0
2192 4913.2 1561.4 -1 6 80.0 27.1 2168.00 4083.0 0 1 0 0 0 0
2193 4930.2 1363.4 -1 6 128.0 62.3 7974.40 3966.0 0 1 0 0 0 0
2194 348.0 373.4 0 6 32.0 10.8 345.60 2323.0 0 1 0 0 0 0
2195 2306.0 520.4 0 6 8.0 8.1 64.80 1685.0 0 1 0 0 0 0
2196 2326.0 506.4 0 6 16.0 5.4 86.40 1447.0 0 1 0 0 0 0
2197 2354.0 519.4 0 6 40.0 24.3 972.00 3953.0 0 1 0 0 0 0
2198 3237.0 1958.4 0 6 88.0 37.9 3335.20 4076.0 0 1 0 0 0 0
2199 5514.0 754.4 0 6 24.0 13.5 324.00 2792.0 0 1 0 0 0 0
2200 5785.0 3224.4 0 6 48.0 32.5 1560.00 3895.0 0 1 0 0 0 0
2201 2619.8 536.4 1 6 80.0 27.1 2168.00 3936.0 0 1 0 0 0 0
2202 4544.8 1218.4 1 6 8.0 2.7 21.60 881.0 0 1 0 0 0 0
2203 4550.8 1209.4 1 6 24.0 8.1 194.40 2579.0 0 1 0 0 0 0
2204 4552.8 1197.4 1 6 8.0 5.4 43.20 1786.0 0 1 0 0 0 0
2205 1413.6 2386.4 2 6 24.0 5.4 129.60 1680.0 0 1 0 0 0 0
2206 723.4 1227.4 3 6 32.0 10.8 345.60 2389.0 0 1 0 0 0 0
2207 771.4 1283.4 3 6 24.0 13.5 324.00 520.0 0 1 0 0 0 0
2208 778.4 1252.4 3 6 88.0 32.5 2860.00 3708.0 0 1 0 0 0 0
2209 853.4 1250.4 3 6 64.0 40.6 2598.40 3936.0 0 1 0 0 0 0
2210 2766.4 1479.4 3 6 88.0 37.9 3335.20 3969.0 0 1 0 0 0 0
2211 5181.4 742.4 3 6 96.0 54.2 5203.20 3982.0 0 1 0 0 0 0
2212 792.2 1977.4 4 6 88.0 37.9 3335.20 4083.0 0 1 0 0 0 0
2213 2823.2 2361.4 4 6 80.0 40.6 3248.00 3982.0 0 1 0 0 0 0
2214 4392.2 2920.4 4 6 72.0 56.9 4096.80 4071.0 0 1 0 0 0 0
2215 5348.2 884.4 4 6 80.0 21.6 1728.00 3918.0 0 1 0 0 0 0
2216 4286.8 2908.4 6 6 64.0 32.5 2080.00 3944.0 0 1 0 0 0 0
2217 4494.8 1431.4 6 6 88.0 40.6 3572.80 3957.0 0 1 0 0 0 0
2218 4860.8 2395.4 6 6 72.0 29.8 2145.60 3966.0 0 1 0 0 0 0
2219 5047.8 2692.4 6 6 88.0 32.5 2860.00 3964.0 0 1 0 0 0 0
2220 290.6 2258.4 7 6 64.0 18.9 1209.60 3930.0 0 1 0 0 0 0
2221 4974.6 3084.4 7 6 80.0 46.0 3680.00 3936.0 0 1 0 0 0 0
2222 1453.4 3027.4 8 6 64.0 35.2 2252.80 3893.0 0 1 0 0 0 0
2223 1751.4 2119.4 8 6 16.0 13.5 216.00 2000.0 0 1 0 0 0 0
2224 2840.4 150.4 8 6 80.0 40.6 3248.00 3975.0 0 1 0 0 0 0
2225 2431.0 1198.4 10 6 96.0 24.3 2332.80 3504.0 0 1 0 0 0 0
2226 3775.0 760.4 10 6 40.0 21.6 864.00 3838.0 0 1 0 0 0 0
2227 5489.0 1215.4 10 6 32.0 16.2 518.40 1768.0 0 1 0 0 0 0
2228 2529.6 1392.4 12 6 72.0 29.8 2145.60 3854.0 0 1 0 0 0 0
2229 2677.6 1543.4 12 6 48.0 24.3 1166.40 3864.0 0 1 0 0 0 0
2230 3482.6 381.4 12 6 40.0 32.5 1300.00 3658.0 0 1 0 0 0 0
2231 819.4 2183.4 13 6 48.0 21.6 1036.80 3891.0 0 1 0 0 0 0
2232 3405.4 586.4 13 6 16.0 8.1 129.60 1523.0 0 1 0 0 0 0
2233 3488.6 370.8 12 7 24.0 10.8 259.20 2030.0 0 1 0 0 0 0
2234 2859.6 2833.8 12 7 88.0 46.0 4048.00 3866.0 0 1 0 0 0 0
2235 2533.6 625.8 12 7 88.0 54.2 4769.60 3877.0 0 1 0 0 0 0
2236 5537.8 3039.8 11 7 16.0 13.5 216.00 2060.0 0 1 0 0 0 0
2237 1331.8 942.8 11 7 96.0 37.9 3638.40 3834.0 0 1 0 0 0 0
2238 2938.2 861.8 9 7 88.0 40.6 3572.80 3916.0 0 1 0 0 0 0
2239 2235.2 2145.8 9 7 8.0 5.4 43.20 1351.0 0 1 0 0 0 0
2240 5551.4 1553.8 8 7 64.0 27.1 1734.40 4033.0 0 1 0 0 0 0
2241 5412.6 2204.8 7 7 56.0 21.6 1209.60 3889.0 0 1 0 0 0 0
2242 3413.8 774.8 6 7 32.0 5.4 172.80 1864.0 0 1 0 0 0 0
2243 3403.8 2205.8 6 7 128.0 35.2 4505.60 3950.0 0 1 0 0 0 0
2244 1105.8 3161.8 6 7 72.0 32.5 2340.00 3964.0 0 1 0 0 0 0
2245 4835.0 1531.8 5 7 64.0 24.3 1555.20 3888.0 0 1 0 0 0 0
2246 3362.0 2993.8 5 7 16.0 10.8 172.80 2110.0 0 1 0 0 0 0
2247 3332.0 2991.8 5 7 32.0 21.6 691.20 3358.0 0 1 0 0 0 0
2248 2544.0 939.8 5 7 40.0 16.2 648.00 3500.0 0 1 0 0 0 0
2249 4755.2 1084.8 4 7 152.0 59.6 9059.20 3966.0 0 1 0 0 0 0
2250 3171.2 3351.8 4 7 128.0 73.1 9356.80 4078.0 0 1 0 0 0 0
2251 1787.2 2892.8 4 7 32.0 18.9 604.80 3283.0 0 1 0 0 0 0
2252 1458.2 2995.8 4 7 32.0 13.5 432.00 1685.0 0 1 0 0 0 0
2253 582.2 135.8 4 7 208.0 43.3 9006.40 3491.0 0 1 0 0 0 0
2254 5599.4 1187.8 3 7 88.0 37.9 3335.20 3953.0 0 1 0 0 0 0
2255 2881.4 3113.8 3 7 72.0 29.8 2145.60 3987.0 0 1 0 0 0 0
2256 2814.4 3337.8 3 7 56.0 21.6 1209.60 3955.0 0 1 0 0 0 0
2257 1772.4 3211.8 3 7 72.0 37.9 2728.80 3920.0 0 1 0 0 0 0
2258 1373.4 2217.8 3 7 72.0 27.1 1951.20 3754.0 0 1 0 0 0 0
2259 464.4 779.8 3 7 96.0 40.6 3897.60 3968.0 0 1 0 0 0 0
2260 3003.6 2298.8 2 7 24.0 21.6 518.40 3066.0 0 1 0 0 0 0
2261 2959.6 2295.8 2 7 24.0 8.1 194.40 2545.0 0 1 0 0 0 0
2262 417.6 3104.8 2 7 64.0 27.1 1734.40 3982.0 0 1 0 0 0 0
2263 3432.8 795.8 1 7 64.0 24.3 1555.20 3674.0 0 1 0 0 0 0
2264 1175.8 2289.8 1 7 48.0 27.1 1300.80 3740.0 0 1 0 0 0 0
2265 4741.0 2553.8 0 7 72.0 35.2 2534.40 3960.0 0 1 0 0 0 0
2266 5542.2 2226.8 -1 7 16.0 5.4 86.40 1358.0 0 1 0 0 0 0
2267 4299.2 222.8 -1 7 72.0 46.0 3312.00 4056.0 0 1 0 0 0 0
2268 5611.4 1231.8 -2 7 32.0 18.9 604.80 3242.0 0 1 0 0 0 0
2269 3096.4 1125.8 -2 7 96.0 70.4 6758.40 3968.0 0 1 0 0 0 0
2270 4300.6 2634.8 -3 7 72.0 32.5 2340.00 4023.0 0 1 0 0 0 0
2271 3346.6 873.8 -3 7 64.0 27.1 1734.40 3948.0 0 1 0 0 0 0
2272 497.8 2579.8 -4 7 32.0 13.5 432.00 1488.0 0 1 0 0 0 0
2273 5201.0 355.8 -5 7 80.0 37.9 3032.00 3964.0 0 1 0 0 0 0
2274 5184.0 471.8 -5 7 24.0 13.5 324.00 2707.0 0 1 0 0 0 0
2275 5136.0 467.8 -5 7 72.0 32.5 2340.00 3831.0 0 1 0 0 0 0
2276 5014.0 1091.8 -5 7 88.0 46.0 4048.00 3964.0 0 1 0 0 0 0
2277 1424.0 1429.8 -5 7 56.0 27.1 1517.60 3955.0 0 1 0 0 0 0
2278 2967.2 164.8 -6 7 16.0 8.1 129.60 96.0 0 1 0 0 0 0
2279 1004.2 313.8 -6 7 88.0 40.6 3572.80 3920.0 0 1 0 0 0 0
2280 5527.4 2852.8 -7 7 16.0 5.4 86.40 1939.0 0 1 0 0 0 0
2281 2813.4 545.8 -7 7 40.0 13.5 540.00 3111.0 0 1 0 0 0 0
2282 456.6 1071.8 -8 7 120.0 37.9 4548.00 3857.0 0 1 0 0 0 0
2283 1767.0 2982.8 -10 7 64.0 35.2 2252.80 3845.0 0 1 0 0 0 0
2284 844.0 2572.8 -10 7 72.0 32.5 2340.00 3768.0 0 1 0 0 0 0
2285 3527.2 1079.8 -11 7 16.0 5.4 86.40 2515.0 0 1 0 0 0 0
2286 3496.2 1082.8 -11 7 56.0 21.6 1209.60 3303.0 0 1 0 0 0 0
2287 1541.2 1237.8 -11 7 40.0 27.1 1084.00 3690.0 0 1 0 0 0 0
2288 3769.4 2230.8 -12 7 24.0 16.2 388.80 2442.0 0 1 0 0 0 0
2289 506.6 3096.2 -13 8 48.0 16.2 777.60 3740.0 0 1 0 0 0 0
2290 4999.6 2590.2 -13 8 88.0 24.3 2138.40 3694.0 0 1 0 0 0 0
2291 5432.6 2060.2 -13 8 32.0 13.5 432.00 3754.0 0 1 0 0 0 0
2292 1433.4 2177.2 -12 8 16.0 18.9 302.40 2433.0 0 1 0 0 0 0
2293 1461.4 2178.2 -12 8 16.0 10.8 172.80 2565.0 0 1 0 0 0 0
2294 5542.4 1118.2 -12 8 64.0 27.1 1734.40 3811.0 0 1 0 0 0 0
2295 1114.0 1330.2 -10 8 24.0 10.8 259.20 1640.0 0 1 0 0 0 0
2296 3490.0 1081.2 -10 8 40.0 18.9 756.00 3619.0 0 1 0 0 0 0
2297 4597.8 461.2 -9 8 56.0 21.6 1209.60 3848.0 0 1 0 0 0 0
2298 5486.8 833.2 -9 8 72.0 32.5 2340.00 3968.0 0 1 0 0 0 0
2299 4281.6 2067.2 -8 8 88.0 29.8 2622.40 4030.0 0 1 0 0 0 0
2300 280.4 1085.2 -7 8 72.0 24.3 1749.60 3425.0 0 1 0 0 0 0
2301 722.4 349.2 -7 8 80.0 27.1 2168.00 3912.0 0 1 0 0 0 0
2302 5636.4 1511.2 -7 8 64.0 37.9 2425.60 3932.0 0 1 0 0 0 0
2303 5780.4 1312.2 -7 8 56.0 32.5 1820.00 3864.0 0 1 0 0 0 0
2304 3186.2 158.2 -6 8 24.0 13.5 324.00 64.0 0 1 0 0 0 0
2305 3216.2 224.2 -6 8 96.0 48.7 4675.20 3971.0 0 1 0 0 0 0
2306 3274.2 159.2 -6 8 40.0 13.5 540.00 76.0 0 1 0 0 0 0
2307 703.0 961.2 -5 8 48.0 16.2 777.60 2798.0 0 1 0 0 0 0
2308 2512.0 2160.2 -5 8 152.0 94.8 14409.60 3982.0 0 1 0 0 0 0
2309 2592.0 1977.2 -5 8 24.0 8.1 194.40 83.0 0 1 0 0 0 0
2310 3130.0 2782.2 -5 8 56.0 27.1 1517.60 3939.0 0 1 0 0 0 0
2311 3604.0 2801.2 -5 8 88.0 5.4 475.20 2963.0 0 1 0 0 0 0
2312 1093.8 2674.2 -4 8 80.0 32.5 2600.00 3957.0 0 1 0 0 0 0
2313 1478.8 1477.2 -4 8 56.0 29.8 1668.80 3944.0 0 1 0 0 0 0
2314 3125.8 473.2 -4 8 48.0 16.2 777.60 3493.0 0 1 0 0 0 0
2315 4728.8 3190.2 -4 8 64.0 32.5 2080.00 3936.0 0 1 0 0 0 0
2316 3571.6 1128.2 -3 8 48.0 18.9 907.20 3950.0 0 1 0 0 0 0
2317 5207.6 1484.2 -3 8 24.0 10.8 259.20 785.0 0 1 0 0 0 0
2318 5492.6 2185.2 -3 8 48.0 35.2 1689.60 3703.0 0 1 0 0 0 0
2319 1217.4 3140.2 -2 8 72.0 32.5 2340.00 3964.0 0 1 0 0 0 0
2320 2777.4 2794.2 -2 8 160.0 70.4 11264.00 3950.0 0 1 0 0 0 0
2321 5644.4 1983.2 -2 8 64.0 27.1 1734.40 4056.0 0 1 0 0 0 0
2322 1802.2 3386.2 -1 8 24.0 8.1 194.40 2611.0 0 1 0 0 0 0
2323 244.8 2302.2 1 8 32.0 46.0 1472.00 3932.0 0 1 0 0 0 0
2324 571.6 3387.2 2 8 80.0 16.2 1296.00 3856.0 0 1 0 0 0 0
2325 1569.6 380.2 2 8 8.0 5.4 43.20 1521.0 0 1 0 0 0 0
2326 1601.6 373.2 2 8 8.0 8.1 64.80 1800.0 0 1 0 0 0 0
2327 2349.6 1394.2 2 8 80.0 43.3 3464.00 3978.0 0 1 0 0 0 0
2328 817.4 890.2 3 8 64.0 27.1 1734.40 3825.0 0 1 0 0 0 0
2329 1440.4 2455.2 3 8 24.0 16.2 388.80 2693.0 0 1 0 0 0 0
2330 3479.4 804.2 3 8 40.0 21.6 864.00 3745.0 0 1 0 0 0 0
2331 472.2 577.2 4 8 56.0 21.6 1209.60 3514.0 0 1 0 0 0 0
2332 4350.2 2702.2 4 8 24.0 16.2 388.80 3223.0 0 1 0 0 0 0
2333 4390.0 839.2 5 8 80.0 24.3 1944.00 4060.0 0 1 0 0 0 0
2334 5590.0 1117.2 5 8 120.0 48.7 5844.00 3957.0 0 1 0 0 0 0
2335 468.8 1283.2 6 8 56.0 35.2 1971.20 3973.0 0 1 0 0 0 0
2336 534.8 2694.2 6 8 56.0 21.6 1209.60 3934.0 0 1 0 0 0 0
2337 2466.8 2026.2 6 8 40.0 24.3 972.00 2970.0 0 1 0 0 0 0
2338 5154.8 1549.2 6 8 64.0 32.5 2080.00 4016.0 0 1 0 0 0 0
2339 993.6 1468.2 7 8 96.0 48.7 4675.20 3975.0 0 1 0 0 0 0
2340 1295.6 2218.2 7 8 64.0 27.1 1734.40 3623.0 0 1 0 0 0 0
2341 1407.6 1576.2 7 8 88.0 27.1 2384.80 4078.0 0 1 0 0 0 0
2342 2799.6 1035.2 7 8 72.0 32.5 2340.00 3953.0 0 1 0 0 0 0
2343 4826.6 722.2 7 8 80.0 75.8 6064.00 3955.0 0 1 0 0 0 0
2344 5605.6 338.2 7 8 16.0 8.1 129.60 2161.0 0 1 0 0 0 0
2345 1591.4 2783.2 8 8 64.0 13.5 864.00 3532.0 0 1 0 0 0 0
2346 1695.2 2524.2 9 8 24.0 8.1 194.40 2048.0 0 1 0 0 0 0
2347 1697.2 2494.2 9 8 8.0 5.4 43.20 1431.0 0 1 0 0 0 0
2348 1706.2 2504.2 9 8 40.0 8.1 324.00 2588.0 0 1 0 0 0 0
2349 1752.2 2511.2 9 8 24.0 13.5 324.00 2195.0 0 1 0 0 0 0
2350 3629.2 658.2 9 8 32.0 10.8 345.60 2323.0 0 1 0 0 0 0
2351 2786.8 457.2 11 8 40.0 18.9 756.00 3651.0 0 1 0 0 0 0
2352 1018.6 2332.2 12 8 40.0 24.3 972.00 3891.0 0 1 0 0 0 0
2353 2336.6 1025.2 12 8 120.0 40.6 4872.00 3900.0 0 1 0 0 0 0
2354 2881.6 2315.2 12 8 8.0 8.1 64.80 990.0 0 1 0 0 0 0
2355 2920.6 2312.2 12 8 16.0 16.2 259.20 2677.0 0 1 0 0 0 0
2356 2712.6 2861.6 12 9 48.0 16.2 777.60 3264.0 0 1 0 0 0 0
2357 1147.6 1515.6 12 9 48.0 35.2 1689.60 3758.0 0 1 0 0 0 0
2358 958.6 2372.6 12 9 120.0 35.2 4224.00 3621.0 0 1 0 0 0 0
2359 4741.0 3299.6 10 9 64.0 13.5 864.00 3594.0 0 1 0 0 0 0
2360 4483.0 2302.6 10 9 8.0 13.5 108.00 1708.0 0 1 0 0 0 0
2361 4442.0 2302.6 10 9 40.0 27.1 1084.00 3978.0 0 1 0 0 0 0
2362 2732.0 3223.6 10 9 56.0 21.6 1209.60 3864.0 0 1 0 0 0 0
2363 2655.0 3286.6 10 9 80.0 27.1 2168.00 3868.0 0 1 0 0 0 0
2364 3184.2 2666.6 9 9 48.0 16.2 777.60 3591.0 0 1 0 0 0 0
2365 2450.2 1503.6 9 9 48.0 27.1 1300.80 3763.0 0 1 0 0 0 0
2366 4871.4 2302.6 8 9 32.0 10.8 345.60 1596.0 0 1 0 0 0 0
2367 5502.6 376.6 7 9 32.0 10.8 345.60 2170.0 0 1 0 0 0 0
2368 2827.6 3145.6 7 9 104.0 56.9 5917.60 3959.0 0 1 0 0 0 0
2369 3323.8 2148.6 6 9 48.0 27.1 1300.80 3866.0 0 1 0 0 0 0
2370 1747.0 1022.6 5 9 56.0 13.5 756.00 3281.0 0 1 0 0 0 0
2371 1624.0 1317.6 5 9 24.0 10.8 259.20 2944.0 0 1 0 0 0 0
2372 4447.2 198.6 4 9 48.0 32.5 1560.00 3955.0 0 1 0 0 0 0
2373 3160.4 1995.6 3 9 32.0 10.8 345.60 2380.0 0 1 0 0 0 0
2374 219.4 2024.6 3 9 8.0 18.9 151.20 1406.0 0 1 0 0 0 0
2375 5089.6 185.6 2 9 120.0 37.9 4548.00 3975.0 0 1 0 0 0 0
2376 3793.6 685.6 2 9 40.0 16.2 648.00 3864.0 0 1 0 0 0 0
2377 2628.6 830.6 2 9 112.0 16.2 1814.40 3809.0 0 1 0 0 0 0
2378 2261.6 1320.6 2 9 32.0 29.8 953.60 3976.0 0 1 0 0 0 0
2379 520.6 2747.6 2 9 88.0 35.2 3097.60 3978.0 0 1 0 0 0 0
2380 4878.8 2065.6 1 9 64.0 21.6 1382.40 3973.0 0 1 0 0 0 0
2381 4799.8 3291.6 1 9 96.0 37.9 3638.40 3985.0 0 1 0 0 0 0
2382 1777.8 321.6 1 9 64.0 37.9 2425.60 3868.0 0 1 0 0 0 0
2383 1586.8 2164.6 1 9 8.0 5.4 43.20 1242.0 0 1 0 0 0 0
2384 753.8 1486.6 1 9 56.0 18.9 1058.40 3950.0 0 1 0 0 0 0
2385 2400.2 880.6 -1 9 72.0 29.8 2145.60 3968.0 0 1 0 0 0 0
2386 1395.2 1042.6 -1 9 64.0 29.8 1907.20 3946.0 0 1 0 0 0 0
2387 1142.2 3241.6 -1 9 136.0 67.7 9207.20 3968.0 0 1 0 0 0 0
2388 857.2 1175.6 -1 9 48.0 29.8 1430.40 3936.0 0 1 0 0 0 0
2389 2631.6 2529.6 -3 9 80.0 29.8 2384.00 3959.0 0 1 0 0 0 0
2390 4551.8 1468.6 -4 9 104.0 37.9 3941.60 3943.0 0 1 0 0 0 0
2391 2807.8 2737.6 -4 9 32.0 13.5 432.00 1626.0 0 1 0 0 0 0
2392 389.8 3318.6 -4 9 112.0 32.5 3640.00 4072.0 0 1 0 0 0 0
2393 5758.0 2817.6 -5 9 40.0 16.2 648.00 2565.0 0 1 0 0 0 0
2394 5372.2 2714.6 -6 9 48.0 10.8 518.40 2236.0 0 1 0 0 0 0
2395 5356.2 2694.6 -6 9 80.0 13.5 1080.00 3424.0 0 1 0 0 0 0
2396 3759.2 2359.6 -6 9 32.0 21.6 691.20 2805.0 0 1 0 0 0 0
2397 3699.2 2357.6 -6 9 8.0 2.7 21.60 1237.0 0 1 0 0 0 0
2398 1130.2 2573.6 -6 9 64.0 24.3 1555.20 3923.0 0 1 0 0 0 0
2399 5330.4 3028.6 -7 9 48.0 27.1 1300.80 3571.0 0 1 0 0 0 0
2400 1648.4 1334.6 -7 9 64.0 43.3 2771.20 3390.0 0 1 0 0 0 0
2401 1085.4 2199.6 -7 9 56.0 21.6 1209.60 3882.0 0 1 0 0 0 0
2402 2377.8 1061.6 -9 9 128.0 54.2 6937.60 4053.0 0 1 0 0 0 0
2403 1732.8 2923.6 -9 9 40.0 16.2 648.00 3264.0 0 1 0 0 0 0
2404 5191.0 1969.6 -10 9 96.0 29.8 2860.80 4080.0 0 1 0 0 0 0
2405 4469.0 2650.6 -10 9 64.0 29.8 1907.20 3991.0 0 1 0 0 0 0
2406 4407.0 3139.6 -10 9 72.0 32.5 2340.00 3852.0 0 1 0 0 0 0
2407 4354.0 3022.6 -10 9 24.0 16.2 388.80 85.0 0 1 0 0 0 0
2408 953.0 3204.6 -10 9 56.0 21.6 1209.60 3813.0 0 1 0 0 0 0
2409 4945.2 3387.6 -11 9 40.0 8.1 324.00 640.0 0 1 0 0 0 0
2410 4877.2 3380.6 -11 9 72.0 21.6 1555.20 478.0 0 1 0 0 0 0
2411 3059.2 1945.6 -11 9 48.0 8.1 388.80 3025.0 0 1 0 0 0 0
2412 3055.2 1958.6 -11 9 32.0 16.2 518.40 117.0 0 1 0 0 0 0
2413 968.2 549.6 -11 9 16.0 10.8 172.80 2039.0 0 1 0 0 0 0
2414 3011.4 600.6 -12 9 96.0 40.6 3897.60 3793.0 0 1 0 0 0 0
2415 5459.6 3323.6 -13 9 48.0 21.6 1036.80 3816.0 0 1 0 0 0 0
2416 4735.6 741.6 -13 9 72.0 27.1 1951.20 3783.0 0 1 0 0 0 0
2417 1474.6 1560.0 -13 10 96.0 29.8 2860.80 4076.0 0 1 0 0 0 0
2418 5776.6 1960.0 -13 10 56.0 13.5 756.00 2558.0 0 1 0 0 0 0
2419 5795.6 1946.0 -13 10 8.0 2.7 21.60 1562.0 0 1 0 0 0 0
2420 500.4 862.0 -12 10 120.0 46.0 5520.00 3754.0 0 1 0 0 0 0
2421 4801.2 2496.0 -11 10 80.0 27.1 2168.00 3747.0 0 1 0 0 0 0
2422 5395.2 3287.0 -11 10 24.0 10.8 259.20 1521.0 0 1 0 0 0 0
2423 2405.0 3058.0 -10 10 136.0 43.3 5888.80 3992.0 0 1 0 0 0 0
2424 3214.0 3153.0 -10 10 64.0 32.5 2080.00 3781.0 0 1 0 0 0 0
2425 4397.0 1511.0 -10 10 48.0 35.2 1689.60 3987.0 0 1 0 0 0 0
2426 4452.0 1509.0 -10 10 40.0 32.5 1300.00 3763.0 0 1 0 0 0 0
2427 4961.0 2167.0 -10 10 48.0 18.9 907.20 3761.0 0 1 0 0 0 0
2428 1353.6 1435.0 -8 10 48.0 18.9 907.20 3747.0 0 1 0 0 0 0
2429 5148.6 342.0 -8 10 72.0 35.2 2534.40 3880.0 0 1 0 0 0 0
2430 4578.4 1374.0 -7 10 64.0 27.1 1734.40 3888.0 0 1 0 0 0 0
2431 2723.2 398.0 -6 10 88.0 35.2 3097.60 3937.0 0 1 0 0 0 0
2432 4348.2 470.0 -6 10 64.0 32.5 2080.00 3731.0 0 1 0 0 0 0
2433 4411.2 3280.0 -6 10 72.0 29.8 2145.60 3834.0 0 1 0 0 0 0
2434 5603.2 359.0 -6 10 8.0 8.1 64.80 1560.0 0 1 0 0 0 0
2435 633.8 485.0 -4 10 48.0 24.3 1166.40 3729.0 0 1 0 0 0 0
2436 1695.8 2739.0 -4 10 80.0 35.2 2816.00 3930.0 0 1 0 0 0 0
2437 4755.8 1978.0 -4 10 40.0 18.9 756.00 2369.0 0 1 0 0 0 0
2438 1429.6 1243.0 -3 10 56.0 27.1 1517.60 3912.0 0 1 0 0 0 0
2439 1454.6 1113.0 -3 10 48.0 21.6 1036.80 3916.0 0 1 0 0 0 0
2440 1562.6 2377.0 -3 10 16.0 5.4 86.40 1932.0 0 1 0 0 0 0
2441 912.4 3288.0 -2 10 64.0 29.8 1907.20 3930.0 0 1 0 0 0 0
2442 3271.4 2910.0 -2 10 56.0 24.3 1360.80 3925.0 0 1 0 0 0 0
2443 4729.4 2142.0 -2 10 88.0 54.2 4769.60 3959.0 0 1 0 0 0 0
2444 3251.2 2691.0 -1 10 48.0 16.2 777.60 3905.0 0 1 0 0 0 0
2445 4282.2 868.0 -1 10 32.0 16.2 518.40 3155.0 0 1 0 0 0 0
2446 5093.2 3240.0 -1 10 56.0 21.6 1209.60 3952.0 0 1 0 0 0 0
2447 661.8 442.0 1 10 56.0 21.6 1209.60 3738.0 0 1 0 0 0 0
2448 4515.8 2904.0 1 10 72.0 35.2 2534.40 3978.0 0 1 0 0 0 0
2449 4733.8 3140.0 1 10 88.0 43.3 3810.40 3989.0 0 1 0 0 0 0
2450 1244.6 556.0 2 10 96.0 48.7 4675.20 3966.0 0 1 0 0 0 0
2451 2609.4 828.0 3 10 56.0 13.5 756.00 2056.0 0 1 0 0 0 0
2452 4783.4 896.0 3 10 56.0 29.8 1668.80 3136.0 0 1 0 0 0 0
2453 712.2 2246.0 4 10 120.0 46.0 5520.00 3962.0 0 1 0 0 0 0
2454 2251.2 1496.0 4 10 40.0 29.8 1192.00 3816.0 0 1 0 0 0 0
2455 5120.2 464.0 4 10 88.0 32.5 2860.00 3941.0 0 1 0 0 0 0
2456 5482.2 1001.0 4 10 56.0 27.1 1517.60 3891.0 0 1 0 0 0 0
2457 5759.2 3086.0 4 10 16.0 18.9 302.40 3130.0 0 1 0 0 0 0
2458 371.0 2872.0 5 10 40.0 27.1 1084.00 3781.0 0 1 0 0 0 0
2459 1695.0 873.0 5 10 56.0 35.2 1971.20 3937.0 0 1 0 0 0 0
2460 4944.0 467.0 5 10 48.0 16.2 777.60 3127.0 0 1 0 0 0 0
2461 1089.8 1198.0 6 10 48.0 24.3 1166.40 3879.0 0 1 0 0 0 0
2462 285.6 3319.0 7 10 120.0 46.0 5520.00 4083.0 0 1 0 0 0 0
2463 2366.6 2290.0 7 10 48.0 24.3 1166.40 3735.0 0 1 0 0 0 0
2464 5246.6 2320.0 7 10 64.0 48.7 3116.80 3836.0 0 1 0 0 0 0
2465 1748.4 2396.0 8 10 24.0 13.5 324.00 2348.0 0 1 0 0 0 0
2466 660.2 665.0 9 10 24.0 8.1 194.40 2131.0 0 1 0 0 0 0
2467 1631.2 3179.0 9 10 16.0 5.4 86.40 2030.0 0 1 0 0 0 0
2468 2670.2 2468.0 9 10 56.0 24.3 1360.80 3861.0 0 1 0 0 0 0
2469 4552.2 2530.0 9 10 56.0 24.3 1360.80 3843.0 0 1 0 0 0 0
2470 353.0 536.0 10 10 24.0 5.4 129.60 1272.0 0 1 0 0 0 0
2471 422.0 497.0 10 10 40.0 27.1 1084.00 3928.0 0 1 0 0 0 0
2472 447.0 465.0 10 10 16.0 10.8 172.80 1605.0 0 1 0 0 0 0
2473 464.0 485.0 10 10 24.0 24.3 583.20 2396.0 0 1 0 0 0 0
2474 491.0 489.0 10 10 8.0 8.1 64.80 1843.0 0 1 0 0 0 0
2475 507.0 474.0 10 10 8.0 2.7 21.60 1392.0 0 1 0 0 0 0
2476 554.0 502.0 10 10 56.0 43.3 2424.80 3905.0 0 1 0 0 0 0
2477 3217.0 3387.0 10 10 64.0 13.5 864.00 3130.0 0 1 0 0 0 0
2478 1325.8 1152.0 11 10 80.0 32.5 2600.00 3639.0 0 1 0 0 0 0
2479 4229.8 2579.4 11 11 48.0 35.2 1689.60 3841.0 0 1 0 0 0 0
2480 3445.8 3217.4 11 11 72.0 37.9 2728.80 3820.0 0 1 0 0 0 0
2481 2710.0 2417.4 10 11 64.0 32.5 2080.00 3818.0 0 1 0 0 0 0
2482 1044.0 2567.4 10 11 56.0 24.3 1360.80 3800.0 0 1 0 0 0 0
2483 3788.2 2383.4 9 11 32.0 27.1 867.20 2988.0 0 1 0 0 0 0
2484 806.2 132.4 9 11 64.0 10.8 691.20 1900.0 0 1 0 0 0 0
2485 5130.4 2708.4 8 11 48.0 32.5 1560.00 3907.0 0 1 0 0 0 0
2486 2637.4 1492.4 8 11 56.0 21.6 1209.60 3790.0 0 1 0 0 0 0
2487 4705.6 1222.4 7 11 8.0 10.8 86.40 1169.0 0 1 0 0 0 0
2488 4654.6 1220.4 7 11 40.0 37.9 1516.00 3898.0 0 1 0 0 0 0
2489 1804.8 596.4 6 11 24.0 13.5 324.00 2997.0 0 1 0 0 0 0
2490 2929.0 2897.4 5 11 24.0 10.8 259.20 2784.0 0 1 0 0 0 0
2491 1542.0 1177.4 5 11 72.0 29.8 2145.60 3946.0 0 1 0 0 0 0
2492 533.0 975.4 5 11 48.0 18.9 907.20 3628.0 0 1 0 0 0 0
2493 4430.2 1299.4 4 11 88.0 37.9 3335.20 3960.0 0 1 0 0 0 0
2494 3442.2 2182.4 4 11 32.0 18.9 604.80 2913.0 0 1 0 0 0 0
2495 2963.2 2316.4 4 11 16.0 10.8 172.80 2446.0 0 1 0 0 0 0
2496 2962.2 2328.4 4 11 24.0 5.4 129.60 2327.0 0 1 0 0 0 0
2497 2797.4 2686.4 3 11 56.0 21.6 1209.60 3946.0 0 1 0 0 0 0
2498 4649.6 386.4 2 11 96.0 54.2 5203.20 3973.0 0 1 0 0 0 0
2499 4580.6 3095.4 2 11 104.0 40.6 4222.40 3950.0 0 1 0 0 0 0
2500 2470.8 3060.4 1 11 88.0 46.0 4048.00 3975.0 0 1 0 0 0 0
2501 2555.0 621.4 0 11 64.0 27.1 1734.40 3975.0 0 1 0 0 0 0
2502 5800.2 2820.4 -1 11 24.0 16.2 388.80 2330.0 0 1 0 0 0 0
2503 4817.2 2223.4 -1 11 96.0 40.6 3897.60 3948.0 0 1 0 0 0 0
2504 1398.4 941.4 -2 11 80.0 32.5 2600.00 3960.0 0 1 0 0 0 0
2505 1199.4 888.4 -2 11 72.0 16.2 1166.40 3610.0 0 1 0 0 0 0
2506 5719.6 2924.4 -3 11 56.0 29.8 1668.80 3941.0 0 1 0 0 0 0
2507 1094.6 983.4 -3 11 56.0 27.1 1517.60 3953.0 0 1 0 0 0 0
2508 4953.8 2203.4 -4 11 56.0 21.6 1209.60 3918.0 0 1 0 0 0 0
2509 3064.0 1004.4 -5 11 56.0 27.1 1517.60 3909.0 0 1 0 0 0 0
2510 734.2 2259.4 -6 11 16.0 13.5 216.00 2824.0 0 1 0 0 0 0
2511 5154.4 2868.4 -7 11 64.0 29.8 1907.20 3856.0 0 1 0 0 0 0
2512 3776.4 1425.4 -7 11 32.0 16.2 518.40 3509.0 0 1 0 0 0 0
2513 2958.4 2869.4 -7 11 48.0 18.9 907.20 3779.0 0 1 0 0 0 0
2514 4865.6 999.4 -8 11 64.0 27.1 1734.40 3875.0 0 1 0 0 0 0
2515 2968.6 664.4 -8 11 64.0 24.3 1555.20 3886.0 0 1 0 0 0 0
2516 1806.0 1514.4 -10 11 16.0 16.2 259.20 3383.0 0 1 0 0 0 0
2517 3271.2 579.4 -11 11 56.0 18.9 1058.40 3779.0 0 1 0 0 0 0
2518 3077.2 1187.4 -11 11 48.0 29.8 1430.40 3870.0 0 1 0 0 0 0
2519 5729.4 3121.4 -12 11 8.0 2.7 21.60 1440.0 0 1 0 0 0 0
2520 5684.4 3130.4 -12 11 24.0 21.6 518.40 3146.0 0 1 0 0 0 0
2521 5646.4 3126.4 -12 11 16.0 21.6 345.60 3077.0 0 1 0 0 0 0
2522 1101.2 3205.8 -11 12 56.0 29.8 1668.80 3795.0 0 1 0 0 0 0
2523 5348.2 2979.8 -11 12 32.0 27.1 867.20 3015.0 0 1 0 0 0 0
2524 2457.0 2073.8 -10 12 104.0 84.0 8736.00 3861.0 0 1 0 0 0 0
2525 5645.0 1525.8 -10 12 80.0 37.9 3032.00 3859.0 0 1 0 0 0 0
2526 3028.6 1578.8 -8 12 160.0 40.6 6496.00 4080.0 0 1 0 0 0 0
2527 3265.6 1576.8 -8 12 48.0 5.4 259.20 53.0 0 1 0 0 0 0
2528 5750.6 2926.8 -8 12 64.0 32.5 2080.00 3829.0 0 1 0 0 0 0
2529 311.2 1307.8 -6 12 72.0 29.8 2145.60 3907.0 0 1 0 0 0 0
2530 1541.0 1978.8 -5 12 192.0 54.2 10406.40 4080.0 0 1 0 0 0 0
2531 2752.8 225.8 -4 12 72.0 32.5 2340.00 3923.0 0 1 0 0 0 0
2532 3601.8 2373.8 -4 12 64.0 8.1 518.40 2981.0 0 1 0 0 0 0
2533 3619.8 2381.8 -4 12 8.0 2.7 21.60 1642.0 0 1 0 0 0 0
2534 1695.6 2700.8 -3 12 56.0 35.2 1971.20 3932.0 0 1 0 0 0 0
2535 3123.6 916.8 -3 12 56.0 27.1 1517.60 3930.0 0 1 0 0 0 0
2536 3295.6 772.8 -3 12 72.0 27.1 1951.20 3939.0 0 1 0 0 0 0
2537 5359.6 2575.8 -3 12 32.0 13.5 432.00 2465.0 0 1 0 0 0 0
2538 2598.2 2547.8 -1 12 72.0 29.8 2145.60 3948.0 0 1 0 0 0 0
2539 676.0 622.8 0 12 112.0 51.4 5756.80 3959.0 0 1 0 0 0 0
2540 1531.0 1134.8 0 12 24.0 10.8 259.20 942.0 0 1 0 0 0 0
2541 3079.0 2644.8 0 12 95.9 24.3 2330.37 4040.0 0 1 0 0 0 0
2542 3697.0 551.8 0 12 8.0 8.1 64.80 1969.0 0 1 0 0 0 0
2543 4226.0 530.8 0 12 56.0 35.2 1971.20 3943.0 0 1 0 0 0 0
2544 5100.0 1074.8 0 12 48.0 16.2 777.60 2323.0 0 1 0 0 0 0
2545 456.8 2925.8 1 12 32.0 10.8 345.60 668.0 0 1 0 0 0 0
2546 657.8 644.8 1 12 48.0 24.3 1166.40 3946.0 0 1 0 0 0 0
2547 1412.8 326.8 1 12 64.0 18.9 1209.60 4010.0 0 1 0 0 0 0
2548 3775.8 3148.8 1 12 32.0 18.9 604.80 3760.0 0 1 0 0 0 0
2549 1343.6 2643.8 2 12 104.0 32.5 3380.00 4056.0 0 1 0 0 0 0
2550 665.2 2049.8 4 12 104.0 43.3 4503.20 3966.0 0 1 0 0 0 0
2551 4298.2 621.8 4 12 88.0 32.5 2860.00 4058.0 0 1 0 0 0 0
2552 4640.2 1963.8 4 12 96.0 35.2 3379.20 4081.0 0 1 0 0 0 0
2553 5667.2 2334.8 4 12 8.0 5.4 43.20 1699.0 0 1 0 0 0 0
2554 5709.2 2308.8 4 12 16.0 8.1 129.60 1720.0 0 1 0 0 0 0
2555 5715.2 2331.8 4 12 24.0 8.1 194.40 2599.0 0 1 0 0 0 0
2556 5785.2 2304.8 4 12 40.0 21.6 864.00 2960.0 0 1 0 0 0 0
2557 4462.8 2936.8 6 12 56.0 32.5 1820.00 3941.0 0 1 0 0 0 0
2558 1120.6 2389.8 7 12 40.0 16.2 648.00 3441.0 0 1 0 0 0 0
2559 3373.6 965.8 7 12 48.0 18.9 907.20 3912.0 0 1 0 0 0 0
2560 5143.6 1131.8 7 12 104.0 29.8 3099.20 3925.0 0 1 0 0 0 0
2561 694.4 3199.8 8 12 104.0 37.9 3941.60 3946.0 0 1 0 0 0 0
2562 2580.4 1201.8 8 12 24.0 24.3 583.20 2293.0 0 1 0 0 0 0
2563 5787.4 2305.8 8 12 24.0 27.1 650.40 3875.0 0 1 0 0 0 0
2564 372.0 2980.8 10 12 56.0 40.6 2273.60 4042.0 0 1 0 0 0 0
2565 1058.0 3152.8 10 12 48.0 18.9 907.20 3848.0 0 1 0 0 0 0
2566 5166.0 1952.8 10 12 96.0 29.8 2860.80 4012.0 0 1 0 0 0 0
2567 2783.6 2926.8 12 12 72.0 29.8 2145.60 3880.0 0 1 0 0 0 0
2568 4315.6 701.8 12 12 64.0 43.3 2771.20 4039.0 0 1 0 0 0 0
2569 5768.6 3054.2 12 13 40.0 27.1 1084.00 3390.0 0 1 0 0 0 0
2570 4713.0 2856.2 10 13 64.0 29.8 1907.20 3856.0 0 1 0 0 0 0
2571 5169.2 2653.2 9 13 40.0 16.2 648.00 3128.0 0 1 0 0 0 0
2572 4621.2 581.2 9 13 96.0 43.3 4156.80 3834.0 0 1 0 0 0 0
2573 4370.2 3319.2 9 13 104.0 29.8 3099.20 4080.0 0 1 0 0 0 0
2574 3744.2 174.2 9 13 104.0 32.5 3380.00 4067.0 0 1 0 0 0 0
2575 3058.4 3208.2 8 13 88.0 35.2 3097.60 3914.0 0 1 0 0 0 0
2576 1774.4 2830.2 8 13 48.0 24.3 1166.40 3662.0 0 1 0 0 0 0
2577 571.4 1946.2 8 13 40.0 2.7 108.00 1086.0 0 1 0 0 0 0
2578 4918.6 1125.2 7 13 48.0 21.6 1036.80 3886.0 0 1 0 0 0 0
2579 2243.0 2057.2 5 13 32.0 16.2 518.40 3630.0 0 1 0 0 0 0
2580 1117.0 1970.2 5 13 112.0 32.5 3640.00 4081.0 0 1 0 0 0 0
2581 1087.0 174.2 5 13 80.0 27.1 2168.00 4072.0 0 1 0 0 0 0
2582 4904.2 464.2 4 13 120.0 43.3 5196.00 3642.0 0 1 0 0 0 0
2583 4341.2 3384.2 4 13 104.0 29.8 3099.20 4062.0 0 1 0 0 0 0
2584 3401.2 2265.2 4 13 32.0 8.1 259.20 2837.0 0 1 0 0 0 0
2585 3396.2 2284.2 4 13 48.0 8.1 388.80 2785.0 0 1 0 0 0 0
2586 866.2 1261.2 4 13 64.0 32.5 2080.00 3936.0 0 1 0 0 0 0
2587 5490.4 2404.2 3 13 24.0 24.3 583.20 3072.0 0 1 0 0 0 0
2588 5336.4 2013.2 3 13 72.0 24.3 1749.60 3932.0 0 1 0 0 0 0
2589 3765.4 3110.2 3 13 48.0 24.3 1166.40 3763.0 0 1 0 0 0 0
2590 2625.4 1524.2 3 13 48.0 18.9 907.20 3528.0 0 1 0 0 0 0
2591 2575.4 1515.2 3 13 16.0 2.7 43.20 1249.0 0 1 0 0 0 0
2592 5783.6 2006.2 2 13 32.0 32.5 1040.00 3898.0 0 1 0 0 0 0
2593 1137.6 2438.2 2 13 64.0 29.8 1907.20 3936.0 0 1 0 0 0 0
2594 4634.8 165.2 1 13 56.0 24.3 1360.80 3859.0 0 1 0 0 0 0
2595 3484.8 593.2 1 13 40.0 24.3 972.00 3153.0 0 1 0 0 0 0
2596 2921.8 657.2 1 13 40.0 18.9 756.00 3427.0 0 1 0 0 0 0
2597 3450.0 1109.2 0 13 248.0 124.6 30900.80 3937.0 0 1 0 0 0 0
2598 5612.2 257.2 -1 13 40.0 21.6 864.00 3690.0 0 1 0 0 0 0
2599 997.2 3179.2 -1 13 72.0 29.8 2145.60 3932.0 0 1 0 0 0 0
2600 4921.4 3052.2 -2 13 48.0 18.9 907.20 3847.0 0 1 0 0 0 0
2601 2565.4 2048.2 -2 13 56.0 18.9 1058.40 3914.0 0 1 0 0 0 0
2602 600.4 613.2 -2 13 48.0 21.6 1036.80 3799.0 0 1 0 0 0 0
2603 3764.6 2703.2 -3 13 48.0 18.9 907.20 3404.0 0 1 0 0 0 0
2604 5055.0 571.2 -5 13 48.0 18.9 907.20 3880.0 0 1 0 0 0 0
2605 4508.4 2633.2 -7 13 48.0 10.8 518.40 3356.0 0 1 0 0 0 0
2606 3169.4 2156.2 -7 13 48.0 21.6 1036.80 3843.0 0 1 0 0 0 0
2607 5411.6 3246.2 -8 13 56.0 21.6 1209.60 3905.0 0 1 0 0 0 0
2608 5299.6 3371.2 -8 13 40.0 10.8 432.00 81.0 0 1 0 0 0 0
2609 2633.6 596.2 -8 13 112.0 43.3 4849.60 3831.0 0 1 0 0 0 0
2610 1424.6 3031.2 -8 13 64.0 32.5 2080.00 3832.0 0 1 0 0 0 0
2611 1332.6 710.2 -8 13 80.0 54.2 4336.00 3848.0 0 1 0 0 0 0
2612 1276.6 706.2 -8 13 24.0 16.2 388.80 3057.0 0 1 0 0 0 0
2613 4614.0 3336.2 -10 13 16.0 2.7 43.20 1736.0 0 1 0 0 0 0
2614 4611.0 3331.2 -10 13 24.0 2.7 64.80 2508.0 0 1 0 0 0 0
2615 3018.0 172.2 -10 13 104.0 29.8 3099.20 4074.0 0 1 0 0 0 0
2616 4557.2 2765.2 -11 13 64.0 24.3 1555.20 3808.0 0 1 0 0 0 0
2617 3697.2 2328.2 -11 13 24.0 5.4 129.60 1518.0 0 1 0 0 0 0
2618 3693.2 2312.2 -11 13 16.0 2.7 43.20 1608.0 0 1 0 0 0 0
2619 3691.2 2320.2 -11 13 8.0 2.7 21.60 1070.0 0 1 0 0 0 0
2620 3788.4 328.2 -12 13 40.0 43.3 1732.00 3861.0 0 1 0 0 0 0
2621 3765.4 1452.2 -12 13 80.0 46.0 3680.00 3891.0 0 1 0 0 0 0
2622 501.2 2544.6 -11 14 56.0 24.3 1360.80 3783.0 0 1 0 0 0 0
2623 2397.2 3031.6 -11 14 32.0 18.9 604.80 2805.0 0 1 0 0 0 0
2624 3366.0 547.6 -10 14 88.0 32.5 2860.00 3816.0 0 1 0 0 0 0
2625 5402.8 2208.6 -9 14 40.0 16.2 648.00 3607.0 0 1 0 0 0 0
2626 757.6 2579.6 -8 14 56.0 21.6 1209.60 3808.0 0 1 0 0 0 0
2627 2688.6 387.6 -8 14 64.0 27.1 1734.40 3863.0 0 1 0 0 0 0
2628 3684.6 2003.6 -8 14 144.0 54.2 7804.80 3884.0 0 1 0 0 0 0
2629 4561.6 651.6 -8 14 120.0 59.6 7152.00 3870.0 0 1 0 0 0 0
2630 5108.4 254.6 -7 14 80.0 27.1 2168.00 3870.0 0 1 0 0 0 0
2631 2263.2 1115.6 -6 14 48.0 40.6 1948.80 3879.0 0 1 0 0 0 0
2632 4918.2 417.6 -6 14 112.0 35.2 3942.40 3907.0 0 1 0 0 0 0
2633 2778.0 199.6 -5 14 48.0 18.9 907.20 3889.0 0 1 0 0 0 0
2634 3483.0 2873.6 -5 14 48.0 24.3 1166.40 3621.0 0 1 0 0 0 0
2635 3375.8 2672.6 -4 14 264.0 65.0 17160.00 3907.0 0 1 0 0 0 0
2636 5490.4 905.6 -2 14 40.0 29.8 1192.00 3431.0 0 1 0 0 0 0
2637 5572.4 1217.6 -2 14 56.0 32.5 1820.00 3920.0 0 1 0 0 0 0
2638 5710.4 1547.6 -2 14 88.0 40.6 3572.80 4005.0 0 1 0 0 0 0
2639 944.2 1375.6 -1 14 56.0 24.3 1360.80 3928.0 0 1 0 0 0 0
2640 5066.0 1094.6 0 14 48.0 24.3 1166.40 3943.0 0 1 0 0 0 0
2641 2860.8 1969.6 1 14 168.0 35.2 5913.60 4078.0 0 1 0 0 0 0
2642 3568.8 2729.6 1 14 8.0 8.1 64.80 1912.0 0 1 0 0 0 0
2643 4257.6 1280.6 2 14 64.0 27.1 1734.40 3962.0 0 1 0 0 0 0
2644 4266.6 1050.6 2 14 136.0 56.9 7738.40 3953.0 0 1 0 0 0 0
2645 4798.6 3047.6 2 14 16.0 2.7 43.20 1984.0 0 1 0 0 0 0
2646 4827.6 3036.6 2 14 16.0 10.8 172.80 2394.0 0 1 0 0 0 0
2647 4597.4 1157.6 3 14 24.0 27.1 650.40 3456.0 0 1 0 0 0 0
2648 2747.2 132.6 4 14 40.0 2.7 108.00 1123.0 0 1 0 0 0 0
2649 5274.0 961.6 5 14 48.0 18.9 907.20 3651.0 0 1 0 0 0 0
2650 2576.8 3107.6 6 14 176.0 75.8 13340.80 3918.0 0 1 0 0 0 0
2651 3343.8 2424.6 6 14 120.0 43.3 5196.00 3964.0 0 1 0 0 0 0
2652 4403.8 2921.6 6 14 48.0 29.8 1430.40 3173.0 0 1 0 0 0 0
2653 4451.8 2917.6 6 14 32.0 32.5 1040.00 3356.0 0 1 0 0 0 0
2654 5005.8 1508.6 6 14 16.0 8.1 129.60 1585.0 0 1 0 0 0 0
2655 5009.8 1520.6 6 14 8.0 5.4 43.20 1329.0 0 1 0 0 0 0
2656 4294.6 2358.6 7 14 80.0 21.6 1728.00 2563.0 0 1 0 0 0 0
2657 5035.6 2192.6 7 14 80.0 43.3 3464.00 3882.0 0 1 0 0 0 0
2658 5045.6 727.6 7 14 48.0 18.9 907.20 3797.0 0 1 0 0 0 0
2659 3559.4 3063.6 8 14 48.0 24.3 1166.40 3848.0 0 1 0 0 0 0
2660 5273.4 964.6 8 14 200.0 81.3 16260.00 3905.0 0 1 0 0 0 0
2661 1693.2 677.6 9 14 16.0 8.1 129.60 2291.0 0 1 0 0 0 0
2662 1717.2 2542.6 9 14 16.0 2.7 43.20 1984.0 0 1 0 0 0 0
2663 1771.2 777.6 9 14 144.0 227.6 32774.40 3854.0 0 1 0 0 0 0
2664 1806.2 918.6 9 14 16.0 32.5 520.00 3672.0 0 1 0 0 0 0
2665 1809.2 639.6 9 14 8.0 2.7 21.60 2247.0 0 1 0 0 0 0
2666 2290.2 667.6 9 14 32.0 24.3 777.60 245.0 0 1 0 0 0 0
2667 2325.2 795.6 9 14 176.0 151.7 26699.20 4069.0 0 1 0 0 0 0
2668 3369.2 257.6 9 14 8.0 2.7 21.60 1388.0 0 1 0 0 0 0
2669 3414.2 259.6 9 14 64.0 24.3 1555.20 3776.0 0 1 0 0 0 0
2670 5584.2 1550.6 9 14 56.0 29.8 1668.80 4000.0 0 1 0 0 0 0
2671 2563.0 2423.6 10 14 80.0 35.2 2816.00 3886.0 0 1 0 0 0 0
2672 1587.8 962.6 11 14 40.0 32.5 1300.00 3486.0 0 1 0 0 0 0
2673 3722.8 796.6 11 14 72.0 35.2 2534.40 3866.0 0 1 0 0 0 0
2674 5264.0 932.0 10 15 48.0 13.5 648.00 3708.0 0 1 0 0 0 0
2675 3017.0 2742.0 10 15 56.0 24.3 1360.80 3845.0 0 1 0 0 0 0
2676 1790.0 308.0 10 15 32.0 10.8 345.60 3296.0 0 1 0 0 0 0
2677 4823.2 133.0 9 15 64.0 13.5 864.00 2161.0 0 1 0 0 0 0
2678 1233.2 1967.0 9 15 40.0 10.8 432.00 92.0 0 1 0 0 0 0
2679 1141.2 2116.0 9 15 192.0 84.0 16128.00 3912.0 0 1 0 0 0 0
2680 1104.2 1978.0 9 15 72.0 18.9 1360.80 65.0 0 1 0 0 0 0
2681 2324.6 1476.0 7 15 40.0 18.9 756.00 2552.0 0 1 0 0 0 0
2682 4234.8 344.0 6 15 88.0 29.8 2622.40 3886.0 0 1 0 0 0 0
2683 3449.8 3139.0 6 15 48.0 37.9 1819.20 3900.0 0 1 0 0 0 0
2684 5785.0 2569.0 5 15 24.0 32.5 780.00 3857.0 0 1 0 0 0 0
2685 4404.0 3219.0 5 15 64.0 24.3 1555.20 3920.0 0 1 0 0 0 0
2686 3382.0 2323.0 5 15 48.0 5.4 259.20 2624.0 0 1 0 0 0 0
2687 3375.0 2304.0 5 15 16.0 2.7 43.20 1296.0 0 1 0 0 0 0
2688 1236.0 767.0 5 15 72.0 48.7 3506.40 3911.0 0 1 0 0 0 0
2689 461.0 2851.0 5 15 128.0 59.6 7628.80 3930.0 0 1 0 0 0 0
2690 3351.2 807.0 4 15 112.0 46.0 5152.00 3902.0 0 1 0 0 0 0
2691 2844.2 1411.0 4 15 64.0 24.3 1555.20 3934.0 0 1 0 0 0 0
2692 4646.4 2650.0 3 15 80.0 24.3 1944.00 4001.0 0 1 0 0 0 0
2693 3609.4 317.0 3 15 8.0 2.7 21.60 1372.0 0 1 0 0 0 0
2694 3595.4 336.0 3 15 24.0 5.4 129.60 1886.0 0 1 0 0 0 0
2695 3589.4 307.0 3 15 16.0 8.1 129.60 2005.0 0 1 0 0 0 0
2696 4623.6 455.0 2 15 56.0 27.1 1517.60 3934.0 0 1 0 0 0 0
2697 4283.6 628.0 2 15 48.0 21.6 1036.80 3952.0 0 1 0 0 0 0
2698 3200.6 2412.0 2 15 48.0 21.6 1036.80 3813.0 0 1 0 0 0 0
2699 762.6 2957.0 2 15 24.0 10.8 259.20 3262.0 0 1 0 0 0 0
2700 4427.8 2275.0 1 15 88.0 46.0 4048.00 3968.0 0 1 0 0 0 0
2701 3194.8 968.0 1 15 112.0 43.3 4849.60 3914.0 0 1 0 0 0 0
2702 2844.8 558.0 1 15 80.0 32.5 2600.00 3911.0 0 1 0 0 0 0
2703 1357.8 3155.0 1 15 80.0 29.8 2384.00 3925.0 0 1 0 0 0 0
2704 1354.0 1577.0 0 15 152.0 35.2 5350.40 4078.0 0 1 0 0 0 0
2705 3787.4 2145.0 -2 15 24.0 24.3 583.20 3877.0 0 1 0 0 0 0
2706 1371.4 1268.0 -2 15 64.0 27.1 1734.40 3646.0 0 1 0 0 0 0
2707 1062.4 2889.0 -2 15 120.0 59.6 7152.00 3925.0 0 1 0 0 0 0
2708 3768.6 657.0 -3 15 32.0 16.2 518.40 2791.0 0 1 0 0 0 0
2709 3737.6 662.0 -3 15 8.0 2.7 21.60 1432.0 0 1 0 0 0 0
2710 1781.6 2522.0 -3 15 48.0 18.9 907.20 3856.0 0 1 0 0 0 0
2711 761.6 3182.0 -3 15 24.0 8.1 194.40 752.0 0 1 0 0 0 0
2712 289.6 3124.0 -3 15 64.0 24.3 1555.20 3921.0 0 1 0 0 0 0
2713 5125.8 911.0 -4 15 48.0 16.2 777.60 3210.0 0 1 0 0 0 0
2714 4539.8 1948.0 -4 15 40.0 16.2 648.00 3562.0 0 1 0 0 0 0
2715 2474.8 358.0 -4 15 64.0 24.3 1555.20 3889.0 0 1 0 0 0 0
2716 971.8 3312.0 -4 15 8.0 2.7 21.60 1781.0 0 1 0 0 0 0
2717 2371.0 2868.0 -5 15 64.0 35.2 2252.80 4044.0 0 1 0 0 0 0
2718 1405.0 3192.0 -5 15 48.0 16.2 777.60 3859.0 0 1 0 0 0 0
2719 5707.2 815.0 -6 15 48.0 18.9 907.20 3856.0 0 1 0 0 0 0
2720 5102.4 299.0 -7 15 176.0 51.4 9046.40 3866.0 0 1 0 0 0 0
2721 3098.4 1077.0 -7 15 64.0 24.3 1555.20 3864.0 0 1 0 0 0 0
2722 400.4 2049.0 -7 15 104.0 48.7 5064.80 3870.0 0 1 0 0 0 0
2723 349.4 1962.0 -7 15 24.0 2.7 64.80 40.0 0 1 0 0 0 0
2724 293.4 2053.0 -7 15 112.0 62.3 6977.60 4062.0 0 1 0 0 0 0
2725 4867.6 525.0 -8 15 24.0 24.3 583.20 2976.0 0 1 0 0 0 0
2726 4797.6 528.0 -8 15 48.0 29.8 1430.40 3971.0 0 1 0 0 0 0
2727 4749.6 524.0 -8 15 16.0 16.2 259.20 2613.0 0 1 0 0 0 0
2728 4745.6 544.0 -8 15 8.0 8.1 64.80 2053.0 0 1 0 0 0 0
2729 4708.6 546.0 -8 15 16.0 13.5 216.00 2656.0 0 1 0 0 0 0
2730 4705.6 526.0 -8 15 8.0 2.7 21.60 1319.0 0 1 0 0 0 0
2731 3015.6 311.0 -8 15 136.0 56.9 7738.40 3831.0 0 1 0 0 0 0
2732 2249.6 1117.0 -8 15 8.0 2.7 21.60 1544.0 0 1 0 0 0 0
2733 308.6 3154.0 -8 15 112.0 75.8 8489.60 3854.0 0 1 0 0 0 0
2734 4913.8 2880.0 -9 15 176.0 56.9 10014.40 3854.0 0 1 0 0 0 0
2735 4783.8 1450.0 -9 15 80.0 5.4 432.00 1889.0 0 1 0 0 0 0
2736 4737.8 1476.0 -9 15 272.0 46.0 12512.00 3879.0 0 1 0 0 0 0
2737 4688.8 1511.0 -9 15 64.0 16.2 1036.80 2476.0 0 1 0 0 0 0
2738 4523.8 1288.0 -9 15 32.0 8.1 259.20 1324.0 0 1 0 0 0 0
2739 4460.8 2790.0 -9 15 64.0 29.8 1907.20 3870.0 0 1 0 0 0 0
2740 2884.8 3383.0 -9 15 48.0 16.2 777.60 3536.0 0 1 0 0 0 0
2741 747.8 684.0 -9 15 48.0 21.6 1036.80 3802.0 0 1 0 0 0 0
2742 459.8 2178.0 -9 15 136.0 81.3 11056.80 3859.0 0 1 0 0 0 0
2743 3286.0 1426.0 -10 15 64.0 21.6 1382.40 3850.0 0 1 0 0 0 0
2744 2462.2 2017.0 -11 15 336.0 151.7 50971.20 4085.0 0 1 0 0 0 0
2745 2248.2 1952.0 -11 15 32.0 13.5 432.00 2202.0 0 1 0 0 0 0
2746 1737.2 1003.0 -11 15 8.0 8.1 64.80 1296.0 0 1 0 0 0 0
2747 3774.2 2076.4 -11 16 32.0 24.3 777.60 3870.0 0 1 0 0 0 0
2748 5029.2 655.4 -11 16 48.0 27.1 1300.80 3784.0 0 1 0 0 0 0
2749 2253.8 514.4 -9 16 40.0 27.1 1084.00 3635.0 0 1 0 0 0 0
2750 2302.8 514.4 -9 16 24.0 18.9 453.60 2624.0 0 1 0 0 0 0
2751 2339.8 3037.4 -9 16 96.0 54.2 5203.20 4072.0 0 1 0 0 0 0
2752 2903.6 2425.4 -8 16 88.0 37.9 3335.20 3811.0 0 1 0 0 0 0
2753 5222.6 2537.4 -8 16 128.0 54.2 6937.60 3827.0 0 1 0 0 0 0
2754 333.2 161.4 -6 16 152.0 43.3 6581.60 4078.0 0 1 0 0 0 0
2755 3551.2 2168.4 -6 16 16.0 8.1 129.60 1976.0 0 1 0 0 0 0
2756 3571.2 2155.4 -6 16 8.0 2.7 21.60 954.0 0 1 0 0 0 0
2757 3579.2 2179.4 -6 16 8.0 5.4 43.20 1544.0 0 1 0 0 0 0
2758 3592.2 2162.4 -6 16 16.0 10.8 172.80 2008.0 0 1 0 0 0 0
2759 3625.2 2168.4 -6 16 24.0 8.1 194.40 2161.0 0 1 0 0 0 0
2760 4297.2 2634.4 -6 16 72.0 48.7 3506.40 4003.0 0 1 0 0 0 0
2761 3142.0 3179.4 -5 16 16.0 2.7 43.20 485.0 0 1 0 0 0 0
2762 3176.0 3234.4 -5 16 176.0 70.4 12390.40 3914.0 0 1 0 0 0 0
2763 2645.8 1004.4 -4 16 64.0 27.1 1734.40 3850.0 0 1 0 0 0 0
2764 1099.6 381.4 -3 16 40.0 16.2 648.00 3491.0 0 1 0 0 0 0
2765 5735.6 2816.4 -3 16 24.0 16.2 388.80 2204.0 0 1 0 0 0 0
2766 5631.4 1130.4 -2 16 80.0 35.2 2816.00 3882.0 0 1 0 0 0 0
2767 3230.2 2991.4 -1 16 40.0 16.2 648.00 3889.0 0 1 0 0 0 0
2768 3491.2 951.4 -1 16 40.0 21.6 864.00 3592.0 0 1 0 0 0 0
2769 5790.2 1252.4 -1 16 24.0 27.1 650.40 3779.0 0 1 0 0 0 0
2770 3102.0 2642.4 0 16 79.9 21.6 1725.84 4021.0 0 1 0 0 0 0
2771 4934.0 984.4 0 16 88.0 40.6 3572.80 3900.0 0 1 0 0 0 0
2772 1466.8 2236.4 1 16 56.0 43.3 2424.80 3859.0 0 1 0 0 0 0
2773 2450.8 1293.4 1 16 64.0 27.1 1734.40 3898.0 0 1 0 0 0 0
2774 3067.8 1188.4 1 16 40.0 18.9 756.00 3144.0 0 1 0 0 0 0
2775 5424.8 3096.4 1 16 80.0 46.0 3680.00 3930.0 0 1 0 0 0 0
2776 2906.6 2903.4 2 16 88.0 29.8 2622.40 3909.0 0 1 0 0 0 0
2777 4344.6 2882.4 2 16 72.0 35.2 2534.40 4076.0 0 1 0 0 0 0
2778 5683.6 2919.4 2 16 56.0 24.3 1360.80 3891.0 0 1 0 0 0 0
2779 1045.4 325.4 3 16 72.0 29.8 2145.60 3912.0 0 1 0 0 0 0
2780 1449.4 2120.4 3 16 64.0 18.9 1209.60 3329.0 0 1 0 0 0 0
2781 3028.2 292.4 4 16 48.0 29.8 1430.40 3888.0 0 1 0 0 0 0
2782 5115.2 2480.4 4 16 64.0 27.1 1734.40 3888.0 0 1 0 0 0 0
2783 588.0 751.4 5 16 96.0 37.9 3638.40 3884.0 0 1 0 0 0 0
2784 1166.0 2997.4 5 16 16.0 8.1 129.60 2750.0 0 1 0 0 0 0
2785 1174.0 3008.4 5 16 16.0 8.1 129.60 2560.0 0 1 0 0 0 0
2786 1230.0 3004.4 5 16 56.0 40.6 2273.60 3934.0 0 1 0 0 0 0
2787 5140.0 3087.4 5 16 168.0 73.1 12280.80 3921.0 0 1 0 0 0 0
2788 1074.4 2343.4 8 16 40.0 16.2 648.00 3813.0 0 1 0 0 0 0
2789 4797.4 1371.4 8 16 72.0 29.8 2145.60 3827.0 0 1 0 0 0 0
2790 715.2 2090.4 9 16 64.0 27.1 1734.40 3877.0 0 1 0 0 0 0
2791 5411.2 3223.4 9 16 96.0 40.6 3897.60 3923.0 0 1 0 0 0 0
2792 905.0 2270.4 10 16 24.0 13.5 324.00 3210.0 0 1 0 0 0 0
2793 4400.0 2055.4 10 16 56.0 24.3 1360.80 3918.0 0 1 0 0 0 0
2794 5042.0 1194.4 10 16 32.0 21.6 691.20 3466.0 0 1 0 0 0 0
2795 1525.8 3204.4 11 16 32.0 54.2 1734.40 2787.0 0 1 0 0 0 0
2796 5718.8 796.4 11 16 56.0 24.3 1360.80 3863.0 0 1 0 0 0 0
2797 5167.0 640.8 10 17 72.0 29.8 2145.60 3911.0 0 1 0 0 0 0
2798 4380.0 2944.8 10 17 80.0 75.8 6064.00 4065.0 0 1 0 0 0 0
2799 3295.0 1289.8 10 17 104.0 46.0 4784.00 3909.0 0 1 0 0 0 0
2800 3267.0 1531.8 10 17 48.0 8.1 388.80 3555.0 0 1 0 0 0 0
2801 3185.0 1211.8 10 17 24.0 10.8 259.20 2339.0 0 1 0 0 0 0
2802 3143.0 1224.8 10 17 16.0 8.1 129.60 1552.0 0 1 0 0 0 0
2803 3107.0 1076.8 10 17 24.0 10.8 259.20 1644.0 0 1 0 0 0 0
2804 3095.0 1273.8 10 17 56.0 24.3 1360.80 3848.0 0 1 0 0 0 0
2805 2768.0 1455.8 10 17 56.0 27.1 1517.60 3914.0 0 1 0 0 0 0
2806 2742.0 1408.8 10 17 32.0 13.5 432.00 2912.0 0 1 0 0 0 0
2807 2663.0 1397.8 10 17 16.0 8.1 129.60 972.0 0 1 0 0 0 0
2808 2643.0 1457.8 10 17 104.0 32.5 3380.00 3914.0 0 1 0 0 0 0
2809 2598.0 1565.8 10 17 112.0 35.2 3942.40 4072.0 0 1 0 0 0 0
2810 1649.0 1337.8 10 17 64.0 21.6 1382.40 3500.0 0 1 0 0 0 0
2811 1777.4 2450.8 8 17 32.0 21.6 691.20 3098.0 0 1 0 0 0 0
2812 2922.8 3261.8 6 17 40.0 13.5 540.00 3728.0 0 1 0 0 0 0
2813 5640.4 980.8 3 17 104.0 13.5 1404.00 3507.0 0 1 0 0 0 0
2814 5421.4 3089.8 3 17 72.0 29.8 2145.60 3880.0 0 1 0 0 0 0
2815 1700.4 2763.8 3 17 80.0 32.5 2600.00 3872.0 0 1 0 0 0 0
2816 1645.4 2416.8 3 17 16.0 2.7 43.20 1639.0 0 1 0 0 0 0
2817 1629.4 2400.8 3 17 32.0 5.4 172.80 2172.0 0 1 0 0 0 0
2818 1555.4 2437.8 3 17 8.0 2.7 21.60 1171.0 0 1 0 0 0 0
2819 4631.6 2242.8 2 17 40.0 16.2 648.00 3162.0 0 1 0 0 0 0
2820 3499.6 1981.8 2 17 64.0 29.8 1907.20 4072.0 0 1 0 0 0 0
2821 5729.8 2906.8 1 17 56.0 24.3 1360.80 3879.0 0 1 0 0 0 0
2822 4738.0 1405.8 0 17 56.0 24.3 1360.80 3916.0 0 1 0 0 0 0
2823 3351.0 2620.8 0 17 80.0 32.5 2600.00 3889.0 0 1 0 0 0 0
2824 4536.2 2523.8 -1 17 80.0 32.5 2600.00 3912.0 0 1 0 0 0 0
2825 2543.4 2205.8 -2 17 80.0 32.5 2600.00 3895.0 0 1 0 0 0 0
2826 566.4 1493.8 -2 17 32.0 8.1 259.20 2481.0 0 1 0 0 0 0
2827 5512.8 1094.8 -4 17 48.0 16.2 777.60 3847.0 0 1 0 0 0 0
2828 4784.0 2322.8 -5 17 16.0 13.5 216.00 1642.0 0 1 0 0 0 0
2829 4749.0 2322.8 -5 17 24.0 21.6 518.40 2503.0 0 1 0 0 0 0
2830 4704.0 2331.8 -5 17 16.0 2.7 43.20 1438.0 0 1 0 0 0 0
2831 4669.0 614.8 -5 17 96.0 35.2 3379.20 3916.0 0 1 0 0 0 0
2832 4288.0 2770.8 -5 17 56.0 16.2 907.20 3763.0 0 1 0 0 0 0
2833 944.0 792.8 -5 17 16.0 5.4 86.40 1596.0 0 1 0 0 0 0
2834 4448.2 1389.8 -6 17 48.0 21.6 1036.80 3845.0 0 1 0 0 0 0
2835 4539.4 1140.8 -7 17 72.0 24.3 1749.60 3824.0 0 1 0 0 0 0
2836 3086.4 2286.8 -7 17 88.0 65.0 5720.00 3895.0 0 1 0 0 0 0
2837 2456.4 1440.8 -7 17 88.0 40.6 3572.80 3872.0 0 1 0 0 0 0
2838 5579.6 2244.8 -8 17 24.0 8.1 194.40 2170.0 0 1 0 0 0 0
2839 5575.6 2223.8 -8 17 32.0 8.1 259.20 2638.0 0 1 0 0 0 0
2840 5563.6 2277.8 -8 17 8.0 8.1 64.80 1763.0 0 1 0 0 0 0
2841 4499.8 1320.8 -9 17 96.0 40.6 3897.60 3856.0 0 1 0 0 0 0
2842 4306.8 586.8 -9 17 80.0 29.8 2384.00 3996.0 0 1 0 0 0 0
2843 2853.8 2588.8 -9 17 88.0 29.8 2622.40 3777.0 0 1 0 0 0 0
2844 1349.8 1219.8 -9 17 48.0 16.2 777.60 2577.0 0 1 0 0 0 0
2845 3563.0 1100.8 -10 17 48.0 18.9 907.20 3824.0 0 1 0 0 0 0
2846 3231.0 663.8 -10 17 32.0 13.5 432.00 3077.0 0 1 0 0 0 0
2847 2379.0 2507.8 -10 17 48.0 27.1 1300.80 3856.0 0 1 0 0 0 0
2848 940.0 3152.8 -10 17 72.0 29.8 2145.60 3838.0 0 1 0 0 0 0
2849 2720.0 473.2 -10 18 48.0 16.2 777.60 2753.0 0 1 0 0 0 0
2850 3731.0 2950.2 -10 18 64.0 27.1 1734.40 3799.0 0 1 0 0 0 0
2851 3494.8 627.2 -9 18 16.0 37.9 606.40 2581.0 0 1 0 0 0 0
2852 3554.8 634.2 -9 18 32.0 5.4 172.80 1950.0 0 1 0 0 0 0
2853 3559.8 619.2 -9 18 48.0 5.4 259.20 1840.0 0 1 0 0 0 0
2854 382.6 2385.2 -8 18 56.0 18.9 1058.40 3765.0 0 1 0 0 0 0
2855 1303.6 1503.2 -8 18 16.0 2.7 43.20 1468.0 0 1 0 0 0 0
2856 1319.6 1488.2 -8 18 32.0 18.9 604.80 2250.0 0 1 0 0 0 0
2857 1345.6 1506.2 -8 18 40.0 8.1 324.00 2680.0 0 1 0 0 0 0
2858 1367.6 1495.2 -8 18 32.0 8.1 259.20 2083.0 0 1 0 0 0 0
2859 1767.6 564.2 -8 18 32.0 24.3 777.60 3872.0 0 1 0 0 0 0
2860 2936.6 974.2 -8 18 96.0 37.9 3638.40 3800.0 0 1 0 0 0 0
2861 5673.6 3371.2 -8 18 72.0 29.8 2145.60 4062.0 0 1 0 0 0 0
2862 245.4 2323.2 -7 18 32.0 18.9 604.80 2922.0 0 1 0 0 0 0
2863 271.4 2344.2 -7 18 16.0 13.5 216.00 1856.0 0 1 0 0 0 0
2864 289.4 2328.2 -7 18 8.0 5.4 43.20 1904.0 0 1 0 0 0 0
2865 293.4 2318.2 -7 18 16.0 10.8 172.80 2517.0 0 1 0 0 0 0
2866 313.4 2318.2 -7 18 8.0 5.4 43.20 1680.0 0 1 0 0 0 0
2867 345.4 2325.2 -7 18 40.0 16.2 648.00 3854.0 0 1 0 0 0 0
2868 957.4 702.2 -7 18 72.0 35.2 2534.40 3736.0 0 1 0 0 0 0
2869 770.2 2135.2 -6 18 88.0 35.2 3097.60 3891.0 0 1 0 0 0 0
2870 1120.2 2231.2 -6 18 80.0 35.2 2816.00 3850.0 0 1 0 0 0 0
2871 947.0 2497.2 -5 18 40.0 21.6 864.00 3859.0 0 1 0 0 0 0
2872 2871.0 2993.2 -5 18 64.0 27.1 1734.40 3873.0 0 1 0 0 0 0
2873 3071.0 2874.2 -5 18 56.0 21.6 1209.60 3859.0 0 1 0 0 0 0
2874 5201.0 1188.2 -5 18 16.0 10.8 172.80 2256.0 0 1 0 0 0 0
2875 889.8 912.2 -4 18 64.0 40.6 2598.40 3840.0 0 1 0 0 0 0
2876 3774.8 615.2 -4 18 40.0 24.3 972.00 3633.0 0 1 0 0 0 0
2877 2585.4 3013.2 -2 18 8.0 5.4 43.20 1870.0 0 1 0 0 0 0
2878 2637.4 3016.2 -2 18 56.0 37.9 2122.40 3875.0 0 1 0 0 0 0
2879 2694.4 3013.2 -2 18 24.0 24.3 583.20 2442.0 0 1 0 0 0 0
2880 1508.2 931.2 -1 18 8.0 5.4 43.20 1441.0 0 1 0 0 0 0
2881 1532.2 887.2 -1 18 8.0 2.7 21.60 1847.0 0 1 0 0 0 0
2882 1554.2 904.2 -1 18 24.0 10.8 259.20 1765.0 0 1 0 0 0 0
2883 1577.2 763.2 -1 18 16.0 8.1 129.60 1799.0 0 1 0 0 0 0
2884 1605.2 863.2 -1 18 488.0 135.5 66124.00 3911.0 0 1 0 0 0 0
2885 1642.2 741.2 -1 18 8.0 5.4 43.20 1749.0 0 1 0 0 0 0
2886 1668.2 749.2 -1 18 8.0 2.7 21.60 1472.0 0 1 0 0 0 0
2887 1679.2 738.2 -1 18 16.0 2.7 43.20 1548.0 0 1 0 0 0 0
2888 4632.2 246.2 -1 18 56.0 24.3 1360.80 3891.0 0 1 0 0 0 0
2889 1739.0 2907.2 0 18 64.0 40.6 2598.40 3600.0 0 1 0 0 0 0
2890 2974.0 1014.2 0 18 72.0 27.1 1951.20 3877.0 0 1 0 0 0 0
2891 4561.0 2397.2 0 18 72.0 27.1 1951.20 3891.0 0 1 0 0 0 0
2892 3663.8 3143.2 1 18 40.0 21.6 864.00 3221.0 0 1 0 0 0 0
2893 3706.8 3152.2 1 18 16.0 8.1 129.60 2241.0 0 1 0 0 0 0
2894 3775.8 324.2 1 18 32.0 18.9 604.80 3749.0 0 1 0 0 0 0
2895 4225.8 743.2 1 18 64.0 29.8 1907.20 3859.0 0 1 0 0 0 0
2896 328.6 595.2 2 18 16.0 5.4 86.40 1418.0 0 1 0 0 0 0
2897 1465.6 2301.2 2 18 40.0 18.9 756.00 3781.0 0 1 0 0 0 0
2898 3398.6 923.2 2 18 32.0 13.5 432.00 3256.0 0 1 0 0 0 0
2899 4807.6 3378.2 2 18 48.0 24.3 1166.40 3203.0 0 1 0 0 0 0
2900 240.4 2481.2 3 18 32.0 18.9 604.80 3386.0 0 1 0 0 0 0
2901 3649.2 595.2 4 18 16.0 5.4 86.40 1678.0 0 1 0 0 0 0
2902 3651.2 614.2 4 18 8.0 8.1 64.80 1717.0 0 1 0 0 0 0
2903 3693.2 596.2 4 18 16.0 5.4 86.40 1198.0 0 1 0 0 0 0
2904 3697.2 654.2 4 18 16.0 5.4 86.40 1637.0 0 1 0 0 0 0
2905 3707.2 699.2 4 18 40.0 10.8 432.00 2741.0 0 1 0 0 0 0
2906 3707.2 680.2 4 18 56.0 8.1 453.60 2775.0 0 1 0 0 0 0
2907 3761.2 581.2 4 18 16.0 5.4 86.40 1406.0 0 1 0 0 0 0
2908 3764.2 700.2 4 18 32.0 18.9 604.80 2641.0 0 1 0 0 0 0
2909 3775.2 610.2 4 18 56.0 81.3 4552.80 3884.0 0 1 0 0 0 0
2910 1014.0 1576.2 5 18 104.0 46.0 4784.00 4083.0 0 1 0 0 0 0
2911 3477.0 1250.2 5 18 40.0 37.9 1516.00 2787.0 0 1 0 0 0 0
2912 3538.0 1228.2 5 18 32.0 37.9 1212.80 3175.0 0 1 0 0 0 0
2913 1449.8 2410.2 6 18 8.0 8.1 64.80 1854.0 0 1 0 0 0 0
2914 1456.8 2440.2 6 18 23.9 2.7 64.53 1608.0 0 1 0 0 0 0
2915 1486.8 2421.2 6 18 24.0 18.9 453.60 2664.0 0 1 0 0 0 0
2916 4618.8 3246.2 6 18 80.0 32.5 2600.00 3900.0 0 1 0 0 0 0
2917 3386.6 2086.2 7 18 48.0 18.9 907.20 3742.0 0 1 0 0 0 0
2918 2967.4 342.2 8 18 80.0 35.2 2816.00 3866.0 0 1 0 0 0 0
2919 3480.4 2122.2 8 18 24.0 13.5 324.00 2979.0 0 1 0 0 0 0
2920 1801.2 2805.2 9 18 24.0 13.5 324.00 2892.0 0 1 0 0 0 0
2921 1186.0 3063.2 10 18 8.0 18.9 151.20 976.0 0 1 0 0 0 0
2922 1186.0 2959.2 10 18 8.0 13.5 108.00 824.0 0 1 0 0 0 0
2923 1467.0 1271.2 10 18 24.0 10.8 259.20 2097.0 0 1 0 0 0 0
2924 2794.0 2963.2 10 18 8.0 5.4 43.20 826.0 0 1 0 0 0 0
2925 2810.0 2327.2 10 18 8.0 35.2 281.60 1169.0 0 1 0 0 0 0
2926 2810.0 2294.2 10 18 8.0 16.2 129.60 887.0 0 1 0 0 0 0
2927 2842.0 3066.2 10 18 8.0 8.1 64.80 835.0 0 1 0 0 0 0
2928 3634.0 3093.2 10 18 8.0 16.2 129.60 1184.0 0 1 0 0 0 0
2929 3634.0 3136.2 10 18 8.0 16.2 129.60 1491.0 0 1 0 0 0 0
2930 3682.0 3209.2 10 18 8.0 5.4 43.20 940.0 0 1 0 0 0 0
2931 3695.0 2869.2 10 18 16.0 10.8 172.80 1479.0 0 1 0 0 0 0
2932 3786.0 2237.2 10 18 8.0 211.3 1690.40 1248.0 0 1 0 0 0 0
2933 3786.0 2383.2 10 18 8.0 173.4 1387.20 1239.0 0 1 0 0 0 0
2934 3786.0 2644.2 10 18 8.0 205.9 1647.20 1260.0 0 1 0 0 0 0
2935 4345.0 2527.2 10 18 32.0 260.1 8323.20 3201.0 0 1 0 0 0 0
2936 4354.0 2171.2 10 18 40.0 192.4 7696.00 3196.0 0 1 0 0 0 0
2937 4368.0 2739.2 10 18 16.0 5.4 86.40 2152.0 0 1 0 0 0 0
2938 4405.0 3320.2 10 18 32.0 89.4 2860.80 3582.0 0 1 0 0 0 0
2939 4427.0 2284.2 10 18 24.0 124.6 2990.40 2691.0 0 1 0 0 0 0
2940 4435.0 3246.2 10 18 32.0 27.1 867.20 3584.0 0 1 0 0 0 0
2941 4438.0 3054.2 10 18 32.0 13.5 432.00 3148.0 0 1 0 0 0 0
2942 4457.0 2329.2 10 18 24.0 135.5 3252.00 2816.0 0 1 0 0 0 0
2943 4485.0 3348.2 10 18 32.0 16.2 518.40 2149.0 0 1 0 0 0 0
2944 4516.0 3016.2 10 18 32.0 113.8 3641.60 3143.0 0 1 0 0 0 0
2945 4539.0 2328.2 10 18 40.0 108.4 4336.00 2757.0 0 1 0 0 0 0
2946 4826.0 2968.2 10 18 15.9 27.1 430.89 2497.0 0 1 0 0 0 0
2947 5171.0 2376.2 10 18 24.0 13.5 324.00 2423.0 0 1 0 0 0 0
2948 5183.0 2979.2 10 18 16.0 8.1 129.60 1664.0 0 1 0 0 0 0
2949 5191.0 2325.2 10 18 48.0 151.7 7281.60 3607.0 0 1 0 0 0 0
2950 5192.0 2616.2 10 18 64.0 40.6 2598.40 3738.0 0 1 0 0 0 0
2951 5236.0 3011.2 10 18 40.0 132.7 5308.00 3027.0 0 1 0 0 0 0
2952 5275.0 3007.2 10 18 24.0 65.0 1560.00 2513.0 0 1 0 0 0 0
2953 5303.0 2990.2 10 18 16.0 16.2 259.20 1994.0 0 1 0 0 0 0
2954 5303.0 2516.2 10 18 16.0 5.4 86.40 1409.0 0 1 0 0 0 0
2955 5324.0 2447.2 10 18 16.0 21.6 345.60 1870.0 0 1 0 0 0 0
2956 5365.0 2174.2 10 18 16.0 32.5 520.00 1852.0 0 1 0 0 0 0
2957 3495.2 1582.6 9 19 144.0 32.5 4680.00 4049.0 0 1 0 0 0 0
2958 3227.2 2154.6 9 19 48.0 24.3 1166.40 3850.0 0 1 0 0 0 0
2959 2934.2 1566.6 9 19 96.0 29.8 2860.80 4071.0 0 1 0 0 0 0
2960 897.2 3368.6 9 19 104.0 43.3 4503.20 4076.0 0 1 0 0 0 0
2961 310.2 2031.6 9 19 40.0 16.2 648.00 3536.0 0 1 0 0 0 0
2962 437.4 1567.6 8 19 24.0 13.5 324.00 211.0 0 1 0 0 0 0
2963 5785.6 2017.6 7 19 24.0 13.5 324.00 3864.0 0 1 0 0 0 0
2964 1201.6 2027.6 7 19 64.0 29.8 1907.20 3882.0 0 1 0 0 0 0
2965 5714.8 2458.6 6 19 8.0 2.7 21.60 1608.0 0 1 0 0 0 0
2966 4736.8 2395.6 6 19 152.0 65.0 9880.00 3896.0 0 1 0 0 0 0
2967 4257.8 2372.6 6 19 56.0 27.1 1517.60 3893.0 0 1 0 0 0 0
2968 2798.6 1553.6 2 19 32.0 16.2 518.40 1792.0 0 1 0 0 0 0
2969 4378.8 1965.6 1 19 304.0 43.3 13163.20 4085.0 0 1 0 0 0 0
2970 2861.0 2376.6 0 19 72.0 18.9 1360.80 3198.0 0 1 0 0 0 0
2971 2854.0 1961.6 0 19 112.0 24.3 2721.60 76.0 0 1 0 0 0 0
2972 2722.0 1948.6 0 19 80.0 13.5 1080.00 791.0 0 1 0 0 0 0
2973 2544.0 1954.6 0 19 88.0 10.8 950.40 908.0 0 1 0 0 0 0
2974 429.0 2779.6 0 19 56.0 29.8 1668.80 3912.0 0 1 0 0 0 0
2975 5512.2 2452.6 -1 19 16.0 13.5 216.00 2250.0 0 1 0 0 0 0
2976 1334.2 1541.6 -1 19 88.0 35.2 3097.60 3943.0 0 1 0 0 0 0
2977 3409.4 1462.6 -2 19 48.0 16.2 777.60 3809.0 0 1 0 0 0 0
2978 1590.6 3370.6 -3 19 264.0 29.8 7867.20 156.0 0 1 0 0 0 0
2979 3612.0 3379.6 -5 19 8.0 2.7 21.60 69.0 0 1 0 0 0 0
2980 818.2 2301.6 -6 19 128.0 75.8 9702.40 3916.0 0 1 0 0 0 0
2981 729.2 2302.6 -6 19 16.0 10.8 172.80 2261.0 0 1 0 0 0 0
2982 5661.4 2954.6 -7 19 88.0 43.3 3810.40 3843.0 0 1 0 0 0 0
2983 4682.4 2509.6 -7 19 40.0 16.2 648.00 3582.0 0 1 0 0 0 0
2984 3413.6 2390.6 -8 19 16.0 2.7 43.20 1729.0 0 1 0 0 0 0
2985 3385.6 2385.6 -8 19 16.0 8.1 129.60 1808.0 0 1 0 0 0 0
2986 597.6 3368.6 -8 19 200.0 62.3 12460.00 4078.0 0 1 0 0 0 0
2987 5371.6 1491.0 -8 20 24.0 10.8 259.20 2606.0 0 1 0 0 0 0
2988 5373.6 1506.0 -8 20 32.0 8.1 259.20 2462.0 0 1 0 0 0 0
2989 5383.6 2088.0 -8 20 32.0 24.3 777.60 2828.0 0 1 0 0 0 0
2990 4896.2 291.0 -6 20 56.0 21.6 1209.60 3841.0 0 1 0 0 0 0
2991 1355.0 3222.0 -5 20 72.0 27.1 1951.20 3875.0 0 1 0 0 0 0
2992 2599.0 1987.0 -5 20 96.0 32.5 3120.00 4028.0 0 1 0 0 0 0
2993 334.8 943.0 -4 20 32.0 18.9 604.80 3077.0 0 1 0 0 0 0
2994 2660.8 3077.0 -4 20 48.0 21.6 1036.80 3880.0 0 1 0 0 0 0
2995 4812.8 476.0 -4 20 40.0 21.6 864.00 3735.0 0 1 0 0 0 0
2996 1155.6 3179.0 -3 20 56.0 8.1 453.60 2158.0 0 1 0 0 0 0
2997 1165.6 3193.0 -3 20 80.0 29.8 2384.00 3904.0 0 1 0 0 0 0
2998 1512.6 162.0 -3 20 40.0 21.6 864.00 78.0 0 1 0 0 0 0
2999 1514.6 133.0 -3 20 80.0 13.5 1080.00 3527.0 0 1 0 0 0 0
3000 2675.6 2277.0 -3 20 96.0 32.5 3120.00 3400.0 0 1 0 0 0 0
3001 4512.6 523.0 -3 20 24.0 5.4 129.60 2184.0 0 1 0 0 0 0
3002 4515.6 510.0 -3 20 8.0 10.8 86.40 2053.0 0 1 0 0 0 0
3003 4531.6 535.0 -3 20 8.0 2.7 21.60 858.0 0 1 0 0 0 0
3004 4576.6 516.0 -3 20 56.0 35.2 1971.20 3902.0 0 1 0 0 0 0
3005 956.4 663.0 -2 20 64.0 24.3 1555.20 3847.0 0 1 0 0 0 0
3006 4914.4 1558.0 -2 20 56.0 21.6 1209.60 3792.0 0 1 0 0 0 0
3007 5212.4 949.0 -2 20 96.0 46.0 4416.00 3838.0 0 1 0 0 0 0
3008 1265.2 2867.0 -1 20 80.0 27.1 2168.00 3882.0 0 1 0 0 0 0
3009 2992.2 3054.0 -1 20 16.0 2.7 43.20 2248.0 0 1 0 0 0 0
3010 2998.2 3044.0 -1 20 16.0 5.4 86.40 1991.0 0 1 0 0 0 0
3011 1352.0 1570.0 0 20 32.0 10.8 345.60 280.0 0 1 0 0 0 0
3012 1443.0 1537.0 0 20 112.0 46.0 5152.00 3920.0 0 1 0 0 0 0
3013 2896.0 2688.0 0 20 56.0 21.6 1209.60 3895.0 0 1 0 0 0 0
3014 2256.8 150.0 1 20 16.0 8.1 129.60 1365.0 0 1 0 0 0 0
3015 2328.8 138.0 1 20 64.0 37.9 2425.60 3889.0 0 1 0 0 0 0
3016 3085.8 363.0 1 20 48.0 24.3 1166.40 3873.0 0 1 0 0 0 0
3017 3431.8 1157.0 1 20 80.0 32.5 2600.00 3857.0 0 1 0 0 0 0
3018 2909.6 2455.0 2 20 72.0 37.9 2728.80 3875.0 0 1 0 0 0 0
3019 4555.6 867.0 2 20 64.0 27.1 1734.40 3879.0 0 1 0 0 0 0
3020 5038.6 946.0 2 20 80.0 29.8 2384.00 3827.0 0 1 0 0 0 0
3021 4759.4 2664.0 3 20 80.0 37.9 3032.00 3879.0 0 1 0 0 0 0
3022 535.2 2582.0 4 20 80.0 24.3 1944.00 3856.0 0 1 0 0 0 0
3023 2737.2 1081.0 4 20 48.0 21.6 1036.80 3816.0 0 1 0 0 0 0
3024 2575.0 1956.0 5 20 16.0 8.1 129.60 520.0 0 1 0 0 0 0
3025 2631.0 1946.0 5 20 32.0 13.5 432.00 1013.0 0 1 0 0 0 0
3026 4901.0 165.0 5 20 120.0 35.2 4224.00 4080.0 0 1 0 0 0 0
3027 907.4 435.0 8 20 64.0 29.8 1907.20 3832.0 0 1 0 0 0 0
3028 5289.6 1424.4 7 21 72.0 29.8 2145.60 3841.0 0 1 0 0 0 0
3029 1216.6 2522.4 7 21 48.0 18.9 907.20 3795.0 0 1 0 0 0 0
3030 1015.8 434.4 6 21 64.0 24.3 1555.20 3889.0 0 1 0 0 0 0
3031 946.8 2920.4 6 21 40.0 27.1 1084.00 3834.0 0 1 0 0 0 0
3032 3135.0 2130.4 5 21 72.0 32.5 2340.00 3857.0 0 1 0 0 0 0
3033 682.0 2855.4 5 21 40.0 18.9 756.00 3738.0 0 1 0 0 0 0
3034 4300.2 1044.4 4 21 64.0 24.3 1555.20 3896.0 0 1 0 0 0 0
3035 3650.2 2008.4 4 21 88.0 35.2 3097.60 3870.0 0 1 0 0 0 0
3036 3647.2 1983.4 4 21 16.0 5.4 86.40 119.0 0 1 0 0 0 0
3037 5706.4 211.4 3 21 96.0 43.3 4156.80 3911.0 0 1 0 0 0 0
3038 4953.4 1332.4 3 21 112.0 59.6 6675.20 3889.0 0 1 0 0 0 0
3039 2535.4 3297.4 3 21 40.0 16.2 648.00 3514.0 0 1 0 0 0 0
3040 1761.4 2267.4 3 21 32.0 24.3 777.60 3448.0 0 1 0 0 0 0
3041 1723.4 2271.4 3 21 16.0 2.7 43.20 1575.0 0 1 0 0 0 0
3042 1514.4 258.4 3 21 24.0 16.2 388.80 2510.0 0 1 0 0 0 0
3043 1385.4 297.4 3 21 72.0 37.9 2728.80 4019.0 0 1 0 0 0 0
3044 4545.6 1124.4 2 21 88.0 29.8 2622.40 3898.0 0 1 0 0 0 0
3045 4523.6 1551.4 2 21 72.0 29.8 2145.60 4040.0 0 1 0 0 0 0
3046 2342.6 1226.4 2 21 64.0 35.2 2252.80 4076.0 0 1 0 0 0 0
3047 278.6 265.4 2 21 16.0 5.4 86.40 88.0 0 1 0 0 0 0
3048 241.6 425.4 2 21 24.0 54.2 1300.80 3575.0 0 1 0 0 0 0
3049 3234.8 2990.4 1 21 32.0 24.3 777.60 3781.0 0 1 0 0 0 0
3050 3190.8 2995.4 1 21 16.0 2.7 43.20 2097.0 0 1 0 0 0 0
3051 3184.8 2979.4 1 21 24.0 13.5 324.00 3107.0 0 1 0 0 0 0
3052 5574.4 2087.4 -2 21 32.0 13.5 432.00 2110.0 0 1 0 0 0 0
3053 5475.4 2300.4 -2 21 48.0 24.3 1166.40 3740.0 0 1 0 0 0 0
3054 3686.4 426.4 -2 21 16.0 5.4 86.40 2081.0 0 1 0 0 0 0
3055 627.4 898.4 -2 21 32.0 18.9 604.80 2316.0 0 1 0 0 0 0
3056 398.6 3211.4 -3 21 64.0 29.8 1907.20 3850.0 0 1 0 0 0 0
3057 3674.8 3368.4 -4 21 176.0 51.4 9046.40 4080.0 0 1 0 0 0 0
3058 2730.8 2831.4 -4 21 24.0 16.2 388.80 2903.0 0 1 0 0 0 0
3059 2528.8 2422.4 -4 21 56.0 24.3 1360.80 3843.0 0 1 0 0 0 0
3060 919.8 627.4 -4 21 88.0 32.5 2860.00 3880.0 0 1 0 0 0 0
3061 615.0 2013.4 -5 21 16.0 8.1 129.60 1856.0 0 1 0 0 0 0
3062 610.0 1989.4 -5 21 80.0 16.2 1296.00 611.0 0 1 0 0 0 0
3063 5413.2 2479.4 -6 21 24.0 10.8 259.20 2112.0 0 1 0 0 0 0
3064 4360.2 1222.4 -6 21 88.0 54.2 4769.60 4074.0 0 1 0 0 0 0
3065 4268.2 791.4 -6 21 80.0 37.9 3032.00 3575.0 0 1 0 0 0 0
3066 3605.2 1078.4 -6 21 40.0 2.7 108.00 3091.0 0 1 0 0 0 0
3067 3598.2 1065.4 -6 21 120.0 5.4 648.00 3098.0 0 1 0 0 0 0
3068 3350.4 2459.4 -7 21 32.0 27.1 867.20 3528.0 0 1 0 0 0 0
3069 1643.4 3017.4 -7 21 16.0 8.1 129.60 2014.0 0 1 0 0 0 0
3070 617.0 3209.8 -5 22 64.0 27.1 1734.40 3825.0 0 1 0 0 0 0
3071 1454.0 764.8 -5 22 16.0 2.7 43.20 1320.0 0 1 0 0 0 0
3072 1543.0 757.8 -5 22 72.0 89.4 6436.80 3566.0 0 1 0 0 0 0
3073 1568.0 688.8 -5 22 16.0 2.7 43.20 1265.0 0 1 0 0 0 0
3074 1574.0 669.8 -5 22 16.0 8.1 129.60 2064.0 0 1 0 0 0 0
3075 1591.0 738.8 -5 22 32.0 24.3 777.60 2856.0 0 1 0 0 0 0
3076 1594.0 699.8 -5 22 8.0 2.7 21.60 1192.0 0 1 0 0 0 0
3077 1634.0 716.8 -5 22 40.0 18.9 756.00 3198.0 0 1 0 0 0 0
3078 1656.0 695.8 -5 22 16.0 5.4 86.40 1370.0 0 1 0 0 0 0
3079 1690.0 699.8 -5 22 8.0 2.7 21.60 1342.0 0 1 0 0 0 0
3080 1690.0 680.8 -5 22 24.0 8.1 194.40 2590.0 0 1 0 0 0 0
3081 5365.0 738.8 -5 22 48.0 18.9 907.20 3891.0 0 1 0 0 0 0
3082 749.6 1033.8 -3 22 168.0 73.1 12280.80 3891.0 0 1 0 0 0 0
3083 5674.6 869.8 -3 22 64.0 29.8 1907.20 3843.0 0 1 0 0 0 0
3084 1191.4 478.8 -2 22 48.0 27.1 1300.80 3788.0 0 1 0 0 0 0
3085 3333.4 1025.8 -2 22 64.0 24.3 1555.20 3895.0 0 1 0 0 0 0
3086 3441.4 1461.8 -2 22 48.0 16.2 777.60 2824.0 0 1 0 0 0 0
3087 5247.2 2371.8 -1 22 56.0 29.8 1668.80 3879.0 0 1 0 0 0 0
3088 252.0 2868.8 0 22 48.0 21.6 1036.80 3872.0 0 1 0 0 0 0
3089 4549.0 3035.8 0 22 16.0 8.1 129.60 1966.0 0 1 0 0 0 0
3090 4560.0 3050.8 0 22 32.0 10.8 345.60 2849.0 0 1 0 0 0 0
3091 5731.0 1304.8 0 22 8.0 2.7 21.60 1278.0 0 1 0 0 0 0
3092 843.8 2287.8 1 22 48.0 24.3 1166.40 3792.0 0 1 0 0 0 0
3093 1197.8 1990.8 1 22 112.0 46.0 5152.00 4007.0 0 1 0 0 0 0
3094 1701.8 3260.8 1 22 56.0 24.3 1360.80 3850.0 0 1 0 0 0 0
3095 5484.8 1122.8 1 22 56.0 27.1 1517.60 3875.0 0 1 0 0 0 0
3096 2259.6 704.8 2 22 32.0 13.5 432.00 3397.0 0 1 0 0 0 0
3097 3243.6 908.8 2 22 16.0 8.1 129.60 2291.0 0 1 0 0 0 0
3098 400.4 225.8 3 22 72.0 32.5 2340.00 3861.0 0 1 0 0 0 0
3099 2795.4 1266.8 3 22 16.0 10.8 172.80 1701.0 0 1 0 0 0 0
3100 2795.4 1323.8 3 22 24.0 16.2 388.80 558.0 0 1 0 0 0 0
3101 2825.4 1290.8 3 22 136.0 27.1 3685.60 3898.0 0 1 0 0 0 0
3102 2829.4 1304.8 3 22 112.0 5.4 604.80 2588.0 0 1 0 0 0 0
3103 1665.2 194.8 4 22 72.0 32.5 2340.00 3868.0 0 1 0 0 0 0
3104 1338.0 407.8 5 22 24.0 16.2 388.80 2974.0 0 1 0 0 0 0
3105 3217.0 2669.8 5 22 48.0 16.2 777.60 3448.0 0 1 0 0 0 0
3106 695.8 1985.8 6 22 48.0 18.9 907.20 2778.0 0 1 0 0 0 0
3107 997.8 2466.8 6 22 72.0 29.8 2145.60 3864.0 0 1 0 0 0 0
3108 4795.8 293.8 6 22 48.0 21.6 1036.80 3818.0 0 1 0 0 0 0
3109 3352.0 194.2 5 23 56.0 32.5 1820.00 3889.0 0 1 0 0 0 0
3110 312.0 1135.2 5 23 136.0 35.2 4787.20 4067.0 0 1 0 0 0 0
3111 5691.2 896.2 4 23 40.0 16.2 648.00 3312.0 0 1 0 0 0 0
3112 4695.2 1508.2 4 23 16.0 10.8 172.80 2350.0 0 1 0 0 0 0
3113 3270.2 2751.2 4 23 120.0 48.7 5844.00 3872.0 0 1 0 0 0 0
3114 3235.2 2727.2 4 23 8.0 5.4 43.20 1971.0 0 1 0 0 0 0
3115 2982.2 3022.2 4 23 40.0 8.1 324.00 2560.0 0 1 0 0 0 0
3116 2730.2 1391.2 4 23 288.0 138.2 39801.60 3864.0 0 1 0 0 0 0
3117 544.2 2719.2 4 23 16.0 8.1 129.60 1911.0 0 1 0 0 0 0
3118 5367.4 352.2 3 23 24.0 8.1 194.40 1941.0 0 1 0 0 0 0
3119 3770.4 3214.2 3 23 32.0 16.2 518.40 3507.0 0 1 0 0 0 0
3120 1137.4 977.2 3 23 104.0 51.4 5345.60 3838.0 0 1 0 0 0 0
3121 502.8 1949.2 1 23 88.0 16.2 1425.60 3856.0 0 1 0 0 0 0
3122 5243.2 3366.2 -1 23 144.0 51.4 7401.60 4076.0 0 1 0 0 0 0
3123 449.2 2571.2 -1 23 112.0 32.5 3640.00 3832.0 0 1 0 0 0 0
3124 5708.4 811.2 -2 23 96.0 43.3 4156.80 3825.0 0 1 0 0 0 0
3125 5423.6 821.2 -3 23 56.0 21.6 1209.60 3806.0 0 1 0 0 0 0
3126 2666.8 2404.2 -4 23 144.0 43.3 6235.20 3836.0 0 1 0 0 0 0
3127 1801.8 3285.2 -4 23 8.0 8.1 64.80 1811.0 0 1 0 0 0 0
3128 3143.0 293.2 -5 23 120.0 48.7 5844.00 3808.0 0 1 0 0 0 0
3129 827.8 591.6 -4 24 112.0 65.0 7280.00 3875.0 0 1 0 0 0 0
3130 2463.8 2415.6 -4 24 24.0 8.1 194.40 963.0 0 1 0 0 0 0
3131 2625.8 1524.6 -4 24 8.0 5.4 43.20 1102.0 0 1 0 0 0 0
3132 4821.8 2128.6 -4 24 56.0 27.1 1517.60 3838.0 0 1 0 0 0 0
3133 5406.8 2360.6 -4 24 72.0 27.1 1951.20 3820.0 0 1 0 0 0 0
3134 419.6 3388.6 -3 24 104.0 24.3 2527.20 3992.0 0 1 0 0 0 0
3135 5501.6 2661.6 -3 24 56.0 27.1 1517.60 3738.0 0 1 0 0 0 0
3136 702.4 780.6 -2 24 96.0 27.1 2601.60 3864.0 0 1 0 0 0 0
3137 1240.4 502.6 -2 24 16.0 8.1 129.60 2074.0 0 1 0 0 0 0
3138 3578.4 3160.6 -2 24 48.0 27.1 1300.80 3827.0 0 1 0 0 0 0
3139 4915.2 1535.6 -1 24 48.0 18.9 907.20 3772.0 0 1 0 0 0 0
3140 5269.0 3373.6 0 24 16.0 10.8 172.80 112.0 0 1 0 0 0 0
3141 584.8 1158.6 1 24 8.0 10.8 86.40 906.0 0 1 0 0 0 0
3142 2424.8 2690.6 1 24 24.0 13.5 324.00 2542.0 0 1 0 0 0 0
3143 5586.8 2185.6 1 24 16.0 2.7 43.20 1440.0 0 1 0 0 0 0
3144 5095.6 1085.6 2 24 56.0 21.6 1209.60 3863.0 0 1 0 0 0 0
3145 5659.6 651.6 2 24 16.0 5.4 86.40 1660.0 0 1 0 0 0 0
3146 5673.6 637.6 2 24 8.0 2.7 21.60 1441.0 0 1 0 0 0 0
3147 893.4 1990.6 3 24 40.0 24.3 972.00 3032.0 0 1 0 0 0 0
3148 3221.2 837.6 4 24 56.0 21.6 1209.60 4021.0 0 1 0 0 0 0
3149 3551.2 1531.6 4 24 72.0 29.8 2145.60 3863.0 0 1 0 0 0 0
3150 4614.6 1944.0 2 25 56.0 8.1 453.60 3774.0 0 1 0 0 0 0
3151 3595.6 1373.0 2 25 56.0 35.2 1971.20 3831.0 0 1 0 0 0 0
3152 4226.8 1973.0 1 25 24.0 10.8 259.20 51.0 0 1 0 0 0 0
3153 4196.8 2038.0 1 25 16.0 29.8 476.80 3397.0 0 1 0 0 0 0
3154 2282.8 1568.0 1 25 40.0 13.5 540.00 273.0 0 1 0 0 0 0
3155 304.8 896.0 1 25 8.0 2.7 21.60 691.0 0 1 0 0 0 0
3156 280.8 875.0 1 25 8.0 8.1 64.80 780.0 0 1 0 0 0 0
3157 3771.0 2759.0 0 25 56.0 29.8 1668.80 3856.0 0 1 0 0 0 0
3158 5150.2 3297.0 -1 25 48.0 27.1 1300.80 3834.0 0 1 0 0 0 0
3159 5426.6 836.0 -3 25 88.0 43.3 3810.40 4005.0 0 1 0 0 0 0
3160 516.6 2472.0 -3 25 72.0 37.9 2728.80 3870.0 0 1 0 0 0 0;
SummarySpec 5 TESTNO NDEFECT DEFDENSITY NDIE NDEFDIE ;
SummaryList
 1 3160 19.895486 1266 1009;
EndOfFile;
