FileVersion 1 2;
FileTimestamp 06-06-19 18:19:54;
InspectionStationID "NONE" "KLA2139" "IPS202";
SampleType WAFER;
ResultTimestamp 03-22-18 07:51:55;
LotID "182M54";
SampleSize 1 200;
DeviceID "MA65";
SetupID "MA65_3039M2DM" 02-13-18 05:30:32;
StepID "3039M2DM";
SampleOrientationMarkType NOTCH;
OrientationMarkLocation DOWN;
DiePitch 5.0439200000e+03 4.2533200000e+03;
DieOrigin 0.0000000000e+00 0.0000000000e+00;
WaferID "@07";
Slot 7;
SampleCenterLocation 5.1542800000e+03 -2.0095600000e+03;
ClassLookup 74
  0 "Uncategorized"
  1 "Small PT"
  2 "Medium PT"
  3 "Large PT"
  4 "Polymer"
  5 "Flake PT"
  6 "Scratch"
  9 "Other Defect"
  10 "Other Residue"
  11 "Wet Residue"
  13 "W Residue"
  14 "PR Residue"
  15 "Liquid Mark"
  16 "Thread Defect"
  20 "Pits"
  22 "Pattern Deformed"
  23 "Defocus"
  24 "PR BUBBLE"
  25 "Crown Defect"
  27 "Bead Defect"
  30 "CMP Scratch"
  31 "Minor CMP Scratch"
  35 "Rip Out"
  40 "Protrusion"
  42 "Top Blocked"
  43 "Bottom Blocked"
  44 "Line broken"
  45 "Metal Corrosion"
  46 "Galvanic Corrosion"
  51 "PR Popping"
  52 "Salicide Bad"
  53 "STI Dimple"
  59 "W Void"
  60 "AA Dep PT"
  61 "GC Dep PT"
  62 "CVD Dep PT"
  63 "Metal Dep PT"
  73 "Cone Defect"
  74 "Metal Depression"
  77 "Underlayer"
  78 "NUISANCE/FALSE"
  79 "Metal Grain"
  80 "Don't Care/Minor"
  95 "Missing AI"
  99 "test2"
  100 "Cluster"
  101 "CU CMP Scratch"
  102 "CU Void"
  103 "2_PO Missing"
  104 "CU Pattern Open"
  105 "CU Remain"
  106 "Circle CU Remain"
  107 "CU CVD PT"
  108 "CU Eclips"
  109 "CU CMP Residue"
  110 "Minor CU CMP Scratch"
  111 "CMP PT"
  112 "CU SEAM PT"
  113 "CU Ox"
  114 "CU Pattern Open(Minor)"
  116 "1_PO Missing"
  117 "PAD Abnormality"
  150 "Guard Ring Circle Defect"
  151 "EBR Circle Defect"
  152 "PAD Hillock"
  153 "PAD Residue"
  154 "PAD Hole"
  155 "Color PR Residue"
  201 "Bin 1"
  202 "Bin 2"
  203 "Bin 3"
  204 "Bin 4"
  205 "Bin 5"
  206 "Bin 6"  ;
OrientationInstructions "";
InspectionTest 1;
SampleTestPlan 1299
  -18 -1 
  -17 -8 
  -17 1 
  -17 5 
  -16 -9 
  -16 1 
  -16 4 
  -15 -5 
  -15 -3 
  -15 -1 
  -14 -10 
  -14 -5 
  -14 2 
  -14 3 
  -13 -11 
  -13 8 
  -12 -11 
  -12 -10 
  -12 5 
  -12 12 
  -11 -13 
  -11 0 
  -11 12 
  -10 -10 
  -10 17 
  -9 -17 
  -9 3 
  -9 5 
  -9 12 
  -9 14 
  -8 -20 
  -8 -19 
  -8 -18 
  -8 -17 
  -8 -14 
  -8 -4 
  -8 5 
  -7 -16 
  -7 -8 
  -7 -5 
  -7 4 
  -7 12 
  -7 14 
  -6 -13 
  -6 -5 
  -6 1 
  -6 4 
  -6 13 
  -6 15 
  -6 18 
  -5 -17 
  -5 -8 
  -5 -6 
  -5 -2 
  -5 0 
  -5 11 
  -5 16 
  -4 -10 
  -4 -4 
  -4 11 
  -3 -11 
  -3 -10 
  -3 -6 
  -2 -19 
  -2 -5 
  -2 -3 
  -2 0 
  -2 6 
  -2 15 
  -1 -20 
  -1 -12 
  -1 -10 
  -1 4 
  -1 11 
  -1 17 
  0 -20 
  0 -19 
  0 -17 
  0 -10 
  0 -5 
  0 5 
  0 15 
  0 17 
  0 19 
  0 20 
  1 -13 
  1 -5 
  1 -1 
  1 11 
  1 15 
  1 18 
  2 -19 
  2 -17 
  2 -5 
  3 -7 
  3 16 
  3 20 
  4 -18 
  4 -14 
  4 17 
  5 -13 
  5 -12 
  5 -9 
  5 0 
  5 9 
  6 7 
  7 -16 
  7 -12 
  7 0 
  7 9 
  7 13 
  8 -20 
  8 -17 
  8 -16 
  8 -9 
  8 11 
  8 14 
  9 -9 
  9 13 
  10 -9 
  10 -3 
  10 0 
  10 6 
  10 8 
  10 12 
  11 -3 
  11 0 
  11 1 
  11 5 
  11 14 
  12 -7 
  12 14 
  13 -4 
  13 11 
  14 -16 
  14 -10 
  14 6 
  14 8 
  14 11 
  16 -12 
  17 -7 
  17 1 
  17 8 
  18 0 
  18 6 
  -17 -1 
  -17 3 
  -16 -1 
  -15 -4 
  -15 3 
  -15 5 
  -15 11 
  -14 -13 
  -14 -12 
  -14 -3 
  -14 -1 
  -14 7 
  -14 9 
  -13 -16 
  -13 -10 
  -13 1 
  -13 7 
  -13 10 
  -12 -17 
  -12 -8 
  -12 4 
  -12 14 
  -11 -18 
  -11 -17 
  -11 -8 
  -11 -3 
  -10 -16 
  -10 -12 
  -10 -11 
  -10 -5 
  -10 -4 
  -10 7 
  -10 8 
  -9 -13 
  -9 -11 
  -9 -8 
  -9 4 
  -9 8 
  -8 -7 
  -8 0 
  -8 9 
  -7 -21 
  -7 -20 
  -7 -13 
  -7 -9 
  -7 8 
  -6 -11 
  -6 -4 
  -6 8 
  -6 10 
  -6 11 
  -6 16 
  -6 19 
  -5 -18 
  -5 -16 
  -5 -14 
  -5 6 
  -5 7 
  -5 10 
  -5 13 
  -5 18 
  -4 -21 
  -4 -2 
  -4 2 
  -4 13 
  -3 -7 
  -3 1 
  -3 3 
  -3 5 
  -3 14 
  -2 -17 
  -2 17 
  -1 -9 
  -1 -4 
  -1 -3 
  -1 1 
  -1 2 
  -1 19 
  0 -6 
  0 4 
  0 6 
  0 10 
  0 16 
  1 -18 
  1 -8 
  1 0 
  1 7 
  1 17 
  1 19 
  1 20 
  2 -13 
  2 -11 
  2 -10 
  2 0 
  2 6 
  2 11 
  2 21 
  3 -22 
  3 -2 
  3 7 
  4 -6 
  4 1 
  4 2 
  4 10 
  4 20 
  5 -20 
  5 -19 
  5 -15 
  5 -14 
  5 -4 
  5 14 
  5 18 
  6 -10 
  6 -1 
  6 20 
  7 -20 
  7 -19 
  7 -13 
  7 -11 
  7 1 
  7 5 
  7 7 
  7 17 
  8 -7 
  8 -4 
  8 -1 
  8 1 
  8 3 
  8 16 
  8 18 
  9 -5 
  9 9 
  9 15 
  10 -18 
  10 -10 
  10 -7 
  10 -6 
  11 -19 
  11 -14 
  11 -11 
  11 -5 
  11 -4 
  11 7 
  11 16 
  11 17 
  12 -9 
  12 -6 
  12 -3 
  12 0 
  12 11 
  13 -9 
  13 -7 
  13 3 
  13 5 
  13 12 
  14 -9 
  14 -7 
  14 -5 
  14 -4 
  14 -1 
  14 3 
  15 -5 
  15 0 
  15 12 
  16 -11 
  16 -10 
  16 -8 
  16 4 
  16 5 
  16 7 
  17 4 
  17 9 
  18 2 
  18 3 
  18 4 
  19 -1 
  -17 -3 
  -16 -10 
  -16 -5 
  -16 -4 
  -16 3 
  -16 8 
  -15 -9 
  -15 7 
  -15 9 
  -14 -8 
  -14 0 
  -14 1 
  -13 -4 
  -13 4 
  -12 -13 
  -12 -2 
  -12 13 
  -11 -14 
  -11 -9 
  -11 -6 
  -11 -2 
  -11 15 
  -10 -17 
  -10 -1 
  -10 0 
  -10 1 
  -10 9 
  -10 13 
  -9 -16 
  -9 -9 
  -9 9 
  -9 10 
  -8 -16 
  -8 -10 
  -8 -6 
  -8 7 
  -8 11 
  -8 16 
  -7 -18 
  -7 -17 
  -7 -14 
  -7 -11 
  -7 -3 
  -6 -16 
  -6 -8 
  -6 -6 
  -6 -1 
  -6 9 
  -5 -10 
  -5 3 
  -5 12 
  -4 -15 
  -4 -13 
  -4 -9 
  -4 6 
  -4 18 
  -3 -15 
  -3 10 
  -3 11 
  -3 17 
  -3 18 
  -3 20 
  -2 -22 
  -2 -20 
  -2 -10 
  -2 -9 
  -2 14 
  -2 19 
  -1 -17 
  -1 7 
  -1 8 
  0 -21 
  0 -4 
  0 0 
  0 13 
  0 21 
  1 -3 
  1 10 
  1 16 
  2 -15 
  2 -6 
  2 2 
  2 13 
  2 14 
  3 -20 
  3 -5 
  3 11 
  3 15 
  3 18 
  3 19 
  4 -9 
  4 -7 
  4 -3 
  4 12 
  4 14 
  4 15 
  5 -22 
  5 -7 
  5 -6 
  5 -3 
  5 17 
  5 19 
  6 -17 
  6 -16 
  6 -8 
  6 -2 
  6 8 
  6 14 
  6 16 
  6 17 
  7 -18 
  7 -6 
  7 12 
  7 14 
  7 18 
  7 19 
  8 -19 
  8 -15 
  8 -8 
  8 0 
  8 6 
  9 -20 
  9 -18 
  9 -10 
  9 -8 
  9 -2 
  9 3 
  10 -17 
  10 -8 
  10 -2 
  10 15 
  11 -13 
  11 -10 
  11 12 
  12 -14 
  12 -13 
  12 9 
  12 10 
  12 15 
  13 -17 
  13 -13 
  13 -5 
  13 -3 
  13 2 
  13 4 
  13 8 
  14 -13 
  14 1 
  14 10 
  14 14 
  15 -2 
  15 -1 
  16 -6 
  16 -5 
  16 11 
  17 -6 
  18 -5 
  -18 -2 
  -17 2 
  -17 6 
  -16 7 
  -16 9 
  -15 -8 
  -15 4 
  -14 -4 
  -14 4 
  -13 -15 
  -13 -12 
  -13 -8 
  -13 -2 
  -13 5 
  -13 12 
  -12 -16 
  -12 -4 
  -12 8 
  -12 11 
  -11 -12 
  -11 4 
  -11 6 
  -11 7 
  -11 9 
  -10 -15 
  -10 -14 
  -10 5 
  -10 10 
  -10 11 
  -10 16 
  -9 -15 
  -9 -5 
  -8 -8 
  -8 -1 
  -8 17 
  -7 -7 
  -7 -4 
  -7 -1 
  -7 3 
  -7 11 
  -7 18 
  -6 -21 
  -6 -17 
  -6 -15 
  -6 -10 
  -6 -3 
  -5 -4 
  -5 -3 
  -5 15 
  -4 -17 
  -4 -11 
  -4 1 
  -4 3 
  -4 4 
  -4 7 
  -3 -21 
  -3 -1 
  -3 0 
  -3 2 
  -3 4 
  -3 6 
  -3 15 
  -2 -16 
  -2 -7 
  -2 1 
  -2 7 
  -2 13 
  -2 16 
  -1 -6 
  -1 3 
  -1 6 
  -1 9 
  -1 21 
  0 -14 
  0 -11 
  0 -9 
  0 -8 
  0 1 
  0 3 
  0 11 
  1 -15 
  1 -7 
  1 -6 
  2 -18 
  2 -16 
  2 -9 
  2 -3 
  2 5 
  2 10 
  2 12 
  3 -21 
  3 -16 
  3 -15 
  3 -14 
  3 -11 
  3 -9 
  3 -3 
  3 3 
  3 5 
  3 9 
  4 -19 
  4 -15 
  4 3 
  4 7 
  4 11 
  5 -18 
  5 -17 
  5 -16 
  5 -1 
  5 5 
  5 8 
  5 12 
  6 -15 
  6 -14 
  6 -12 
  6 -11 
  6 3 
  6 6 
  6 11 
  7 -4 
  7 -3 
  7 2 
  7 10 
  7 11 
  7 15 
  8 -13 
  8 -5 
  8 -2 
  8 13 
  9 -13 
  9 14 
  9 18 
  10 -11 
  10 5 
  10 10 
  10 17 
  11 -8 
  11 6 
  11 8 
  11 10 
  11 13 
  12 -2 
  12 3 
  13 -16 
  13 0 
  13 1 
  13 7 
  13 9 
  14 -14 
  14 -12 
  14 -11 
  14 -3 
  15 -6 
  16 -13 
  16 -7 
  16 8 
  17 -10 
  17 -8 
  17 -2 
  17 0 
  17 5 
  18 -7 
  18 1 
  19 -2 
  19 0 
  -17 -7 
  -17 0 
  -15 -13 
  -15 -12 
  -15 -11 
  -15 -10 
  -15 -7 
  -15 0 
  -15 1 
  -14 -14 
  -14 -9 
  -14 -2 
  -14 12 
  -13 -6 
  -12 -9 
  -12 -6 
  -12 -1 
  -12 3 
  -12 15 
  -11 -16 
  -11 -15 
  -11 -1 
  -10 4 
  -10 14 
  -9 -10 
  -9 -7 
  -9 -2 
  -8 -15 
  -8 -3 
  -8 1 
  -8 4 
  -8 10 
  -8 14 
  -7 9 
  -7 15 
  -6 -14 
  -6 -12 
  -6 0 
  -6 2 
  -6 14 
  -5 -12 
  -5 8 
  -5 9 
  -4 -14 
  -4 10 
  -4 14 
  -4 15 
  -4 19 
  -4 20 
  -3 -13 
  -3 -8 
  -3 13 
  -2 -21 
  -2 -18 
  -2 -11 
  -2 -6 
  -2 -2 
  -2 -1 
  -1 -16 
  -1 -14 
  -1 -7 
  -1 -5 
  -1 -2 
  -1 12 
  -1 13 
  -1 14 
  -1 18 
  -1 20 
  0 -16 
  0 -12 
  0 -2 
  0 -1 
  1 -14 
  1 2 
  1 4 
  1 5 
  1 8 
  2 -21 
  2 -8 
  2 -7 
  2 -4 
  2 15 
  3 -17 
  3 -12 
  3 -6 
  3 10 
  4 -20 
  4 -17 
  4 -11 
  4 -8 
  4 8 
  4 16 
  5 -11 
  5 1 
  5 2 
  5 4 
  5 11 
  6 -22 
  6 -7 
  6 -5 
  6 0 
  6 9 
  6 10 
  6 12 
  6 13 
  7 -15 
  7 6 
  8 -10 
  8 -3 
  8 7 
  8 15 
  9 -7 
  9 -4 
  9 -3 
  9 2 
  9 6 
  9 7 
  10 -13 
  10 -5 
  10 2 
  10 13 
  11 2 
  11 15 
  12 -15 
  12 -12 
  12 -10 
  12 -1 
  12 1 
  12 4 
  12 7 
  12 12 
  12 13 
  12 16 
  13 -14 
  13 -2 
  13 -1 
  13 13 
  13 14 
  13 15 
  14 -15 
  14 -8 
  14 -6 
  15 -10 
  15 -9 
  15 1 
  16 -3 
  16 -1 
  16 3 
  16 6 
  17 -4 
  18 -6 
  18 -3 
  18 5 
  -18 -3 
  -18 1 
  -17 -6 
  -17 -5 
  -16 -11 
  -16 -6 
  -15 -6 
  -15 6 
  -15 8 
  -14 -11 
  -14 -7 
  -14 -6 
  -14 8 
  -14 10 
  -13 -13 
  -13 -3 
  -13 0 
  -13 9 
  -13 11 
  -12 -15 
  -12 1 
  -11 -7 
  -11 13 
  -11 14 
  -11 16 
  -10 2 
  -10 3 
  -10 6 
  -10 15 
  -9 -19 
  -9 -18 
  -9 -12 
  -9 -3 
  -9 0 
  -9 6 
  -9 7 
  -9 13 
  -8 -13 
  -8 -5 
  -8 2 
  -8 15 
  -7 -12 
  -7 -2 
  -7 5 
  -7 6 
  -7 7 
  -7 13 
  -7 19 
  -6 -2 
  -6 5 
  -5 -22 
  -5 -19 
  -5 -11 
  -5 -9 
  -5 -5 
  -5 2 
  -5 4 
  -5 17 
  -5 19 
  -5 20 
  -4 -8 
  -4 17 
  -3 -20 
  -3 -19 
  -3 -17 
  -3 -12 
  -3 -2 
  -3 8 
  -3 16 
  -3 19 
  -2 -12 
  -2 -4 
  -2 2 
  -2 3 
  -2 4 
  -2 10 
  -2 11 
  -2 18 
  -2 21 
  -1 -18 
  -1 -11 
  -1 0 
  -1 10 
  0 -15 
  1 -22 
  1 -21 
  1 1 
  1 6 
  1 9 
  1 12 
  1 13 
  2 -20 
  2 16 
  2 17 
  3 -18 
  3 -4 
  3 4 
  3 12 
  3 13 
  3 21 
  4 -10 
  4 -5 
  4 -2 
  4 13 
  5 -5 
  5 -2 
  5 3 
  5 6 
  5 10 
  5 15 
  6 -18 
  6 1 
  6 2 
  6 18 
  6 19 
  7 -9 
  7 8 
  8 -18 
  8 -14 
  8 19 
  9 -19 
  9 -16 
  9 -15 
  9 5 
  9 11 
  9 12 
  9 16 
  10 -19 
  10 -16 
  10 -4 
  10 14 
  10 16 
  11 -18 
  11 -16 
  11 -15 
  11 -7 
  11 -2 
  11 9 
  12 -16 
  12 -11 
  12 -4 
  13 -12 
  13 -8 
  13 10 
  14 12 
  14 13 
  15 -13 
  15 -8 
  15 -3 
  15 5 
  15 6 
  15 11 
  16 -2 
  16 0 
  16 9 
  17 -11 
  17 -9 
  17 -3 
  17 2 
  18 -8 
  18 -1 
  19 2 
  -18 0 
  -16 -8 
  -16 -3 
  -16 -2 
  -16 0 
  -16 2 
  -16 5 
  -15 2 
  -15 10 
  -14 5 
  -14 6 
  -14 11 
  -13 -9 
  -13 -5 
  -13 -1 
  -13 3 
  -13 14 
  -12 -14 
  -12 -12 
  -12 -5 
  -12 2 
  -12 10 
  -11 -11 
  -11 -5 
  -11 2 
  -11 10 
  -11 11 
  -10 -19 
  -10 -18 
  -10 -13 
  -10 -9 
  -10 -3 
  -10 12 
  -9 -14 
  -9 -6 
  -9 -4 
  -9 -1 
  -8 -9 
  -8 -2 
  -8 3 
  -8 6 
  -8 12 
  -8 13 
  -8 18 
  -7 -6 
  -7 0 
  -7 1 
  -7 10 
  -6 -19 
  -6 -18 
  -6 -9 
  -6 -7 
  -6 12 
  -5 -13 
  -5 -7 
  -5 5 
  -4 -16 
  -4 0 
  -4 8 
  -4 9 
  -4 12 
  -4 16 
  -3 -4 
  -3 -3 
  -3 9 
  -2 -15 
  -2 8 
  -1 -22 
  -1 -21 
  -1 -19 
  -1 -15 
  -1 -8 
  -1 15 
  0 -22 
  0 -18 
  0 -13 
  0 -3 
  0 2 
  0 9 
  0 12 
  0 14 
  0 18 
  1 -20 
  1 -19 
  1 -17 
  1 -12 
  1 -10 
  1 -9 
  1 -2 
  1 21 
  2 -12 
  2 -1 
  2 1 
  2 4 
  2 7 
  2 8 
  2 19 
  2 20 
  3 -19 
  3 -10 
  3 -8 
  3 1 
  3 6 
  3 14 
  4 -22 
  4 -21 
  4 -13 
  4 -12 
  4 -4 
  4 -1 
  4 6 
  4 9 
  4 18 
  4 19 
  5 -21 
  5 -10 
  5 -8 
  5 7 
  5 16 
  5 20 
  6 -21 
  6 -20 
  6 -9 
  6 -6 
  6 -4 
  6 4 
  6 15 
  7 -21 
  7 -17 
  7 -14 
  7 -8 
  7 -5 
  7 -1 
  8 -12 
  8 2 
  8 9 
  8 10 
  9 -17 
  9 -12 
  9 -11 
  9 -1 
  9 4 
  9 10 
  9 17 
  10 -15 
  10 1 
  10 4 
  10 11 
  10 18 
  11 -17 
  11 -1 
  11 3 
  11 4 
  12 -18 
  12 -17 
  12 -5 
  13 -11 
  13 6 
  14 2 
  14 4 
  14 7 
  15 -14 
  15 -11 
  15 -7 
  15 -4 
  15 2 
  15 4 
  15 8 
  15 9 
  15 10 
  16 -9 
  16 10 
  17 -5 
  17 -1 
  17 3 
  17 6 
  17 7 
  18 -4 
  19 -4 
  19 -3 
  -17 -4 
  -17 -2 
  -17 4 
  -16 -7 
  -16 6 
  -15 -2 
  -13 -14 
  -13 -7 
  -13 2 
  -13 6 
  -13 13 
  -12 -7 
  -12 -3 
  -12 0 
  -12 6 
  -12 7 
  -12 9 
  -11 -10 
  -11 -4 
  -11 1 
  -11 3 
  -11 5 
  -11 8 
  -10 -8 
  -10 -7 
  -10 -6 
  -10 -2 
  -9 1 
  -9 2 
  -9 11 
  -9 15 
  -9 16 
  -9 17 
  -8 -12 
  -8 -11 
  -8 8 
  -7 -19 
  -7 -15 
  -7 -10 
  -7 2 
  -7 16 
  -7 17 
  -6 -20 
  -6 3 
  -6 6 
  -6 7 
  -6 17 
  -5 -21 
  -5 -20 
  -5 -15 
  -5 -1 
  -5 1 
  -5 14 
  -4 -22 
  -4 -20 
  -4 -19 
  -4 -18 
  -4 -12 
  -4 -7 
  -4 -6 
  -4 -5 
  -4 -3 
  -4 -1 
  -4 5 
  -3 -22 
  -3 -18 
  -3 -16 
  -3 -14 
  -3 -9 
  -3 -5 
  -3 7 
  -3 12 
  -2 -14 
  -2 -13 
  -2 -8 
  -2 5 
  -2 9 
  -2 12 
  -2 20 
  -1 -13 
  -1 -1 
  -1 5 
  -1 16 
  0 -7 
  0 7 
  0 8 
  1 -16 
  1 -11 
  1 -4 
  1 3 
  1 14 
  2 -22 
  2 -14 
  2 -2 
  2 3 
  2 9 
  2 18 
  3 -13 
  3 -1 
  3 0 
  3 2 
  3 8 
  3 17 
  4 -16 
  4 0 
  4 4 
  4 5 
  5 13 
  6 -19 
  6 -13 
  6 -3 
  6 5 
  7 -10 
  7 -7 
  7 -2 
  7 3 
  7 4 
  7 16 
  8 -21 
  8 -11 
  8 -6 
  8 4 
  8 5 
  8 8 
  8 12 
  8 17 
  9 -14 
  9 -6 
  9 0 
  9 1 
  9 8 
  10 -14 
  10 -12 
  10 -1 
  10 3 
  10 7 
  10 9 
  11 -12 
  11 -9 
  11 -6 
  11 11 
  12 -8 
  12 2 
  12 5 
  12 6 
  12 8 
  13 -15 
  13 -10 
  13 -6 
  14 -2 
  14 0 
  14 5 
  14 9 
  15 -12 
  15 3 
  15 7 
  16 -4 
  16 1 
  16 2 
  18 -2 
  19 1 ;
AreaPerTest 2.4833099326e+10;
DefectRecordSpec 12 DEFECTID XREL YREL XINDEX YINDEX XSIZE YSIZE DEFECTAREA DSIZE CLASSNUMBER TEST IMAGECOUNT ;
DefectList
 1 3572.917 4147.835 0 21 3.902 1.562 0.486000 0.697 80 1 0
 2 1100.129 4149.202 -2 21 5.854 2.733 0.503000 0.708 78 1 0
 3 4740.178 4093.944 3 21 274.359 116.371 3662.353920 60.517 0 1 0
 4 4852.185 3854.952 3 21 50.344 346.771 642.665984 25.350 78 1 0
 5 2054.782 2758.960 -1 21 0.390 0.781 0.325000 0.390 78 1 0
 6 2885.079 3344.718 -1 21 0.780 3.905 0.307000 0.554 100 1 0
 7 2885.079 3337.303 -1 21 0.780 3.905 0.290000 0.538 100 1 0
 8 2932.106 3291.022 -1 21 1.951 1.171 0.256000 0.506 100 1 0
 9 2960.011 3315.819 -1 21 0.390 0.390 0.240000 0.390 100 1 0
 10 3142.267 3392.358 -1 21 0.390 0.390 0.273000 0.390 100 1 0
 11 3142.267 3367.757 -1 21 0.390 2.343 0.290000 0.390 100 1 0
 12 3146.169 3367.952 -1 21 0.390 1.952 0.273000 0.390 100 1 0
 13 3169.585 3359.561 -1 21 0.390 0.390 0.240000 0.390 100 1 0
 14 3229.687 3372.835 -1 21 0.390 0.390 0.307000 0.390 100 1 0
 15 3229.882 3352.921 -1 21 0.390 6.248 0.325000 0.390 100 1 0
 16 3295.252 3364.249 -1 21 0.390 5.467 0.256000 0.390 100 1 0
 17 3295.252 3351.163 -1 21 0.390 15.229 0.290000 0.390 100 1 0
 18 3314.766 3328.905 -1 21 0.780 1.952 0.240000 0.490 100 1 0
 19 3373.696 3348.624 -1 21 0.390 0.390 0.273000 0.390 100 1 0
 20 3367.452 3342.960 -1 21 0.390 0.390 0.273000 0.390 100 1 0
 21 3373.696 3342.960 -1 21 0.390 0.390 0.240000 0.390 100 1 0
 22 3374.477 3321.678 -1 21 0.390 0.390 0.240000 0.390 100 1 0
 23 3019.688 2742.163 2 21 0.390 1.562 0.097000 0.311 100 1 0
 24 3187.114 3334.764 2 21 1.951 0.390 0.307000 0.390 100 1 0
 25 3304.000 2656.061 2 21 0.390 0.390 0.087000 0.294 100 1 0
 26 3461.668 2868.491 2 21 2.341 0.390 0.130000 0.360 100 1 0
 27 3493.671 2793.124 2 21 0.390 0.390 0.087000 0.294 100 1 0
 28 3578.749 2704.288 2 21 0.390 0.390 0.119000 0.344 100 1 0
 29 3567.431 2676.171 2 21 0.390 0.390 0.097000 0.311 100 1 0
 30 3577.773 2676.171 2 21 1.951 0.390 0.097000 0.311 100 1 0
 31 3578.749 2669.335 2 21 0.390 0.390 0.108000 0.327 100 1 0
 32 3568.797 2656.647 2 21 1.951 1.562 0.119000 0.344 100 1 0
 33 3573.090 2657.233 2 21 1.951 0.390 0.119000 0.344 100 1 0
 34 3610.751 2886.460 2 21 0.390 1.171 0.108000 0.327 100 1 0
 35 3615.434 2697.647 2 21 0.390 0.390 0.130000 0.360 100 1 0
 36 3591.237 2657.233 2 21 0.390 0.390 0.119000 0.344 100 1 0
 37 3657.973 2737.093 2 21 2.341 1.562 0.108000 0.327 100 1 0
 38 3626.752 2717.952 2 21 0.390 0.390 0.087000 0.294 100 1 0
 39 3626.557 2696.866 2 21 0.390 1.562 0.108000 0.327 100 1 0
 40 3643.534 2696.085 2 21 0.390 0.390 0.108000 0.327 100 1 0
 41 3643.924 2690.811 2 21 0.390 0.390 0.130000 0.360 100 1 0
 42 3650.949 2691.007 2 21 0.390 0.390 0.087000 0.294 100 1 0
 43 3643.924 2682.811 2 21 0.390 0.390 0.108000 0.327 100 1 0
 44 3654.851 2662.499 2 21 0.390 0.390 0.097000 0.311 100 1 0
 45 3667.730 2737.866 2 21 0.390 0.390 0.119000 0.344 100 1 0
 46 3667.340 2729.671 2 21 0.390 0.390 0.097000 0.311 100 1 0
 47 3662.657 2724.397 2 21 0.390 0.390 0.108000 0.327 100 1 0
 48 3710.075 2782.194 2 21 0.390 0.390 0.108000 0.327 100 1 0
 49 3811.934 3288.874 2 21 1.170 0.781 0.382000 0.618 100 1 0
 50 3812.130 3260.561 2 21 0.390 1.171 0.344000 0.390 100 1 0
 51 3781.299 3231.280 2 21 0.390 2.733 0.307000 0.390 100 1 0
 52 3799.055 2862.053 2 21 0.390 0.390 0.108000 0.327 100 1 0
 53 3795.739 2855.413 2 21 0.390 0.390 0.108000 0.327 100 1 0
 54 3794.762 2842.327 2 21 0.390 0.390 0.130000 0.360 100 1 0
 55 3791.251 2798.397 2 21 0.390 0.781 0.181000 0.390 100 1 0
 56 3786.762 2726.350 2 21 0.390 0.390 0.097000 0.311 100 1 0
 57 3822.277 3257.835 2 21 0.390 2.733 0.363000 0.390 100 1 0
 58 3821.106 3237.718 2 21 0.390 0.390 0.422000 0.390 100 1 0
 59 3821.106 3232.452 2 21 0.780 4.295 0.402000 0.633 100 1 0
 60 3847.644 2887.436 2 21 0.390 0.390 0.130000 0.360 100 1 0
 61 3847.254 2852.483 2 21 0.390 0.390 0.210000 0.390 100 1 0
 62 3884.330 3256.468 2 21 6.244 1.562 0.307000 0.554 100 1 0
 63 3871.060 2812.264 2 21 0.390 0.390 0.142000 0.377 100 1 0
 64 3861.499 2755.444 2 21 0.390 0.781 0.181000 0.390 100 1 0
 65 3901.502 2832.178 2 21 0.390 0.390 0.142000 0.377 100 1 0
 66 3993.215 3257.444 2 21 0.780 0.390 0.290000 0.390 100 1 0
 67 4044.340 3238.108 2 21 3.902 0.390 0.273000 0.390 100 1 0
 68 4052.341 3279.507 2 21 0.390 0.390 0.256000 0.390 100 1 0
 69 4106.587 3320.702 2 21 1.170 0.390 0.240000 0.390 100 1 0
 70 4157.908 3246.116 2 21 10.927 2.733 0.443000 0.665 100 1 0
 71 4263.866 3267.397 2 21 1.951 0.390 0.273000 0.390 100 1 0
 72 4320.260 3268.374 2 21 10.927 1.952 0.256000 0.506 100 1 0
 73 4369.239 3288.874 2 21 0.390 0.781 0.443000 0.390 100 1 0
 74 4641.647 3382.600 2 21 0.390 0.390 0.077000 0.277 100 1 0
 75 4706.431 3355.850 2 21 0.390 3.514 0.087000 0.294 100 1 0
 76 401.882 3384.944 3 21 0.390 2.343 0.465000 0.390 100 1 0
 77 500.620 2696.085 3 21 0.390 0.390 0.168000 0.390 100 1 0
 78 503.352 2696.085 3 21 0.390 0.390 0.155000 0.390 100 1 0
 79 630.579 3236.350 3 21 0.390 0.390 0.443000 0.390 100 1 0
 80 626.286 3028.796 3 21 0.390 0.390 0.240000 0.390 100 1 0
 81 804.249 3028.991 3 21 0.780 1.952 0.256000 0.506 100 1 0
 82 782.394 2983.108 3 21 0.390 0.390 0.225000 0.390 100 1 0
 83 792.346 2981.546 3 21 0.390 3.124 0.432000 0.390 100 1 0
 84 784.541 2978.616 3 21 5.073 3.514 0.465000 0.681 100 1 0
 85 1317.453 3382.014 3 21 0.780 0.390 0.465000 0.390 100 1 0
 86 1351.992 2987.991 3 21 0.390 1.171 0.382000 0.390 100 1 0
 87 1471.609 2996.389 3 21 7.024 9.372 12.445000 3.527 100 1 0
 88 1672.988 3322.069 3 21 10.927 0.390 0.532000 0.390 100 1 0
 89 1806.266 3036.218 3 21 1.170 0.390 0.443000 0.390 100 1 0
 90 1933.298 3030.358 3 21 0.390 0.390 0.422000 0.390 100 1 0
 91 1908.516 2982.522 3 21 7.415 12.105 23.484000 4.846 100 1 0
 92 1917.687 2982.522 3 21 5.463 12.105 15.246000 3.904 100 1 0
 93 1943.055 3030.749 3 21 0.390 0.781 0.422000 0.390 100 1 0
 94 1959.251 3027.819 3 21 1.170 1.171 0.443000 0.665 100 1 0
 95 1958.471 2942.303 3 21 18.342 11.324 18.329000 4.281 100 1 0
 96 1975.643 2842.327 3 21 0.390 2.733 0.195000 0.390 100 1 0
 97 2017.401 2859.124 3 21 0.390 0.390 0.382000 0.390 100 1 0
 98 2006.278 2842.522 3 21 0.390 0.781 0.210000 0.390 100 1 0
 99 2125.310 3030.358 3 21 0.390 0.390 0.443000 0.390 100 1 0
 100 2105.212 3018.647 3 21 0.390 0.781 0.422000 0.390 100 1 0
 101 2196.534 2845.843 3 21 0.390 0.390 0.273000 0.390 100 1 0
 102 2294.882 2956.553 3 21 8.976 7.810 0.486000 0.697 100 1 0
 103 2282.393 2952.843 3 21 0.390 0.390 0.344000 0.390 100 1 0
 104 2285.711 2952.843 3 21 0.390 0.390 0.443000 0.390 100 1 0
 105 2286.686 2943.475 3 21 26.148 13.667 29.273000 5.410 100 1 0
 106 2272.052 2947.960 3 21 0.390 0.390 0.363000 0.390 100 1 0
 107 2310.884 2962.022 3 21 18.342 18.744 9.340000 3.056 100 1 0
 108 2311.078 2943.671 3 21 17.952 13.277 39.148000 6.256 100 1 0
 109 2401.816 2839.014 3 21 0.390 0.781 0.382000 0.390 100 1 0
 110 2461.723 2846.428 3 21 0.390 0.781 0.181000 0.390 100 1 0
 111 2503.091 2814.999 3 21 0.390 1.952 0.168000 0.390 100 1 0
 112 2527.678 2842.139 3 21 0.780 1.562 0.181000 0.425 100 1 0
 113 2634.222 2877.866 3 21 2.341 1.171 0.225000 0.474 100 1 0
 114 2792.476 2863.811 3 21 0.390 1.952 0.168000 0.390 100 1 0
 115 2772.377 2838.624 3 21 0.390 2.343 0.087000 0.294 100 1 0
 116 2771.596 2814.218 3 21 0.390 0.390 0.097000 0.311 100 1 0
 117 2771.011 2807.186 3 21 0.390 8.981 0.097000 0.311 100 1 0
 118 2798.135 2655.866 3 21 0.390 0.390 0.108000 0.327 100 1 0
 119 2822.722 2813.827 3 21 0.390 0.390 0.108000 0.327 100 1 0
 120 2822.722 2810.702 3 21 0.390 0.390 0.108000 0.327 100 1 0
 121 2943.314 2758.764 3 21 0.390 0.390 0.097000 0.311 100 1 0
 122 3040.491 3410.522 3 21 0.390 1.171 0.443000 0.390 100 1 0
 123 3500.024 3387.093 -2 21 0.390 0.390 0.065000 0.255 100 1 0
 124 3509.976 3384.358 -2 21 0.390 0.390 0.307000 0.390 100 1 0
 125 3518.367 3384.358 -2 21 0.390 0.390 0.290000 0.390 100 1 0
 126 3591.738 3379.475 -2 21 20.684 17.182 28.766000 5.363 100 1 0
 127 3590.177 3367.171 -2 21 5.073 0.390 0.509000 0.390 100 1 0
 128 3635.448 3407.788 -2 21 1.170 1.171 0.148000 0.384 100 1 0
 129 3657.693 3405.444 -2 21 10.537 5.076 0.486000 0.697 100 1 0
 130 3649.303 3405.249 -2 21 0.780 3.124 0.273000 0.522 100 1 0
 131 3658.864 3398.803 -2 21 12.878 3.514 0.486000 0.697 100 1 0
 132 3698.281 3399.389 -2 21 72.980 23.430 541.070976 23.260 100 1 0
 133 3682.085 3378.108 -2 21 0.390 0.390 0.486000 0.390 100 1 0
 134 3663.937 3375.569 -2 21 1.951 1.562 0.443000 0.665 100 1 0
 135 3702.184 3393.530 -2 21 1.170 1.562 0.443000 0.665 100 1 0
 136 3710.184 3393.530 -2 21 6.244 1.562 4.256000 1.562 100 1 0
 137 3723.063 3393.530 -2 21 4.683 1.562 0.532000 0.729 100 1 0
 138 3721.307 3378.108 -2 21 1.951 0.390 0.486000 0.390 100 1 0
 139 3753.894 3409.155 -2 21 22.635 1.562 6.197000 1.562 100 1 0
 140 3738.479 3408.960 -2 21 1.170 0.390 0.443000 0.390 100 1 0
 141 3748.236 3387.288 -2 21 1.170 0.390 0.104000 0.323 100 1 0
 142 3802.874 3408.764 -2 21 12.878 3.124 0.486000 0.697 100 1 0
 143 3852.048 3406.225 -2 21 31.611 4.295 6.197000 2.489 100 1 0
 144 3910.588 3409.350 -2 21 56.589 1.171 102.215000 1.171 100 1 0
 145 3873.902 3406.421 -2 21 0.390 2.343 0.344000 0.390 100 1 0
 146 3882.683 3396.264 -2 21 1.561 0.390 0.065000 0.255 100 1 0
 147 3943.370 3410.522 -2 21 0.390 0.390 0.256000 0.390 100 1 0
 148 3946.492 3410.522 -2 21 1.170 0.390 0.256000 0.390 100 1 0
 149 3961.128 3397.241 -2 21 0.390 0.390 0.030000 0.174 100 1 0
 150 3953.276 2645.327 2 21 0.390 0.390 0.119000 0.344 100 1 0
 151 3955.618 2557.077 2 21 0.390 0.390 0.142000 0.377 100 1 0
 152 3953.276 2537.163 2 21 0.390 0.390 0.119000 0.344 100 1 0
 153 3934.153 2592.022 2 21 0.390 0.390 0.119000 0.344 100 1 0
 154 3929.860 2591.835 2 21 0.390 0.390 0.130000 0.360 100 1 0
 155 3925.177 2592.022 2 21 0.390 0.390 0.119000 0.344 100 1 0
 156 3938.446 2585.194 2 21 0.390 0.390 0.108000 0.327 100 1 0
 157 3940.788 2577.968 2 21 0.390 1.562 0.119000 0.344 100 1 0
 158 3939.812 2570.546 2 21 1.951 0.390 0.142000 0.377 100 1 0
 159 3939.422 2557.663 2 21 2.731 1.562 0.119000 0.344 100 1 0
 160 3717.164 2530.522 2 21 0.390 0.390 0.119000 0.344 100 1 0
 161 3539.981 2624.046 2 21 0.390 0.390 0.119000 0.344 100 1 0
 162 3535.688 2624.046 2 21 0.390 0.390 0.119000 0.344 100 1 0
 163 3538.030 2605.499 2 21 0.390 0.390 0.097000 0.311 100 1 0
 164 3526.713 2605.499 2 21 0.390 0.390 0.119000 0.344 100 1 0
 165 3527.102 2598.663 2 21 0.390 0.390 0.108000 0.327 100 1 0
 166 3532.566 2597.296 2 21 0.390 0.390 0.108000 0.327 100 1 0
 167 3522.809 2592.022 2 21 0.390 0.390 0.108000 0.327 100 1 0
 168 3437.341 2578.749 2 21 0.390 0.390 0.097000 0.311 100 1 0
 169 3223.863 2603.350 2 21 0.780 0.781 0.119000 0.344 100 1 0
 170 2902.205 2630.686 3 21 0.390 0.390 0.130000 0.360 100 1 0
 171 2895.181 2617.413 3 21 0.390 0.390 0.108000 0.327 100 1 0
 172 2893.619 2610.772 3 21 0.390 0.390 0.130000 0.360 100 1 0
 173 2902.596 2605.303 3 21 0.390 0.390 0.108000 0.327 100 1 0
 174 2904.937 2598.663 3 21 0.390 0.390 0.119000 0.344 100 1 0
 175 2900.644 2598.663 3 21 0.390 0.390 0.108000 0.327 100 1 0
 176 2867.472 2657.632 3 21 0.390 0.390 0.108000 0.327 100 1 0
 177 2869.812 2643.968 3 21 0.390 0.390 0.097000 0.311 100 1 0
 178 2884.643 2637.327 3 21 0.390 0.390 0.119000 0.344 100 1 0
 179 2865.519 2637.327 3 21 0.390 0.390 0.108000 0.327 100 1 0
 180 2861.227 2632.249 3 21 0.390 0.390 0.108000 0.327 100 1 0
 181 2880.351 2625.608 3 21 0.390 0.390 0.097000 0.311 100 1 0
 182 2876.058 2625.608 3 21 0.390 0.390 0.097000 0.311 100 1 0
 183 2889.326 2624.046 3 21 0.390 0.390 0.119000 0.344 100 1 0
 184 2865.130 2624.046 3 21 0.390 0.390 0.130000 0.360 100 1 0
 185 2869.812 2618.772 3 21 0.390 0.390 0.097000 0.311 100 1 0
 186 2889.326 2611.944 3 21 0.390 0.390 0.119000 0.344 100 1 0
 187 2880.351 2598.663 3 21 0.390 0.390 0.119000 0.344 100 1 0
 188 2863.179 2590.663 3 21 0.390 0.390 0.142000 0.377 100 1 0
 189 2881.131 2585.389 3 21 0.390 0.390 0.108000 0.327 100 1 0
 190 2832.737 2645.522 3 21 0.390 0.390 0.108000 0.327 100 1 0
 191 2824.542 2638.889 3 21 0.390 0.390 0.108000 0.327 100 1 0
 192 2843.665 2630.686 3 21 0.390 0.390 0.119000 0.344 100 1 0
 193 2826.102 2624.046 3 21 0.390 0.390 0.119000 0.344 100 1 0
 194 2843.470 2611.358 3 21 0.390 1.171 0.108000 0.327 100 1 0
 195 2838.981 2610.577 3 21 0.390 0.390 0.108000 0.327 100 1 0
 196 2834.688 2610.772 3 21 0.390 0.390 0.108000 0.327 100 1 0
 197 2822.591 2583.827 3 21 0.390 0.390 0.119000 0.344 100 1 0
 198 2822.200 2531.889 3 21 0.390 0.390 0.119000 0.344 100 1 0
 199 2795.662 2624.827 3 21 0.780 1.562 0.108000 0.327 100 1 0
 200 2791.759 2625.608 3 21 0.390 0.390 0.108000 0.327 100 1 0
 201 2791.759 2603.936 3 21 0.390 0.390 0.108000 0.327 100 1 0
 202 2787.466 2603.936 3 21 0.390 0.390 0.108000 0.327 100 1 0
 203 2787.466 2598.663 3 21 0.390 0.390 0.108000 0.327 100 1 0
 204 2781.222 2598.663 3 21 0.390 0.390 0.119000 0.344 100 1 0
 205 2796.052 2592.022 3 21 0.390 0.390 0.119000 0.344 100 1 0
 206 2791.759 2592.022 3 21 0.390 0.390 0.130000 0.360 100 1 0
 207 2787.466 2592.022 3 21 0.390 0.390 0.119000 0.344 100 1 0
 208 2793.711 2585.389 3 21 0.390 0.390 0.108000 0.327 100 1 0
 209 2814.005 2583.827 3 21 0.390 0.390 0.119000 0.344 100 1 0
 210 2806.590 2577.968 3 21 0.390 1.562 0.108000 0.327 100 1 0
 211 2791.759 2578.749 3 21 0.390 0.390 0.119000 0.344 100 1 0
 212 2802.297 2577.186 3 21 0.390 0.390 0.142000 0.377 100 1 0
 213 2795.662 2577.186 3 21 0.390 0.390 0.130000 0.360 100 1 0
 214 2804.638 2565.280 3 21 0.390 0.390 0.108000 0.327 100 1 0
 215 2791.369 2563.913 3 21 0.390 0.390 0.130000 0.360 100 1 0
 216 2193.477 2523.882 3 21 0.390 0.390 0.142000 0.377 100 1 0
 217 2215.722 2518.608 3 21 0.390 0.390 0.130000 0.360 100 1 0
 218 4767.260 3321.596 10 18 0.390 0.390 0.044000 0.208 0 1 0
 219 4359.627 3373.924 10 18 0.390 0.390 0.130000 0.360 78 1 0
 220 581.823 2413.088 -8 18 0.390 0.390 0.108000 0.327 78 1 0
 221 4726.573 3540.597 3 17 2.341 0.781 0.273000 0.522 0 1 0
 222 4730.476 3540.402 3 17 0.780 0.390 0.210000 0.390 77 1 0
 223 4721.694 3596.831 3 17 0.390 1.562 0.256000 0.390 0 1 0
 224 4718.963 3595.855 3 17 0.390 3.514 0.256000 0.390 0 1 0
 225 1543.228 3148.792 4 17 2.341 0.390 0.168000 0.390 100 1 0
 226 1539.716 3147.230 4 17 0.390 1.562 0.210000 0.390 100 1 0
 227 1548.302 3090.800 4 17 1.561 1.171 0.195000 0.442 100 1 0
 228 1546.544 3086.511 4 17 1.951 2.733 0.210000 0.458 100 1 0
 229 1577.571 3160.316 4 17 0.780 5.076 0.307000 0.554 100 1 0
 230 1588.694 3162.855 4 17 1.170 0.390 0.225000 0.390 100 1 0
 231 1568.790 3157.386 4 17 1.951 4.686 0.532000 0.729 100 1 0
 232 1564.107 3156.995 4 17 1.170 2.343 0.443000 0.665 100 1 0
 233 1559.034 3156.214 4 17 1.170 0.781 0.290000 0.538 100 1 0
 234 1553.569 3084.167 4 17 1.951 1.952 0.509000 0.713 100 1 0
 235 1616.599 3035.550 4 17 0.390 0.390 0.225000 0.390 100 1 0
 236 1629.478 3033.206 4 17 6.244 2.343 0.422000 0.649 100 1 0
 237 1618.355 3032.620 4 17 4.292 1.171 0.273000 0.522 100 1 0
 238 1701.872 3156.019 4 17 4.292 1.171 0.307000 0.554 100 1 0
 239 1688.798 3014.847 4 17 5.463 0.781 0.240000 0.490 100 1 0
 240 1730.167 3138.839 4 17 0.390 0.390 0.195000 0.390 100 1 0
 241 1735.239 3134.347 4 17 0.780 0.781 0.225000 0.474 100 1 0
 242 1744.607 3132.198 4 17 2.341 5.076 0.225000 0.474 100 1 0
 243 1709.482 3015.238 4 17 0.780 0.781 0.225000 0.474 100 1 0
 244 1770.755 3129.073 4 17 5.463 1.952 0.273000 0.522 100 1 0
 245 1777.974 3128.292 4 17 2.731 0.390 0.210000 0.390 100 1 0
 246 1826.173 3015.042 4 17 3.902 0.390 0.256000 0.390 100 1 0
 247 1993.987 3023.050 4 17 0.390 0.390 0.181000 0.390 100 1 0
 248 1994.573 3020.316 4 17 1.170 0.781 0.210000 0.458 100 1 0
 249 1987.159 3019.730 4 17 3.512 1.171 0.256000 0.506 100 1 0
 250 1991.648 2978.144 4 17 0.390 0.390 0.181000 0.390 100 1 0
 251 2037.894 3043.941 4 17 1.170 0.390 0.168000 0.390 100 1 0
 252 2047.261 3043.355 4 17 1.170 0.781 0.256000 0.506 100 1 0
 253 2110.679 2907.456 4 17 3.902 0.390 0.195000 0.390 100 1 0
 254 2106.581 2903.558 4 17 1.170 0.390 0.225000 0.390 100 1 0
 255 2110.093 2903.363 4 17 1.170 0.390 0.210000 0.390 100 1 0
 256 2135.851 2903.558 4 17 2.731 0.390 0.210000 0.390 100 1 0
 257 2154.585 3044.136 4 17 4.292 3.124 0.256000 0.506 100 1 0
 258 2142.290 3043.941 4 17 1.561 1.171 0.240000 0.490 100 1 0
 259 2153.413 2903.753 4 17 3.512 0.390 0.225000 0.390 100 1 0
 260 2159.267 2903.753 4 17 2.731 0.390 0.195000 0.390 100 1 0
 261 2141.511 2903.558 4 17 3.122 0.390 0.225000 0.390 100 1 0
 262 2147.364 2903.363 4 17 3.902 0.390 0.240000 0.390 100 1 0
 263 2203.564 3003.527 4 17 0.390 0.390 0.168000 0.390 100 1 0
 264 2215.271 2909.800 4 17 0.390 0.390 0.130000 0.360 100 1 0
 265 2199.271 2907.847 4 17 4.683 2.343 0.465000 0.681 100 1 0
 266 2185.611 2907.456 4 17 0.780 0.390 0.422000 0.390 100 1 0
 267 2192.441 2906.870 4 17 2.731 0.390 0.225000 0.390 100 1 0
 268 2181.903 2903.558 4 17 5.854 0.781 0.256000 0.506 100 1 0
 269 2237.907 2940.066 4 17 0.390 0.390 0.168000 0.390 100 1 0
 270 2371.378 2896.917 4 17 0.390 0.390 0.142000 0.377 100 1 0
 271 2373.134 2906.675 4 17 0.390 0.390 0.181000 0.390 100 1 0
 272 2377.234 2906.675 4 17 0.390 0.390 0.130000 0.360 100 1 0
 273 2374.501 2903.363 4 17 1.561 0.390 0.155000 0.390 100 1 0
 274 2371.964 2894.573 4 17 0.390 0.390 0.168000 0.390 100 1 0
 275 2407.673 2835.605 4 17 0.390 0.390 0.044000 0.208 100 1 0
 276 2449.237 2951.394 4 17 0.390 0.390 0.097000 0.311 100 1 0
 277 2443.968 2950.613 4 17 1.561 0.390 0.465000 0.390 100 1 0
 278 2440.261 2948.269 4 17 0.390 0.390 0.044000 0.208 100 1 0
 279 2430.114 2947.097 4 17 0.390 0.390 0.195000 0.390 100 1 0
 280 2444.749 2946.511 4 17 0.390 0.390 0.119000 0.344 100 1 0
 281 2424.066 2940.066 4 17 0.780 0.390 0.130000 0.360 100 1 0
 282 2435.968 2820.183 4 17 1.170 0.390 0.068000 0.260 100 1 0
 283 2507.388 2940.261 4 17 2.731 0.781 0.225000 0.474 100 1 0
 284 2520.071 2934.792 4 17 2.341 1.562 0.443000 0.665 100 1 0
 285 2554.025 2912.534 4 17 0.390 0.390 0.051000 0.226 100 1 0
 286 2557.148 2908.042 4 17 2.341 2.733 0.240000 0.490 100 1 0
 287 2556.757 2903.363 4 17 1.561 1.171 0.155000 0.393 100 1 0
 288 2562.220 2894.378 4 17 6.244 5.857 0.443000 0.665 100 1 0
 289 2569.831 2878.956 4 17 0.390 1.562 0.044000 0.208 100 1 0
 290 2737.450 2841.659 4 17 0.390 0.390 0.044000 0.208 100 1 0
 291 2991.712 2775.863 4 17 0.390 0.781 0.059000 0.243 100 1 0
 292 2976.687 2773.323 4 17 0.390 0.390 0.036000 0.190 100 1 0
 293 2973.173 2771.370 4 17 0.780 0.390 0.051000 0.226 100 1 0
 294 2709.662 886.386 3 17 0.390 0.390 0.044000 0.208 0 1 0
 295 2726.166 4039.983 2 14 0.390 0.390 0.273000 0.390 2 1 0
 296 4530.365 3097.862 -4 14 5.463 1.952 0.210000 0.458 100 1 0
 297 4545.781 3082.440 -4 14 0.390 0.390 0.059000 0.243 100 1 0
 298 4500.704 3105.674 -4 14 0.390 0.390 0.195000 0.390 100 1 0
 299 4487.435 3108.604 -4 14 1.561 0.781 0.210000 0.458 100 1 0
 300 4409.966 3119.733 -4 14 3.512 0.390 0.509000 0.390 100 1 0
 301 4344.206 3125.002 -4 14 0.780 0.781 0.155000 0.393 100 1 0
 302 4359.622 3122.858 -4 14 0.390 0.390 0.344000 0.390 100 1 0
 303 4354.744 3122.858 -4 14 0.390 0.390 0.225000 0.390 100 1 0
 304 4354.939 3117.194 -4 14 0.390 1.562 0.181000 0.390 100 1 0
 305 4354.744 3112.897 -4 14 0.390 0.390 0.256000 0.390 100 1 0
 306 4349.865 3110.944 -4 14 1.951 2.343 0.168000 0.409 100 1 0
 307 4344.206 3110.358 -4 14 0.390 0.390 0.130000 0.360 100 1 0
 308 4278.835 3124.026 -4 14 1.951 0.390 0.142000 0.377 100 1 0
 309 4186.732 3059.983 -4 14 0.390 1.952 0.181000 0.390 100 1 0
 310 4186.732 3053.151 -4 14 0.390 0.781 0.142000 0.377 100 1 0
 311 4173.660 3051.002 -4 14 0.780 1.171 0.119000 0.344 100 1 0
 312 4173.269 3044.952 -4 14 0.390 0.390 0.036000 0.190 100 1 0
 313 4051.699 2979.733 -4 14 0.390 0.390 0.097000 0.311 100 1 0
 314 4044.285 2979.733 -4 14 0.390 0.390 0.119000 0.344 100 1 0
 315 2599.910 547.510 6 14 0.390 0.390 0.290000 0.390 100 1 0
 316 2609.080 578.948 6 14 4.292 1.562 2.369000 1.539 100 1 0
 317 2608.884 533.065 6 14 5.463 9.762 7.174000 2.678 100 1 0
 318 2655.328 481.905 6 14 1.561 1.171 0.290000 0.538 100 1 0
 319 2655.912 477.807 6 14 0.390 0.781 0.196000 0.390 100 1 0
 320 2699.818 573.284 6 14 1.561 0.390 0.195000 0.390 100 1 0
 321 2695.916 570.749 6 14 0.390 0.390 0.486000 0.390 100 1 0
 322 2700.013 569.381 6 14 0.390 1.171 0.532000 0.390 100 1 0
 323 2700.209 453.206 6 14 0.780 3.905 0.486000 0.697 100 1 0
 324 2695.916 453.401 6 14 0.390 0.390 0.509000 0.390 100 1 0
 325 2721.283 444.417 6 14 0.780 0.390 0.465000 0.390 100 1 0
 326 2743.334 546.729 6 14 1.951 0.390 0.225000 0.390 100 1 0
 327 2773.773 525.838 6 14 4.292 1.562 0.422000 0.649 100 1 0
 328 2788.994 518.030 6 14 1.170 0.781 0.240000 0.490 100 1 0
 329 2827.826 480.932 6 14 0.780 0.781 0.210000 0.458 100 1 0
 330 2843.632 467.655 6 14 1.951 2.343 0.486000 0.697 100 1 0
 331 739.679 3157.386 -3 13 0.390 0.390 0.044000 0.208 78 1 0
 332 974.025 4010.315 6 10 0.390 0.390 0.097000 0.311 1 1 0
 333 3926.588 3707.450 6 8 0.390 0.390 0.210000 0.390 1 1 0
 334 1112.228 3151.807 3 7 0.390 0.390 0.036000 0.190 78 1 0
 335 3194.245 3888.539 2 6 0.390 0.390 0.181000 0.390 1 1 0
 336 3363.634 239.396 13 6 3.512 3.905 0.402000 0.633 63 1 0
 337 1038.319 251.501 -9 6 0.390 0.390 0.036000 0.190 78 1 0
 338 2905.474 3569.680 -4 5 0.390 0.390 0.119000 0.344 1 1 0
 339 4453.263 963.637 0 5 2.341 1.952 0.051000 0.226 78 1 0
 340 2020.343 4114.549 -4 4 0.390 0.390 0.097000 0.311 1 1 0
 341 1550.431 3422.568 2 4 0.390 0.390 0.051000 0.226 0 1 0
 342 1778.934 3417.883 2 4 5.073 0.781 0.087000 0.294 78 1 0
 343 3917.790 3700.923 5 3 0.390 0.390 0.155000 0.390 1 1 0
 344 460.161 3553.309 13 3 3.512 2.343 0.486000 0.697 100 1 0
 345 459.575 3574.788 13 3 0.390 0.390 0.155000 0.390 100 1 0
 346 482.993 3489.071 13 3 1.561 1.171 0.181000 0.425 100 1 0
 347 499.970 3473.061 13 3 1.951 0.390 0.181000 0.390 100 1 0
 348 532.165 3462.712 13 3 0.390 0.390 0.119000 0.344 100 1 0
 349 575.876 3590.409 13 3 2.341 1.562 0.168000 0.409 100 1 0
 350 575.290 3488.680 13 3 0.390 0.390 0.155000 0.390 100 1 0
 351 563.974 3472.866 13 3 0.390 0.390 0.119000 0.344 100 1 0
 352 579.388 3591.190 13 3 0.390 0.390 0.155000 0.390 100 1 0
 353 591.876 3557.216 13 3 0.390 0.390 0.168000 0.390 100 1 0
 354 592.462 3553.895 13 3 0.390 1.171 0.465000 0.390 100 1 0
 355 587.001 3509.573 13 3 0.390 0.390 0.142000 0.377 100 1 0
 356 4453.429 964.044 6 3 2.731 1.952 0.059000 0.243 78 1 0
 357 2522.419 3499.662 4 2 0.390 0.390 0.051000 0.226 78 1 0
 358 3031.745 3626.382 -5 2 0.390 0.390 0.181000 0.390 78 1 0
 359 3512.393 2561.230 -17 2 0.390 0.390 0.059000 0.243 0 1 0
 360 3511.026 2545.610 -17 2 0.390 1.171 0.077000 0.277 0 1 0
 361 3503.026 2511.051 -17 2 0.390 0.390 0.036000 0.190 0 1 0
 362 3469.268 2568.455 -17 2 0.780 0.781 0.119000 0.344 0 1 0
 363 3465.752 2555.959 -17 2 0.780 3.905 0.087000 0.294 0 1 0
 364 3465.752 2543.072 -17 2 0.390 0.390 0.044000 0.208 78 1 0
 365 3455.612 2486.253 -17 2 0.390 0.390 0.051000 0.226 0 1 0
 366 4453.039 963.848 2 1 2.731 2.343 0.087000 0.294 78 1 0
 367 2711.882 807.692 -3 0 0.390 0.390 0.044000 0.208 78 1 0
 368 2198.662 2778.639 17 -1 0.390 1.562 0.036000 0.190 78 1 0
 369 3563.616 3065.272 -15 -1 0.390 0.390 0.155000 0.390 0 1 0
 370 3526.350 3070.348 -15 -1 0.390 0.390 0.108000 0.327 0 1 0
 371 3540.983 3065.272 -15 -1 5.854 0.781 0.273000 0.522 78 1 0
 372 1773.663 3438.181 -1 -2 0.390 0.390 0.059000 0.243 0 1 0
 373 1778.932 3417.874 -1 -2 5.073 0.390 0.087000 0.294 78 1 0
 374 1778.714 3417.874 3 -2 4.683 0.390 0.077000 0.277 0 1 0
 375 4430.106 3344.985 3 -2 0.390 0.390 0.036000 0.190 78 1 0
 376 2358.977 3130.986 -2 -2 0.390 0.390 0.059000 0.243 78 1 0
 377 1777.720 3418.265 6 -3 3.512 0.390 0.059000 0.243 78 1 0
 378 1332.206 453.150 10 -3 0.390 0.390 0.051000 0.226 13 1 0
 379 1779.518 3418.194 -1 -4 0.390 0.390 0.044000 0.208 78 1 0
 380 2853.171 813.487 -5 -4 0.390 0.390 0.051000 0.226 80 1 0
 381 2711.522 883.138 -8 -8 0.390 0.390 0.030000 0.172 80 1 0
 382 276.406 1367.511 14 -12 1.561 1.171 0.363000 0.602 63 1 0
 383 1255.374 1184.949 -15 -12 0.390 0.781 0.155000 0.390 100 1 0
 384 1258.100 1184.753 -15 -12 0.390 0.390 0.168000 0.390 100 1 0
 385 1264.343 1168.550 -15 -12 3.122 2.343 0.168000 0.409 100 1 0
 386 1268.249 1161.128 -15 -12 0.390 0.390 0.155000 0.390 100 1 0
 387 1180.241 1213.066 -15 -12 0.390 0.390 0.168000 0.390 100 1 0
 388 1182.975 1200.570 -15 -12 0.390 0.390 0.130000 0.360 100 1 0
 389 1176.538 1200.570 -15 -12 7.024 0.390 0.130000 0.360 100 1 0
 390 1176.147 1183.781 -15 -12 0.390 0.390 0.087000 0.294 100 1 0
 391 1189.608 1172.062 -15 -12 0.390 0.781 0.119000 0.344 100 1 0
 392 1178.679 1172.062 -15 -12 0.390 0.781 0.155000 0.390 100 1 0
 393 1180.046 1164.253 -15 -12 0.390 0.390 0.077000 0.277 100 1 0
 394 1192.929 1159.175 -15 -12 0.390 0.390 0.168000 0.390 100 1 0
 395 1181.218 1159.175 -15 -12 0.390 0.390 0.168000 0.390 100 1 0
 396 1171.655 1212.480 -15 -12 1.170 1.952 0.181000 0.425 100 1 0
 397 1194.585 1123.121 -15 -12 0.780 1.952 0.465000 0.681 100 1 0
 398 1197.124 1115.898 -15 -12 2.731 7.810 0.486000 0.697 100 1 0
 399 1200.827 1105.937 -15 -12 2.341 5.857 0.486000 0.697 100 1 0
 400 1209.608 1117.460 -15 -12 3.512 9.372 0.486000 0.697 100 1 0
 401 1225.022 1083.679 -15 -12 2.341 4.295 0.509000 0.713 100 1 0
 402 1215.663 1082.703 -15 -12 0.390 0.390 0.036000 0.190 100 1 0
 403 1215.272 1075.675 -15 -12 0.390 0.390 0.443000 0.390 100 1 0
 404 1233.413 1069.816 -15 -12 1.170 1.562 0.155000 0.393 100 1 0
 405 4156.228 2093.331 4 -15 2.341 1.562 0.273000 0.522 100 1 0
 406 4131.446 2080.639 4 -15 3.512 1.952 0.422000 0.649 100 1 0
 407 4159.937 2022.065 4 -15 0.390 0.390 0.097000 0.311 100 1 0
 408 4176.132 2103.093 4 -15 0.780 0.781 0.119000 0.344 100 1 0
 409 4217.501 2121.839 4 -15 0.780 0.390 0.168000 0.390 100 1 0
 410 4207.548 2120.862 4 -15 1.951 1.171 0.181000 0.425 100 1 0
 411 4212.622 2119.495 4 -15 1.170 0.390 0.210000 0.390 100 1 0
 412 4237.794 2023.042 4 -15 0.780 1.562 0.210000 0.458 100 1 0
 413 4257.308 2023.628 4 -15 31.221 0.390 6.923000 0.390 100 1 0
 414 4227.648 2019.136 4 -15 0.390 0.390 0.097000 0.311 100 1 0
 415 4303.751 2024.600 4 -15 0.390 0.390 0.130000 0.360 100 1 0
 416 4286.579 2024.018 4 -15 2.341 0.390 0.465000 0.390 100 1 0
 417 4293.603 2024.210 4 -15 4.683 0.390 0.509000 0.390 100 1 0
 418 4341.021 2168.307 4 -15 1.951 0.781 0.168000 0.409 100 1 0
 419 4355.851 2022.651 4 -15 0.390 0.390 0.155000 0.390 100 1 0
 420 4348.437 2021.870 4 -15 0.390 0.390 0.168000 0.390 100 1 0
 421 4351.167 2021.870 4 -15 0.390 0.390 0.155000 0.390 100 1 0
 422 4389.804 2180.807 4 -15 1.951 0.390 0.195000 0.390 100 1 0
 423 4379.853 2178.854 4 -15 0.390 0.390 0.108000 0.327 100 1 0
 424 4460.247 2059.163 4 -15 0.390 0.390 0.108000 0.327 100 1 0
 425 1499.539 1819.206 9 -15 0.780 1.171 0.532000 0.729 2 1 0
 426 3637.911 1198.886 -6 -15 2.341 2.343 0.307000 0.554 100 1 0
 427 3646.692 1184.046 -6 -15 1.951 0.390 0.195000 0.390 100 1 0
 428 3648.448 1181.507 -6 -15 1.561 0.390 0.363000 0.390 100 1 0
 429 3652.157 1175.843 -6 -15 5.854 5.467 0.402000 0.633 100 1 0
 430 3609.423 1220.362 -6 -15 9.366 3.124 0.325000 0.570 100 1 0
 431 3548.931 1227.390 -6 -15 0.390 0.390 0.130000 0.360 100 1 0
 432 3540.345 1221.729 -6 -15 3.902 2.733 0.486000 0.697 100 1 0
 433 3530.196 1212.745 -6 -15 1.561 4.295 0.422000 0.649 100 1 0
 434 3523.952 1203.374 -6 -15 2.341 1.171 0.382000 0.618 100 1 0
 435 3521.806 1198.300 -6 -15 0.390 1.171 0.344000 0.390 100 1 0
 436 3521.417 1155.733 -6 -15 0.390 0.390 0.181000 0.390 100 1 0
 437 3533.222 1136.202 -6 -15 1.170 0.781 0.168000 0.409 100 1 0
 438 3538.880 1131.714 -6 -15 5.463 6.638 17.532000 4.187 100 1 0
 439 3544.345 1130.347 -6 -15 0.780 0.781 0.097000 0.311 100 1 0
 440 3545.515 1126.831 -6 -15 0.390 0.781 0.036000 0.190 100 1 0
 441 3611.079 1109.452 -6 -15 0.390 0.390 0.044000 0.208 100 1 0
 442 3800.946 1037.796 -6 -15 0.390 4.686 0.051000 0.226 100 1 0
 443 3810.702 975.511 -6 -15 0.390 0.390 0.036000 0.190 100 1 0
 444 3823.972 1073.136 -6 -15 0.390 1.171 0.068000 0.260 100 1 0
 445 3838.020 954.030 -6 -15 0.390 0.390 0.044000 0.208 100 1 0
 446 3861.632 1079.972 -6 -15 0.390 1.562 0.068000 0.260 100 1 0
 447 3882.903 1072.745 -6 -15 5.854 5.857 5.075000 2.252 100 1 0
 448 3876.268 1074.503 -6 -15 0.390 0.390 0.044000 0.208 100 1 0
 449 3892.854 1068.643 -6 -15 3.122 3.905 0.155000 0.393 100 1 0
 450 3893.440 948.761 -6 -15 1.951 2.343 0.168000 0.409 100 1 0
 451 3883.292 947.784 -6 -15 4.292 1.171 0.422000 0.649 100 1 0
 452 3883.097 944.268 -6 -15 4.683 1.171 0.486000 0.697 100 1 0
 453 3903.391 1059.858 -6 -15 10.146 8.981 18.329000 4.281 100 1 0
 454 3907.684 950.515 -6 -15 1.561 5.076 0.195000 0.442 100 1 0
 455 4120.185 813.839 -6 -15 1.170 4.295 0.195000 0.442 100 1 0
 456 4145.749 878.468 -6 -15 0.780 0.781 0.307000 0.554 100 1 0
 457 4139.309 845.472 -6 -15 1.951 1.171 0.443000 0.665 100 1 0
 458 4139.895 796.265 -6 -15 0.780 0.390 0.210000 0.390 100 1 0
 459 4139.505 791.776 -6 -15 0.390 0.390 0.155000 0.390 100 1 0
 460 4150.433 787.089 -6 -15 8.585 6.248 0.155000 0.393 100 1 0
 461 4168.578 777.327 -6 -15 11.317 5.467 0.532000 0.729 100 1 0
 462 4206.825 889.987 -6 -15 3.512 1.952 0.210000 0.458 100 1 0
 463 4181.458 771.858 -6 -15 5.073 1.562 0.532000 0.729 100 1 0
 464 4225.364 878.858 -6 -15 0.780 0.390 0.195000 0.390 100 1 0
 465 4241.364 767.952 -6 -15 0.390 0.390 0.155000 0.390 100 1 0
 466 4234.925 766.784 -6 -15 1.170 0.390 0.068000 0.260 100 1 0
 467 4260.097 848.202 -6 -15 0.390 0.390 0.168000 0.390 100 1 0
 468 4265.171 842.151 -6 -15 0.780 0.781 0.210000 0.458 100 1 0
 469 4268.294 838.050 -6 -15 0.390 0.390 0.195000 0.390 100 1 0
 470 4248.975 772.249 -6 -15 5.854 2.343 0.532000 0.729 100 1 0
 471 4257.561 771.272 -6 -15 5.854 1.952 0.465000 0.681 100 1 0
 472 4290.343 803.491 -6 -15 0.390 0.781 0.168000 0.390 100 1 0
 473 136.021 352.065 -5 -15 1.561 2.343 0.195000 0.442 100 1 0
 474 130.362 352.065 -5 -15 1.170 0.781 0.486000 0.697 100 1 0
 475 126.265 249.362 -5 -15 3.122 0.781 0.256000 0.506 100 1 0
 476 117.288 363.585 -5 -15 0.780 0.390 0.181000 0.390 100 1 0
 477 102.653 248.776 -5 -15 6.634 1.952 0.465000 0.681 100 1 0
 478 90.554 247.604 -5 -15 1.170 1.171 0.465000 0.681 100 1 0
 479 120.800 247.604 -5 -15 2.341 0.390 0.509000 0.390 100 1 0
 480 2771.353 854.242 5 -16 1.951 1.562 1.446000 1.202 40 1 0
 481 248.612 1879.345 -5 -17 0.390 1.171 0.210000 0.390 77 1 0
 482 4153.721 3876.627 -1 -18 1.170 0.390 0.130000 0.360 78 1 0
 483 4797.050 2449.244 4 -18 0.780 0.390 0.210000 0.390 0 1 0
 484 4796.855 2385.588 4 -18 1.170 0.390 0.195000 0.390 0 1 0
 485 4834.517 2455.096 4 -18 1.561 0.390 0.181000 0.390 77 1 0
 486 4854.226 2391.057 4 -18 1.170 2.343 0.290000 0.538 0 1 0
 487 4200.174 3439.115 -3 -21 1.170 1.171 0.108000 0.327 2 1 0
 488 1154.185 226.029 4 -21 0.390 0.390 0.036000 0.190 80 1 0;
DieOrigin 0.0000000000e+00 0.0000000000e+00;
WaferID "@14";
Slot 14;
SampleCenterLocation 5.1542800000e+03 -2.0095600000e+03;
OrientationInstructions "";
InspectionTest 1;
AreaPerTest 2.4833099326e+10;
DefectRecordSpec 12 DEFECTID XREL YREL XINDEX YINDEX XSIZE YSIZE DEFECTAREA DSIZE CLASSNUMBER TEST IMAGECOUNT ;
DefectList
 1 1099.683 3953.038 -2 21 8.976 5.076 9.054000 3.008 100 1 0
 2 1101.244 3942.108 -2 21 5.854 3.514 1.565000 1.250 100 1 0
 3 1102.805 3928.241 -2 21 8.976 5.467 0.382000 0.618 100 1 0
 4 1101.244 3901.296 -2 21 4.292 7.810 0.422000 0.649 100 1 0
 5 1100.854 3843.507 -2 21 5.073 3.905 0.465000 0.681 100 1 0
 6 1101.244 3807.772 -2 21 5.854 5.076 0.509000 0.713 100 1 0
 7 1102.415 3797.030 -2 21 8.195 3.124 0.532000 0.729 100 1 0
 8 1099.683 3897.397 -2 21 1.170 1.562 0.509000 0.713 100 1 0
 9 1099.488 3887.046 -2 21 0.390 1.952 0.422000 0.390 100 1 0
 10 1099.879 3878.452 -2 21 0.780 1.171 0.486000 0.697 100 1 0
 11 1099.683 3872.991 -2 21 1.170 1.171 0.509000 0.713 100 1 0
 12 930.502 4151.810 -2 21 7.805 0.390 0.656000 0.390 100 1 0
 13 2767.355 3324.163 -1 21 1.170 0.390 0.256000 0.390 100 1 0
 14 2874.288 3366.921 -1 21 0.390 0.390 0.325000 0.390 100 1 0
 15 2874.288 3359.507 -1 21 0.390 0.390 0.290000 0.390 100 1 0
 16 2874.288 3343.491 -1 21 0.390 3.514 0.307000 0.390 100 1 0
 17 2874.288 3327.483 -1 21 0.390 0.390 0.273000 0.390 100 1 0
 18 2874.288 3293.311 -1 21 0.390 0.781 0.307000 0.390 100 1 0
 19 2874.288 3286.085 -1 21 0.390 0.390 0.273000 0.390 100 1 0
 20 2899.266 3384.889 -1 21 1.951 1.952 0.290000 0.538 100 1 0
 21 2884.630 3371.218 -1 21 1.561 1.171 0.307000 0.554 100 1 0
 22 2894.973 3366.530 -1 21 0.390 3.514 0.325000 0.390 100 1 0
 23 2899.460 3362.241 -1 21 3.122 1.952 0.307000 0.554 100 1 0
 24 2884.630 3360.874 -1 21 1.561 0.781 0.325000 0.570 100 1 0
 25 2894.973 3359.116 -1 21 0.390 3.514 0.344000 0.390 100 1 0
 26 2884.630 3356.382 -1 21 1.561 1.171 0.307000 0.554 100 1 0
 27 2894.973 3353.257 -1 21 0.390 0.390 0.307000 0.390 100 1 0
 28 2894.973 3350.522 -1 21 0.390 0.390 0.307000 0.390 100 1 0
 29 2884.630 3347.593 -1 21 1.561 3.905 0.325000 0.570 100 1 0
 30 2894.582 3346.421 -1 21 1.170 1.562 0.325000 0.570 100 1 0
 31 2884.630 3340.366 -1 21 1.561 4.295 0.344000 0.586 100 1 0
 32 2903.559 3340.561 -1 21 1.951 0.390 0.290000 0.390 100 1 0
 33 2895.558 3338.803 -1 21 1.561 1.171 0.325000 0.570 100 1 0
 34 2894.973 3335.686 -1 21 0.390 0.390 0.325000 0.390 100 1 0
 35 2884.630 3332.952 -1 21 1.561 4.295 0.307000 0.554 100 1 0
 36 2915.071 3330.218 -1 21 0.780 2.733 0.256000 0.506 100 1 0
 37 2894.973 3330.999 -1 21 0.390 0.390 0.307000 0.390 100 1 0
 38 2894.973 3328.264 -1 21 0.390 0.390 0.325000 0.390 100 1 0
 39 2884.240 3321.233 -1 21 2.341 12.886 0.325000 0.570 100 1 0
 40 2905.314 3323.772 -1 21 0.780 1.562 0.273000 0.522 100 1 0
 41 2894.582 3320.257 -1 21 1.170 1.562 0.325000 0.570 100 1 0
 42 2915.071 3318.499 -1 21 0.780 2.733 0.290000 0.538 100 1 0
 43 2894.973 3316.350 -1 21 0.390 0.781 0.363000 0.390 100 1 0
 44 2904.924 3315.764 -1 21 1.561 1.171 0.273000 0.522 100 1 0
 45 2884.630 3312.053 -1 21 1.561 0.781 0.290000 0.538 100 1 0
 46 2902.583 3305.616 -1 21 3.122 1.171 0.307000 0.554 100 1 0
 47 2906.681 3306.202 -1 21 0.390 0.390 0.307000 0.390 100 1 0
 48 2910.778 3306.202 -1 21 3.122 0.390 0.307000 0.390 100 1 0
 49 2914.876 3306.202 -1 21 0.390 0.390 0.325000 0.390 100 1 0
 50 2884.630 3288.624 -1 21 1.561 2.343 0.273000 0.522 100 1 0
 51 2901.412 3278.866 -1 21 0.780 0.390 0.307000 0.390 100 1 0
 52 2914.876 3278.866 -1 21 0.390 0.390 0.256000 0.390 100 1 0
 53 2884.630 3272.811 -1 21 1.561 1.171 0.290000 0.538 100 1 0
 54 2894.973 3272.030 -1 21 0.390 0.390 0.273000 0.390 100 1 0
 55 2884.630 3266.757 -1 21 1.561 2.343 0.273000 0.522 100 1 0
 56 2884.630 3253.678 -1 21 1.561 1.171 0.325000 0.570 100 1 0
 57 2946.488 3363.413 -1 21 0.390 0.390 0.256000 0.390 100 1 0
 58 2946.488 3342.514 -1 21 0.390 0.390 0.256000 0.390 100 1 0
 59 2943.756 3321.428 -1 21 0.390 0.390 0.240000 0.390 100 1 0
 60 2918.779 3306.202 -1 21 3.512 0.390 0.307000 0.390 100 1 0
 61 2931.853 3294.288 -1 21 2.341 0.390 0.290000 0.390 100 1 0
 62 2931.658 3282.382 -1 21 0.390 0.390 0.273000 0.390 100 1 0
 63 2928.146 3278.866 -1 21 0.390 0.390 0.256000 0.390 100 1 0
 64 2954.489 3242.155 -1 21 0.780 0.390 0.256000 0.390 100 1 0
 65 3229.433 3358.335 -1 21 0.390 1.171 0.290000 0.390 100 1 0
 66 3247.776 3335.686 -1 21 0.390 0.390 0.240000 0.390 100 1 0
 67 3294.803 3367.116 -1 21 0.780 5.467 0.256000 0.506 100 1 0
 68 3294.803 3360.483 -1 21 0.780 0.390 0.256000 0.390 100 1 0
 69 3294.803 3356.968 -1 21 0.780 0.390 0.256000 0.390 100 1 0
 70 3294.803 3353.061 -1 21 0.780 0.390 0.256000 0.390 100 1 0
 71 3294.803 3347.593 -1 21 0.780 3.905 0.290000 0.538 100 1 0
 72 3294.803 3342.319 -1 21 0.780 1.171 0.307000 0.554 100 1 0
 73 3367.003 3346.030 -1 21 0.780 0.390 0.273000 0.390 100 1 0
 74 3371.881 3346.030 -1 21 1.951 0.390 0.256000 0.390 100 1 0
 75 2197.321 3332.171 2 21 3.902 3.514 0.273000 0.522 100 1 0
 76 2181.905 3326.311 2 21 1.170 1.952 0.273000 0.522 100 1 0
 77 2281.814 3338.999 2 21 2.731 0.390 0.443000 0.390 100 1 0
 78 3014.739 2888.749 2 21 1.170 0.781 0.155000 0.393 100 1 0
 79 3351.736 3002.772 2 21 0.780 0.390 0.142000 0.377 100 1 0
 80 3410.277 3212.475 2 21 14.049 21.868 13.462000 3.669 100 1 0
 81 3386.275 3002.772 2 21 6.634 0.390 0.142000 0.377 100 1 0
 82 3416.717 3002.772 2 21 1.170 0.390 0.130000 0.360 100 1 0
 83 3444.230 3221.850 2 21 0.780 6.248 0.307000 0.554 100 1 0
 84 3453.596 3200.960 2 21 3.122 9.762 0.273000 0.522 100 1 0
 85 3480.720 3222.632 2 21 3.512 3.124 0.509000 0.713 100 1 0
 86 3461.793 2871.561 2 21 0.780 0.781 0.097000 0.311 100 1 0
 87 3731.468 3223.022 2 21 0.780 0.390 0.290000 0.390 100 1 0
 88 3731.468 3217.358 2 21 0.780 0.390 0.256000 0.390 100 1 0
 89 3731.468 3210.522 2 21 0.780 0.390 0.256000 0.390 100 1 0
 90 3731.468 3205.061 2 21 0.780 0.390 0.307000 0.390 100 1 0
 91 3801.327 3221.069 2 21 2.341 2.343 0.486000 0.697 100 1 0
 92 3780.252 3219.897 2 21 0.780 0.390 0.344000 0.390 100 1 0
 93 3780.252 3215.600 2 21 0.780 0.390 0.256000 0.390 100 1 0
 94 3802.302 3214.428 2 21 2.731 0.390 0.273000 0.390 100 1 0
 95 3780.252 3211.499 2 21 0.780 0.390 0.290000 0.390 100 1 0
 96 3780.252 3207.405 2 21 0.780 0.390 0.325000 0.390 100 1 0
 97 3780.252 3203.108 2 21 0.780 0.390 0.273000 0.390 100 1 0
 98 3780.252 3198.811 2 21 0.780 0.390 0.273000 0.390 100 1 0
 99 3780.252 3194.710 2 21 0.780 0.390 0.256000 0.390 100 1 0
 100 3777.325 3035.186 2 21 1.170 0.390 0.097000 0.311 100 1 0
 101 3820.645 3220.093 2 21 8.195 16.010 0.465000 0.681 100 1 0
 102 3822.401 3204.475 2 21 3.902 5.857 0.465000 0.681 100 1 0
 103 3839.182 3201.936 2 21 0.780 0.390 0.256000 0.390 100 1 0
 104 3820.255 3194.905 2 21 8.976 8.591 0.443000 0.665 100 1 0
 105 3813.035 3196.077 2 21 0.780 0.390 0.443000 0.390 100 1 0
 106 3847.964 3186.311 2 21 1.951 1.562 0.240000 0.490 100 1 0
 107 3845.426 3171.085 2 21 5.463 0.390 0.256000 0.390 100 1 0
 108 3833.134 3160.928 2 21 1.170 0.390 0.256000 0.390 100 1 0
 109 3883.283 3188.460 2 21 0.780 0.390 0.290000 0.390 100 1 0
 110 3888.747 3180.264 2 21 3.902 1.171 0.273000 0.522 100 1 0
 111 3881.136 3160.928 2 21 1.170 0.390 0.256000 0.390 100 1 0
 112 3925.042 3222.046 2 21 3.122 5.076 0.290000 0.538 100 1 0
 113 3913.919 3216.577 2 21 1.170 1.171 0.273000 0.522 100 1 0
 114 3915.871 3210.132 2 21 5.073 7.029 0.325000 0.570 100 1 0
 115 3909.821 3178.702 2 21 3.902 1.952 0.256000 0.506 100 1 0
 116 3907.480 3173.038 2 21 0.780 0.390 0.256000 0.390 100 1 0
 117 3893.235 3160.733 2 21 1.170 0.390 0.273000 0.390 100 1 0
 118 3905.528 3160.733 2 21 0.780 0.390 0.256000 0.390 100 1 0
 119 3940.653 3223.022 2 21 0.780 0.781 0.290000 0.538 100 1 0
 120 3962.703 3217.553 2 21 3.512 11.715 0.290000 0.538 100 1 0
 121 3934.603 3220.483 2 21 0.390 1.952 0.307000 0.390 100 1 0
 122 3945.140 3211.694 2 21 2.731 3.124 0.290000 0.538 100 1 0
 123 3935.969 3211.108 2 21 3.122 1.952 0.273000 0.522 100 1 0
 124 3944.360 3207.210 2 21 1.170 1.171 0.273000 0.522 100 1 0
 125 3947.287 3201.546 2 21 4.683 4.686 0.273000 0.522 100 1 0
 126 3945.336 3193.928 2 21 8.585 5.076 0.290000 0.538 100 1 0
 127 3950.800 3185.530 2 21 0.780 0.390 0.307000 0.390 100 1 0
 128 3944.555 3175.382 2 21 0.780 0.390 0.240000 0.390 100 1 0
 129 3947.482 3171.085 2 21 1.170 0.390 0.240000 0.390 100 1 0
 130 3941.238 3145.897 2 21 1.170 0.390 0.256000 0.390 100 1 0
 131 3953.337 3145.897 2 21 1.170 0.390 0.256000 0.390 100 1 0
 132 3995.291 3219.702 2 21 1.561 1.952 0.256000 0.506 100 1 0
 133 3980.850 3219.507 2 21 0.780 0.390 0.240000 0.390 100 1 0
 134 3988.851 3214.428 2 21 1.951 0.390 0.290000 0.390 100 1 0
 135 3994.900 3202.522 2 21 0.780 1.171 0.344000 0.586 100 1 0
 136 3999.193 3199.788 2 21 2.341 1.171 0.273000 0.522 100 1 0
 137 3989.436 3146.093 2 21 0.780 0.390 0.256000 0.390 100 1 0
 138 3968.362 3029.327 2 21 0.780 0.390 0.097000 0.311 100 1 0
 139 4041.537 3270.468 2 21 1.170 0.390 0.344000 0.390 100 1 0
 140 4047.196 3220.288 2 21 3.122 3.124 0.256000 0.506 100 1 0
 141 4015.585 3219.311 2 21 2.341 1.171 0.256000 0.506 100 1 0
 142 4041.927 3217.749 2 21 1.951 4.295 0.273000 0.522 100 1 0
 143 4032.951 3219.116 2 21 1.170 0.781 0.256000 0.506 100 1 0
 144 4015.974 3215.600 2 21 4.683 0.390 0.256000 0.390 100 1 0
 145 4035.097 3215.600 2 21 1.561 0.390 0.240000 0.390 100 1 0
 146 4018.316 3205.452 2 21 0.780 0.390 0.256000 0.390 100 1 0
 147 4036.073 3201.546 2 21 2.731 0.781 0.273000 0.522 100 1 0
 148 4027.682 3200.764 2 21 1.561 0.781 0.363000 0.602 100 1 0
 149 4010.315 3186.116 2 21 1.170 1.952 0.256000 0.506 100 1 0
 150 4025.536 3182.210 2 21 2.731 1.171 0.256000 0.506 100 1 0
 151 4011.096 3175.968 2 21 1.170 1.171 0.256000 0.506 100 1 0
 152 4054.026 3222.436 2 21 3.512 1.171 0.256000 0.506 100 1 0
 153 4068.661 3219.311 2 21 3.902 3.514 0.273000 0.522 100 1 0
 154 4076.271 3219.311 2 21 5.854 3.514 0.256000 0.506 100 1 0
 155 4060.075 3213.452 2 21 10.146 1.171 0.256000 0.506 100 1 0
 156 4075.296 3213.452 2 21 7.024 1.171 0.256000 0.506 100 1 0
 157 4068.856 3212.866 2 21 0.390 0.390 0.240000 0.390 100 1 0
 158 4051.684 3207.593 2 21 1.170 7.419 0.273000 0.522 100 1 0
 159 4051.684 3196.272 2 21 1.170 8.981 0.290000 0.538 100 1 0
 160 4106.712 3211.889 2 21 1.951 23.039 0.273000 0.522 100 1 0
 161 4112.957 3214.428 2 21 1.170 7.029 0.256000 0.506 100 1 0
 162 4106.127 3197.835 2 21 0.780 0.390 0.256000 0.390 100 1 0
 163 4146.910 3222.436 2 21 1.170 1.952 0.256000 0.506 100 1 0
 164 4141.446 3220.678 2 21 2.731 0.781 0.240000 0.490 100 1 0
 165 4170.131 3309.522 2 21 1.561 1.171 0.290000 0.538 100 1 0
 166 4216.964 3223.218 2 21 3.902 4.295 0.325000 0.570 100 1 0
 167 4224.379 3223.218 2 21 2.341 0.390 0.273000 0.390 100 1 0
 168 4234.525 3214.624 2 21 0.780 1.171 0.273000 0.522 100 1 0
 169 4258.527 3360.093 2 21 1.951 0.781 0.290000 0.538 100 1 0
 170 4305.750 3331.194 2 21 1.170 2.343 0.344000 0.586 100 1 0
 171 4302.432 3330.218 2 21 0.780 0.390 0.273000 0.390 100 1 0
 172 4301.261 3321.233 2 21 0.780 0.390 0.290000 0.390 100 1 0
 173 87.185 3154.882 3 21 2.731 137.068 172.042000 2.731 100 1 0
 174 96.161 3209.741 3 21 1.951 3.124 0.196000 0.442 100 1 0
 175 97.137 3198.616 3 21 0.780 1.171 0.148000 0.384 100 1 0
 176 108.845 3147.264 3 21 6.244 152.298 545.449984 6.244 100 1 0
 177 224.364 3104.889 3 21 195.915 237.038 492.071008 22.182 100 1 0
 178 1054.662 3140.038 3 21 1.170 1.171 0.486000 0.697 100 1 0
 179 1053.686 3081.460 3 21 3.122 1.171 0.344000 0.586 100 1 0
 180 1108.129 3154.100 3 21 1.170 0.390 0.344000 0.390 100 1 0
 181 2088.679 3282.577 3 21 2.341 1.171 0.827000 0.909 100 1 0
 182 2140.586 3306.788 3 21 2.341 0.390 0.148000 0.384 100 1 0
 183 2148.586 3132.421 3 21 1.951 2.343 0.465000 0.681 100 1 0
 184 2194.443 3373.171 3 21 3.122 0.390 0.422000 0.390 100 1 0
 185 2189.175 3318.694 3 21 1.951 3.124 0.363000 0.602 100 1 0
 186 2245.373 3320.647 3 21 5.073 2.343 0.577000 0.759 100 1 0
 187 2317.768 3364.772 3 21 91.322 49.985 331.524000 18.207 100 1 0
 188 2311.328 3267.733 3 21 52.686 23.820 1155.650048 23.820 100 1 0
 189 2354.063 3328.460 3 21 5.463 2.343 0.306000 0.552 100 1 0
 190 3156.066 3205.647 3 21 46.051 35.536 622.579968 24.951 100 1 0
 191 3216.168 3214.428 3 21 8.585 17.182 40.933000 6.397 100 1 0
 192 3654.387 3410.077 -2 21 3.902 1.562 0.065000 0.255 0 1 0
 193 3689.316 3375.124 -2 21 1.951 7.419 0.196000 0.442 0 1 0
 194 3760.540 3400.507 -2 21 3.902 1.952 0.148000 0.384 0 1 0
 195 3837.813 3398.358 -2 21 4.683 3.124 0.486000 0.697 0 1 0
 196 2483.578 2461.960 -2 21 1.170 0.390 0.210000 0.390 0 1 0
 197 2375.473 2499.835 -2 21 4.292 0.390 0.422000 0.390 0 1 0
 198 2375.278 2460.397 -2 21 1.561 0.390 0.256000 0.390 0 1 0
 199 2378.205 2406.702 -2 21 1.170 0.390 0.363000 0.390 0 1 0
 200 1421.614 3884.367 2 20 0.390 0.390 0.068000 0.260 0 1 0
 201 2044.343 3414.195 5 20 0.390 0.390 0.044000 0.208 0 1 0
 202 3460.234 2705.250 5 20 0.390 0.390 0.044000 0.208 0 1 0
 203 4445.646 3309.555 4 20 0.390 0.390 0.044000 0.208 0 1 0
 204 3021.110 3051.820 1 20 0.390 0.390 0.044000 0.208 0 1 0
 205 1733.665 1641.172 4 20 0.390 0.390 0.044000 0.208 0 1 0
 206 1675.497 1516.601 3 20 0.390 0.390 0.097000 0.311 0 1 0
 207 1883.493 1279.953 2 20 0.390 0.390 0.051000 0.226 0 1 0
 208 2722.536 1258.476 0 20 0.390 0.390 0.044000 0.208 0 1 0
 209 4057.629 1777.851 -1 20 0.390 0.390 0.119000 0.344 0 1 0
 210 1517.318 700.258 -4 20 0.390 0.390 0.051000 0.226 0 1 0
 211 1102.523 3446.110 4 19 0.390 0.390 0.059000 0.243 78 1 0
 212 2364.171 3901.048 0 19 0.390 0.390 0.044000 0.208 0 1 0
 213 3739.628 2903.696 -2 19 0.390 0.390 0.119000 0.344 0 1 0
 214 1779.351 2776.001 0 19 0.390 0.390 0.036000 0.190 0 1 0
 215 4186.922 3164.556 0 19 0.390 0.390 0.036000 0.190 0 1 0
 216 1498.117 2387.259 -2 19 0.390 0.390 0.181000 0.390 0 1 0
 217 714.490 1926.071 8 19 0.390 0.390 0.059000 0.243 0 1 0
 218 2118.151 345.884 2 19 0.390 0.390 0.181000 0.390 0 1 0
 219 3135.062 3940.729 -4 18 0.390 0.390 0.051000 0.226 0 1 0
 220 4026.437 3597.471 -4 18 0.390 0.390 0.168000 0.390 0 1 0
 221 1104.187 3445.955 1 18 0.390 0.390 0.036000 0.190 78 1 0
 222 122.304 3753.283 3 18 0.390 0.390 0.181000 0.390 0 1 0
 223 925.477 4114.893 3 18 0.390 0.390 0.130000 0.360 0 1 0
 224 472.798 3468.604 5 18 0.390 0.390 0.108000 0.327 0 1 0
 225 3930.362 3831.385 -8 18 0.390 0.390 0.155000 0.390 0 1 0
 226 4530.703 3126.533 9 18 0.390 0.390 0.044000 0.208 0 1 0
 227 3426.633 3157.775 9 18 0.390 0.390 0.068000 0.260 0 1 0
 228 2303.335 3127.705 3 18 0.390 0.390 0.059000 0.243 0 1 0
 229 1248.710 2942.213 -4 18 0.390 0.390 0.119000 0.344 0 1 0
 230 1725.840 1173.346 9 18 0.390 0.390 0.044000 0.208 0 1 0
 231 3966.340 1477.158 7 18 0.390 0.390 0.195000 0.390 0 1 0
 232 3816.849 1222.940 6 18 0.390 0.390 0.108000 0.327 0 1 0
 233 3141.973 1436.549 0 18 0.390 0.390 0.168000 0.390 0 1 0
 234 2793.462 1436.549 0 18 0.390 0.390 0.155000 0.390 0 1 0
 235 4281.859 810.252 7 18 0.390 0.390 0.059000 0.243 0 1 0
 236 2410.569 791.510 10 18 0.390 0.390 0.068000 0.260 0 1 0
 237 4703.541 250.705 6 18 0.390 0.390 0.130000 0.360 0 1 0
 238 4430.784 3488.394 10 17 0.390 0.390 0.068000 0.260 0 1 0
 239 2894.686 3874.800 10 17 0.390 0.390 0.097000 0.311 0 1 0
 240 3778.629 3874.800 9 17 0.390 0.390 0.051000 0.226 0 1 0
 241 1158.209 3594.222 0 17 0.390 0.390 0.256000 0.390 0 1 0
 242 3915.800 3789.863 -3 17 0.390 0.390 0.168000 0.390 0 1 0
 243 3926.337 3735.191 -3 17 0.390 0.390 0.155000 0.390 1 1 0
 244 3027.872 3843.363 -7 17 0.390 0.390 0.210000 0.390 0 1 0
 245 2172.456 3332.331 4 17 0.390 0.390 0.036000 0.190 0 1 0
 246 4277.262 2696.198 9 17 0.390 0.390 0.059000 0.243 0 1 0
 247 1487.245 1203.292 10 17 0.390 0.390 0.044000 0.208 0 1 0
 248 464.364 1194.308 11 17 0.390 0.390 0.051000 0.226 0 1 0
 249 2316.698 1105.339 10 17 0.390 0.390 0.036000 0.190 0 1 0
 250 3531.182 814.800 8 17 0.390 0.390 0.059000 0.243 0 1 0
 251 276.387 535.198 11 17 0.390 0.390 0.044000 0.208 0 1 0
 252 4414.011 284.808 -5 17 0.390 0.390 0.130000 0.360 78 1 0
 253 3949.159 3944.379 -8 16 0.390 0.390 0.119000 0.344 0 1 0
 254 4478.808 3718.668 -3 16 0.390 0.390 0.195000 0.390 0 1 0
 255 3047.702 3878.387 -2 16 0.390 0.390 0.119000 0.344 0 1 0
 256 178.649 3530.832 -1 16 0.390 0.390 0.130000 0.360 0 1 0
 257 4475.317 3729.012 -1 16 0.390 0.390 0.210000 0.390 0 1 0
 258 4464.802 3776.075 1 16 0.390 0.390 0.195000 0.390 0 1 0
 259 903.618 3968.590 3 16 0.390 0.390 0.108000 0.327 0 1 0
 260 2018.237 3968.200 4 16 0.390 0.390 0.210000 0.390 0 1 0
 261 2652.080 3596.825 8 16 0.390 0.390 0.108000 0.327 0 1 0
 262 3454.084 3505.450 8 16 0.390 0.390 0.044000 0.208 0 1 0
 263 2864.028 3453.512 11 16 0.390 0.390 0.059000 0.243 0 1 0
 264 2239.419 3138.528 11 16 0.390 0.390 0.068000 0.260 0 1 0
 265 961.591 3320.895 3 16 0.390 0.390 0.044000 0.208 78 1 0
 266 3502.187 2901.496 -2 16 0.390 0.390 0.168000 0.390 0 1 0
 267 3121.622 2903.051 -7 16 0.390 0.390 0.119000 0.344 0 1 0
 268 3972.728 2602.160 6 16 0.390 0.390 0.155000 0.390 0 1 0
 269 2788.084 1054.075 -10 16 0.390 0.390 0.036000 0.190 0 1 0
 270 4348.981 550.707 9 16 0.390 0.390 0.044000 0.208 0 1 0
 271 3161.401 626.465 10 16 0.390 0.390 0.051000 0.226 0 1 0
 272 4434.069 421.450 10 16 0.390 0.390 0.051000 0.226 0 1 0
 273 3060.723 991.981 11 16 0.390 0.390 0.044000 0.208 0 1 0
 274 4133.575 1107.184 11 16 0.390 0.390 0.130000 0.360 0 1 0
 275 2219.884 3900.912 11 15 0.390 0.390 0.059000 0.243 0 1 0
 276 1954.857 3589.091 8 15 0.390 0.390 0.225000 0.390 0 1 0
 277 3927.245 3743.537 5 15 0.390 0.390 0.155000 0.390 0 1 0
 278 3917.468 3733.771 3 15 0.390 0.390 0.119000 0.344 0 1 0
 279 1318.263 3595.529 2 15 0.390 0.390 0.108000 0.327 0 1 0
 280 2021.495 3943.279 -1 15 0.390 0.390 0.108000 0.327 0 1 0
 281 3919.363 4086.404 -2 15 0.390 0.390 0.155000 0.390 0 1 0
 282 3917.010 3931.755 -3 15 0.390 0.390 0.108000 0.327 0 1 0
 283 2528.812 3577.958 -4 15 0.390 0.390 0.195000 0.390 0 1 0
 284 2470.271 3591.630 -4 15 0.390 0.390 0.210000 0.390 0 1 0
 285 3947.038 3878.263 -5 15 0.390 0.390 0.225000 0.390 0 1 0
 286 3044.347 3988.380 -5 15 0.390 0.390 0.142000 0.377 0 1 0
 287 535.296 3532.662 -6 15 0.390 0.390 0.119000 0.344 0 1 0
 288 109.501 3843.896 -7 15 0.390 0.390 0.195000 0.390 1 1 0
 289 687.064 3529.537 -10 15 0.390 0.390 0.168000 0.390 0 1 0
 290 1800.324 3118.349 -11 15 0.390 0.390 0.059000 0.243 0 1 0
 291 2342.831 2904.349 -8 15 0.390 0.390 0.181000 0.390 0 1 0
 292 557.727 2035.021 11 15 0.390 0.390 0.087000 0.294 0 1 0
 293 101.416 2208.404 3 15 0.390 0.390 0.195000 0.390 1 1 0
 294 3449.111 2573.529 0 15 0.390 0.390 0.044000 0.208 0 1 0
 295 1625.159 1265.646 -5 15 0.390 0.390 0.044000 0.208 0 1 0
 296 1920.649 1638.193 0 15 0.390 0.390 0.044000 0.208 0 1 0
 297 536.094 1631.943 11 15 0.390 0.390 0.059000 0.243 0 1 0
 298 1929.925 470.779 12 15 0.390 0.390 0.044000 0.208 0 1 0
 299 1637.460 537.162 -2 15 0.390 0.390 0.051000 0.226 0 1 0
 300 1972.097 277.935 -6 15 0.390 0.390 0.195000 0.390 1 1 0
 301 824.705 3527.835 -3 14 0.390 0.390 0.108000 0.327 0 1 0
 302 905.112 3995.663 -1 14 0.390 0.390 0.108000 0.327 0 1 0
 303 1205.631 3502.452 1 14 0.390 0.390 0.051000 0.226 0 1 0
 304 3913.709 3992.538 1 14 0.390 0.390 0.108000 0.327 0 1 0
 305 3931.685 3807.436 5 14 0.390 0.390 0.168000 0.390 0 1 0
 306 2228.947 3594.026 6 14 0.390 0.390 0.256000 0.390 0 1 0
 307 3547.941 2902.788 6 14 0.390 0.390 0.097000 0.311 0 1 0
 308 4723.120 3315.167 -13 14 0.390 2.343 0.168000 0.390 100 1 0
 309 4721.753 3307.940 -13 14 0.780 5.076 0.168000 0.409 100 1 0
 310 4534.816 3202.112 -13 14 0.780 0.390 0.142000 0.377 100 1 0
 311 4570.527 3136.510 -13 14 0.390 1.171 0.119000 0.344 100 1 0
 312 4505.550 3202.112 -13 14 0.780 0.390 0.195000 0.390 100 1 0
 313 4510.816 3100.385 -13 14 4.292 1.562 0.108000 0.327 100 1 0
 314 4516.667 3100.581 -13 14 0.390 0.390 0.181000 0.390 100 1 0
 315 4475.300 3095.897 -13 14 5.073 1.952 0.465000 0.681 100 1 0
 316 4486.034 3094.530 -13 14 0.780 0.781 0.087000 0.294 100 1 0
 317 4359.589 2966.053 -13 14 3.122 2.343 0.422000 0.649 100 1 0
 318 4337.339 2902.006 -13 14 3.902 2.343 0.119000 0.344 100 1 0
 319 4253.824 2975.424 -13 14 2.341 1.562 0.307000 0.554 100 1 0
 320 4252.652 2965.077 -13 14 0.780 0.390 0.210000 0.390 100 1 0
 321 4249.917 2965.077 -13 14 0.390 0.390 0.195000 0.390 100 1 0
 322 4028.050 2756.936 -13 14 0.390 1.952 0.155000 0.390 100 1 0
 323 4037.027 2751.272 -13 14 0.390 2.343 0.225000 0.390 100 1 0
 324 4027.855 2683.713 -13 14 0.390 0.390 0.036000 0.190 100 1 0
 325 4028.050 2677.663 -13 14 0.390 0.390 0.168000 0.390 100 1 0
 326 3997.808 2746.585 -13 14 0.390 0.390 0.422000 0.390 100 1 0
 327 4003.074 2674.147 -13 14 0.390 1.171 0.077000 0.277 100 1 0
 328 3973.222 2720.616 -13 14 0.390 0.390 0.077000 0.277 100 1 0
 329 3973.027 2715.932 -13 14 0.390 1.171 0.181000 0.390 100 1 0
 330 3968.730 2714.370 -13 14 0.390 0.390 0.210000 0.390 100 1 0
 331 3968.534 2708.315 -13 14 0.780 2.343 0.195000 0.442 100 1 0
 332 3960.925 2694.061 -13 14 2.731 8.981 9.926000 2.731 100 1 0
 333 163.619 2208.210 2 14 0.390 0.390 0.155000 0.390 0 1 0
 334 3716.542 2408.932 -13 14 0.780 1.171 0.077000 0.277 100 1 0
 335 4044.363 2618.049 -13 14 2.341 1.562 0.290000 0.538 100 1 0
 336 4040.464 2616.096 -13 14 0.780 0.390 0.119000 0.344 100 1 0
 337 3837.910 1438.780 6 14 0.390 0.390 0.168000 0.390 0 1 0
 338 2660.941 1299.956 -13 14 0.390 0.390 0.087000 0.294 100 1 0
 339 2658.206 1288.045 -13 14 3.512 5.467 0.142000 0.377 100 1 0
 340 2644.745 1346.229 -13 14 2.341 0.781 0.142000 0.377 100 1 0
 341 2650.988 1346.034 -13 14 0.780 0.390 0.108000 0.327 100 1 0
 342 2619.574 1346.034 -13 14 1.951 0.390 0.108000 0.327 100 1 0
 343 2657.816 1336.858 -13 14 0.390 0.390 0.087000 0.294 100 1 0
 344 2655.284 1282.967 -13 14 0.390 0.390 0.087000 0.294 100 1 0
 345 2651.574 1279.647 -13 14 2.731 2.733 0.181000 0.425 100 1 0
 346 2643.574 1271.448 -13 14 0.390 0.390 0.097000 0.311 100 1 0
 347 2637.136 1264.225 -13 14 1.951 0.781 0.087000 0.294 100 1 0
 348 2610.988 1243.917 -13 14 4.292 2.343 0.210000 0.458 100 1 0
 349 2618.402 1244.698 -13 14 0.390 0.390 0.119000 0.344 100 1 0
 350 2604.355 1240.206 -13 14 1.170 0.390 0.142000 0.377 100 1 0
 351 2594.206 1234.155 -13 14 1.170 2.343 0.097000 0.311 100 1 0
 352 2589.128 1233.374 -13 14 0.390 0.781 0.142000 0.377 100 1 0
 353 2582.105 1231.225 -13 14 1.951 1.171 0.181000 0.425 100 1 0
 354 2566.105 1302.299 -13 14 0.390 0.390 0.195000 0.390 100 1 0
 355 2558.691 1291.366 -13 14 1.951 2.733 0.225000 0.474 100 1 0
 356 2554.199 1290.585 -13 14 0.780 0.390 0.142000 0.377 100 1 0
 357 2551.863 1286.874 -13 14 1.561 2.343 0.130000 0.360 100 1 0
 358 2552.253 1279.842 -13 14 1.561 3.124 0.181000 0.425 100 1 0
 359 2541.909 1258.170 -13 14 0.390 2.733 0.097000 0.311 100 1 0
 360 2559.277 1226.346 -13 14 0.780 0.781 0.155000 0.393 100 1 0
 361 1081.251 514.124 -12 14 0.390 0.390 0.068000 0.260 0 1 0
 362 3110.880 883.936 -7 14 0.390 0.390 0.168000 0.390 0 1 0
 363 3078.204 816.377 11 14 0.390 0.390 0.068000 0.260 0 1 0
 364 1887.347 605.893 -13 14 0.390 0.390 0.051000 0.226 100 1 0
 365 1878.761 585.585 -13 14 0.780 1.562 0.119000 0.344 100 1 0
 366 1877.980 579.729 -13 14 1.561 2.343 0.130000 0.360 100 1 0
 367 1877.003 574.065 -13 14 0.390 2.733 0.108000 0.327 100 1 0
 368 1933.792 644.749 -13 14 0.780 0.390 0.142000 0.377 100 1 0
 369 1904.324 623.858 -13 14 0.390 0.390 0.195000 0.390 100 1 0
 370 1938.863 566.452 -13 14 5.463 3.905 0.325000 0.570 100 1 0
 371 1932.425 561.764 -13 14 1.951 1.562 0.240000 0.490 100 1 0
 372 1975.550 630.299 -13 14 0.390 0.390 0.119000 0.344 100 1 0
 373 1974.378 623.858 -13 14 1.561 5.467 0.195000 0.442 100 1 0
 374 1972.425 615.655 -13 14 0.390 0.781 0.130000 0.360 100 1 0
 375 1954.277 583.831 -13 14 1.170 0.390 0.119000 0.344 100 1 0
 376 1948.425 576.995 -13 14 3.512 3.905 0.181000 0.425 100 1 0
 377 503.098 3536.363 -7 13 0.390 0.390 0.119000 0.344 1 1 0
 378 911.718 3850.722 -6 13 0.390 0.390 0.168000 0.390 0 1 0
 379 926.193 3781.601 0 13 0.390 0.390 0.181000 0.390 0 1 0
 380 3032.085 3629.695 0 13 0.390 0.390 0.181000 0.390 0 1 0
 381 455.558 3548.859 5 13 0.390 0.390 0.210000 0.390 0 1 0
 382 2792.524 3575.414 11 13 0.390 0.390 0.108000 0.327 0 1 0
 383 2836.247 3875.324 13 13 0.390 0.390 0.068000 0.260 0 1 0
 384 1985.308 4109.629 -13 13 0.390 0.390 0.119000 0.344 100 1 0
 385 818.433 2789.168 12 13 0.390 0.390 0.119000 0.344 0 1 0
 386 1731.207 2784.480 1 13 0.390 0.390 0.030000 0.172 0 1 0
 387 3965.828 2777.453 -9 13 0.390 0.390 0.130000 0.360 1 1 0
 388 1733.074 2409.785 0 13 0.390 0.390 0.059000 0.243 0 1 0
 389 3472.655 1282.718 12 13 0.390 0.390 0.051000 0.226 0 1 0
 390 4588.386 1817.324 4 13 0.390 0.390 0.181000 0.390 0 1 0
 391 4568.941 951.101 -4 13 0.390 0.390 0.168000 0.390 1 1 0
 392 4453.634 967.699 -1 13 2.731 1.171 0.051000 0.226 0 1 0
 393 2062.924 182.523 -1 13 0.390 0.390 0.097000 0.311 0 1 0
 394 1499.725 278.199 -8 13 0.390 0.390 0.108000 0.327 0 1 0
 395 3307.940 3589.766 12 12 0.390 0.390 0.168000 0.390 0 1 0
 396 2179.671 3901.005 12 12 0.390 0.390 0.044000 0.208 0 1 0
 397 923.752 3687.786 7 12 0.390 0.390 0.168000 0.390 0 1 0
 398 3045.606 3728.790 1 12 0.390 0.390 0.142000 0.377 0 1 0
 399 963.897 3902.173 -1 12 0.390 0.390 0.155000 0.390 0 1 0
 400 970.902 3982.618 -4 12 0.390 0.390 0.119000 0.344 0 1 0
 401 3059.616 4122.813 -5 12 0.390 0.390 0.155000 0.390 0 1 0
 402 1981.296 4003.317 -6 12 0.390 0.390 0.119000 0.344 0 1 0
 403 4479.012 4077.512 -7 12 0.390 0.390 0.195000 0.390 0 1 0
 404 296.887 3529.630 -7 12 0.390 0.390 0.168000 0.390 0 1 0
 405 3914.668 3680.755 -9 12 0.390 0.390 0.168000 0.390 0 1 0
 406 831.543 3529.630 -9 12 0.390 0.390 0.130000 0.360 0 1 0
 407 485.571 3532.755 -9 12 0.390 0.390 0.142000 0.377 0 1 0
 408 3049.820 3835.399 -11 12 0.390 0.390 0.195000 0.390 0 1 0
 409 1199.890 3204.669 14 12 0.390 0.390 0.068000 0.260 78 1 0
 410 219.476 1282.845 5 12 0.390 0.390 0.044000 0.208 0 1 0
 411 1202.187 1203.180 7 12 0.390 0.390 0.097000 0.311 0 1 0
 412 3060.660 1439.438 9 12 0.390 0.390 0.195000 0.390 0 1 0
 413 2223.163 1561.665 12 12 0.390 0.390 0.051000 0.226 0 1 0
 414 2783.722 908.411 -1 12 0.390 0.390 0.108000 0.327 0 1 0
 415 2665.034 817.032 -8 12 0.390 0.390 0.036000 0.190 0 1 0
 416 4679.195 660.048 -11 12 0.390 0.390 0.195000 0.390 0 1 0
 417 3927.310 3955.064 -12 11 0.390 0.390 0.168000 0.390 0 1 0
 418 4417.108 4004.658 -8 11 0.390 0.390 0.130000 0.360 0 1 0
 419 3033.220 3980.447 -6 11 0.390 0.390 0.168000 0.390 0 1 0
 420 766.933 3530.584 -4 11 0.390 0.390 0.097000 0.311 1 1 0
 421 4466.320 4044.100 7 11 0.390 0.390 0.168000 0.390 0 1 0
 422 792.992 3158.963 -11 11 0.390 0.390 0.044000 0.208 0 1 0
 423 1519.804 2378.404 14 11 0.390 0.390 0.044000 0.208 0 1 0
 424 4067.093 2627.549 14 11 0.390 0.390 0.044000 0.208 0 1 0
 425 3109.748 989.764 8 11 0.390 0.390 0.108000 0.327 0 1 0
 426 1907.738 543.021 16 11 0.390 0.390 0.068000 0.260 0 1 0
 427 2916.897 1149.869 -15 11 0.390 0.390 0.051000 0.226 0 1 0
 428 3824.994 251.252 -10 11 0.390 0.390 0.087000 0.294 0 1 0
 429 4415.144 3503.030 -13 10 0.390 0.390 0.051000 0.226 0 1 0
 430 3046.867 3880.651 -11 10 0.390 0.390 0.119000 0.344 1 1 0
 431 916.813 4046.226 3 10 0.390 0.390 0.119000 0.344 0 1 0
 432 925.404 3630.335 5 10 0.390 0.390 0.168000 0.390 0 1 0
 433 3412.619 3910.718 15 10 0.390 0.390 0.051000 0.226 0 1 0
 434 2955.324 2962.093 7 10 3.512 5.076 2.369000 1.539 100 1 0
 435 2960.004 2963.069 7 10 0.390 0.390 0.059000 0.243 100 1 0
 436 2967.617 2960.140 7 10 0.390 0.390 0.155000 0.390 100 1 0
 437 2964.105 2958.187 7 10 1.561 2.733 0.509000 0.713 100 1 0
 438 2956.492 2955.647 7 10 1.170 3.124 0.195000 0.442 100 1 0
 439 2952.590 2957.210 7 10 0.390 0.390 0.108000 0.327 100 1 0
 440 2964.297 2952.327 7 10 1.951 2.733 0.486000 0.697 100 1 0
 441 2953.176 2950.964 7 10 0.390 0.390 0.097000 0.311 100 1 0
 442 2955.519 2948.230 7 10 1.561 0.781 0.363000 0.602 100 1 0
 443 2964.492 2946.472 7 10 3.122 2.733 0.210000 0.458 100 1 0
 444 2955.324 2944.128 7 10 3.512 1.952 0.142000 0.377 100 1 0
 445 2966.250 2941.394 7 10 4.292 1.952 0.919000 0.958 100 1 0
 446 3458.955 2751.413 3 10 0.390 0.390 0.030000 0.172 0 1 0
 447 2366.206 1196.276 5 10 0.390 0.390 0.059000 0.243 0 1 0
 448 2428.616 1279.843 -8 10 0.390 0.390 0.097000 0.311 0 1 0
 449 4452.644 967.433 0 10 0.390 0.390 0.044000 0.208 0 1 0
 450 4452.265 967.237 4 10 0.780 0.781 0.051000 0.226 0 1 0
 451 1036.966 322.448 11 10 0.390 0.390 0.044000 0.208 0 1 0
 452 2998.058 3595.547 12 9 0.390 0.390 0.155000 0.390 0 1 0
 453 899.966 3914.594 11 9 0.390 0.390 0.210000 0.390 0 1 0
 454 4441.268 3576.410 10 9 0.390 0.390 0.195000 0.390 1 1 0
 455 2343.176 3596.719 9 9 0.390 0.390 0.155000 0.390 0 1 0
 456 4460.374 4077.824 2 9 0.390 0.390 0.119000 0.344 0 1 0
 457 3685.664 3573.680 -11 9 0.390 0.390 0.108000 0.327 0 1 0
 458 4559.564 2977.250 -10 9 0.390 0.390 0.155000 0.390 0 1 0
 459 2766.630 806.684 13 9 0.390 0.390 0.051000 0.226 0 1 0
 460 1132.756 1059.344 8 9 0.390 0.390 0.044000 0.208 0 1 0
 461 2200.336 965.817 7 9 0.390 0.390 0.059000 0.243 0 1 0
 462 1629.729 541.723 -8 9 0.390 0.390 0.044000 0.208 0 1 0
 463 1353.069 3591.189 12 8 0.390 0.390 0.210000 0.390 0 1 0
 464 403.934 3529.489 11 8 0.390 0.390 0.097000 0.311 1 1 0
 465 1987.626 4069.173 1 8 0.390 0.390 0.155000 0.390 0 1 0
 466 3927.629 3657.966 -11 8 0.390 0.390 0.195000 0.390 0 1 0
 467 814.841 3534.954 -12 8 0.390 0.390 0.142000 0.377 1 1 0
 468 680.782 3529.489 -14 8 0.390 0.390 0.210000 0.390 0 1 0
 469 1614.529 533.790 1 8 0.390 0.390 0.044000 0.208 0 1 0
 470 3634.153 740.368 -9 8 0.390 0.390 0.108000 0.327 0 1 0
 471 2740.039 888.958 -11 8 0.390 0.390 0.068000 0.260 0 1 0
 472 1607.480 531.056 -11 8 0.390 0.390 0.044000 0.208 1 1 0
 473 3224.806 3595.362 15 7 0.390 0.390 0.108000 0.327 0 1 0
 474 3752.056 3580.131 13 7 0.390 0.390 0.108000 0.327 0 1 0
 475 2010.631 4069.045 -10 7 0.390 0.390 0.108000 0.327 0 1 0
 476 2007.504 3939.397 -11 7 0.390 0.390 0.195000 0.390 0 1 0
 477 1752.660 3577.006 -11 7 0.390 0.390 0.256000 0.390 0 1 0
 478 118.601 3540.690 -11 7 0.390 0.390 0.225000 0.390 0 1 0
 479 3023.763 3919.092 -12 7 0.390 0.390 0.108000 0.327 0 1 0
 480 697.759 3526.241 -12 7 0.390 0.390 0.097000 0.311 0 1 0
 481 4566.206 3343.690 -8 7 10.927 3.905 0.382000 0.618 0 1 0
 482 4575.182 3343.690 -8 7 1.561 1.562 0.119000 0.344 0 1 0
 483 4563.666 3337.635 -8 7 1.170 0.390 0.225000 0.390 0 1 0
 484 1166.382 3183.971 -5 7 0.390 0.390 0.044000 0.208 0 1 0
 485 1028.826 3242.545 2 7 0.390 0.390 0.044000 0.208 0 1 0
 486 331.046 2887.186 12 7 0.390 0.390 0.181000 0.390 0 1 0
 487 1302.331 2312.936 10 7 0.390 0.390 0.068000 0.260 0 1 0
 488 1219.946 2289.116 -9 7 0.390 0.390 0.044000 0.208 80 1 0
 489 2355.726 1282.186 -5 7 0.390 0.390 0.051000 0.226 0 1 0
 490 1607.896 537.162 2 7 0.390 0.390 0.044000 0.208 0 1 0
 491 2710.014 724.608 1 7 0.390 0.390 0.068000 0.260 0 1 0
 492 2740.440 889.403 -6 7 0.390 0.390 0.051000 0.226 0 1 0
 493 2709.999 806.614 -6 7 0.390 0.390 0.059000 0.243 80 1 0
 494 3220.566 245.910 -4 7 0.390 0.390 0.051000 0.226 0 1 0
 495 3035.159 4024.701 -13 6 0.390 0.390 0.119000 0.344 0 1 0
 496 912.087 3953.628 -12 6 0.390 0.390 0.181000 0.390 80 1 0
 497 2968.414 3597.093 -11 6 0.390 0.390 0.155000 0.390 0 1 0
 498 668.150 3805.234 -5 6 0.390 0.390 0.044000 0.208 0 1 0
 499 3434.381 3309.964 17 6 0.390 0.390 0.059000 0.243 0 1 0
 500 2879.811 1195.728 17 6 0.390 0.390 0.051000 0.226 0 1 0
 501 4375.726 1633.097 14 6 0.390 0.390 0.036000 0.190 0 1 0
 502 816.094 1484.314 9 6 0.390 0.390 0.036000 0.190 0 1 0
 503 1620.782 419.535 0 6 0.390 0.390 0.044000 0.208 0 1 0
 504 216.933 534.929 16 6 0.390 0.390 0.044000 0.208 78 1 0
 505 2236.699 364.187 0 6 0.390 0.390 0.036000 0.190 0 1 0
 506 3028.519 3731.264 -13 5 0.390 0.390 0.119000 0.344 0 1 0
 507 776.273 3534.645 -11 5 0.390 0.390 0.108000 0.327 0 1 0
 508 924.965 3651.797 -11 5 0.390 0.390 0.155000 0.390 0 1 0
 509 1986.886 3620.555 -11 5 0.390 0.390 0.168000 0.390 0 1 0
 510 3947.988 3977.090 -11 5 0.390 0.390 0.155000 0.390 0 1 0
 511 1846.381 3535.034 -8 5 0.390 0.390 0.108000 0.327 0 1 0
 512 4462.725 3929.057 -1 5 0.390 0.390 0.087000 0.294 0 1 0
 513 968.218 3998.178 12 5 0.390 0.390 0.130000 0.360 0 1 0
 514 402.830 3153.760 -2 5 0.390 0.390 0.044000 0.208 78 1 0
 515 4775.809 1575.710 -7 5 0.390 0.390 0.155000 0.390 0 1 0
 516 2534.032 1238.700 18 5 0.390 0.390 0.051000 0.226 0 1 0
 517 2768.990 892.635 -12 5 0.390 0.390 0.044000 0.208 0 1 0
 518 416.821 636.852 -7 5 0.390 0.390 0.059000 0.243 0 1 0
 519 1534.086 712.612 18 5 0.390 0.390 0.130000 0.360 0 1 0
 520 2759.656 203.735 1 5 0.390 0.390 0.068000 0.260 0 1 0
 521 3065.986 3960.158 -12 4 0.390 0.390 0.210000 0.390 0 1 0
 522 814.129 3529.427 -11 4 0.390 0.390 0.097000 0.311 0 1 0
 523 1776.529 3420.865 -10 4 0.780 0.390 0.077000 0.277 0 1 0
 524 1781.213 3420.865 -10 4 0.390 0.390 0.059000 0.243 0 1 0
 525 765.320 3534.504 -3 4 0.390 0.390 0.195000 0.390 0 1 0
 526 4310.514 3574.336 1 4 0.390 0.390 0.097000 0.311 0 1 0
 527 2019.986 3999.599 15 4 0.390 0.390 0.168000 0.390 0 1 0
 528 3586.519 3589.566 16 4 0.390 0.390 0.168000 0.390 0 1 0
 529 1574.736 540.662 -2 4 0.390 0.390 0.036000 0.190 0 1 0
 530 2711.584 806.599 0 4 0.390 0.390 0.051000 0.226 0 1 0
 531 1562.188 515.669 18 4 0.390 0.390 0.051000 0.226 0 1 0
 532 2057.953 280.509 1 4 0.390 0.390 0.108000 0.327 0 1 0
 533 903.124 3733.850 -15 3 0.390 0.390 0.273000 0.390 0 1 0
 534 121.407 3783.054 -14 3 0.390 0.390 0.181000 0.390 0 1 0
 535 1518.964 3902.159 -13 3 0.390 0.390 0.036000 0.190 0 1 0
 536 3295.842 3531.958 -8 3 0.390 0.390 0.051000 0.226 0 1 0
 537 737.954 3529.614 13 3 0.390 0.390 0.155000 0.390 0 1 0
 538 4477.500 3922.466 18 3 0.390 0.390 0.108000 0.327 80 1 0
 539 754.454 3158.932 1 3 0.390 0.390 0.068000 0.260 0 1 0
 540 1205.542 2297.817 -2 3 0.390 0.390 0.051000 0.226 0 1 0
 541 1207.094 2548.524 1 3 0.390 0.390 0.044000 0.208 0 1 0
 542 1227.894 1410.384 -13 3 0.390 0.390 0.155000 0.390 0 1 0
 543 3282.567 509.078 -7 3 0.390 0.390 0.044000 0.208 0 1 0
 544 822.294 1133.890 -1 3 0.390 0.390 0.036000 0.190 0 1 0
 545 3494.890 3577.568 14 2 0.390 0.390 0.108000 0.327 0 1 0
 546 4476.038 3864.201 12 2 0.390 0.390 0.210000 0.390 0 1 0
 547 2422.050 3595.531 12 2 0.390 0.390 0.130000 0.360 0 1 0
 548 3046.521 3727.914 5 2 0.390 0.390 0.181000 0.390 0 1 0
 549 3910.193 4071.560 4 2 0.390 0.390 0.168000 0.390 0 1 0
 550 959.419 3446.357 -5 2 0.390 0.390 0.044000 0.208 0 1 0
 551 1983.123 3709.559 -10 2 0.390 0.390 0.168000 0.390 0 1 0
 552 119.984 3824.760 -11 2 0.390 0.390 0.195000 0.390 0 1 0
 553 3942.677 4043.835 -12 2 0.390 0.390 0.155000 0.390 0 1 0
 554 343.224 3806.016 -12 2 0.390 0.390 0.051000 0.226 0 1 0
 555 3940.339 4004.784 -13 2 0.390 0.390 0.195000 0.390 0 1 0
 556 3998.941 3071.949 16 2 1.561 1.952 0.402000 0.633 0 1 0
 557 1216.903 2514.815 11 2 0.390 0.390 0.036000 0.190 0 1 0
 558 1212.255 2548.789 5 2 0.390 0.390 0.051000 0.226 0 1 0
 559 1919.136 2284.806 -13 2 0.390 0.390 0.108000 0.327 0 1 0
 560 3991.289 635.571 18 2 0.390 0.390 0.155000 0.390 0 1 0
 561 3327.423 213.295 -7 2 0.390 0.390 0.059000 0.243 0 1 0
 562 4876.911 3907.032 2 1 0.390 0.390 0.036000 0.190 0 1 0
 563 522.866 3897.270 3 1 0.390 0.390 0.077000 0.277 0 1 0
 564 631.296 3533.315 12 1 0.390 0.390 0.119000 0.344 0 1 0
 565 923.989 3757.077 13 1 0.390 0.390 0.210000 0.390 0 1 0
 566 969.263 3943.740 13 1 0.390 0.390 0.195000 0.390 0 1 0
 567 2370.320 3572.366 14 1 0.390 0.390 0.108000 0.327 0 1 0
 568 966.009 3335.519 6 1 0.390 0.390 0.044000 0.208 0 1 0
 569 2522.468 3246.873 -3 1 0.390 0.390 0.030000 0.172 0 1 0
 570 1661.618 2836.840 -14 1 0.390 0.390 0.168000 0.390 0 1 0
 571 2742.018 880.467 -8 1 0.390 0.390 0.044000 0.208 0 1 0
 572 1566.822 419.667 5 1 0.390 0.390 0.044000 0.208 0 1 0
 573 1527.751 834.387 11 1 0.390 0.390 0.181000 0.390 0 1 0
 574 3914.046 3883.415 -15 0 0.390 0.390 0.119000 0.344 0 1 0
 575 367.269 3535.472 -13 0 0.390 0.390 0.142000 0.377 1 1 0
 576 903.099 3767.824 -12 0 0.390 0.390 0.195000 0.390 0 1 0
 577 911.294 3754.156 -12 0 0.390 0.390 0.168000 0.390 0 1 0
 578 309.883 3550.311 -11 0 0.390 0.390 0.130000 0.360 0 1 0
 579 970.215 3985.337 -11 0 0.390 0.390 0.168000 0.390 78 1 0
 580 3031.126 4012.478 3 0 0.390 0.390 0.119000 0.344 0 1 0
 581 4877.677 3906.064 4 0 1.170 0.781 0.036000 0.190 0 1 0
 582 4462.164 3964.250 14 0 0.390 0.390 0.168000 0.390 0 1 0
 583 401.785 3529.614 16 0 0.390 0.390 0.119000 0.344 0 1 0
 584 3027.519 3899.035 16 0 0.390 0.390 0.108000 0.327 0 1 0
 585 4124.566 3416.757 16 0 0.390 0.390 0.044000 0.208 0 1 0
 586 4542.886 3199.012 -2 0 0.390 0.390 0.059000 0.243 0 1 0
 587 2864.196 1172.462 18 0 0.390 0.390 0.051000 0.226 0 1 0
 588 2708.729 1760.762 10 0 14.439 11.715 89.348000 9.452 0 1 0
 589 2250.718 825.265 -15 0 2.341 2.343 0.443000 0.665 0 1 0
 590 2250.327 819.993 -15 0 0.780 2.733 0.382000 0.618 0 1 0
 591 2315.702 824.874 -15 0 1.170 2.343 0.290000 0.538 0 1 0
 592 2315.507 812.964 -15 0 1.561 5.857 10.529000 1.561 0 1 0
 593 2312.577 773.717 -15 0 0.390 3.124 0.142000 0.377 0 1 0
 594 2312.382 765.907 -15 0 0.780 2.343 0.130000 0.360 0 1 0
 595 2768.794 809.254 13 0 0.390 0.390 0.051000 0.226 0 1 0
 596 2019.282 3953.831 -14 -1 0.390 0.390 0.168000 0.390 0 1 0
 597 3930.431 3673.837 -14 -1 0.390 0.390 0.155000 0.390 0 1 0
 598 2011.472 3949.926 -13 -1 0.390 0.390 0.155000 0.390 0 1 0
 599 3253.699 3589.877 -13 -1 0.390 0.390 0.210000 0.390 0 1 0
 600 1543.802 3894.474 4 -1 0.390 0.390 0.059000 0.243 0 1 0
 601 1244.532 2350.536 -5 -1 0.390 0.390 0.119000 0.344 0 1 0
 602 3903.868 1309.210 18 -1 0.390 0.390 0.051000 0.226 0 1 0
 603 2101.708 1453.698 4 -1 0.390 0.390 0.051000 0.226 0 1 0
 604 1561.837 1080.431 -7 -1 3.902 6.638 9.054000 3.008 0 1 0
 605 1566.520 1078.283 -7 -1 0.780 2.343 0.130000 0.360 0 1 0
 606 2711.524 812.737 -1 -1 0.390 0.390 0.051000 0.226 0 1 0
 607 2738.424 880.686 3 -1 0.390 0.390 0.044000 0.208 0 1 0
 608 1560.562 530.790 7 -1 0.390 0.390 0.051000 0.226 0 1 0
 609 1081.292 531.571 10 -1 0.390 0.390 0.044000 0.208 0 1 0
 610 2741.870 813.128 12 -1 0.390 0.390 0.044000 0.208 0 1 0
 611 2875.532 3594.954 -14 -2 0.390 0.390 0.168000 0.390 0 1 0
 612 3321.610 3586.753 -14 -2 0.390 0.390 0.097000 0.311 0 1 0
 613 2151.382 3590.658 14 -2 0.390 0.390 0.210000 0.390 1 1 0
 614 3037.673 3931.572 15 -2 0.390 0.390 0.119000 0.344 0 1 0
 615 4692.257 3076.315 12 -2 0.390 0.390 0.181000 0.390 0 1 0
 616 4419.414 2470.063 -11 -2 0.390 0.390 0.044000 0.208 0 1 0
 617 382.700 2395.866 11 -2 0.390 0.390 0.155000 0.390 0 1 0
 618 2381.472 1439.483 12 -2 0.390 0.390 0.108000 0.327 0 1 0
 619 2521.010 1244.425 -17 -2 0.390 0.390 0.059000 0.243 78 1 0
 620 330.438 1193.463 -18 -2 0.390 0.390 0.142000 0.377 0 1 0
 621 296.875 1256.725 -18 -2 0.390 0.390 0.130000 0.360 0 1 0
 622 1646.870 532.555 -1 -2 0.390 0.390 0.044000 0.208 0 1 0
 623 1566.829 420.674 4 -2 0.390 0.390 0.059000 0.243 0 1 0
 624 3985.269 323.262 -13 -2 0.390 0.390 0.130000 0.360 78 1 0
 625 926.147 3661.481 -15 -3 0.390 0.390 0.168000 0.390 0 1 0
 626 973.757 4129.700 -15 -3 0.390 0.390 0.108000 0.327 1 1 0
 627 2088.751 3592.361 -14 -3 0.390 0.390 0.225000 0.390 1 1 0
 628 4480.651 3786.053 -6 -3 0.390 0.390 0.168000 0.390 0 1 0
 629 786.349 3986.774 -4 -3 0.390 0.390 0.051000 0.226 78 1 0
 630 2008.230 3967.249 3 -3 0.390 0.390 0.097000 0.311 78 1 0
 631 119.244 3841.895 15 -3 0.390 0.390 0.195000 0.390 0 1 0
 632 1795.679 3151.934 12 -3 0.390 0.390 0.044000 0.208 0 1 0
 633 1632.155 3157.010 12 -3 0.390 0.390 0.036000 0.190 0 1 0
 634 1245.119 3268.695 -3 -3 0.390 0.390 0.036000 0.190 0 1 0
 635 2217.516 1281.265 18 -3 0.390 0.390 0.044000 0.208 0 1 0
 636 4388.677 1631.551 5 -3 0.390 0.390 0.051000 0.226 0 1 0
 637 2688.304 1676.069 1 -3 0.390 0.390 0.044000 0.208 0 1 0
 638 3014.074 891.901 -13 -3 0.390 0.390 0.036000 0.190 0 1 0
 639 3677.781 639.242 6 -3 0.390 0.390 0.036000 0.190 0 1 0
 640 2717.125 185.288 9 -3 0.390 0.390 0.044000 0.208 0 1 0
 641 2364.742 350.082 5 -3 0.390 0.390 0.036000 0.190 0 1 0
 642 1214.692 248.940 -5 -3 0.390 0.390 0.181000 0.390 0 1 0
 643 925.347 3635.192 -13 -4 0.390 0.390 0.210000 0.390 0 1 0
 644 4476.741 3985.478 -6 -4 0.390 0.390 0.142000 0.377 0 1 0
 645 881.922 3529.754 1 -4 0.390 0.390 0.108000 0.327 0 1 0
 646 4441.523 3530.145 7 -4 0.390 0.390 0.044000 0.208 0 1 0
 647 3738.607 3577.787 13 -4 0.390 0.390 0.119000 0.344 0 1 0
 648 927.882 3957.361 14 -4 0.390 0.390 0.210000 0.390 0 1 0
 649 495.455 3547.718 15 -4 0.390 0.390 0.119000 0.344 0 1 0
 650 2829.259 3571.539 15 -4 0.390 0.390 0.119000 0.344 0 1 0
 651 1193.205 2755.989 -2 -4 0.390 0.390 0.044000 0.208 0 1 0
 652 4243.659 2796.602 -17 -4 0.390 0.390 0.051000 0.226 0 1 0
 653 142.464 2206.704 -13 -4 0.390 0.390 0.181000 0.390 0 1 0
 654 2340.501 1281.250 11 -4 0.390 0.390 0.036000 0.190 0 1 0
 655 2232.087 1281.250 0 -4 0.390 0.390 0.036000 0.190 0 1 0
 656 1186.657 1201.196 -14 -4 0.390 0.390 0.130000 0.360 0 1 0
 657 2741.656 888.996 14 -4 0.390 0.390 0.044000 0.208 0 1 0
 658 3342.315 193.551 12 -4 0.390 0.390 0.051000 0.226 0 1 0
 659 1480.031 277.510 1 -4 0.390 0.390 0.108000 0.327 0 1 0
 660 1281.097 249.785 -13 -4 0.390 0.390 0.155000 0.390 0 1 0
 661 3915.991 3903.581 -15 -5 0.390 0.390 0.130000 0.360 0 1 0
 662 3928.093 3786.038 -15 -5 0.390 0.390 0.155000 0.390 0 1 0
 663 903.091 3964.500 -12 -5 0.390 0.390 0.225000 0.390 0 1 0
 664 768.246 3529.083 -11 -5 0.390 0.390 0.119000 0.344 0 1 0
 665 3895.256 3753.235 -8 -5 0.390 0.390 0.168000 0.390 0 1 0
 666 4416.192 3486.908 2 -5 0.390 0.390 0.030000 0.172 0 1 0
 667 975.182 4050.802 3 -5 0.390 0.390 0.108000 0.327 0 1 0
 668 910.320 4096.100 14 -5 0.390 0.390 0.108000 0.327 0 1 0
 669 327.867 2883.904 14 -5 0.390 0.390 0.181000 0.390 0 1 0
 670 4510.702 2783.154 -3 -5 0.390 0.390 0.077000 0.277 0 1 0
 671 4450.440 3316.978 -8 -5 0.390 0.390 0.051000 0.226 0 1 0
 672 1127.110 3127.582 18 -5 0.390 0.390 0.051000 0.226 0 1 0
 673 1366.673 2446.383 -4 -5 0.390 0.390 0.036000 0.190 1 1 0
 674 1920.316 2256.986 16 -5 0.390 0.390 0.097000 0.311 0 1 0
 675 3035.194 1195.978 10 -5 0.390 0.390 0.036000 0.190 78 1 0
 676 1512.009 1518.539 5 -5 0.390 0.390 0.030000 0.172 0 1 0
 677 4386.451 1407.244 -10 -5 0.390 0.390 0.051000 0.226 0 1 0
 678 2430.618 876.625 -14 -5 0.390 0.390 0.097000 0.311 0 1 0
 679 2866.852 574.371 -2 -5 0.390 0.390 0.036000 0.190 0 1 0
 680 1652.321 536.101 0 -5 0.390 0.390 0.044000 0.208 0 1 0
 681 2768.020 816.877 11 -5 0.390 0.390 0.044000 0.208 0 1 0
 682 201.790 3530.786 -14 -6 0.390 0.390 0.119000 0.344 0 1 0
 683 135.831 4053.677 -13 -6 0.390 0.390 0.119000 0.344 0 1 0
 684 977.634 3996.661 -12 -6 0.390 0.390 0.119000 0.344 0 1 0
 685 1358.527 3503.841 -11 -6 0.390 0.390 0.051000 0.226 0 1 0
 686 4477.553 3862.327 -10 -6 0.390 0.390 0.181000 0.390 0 1 0
 687 3948.187 3945.505 12 -6 0.390 0.390 0.119000 0.344 0 1 0
 688 4379.601 2205.266 -11 -6 0.390 0.390 0.036000 0.190 0 1 0
 689 3341.871 2382.362 16 -6 1.170 0.390 0.044000 0.208 78 1 0
 690 3056.998 1463.118 17 -6 0.390 0.390 0.059000 0.243 0 1 0
 691 954.201 694.147 -10 -6 0.390 0.390 0.155000 0.390 0 1 0
 692 3245.738 507.095 7 -6 0.390 0.390 0.051000 0.226 0 1 0
 693 2371.484 1075.675 14 -6 0.390 0.390 0.097000 0.311 0 1 0
 694 3042.725 1153.386 17 -6 0.390 0.390 0.051000 0.226 0 1 0
 695 4560.144 247.081 -13 -6 0.390 0.390 0.168000 0.390 0 1 0
 696 133.903 3902.879 -16 -7 0.390 0.390 0.059000 0.243 0 1 0
 697 918.511 3528.771 -13 -7 0.390 0.390 0.108000 0.327 0 1 0
 698 3033.191 4054.004 -13 -7 0.390 0.390 0.130000 0.360 0 1 0
 699 3914.798 3965.359 -12 -7 0.390 0.390 0.168000 0.390 0 1 0
 700 2022.360 4011.830 -9 -7 0.390 0.390 0.108000 0.327 0 1 0
 701 4156.352 3591.643 -9 -7 0.390 0.390 0.210000 0.390 0 1 0
 702 623.895 3529.162 9 -7 0.390 0.390 0.142000 0.377 0 1 0
 703 970.057 3986.057 10 -7 0.390 0.390 0.181000 0.390 1 1 0
 704 1957.815 3594.377 12 -7 0.390 0.390 0.240000 0.390 0 1 0
 705 3027.933 3649.047 12 -7 0.390 0.390 0.119000 0.344 0 1 0
 706 3031.048 4135.230 13 -7 0.390 0.390 0.142000 0.377 0 1 0
 707 922.804 3812.670 14 -7 0.390 0.390 0.130000 0.360 0 1 0
 708 2580.124 2902.008 12 -7 0.390 0.390 0.130000 0.360 0 1 0
 709 1076.595 3131.627 -12 -7 0.390 0.390 0.044000 0.208 0 1 0
 710 3123.566 2902.008 -13 -7 0.390 0.390 0.108000 0.327 0 1 0
 711 2748.426 1462.992 -1 -7 0.390 0.390 0.036000 0.190 0 1 0
 712 2710.797 883.545 -9 -7 0.390 0.390 0.068000 0.260 0 1 0
 713 3385.116 919.861 0 -7 0.390 0.390 0.108000 0.327 0 1 0
 714 2741.129 890.963 6 -7 0.390 0.390 0.051000 0.226 0 1 0
 715 1572.647 532.867 8 -7 0.390 0.390 0.051000 0.226 0 1 0
 716 3035.936 3967.858 -15 -8 0.390 0.390 0.195000 0.390 0 1 0
 717 354.769 3525.804 -13 -8 0.390 0.390 0.108000 0.327 0 1 0
 718 2721.744 3570.712 -12 -8 0.390 0.390 0.142000 0.377 0 1 0
 719 3049.767 3884.681 -12 -8 0.390 0.390 0.225000 0.390 0 1 0
 720 2230.258 3500.421 7 -8 0.390 0.390 0.036000 0.190 0 1 0
 721 4393.499 4003.005 10 -8 0.390 0.390 0.130000 0.360 0 1 0
 722 852.969 3528.536 11 -8 0.390 0.390 0.155000 0.390 0 1 0
 723 3300.348 3591.800 11 -8 0.390 0.390 0.097000 0.311 0 1 0
 724 3032.226 3801.892 12 -8 0.390 0.390 0.195000 0.390 0 1 0
 725 3921.647 3933.493 12 -8 0.390 0.390 0.119000 0.344 0 1 0
 726 4463.343 3634.755 12 -8 0.390 0.390 0.195000 0.390 0 1 0
 727 4464.114 3957.315 13 -8 0.390 0.390 0.142000 0.377 0 1 0
 728 3429.318 3313.480 17 -8 0.390 0.390 0.051000 0.226 0 1 0
 729 1080.048 3208.628 -4 -8 0.390 0.390 0.068000 0.260 0 1 0
 730 3705.902 2401.817 2 -8 0.390 0.390 0.044000 0.208 0 1 0
 731 2220.870 1281.280 -13 -8 0.390 0.390 0.030000 0.172 0 1 0
 732 1881.488 1072.925 16 -8 1.170 2.343 0.195000 0.442 0 1 0
 733 1906.269 1073.511 16 -8 0.780 3.514 0.402000 0.633 0 1 0
 734 1915.441 1073.706 16 -8 0.390 2.343 0.382000 0.390 0 1 0
 735 3064.256 4131.981 8 -9 0.390 0.390 0.108000 0.327 0 1 0
 736 4723.291 3512.244 8 -9 0.390 0.390 0.059000 0.243 0 1 0
 737 4038.339 3595.033 12 -9 0.390 0.390 0.142000 0.377 0 1 0
 738 2984.216 3587.223 13 -9 0.390 0.390 0.168000 0.390 0 1 0
 739 2863.592 3416.961 17 -9 0.390 0.390 0.044000 0.208 0 1 0
 740 1515.092 2939.762 10 -9 0.390 0.390 0.168000 0.390 0 1 0
 741 1564.136 518.153 -2 -9 0.390 0.390 0.036000 0.190 0 1 0
 742 1566.477 430.289 -2 -9 0.390 0.390 0.044000 0.208 0 1 0
 743 2800.237 190.192 12 -9 0.390 0.390 0.044000 0.208 0 1 0
 744 2716.018 245.254 1 -9 0.390 0.390 0.044000 0.208 0 1 0
 745 4463.126 3670.790 -12 -10 0.390 0.390 0.155000 0.390 0 1 0
 746 906.988 3532.943 -11 -10 0.390 0.390 0.119000 0.344 0 1 0
 747 3327.047 3586.833 -11 -10 0.390 0.390 0.142000 0.377 0 1 0
 748 716.529 3532.943 -10 -10 0.390 0.390 0.142000 0.377 0 1 0
 749 3031.916 3707.107 1 -10 0.390 0.390 0.155000 0.390 0 1 0
 750 2095.263 3421.060 2 -10 0.780 0.390 0.068000 0.260 0 1 0
 751 2085.116 3420.865 2 -10 0.390 0.390 0.059000 0.243 0 1 0
 752 2863.643 3500.529 10 -10 0.390 0.390 0.036000 0.190 0 1 0
 753 1200.654 3501.700 17 -10 0.390 0.390 0.068000 0.260 0 1 0
 754 1008.532 3335.224 9 -10 0.390 0.390 0.051000 0.226 0 1 0
 755 1492.246 2508.052 9 -10 0.390 0.390 0.142000 0.377 0 1 0
 756 4615.755 2032.802 -16 -10 0.390 0.390 0.097000 0.311 0 1 0
 757 3105.095 1267.552 4 -10 0.390 0.390 0.097000 0.311 0 1 0
 758 1375.140 250.595 -11 -10 0.390 0.390 0.130000 0.360 0 1 0
 759 3917.933 3937.647 -13 -11 0.390 0.390 0.168000 0.390 0 1 0
 760 3051.510 3866.577 -10 -11 0.390 0.390 0.195000 0.390 0 1 0
 761 923.739 3667.416 -7 -11 0.390 0.390 0.155000 0.390 0 1 0
 762 4263.650 3571.741 -5 -11 0.390 0.390 0.097000 0.311 0 1 0
 763 3857.668 3577.600 9 -11 0.390 0.390 0.108000 0.327 0 1 0
 764 742.915 3529.178 11 -11 0.390 0.390 0.119000 0.344 0 1 0
 765 1985.126 4018.092 13 -11 0.390 0.390 0.168000 0.390 0 1 0
 766 879.484 3535.815 14 -11 0.390 0.390 0.108000 0.327 0 1 0
 767 3212.116 2860.491 -8 -11 0.390 0.390 0.036000 0.190 0 1 0
 768 4385.847 1917.979 -11 -11 0.390 0.781 0.068000 0.260 100 1 0
 769 4384.871 1912.315 -11 -11 1.170 1.171 0.240000 0.490 100 1 0
 770 4381.554 1905.483 -11 -11 3.122 2.343 0.443000 0.665 100 1 0
 771 1221.422 2516.237 6 -11 0.390 0.390 0.036000 0.190 1 1 0
 772 1921.522 1967.963 12 -11 0.390 0.390 0.036000 0.190 78 1 0
 773 4851.269 1210.655 -11 -11 0.780 0.390 0.363000 0.390 100 1 0
 774 4670.965 1585.737 -11 -11 0.780 0.390 0.155000 0.390 100 1 0
 775 4670.769 1581.635 -11 -11 2.731 0.390 0.155000 0.390 100 1 0
 776 4677.011 1453.940 -11 -11 0.390 0.390 0.210000 0.390 100 1 0
 777 4685.597 1447.889 -11 -11 2.731 1.562 0.465000 0.681 100 1 0
 778 4575.152 1715.580 -11 -11 0.390 1.171 0.119000 0.344 100 1 0
 779 4572.226 1715.580 -11 -11 0.780 1.171 0.155000 0.393 100 1 0
 780 4576.715 1687.854 -11 -11 0.390 3.514 0.509000 0.390 100 1 0
 781 4493.195 1715.580 -11 -11 0.390 1.171 0.142000 0.377 100 1 0
 782 4513.101 1686.877 -11 -11 1.170 1.562 0.443000 0.665 100 1 0
 783 86.049 985.131 -10 -11 0.390 0.390 0.273000 0.390 100 1 0
 784 110.830 940.221 -10 -11 0.390 0.390 0.382000 0.390 100 1 0
 785 114.736 931.436 -10 -11 0.390 0.390 0.181000 0.390 100 1 0
 786 130.150 866.416 -10 -11 4.292 4.295 0.256000 0.506 100 1 0
 787 208.791 742.237 -10 -11 0.780 0.390 0.443000 0.390 100 1 0
 788 199.424 664.330 -10 -11 0.780 1.562 0.532000 0.729 100 1 0
 789 194.350 664.330 -10 -11 0.390 0.390 0.422000 0.390 100 1 0
 790 200.400 659.057 -10 -11 1.170 3.514 0.532000 0.729 100 1 0
 791 201.178 654.760 -10 -11 0.390 0.390 0.443000 0.390 100 1 0
 792 202.154 650.467 -10 -11 0.390 2.733 0.240000 0.390 100 1 0
 793 197.471 648.319 -10 -11 0.780 3.905 0.739000 0.780 100 1 0
 794 221.865 602.432 -10 -11 0.390 0.390 0.443000 0.390 100 1 0
 795 224.400 597.358 -10 -11 1.561 1.952 1.016000 1.007 100 1 0
 796 252.693 736.963 -10 -11 1.170 5.467 0.486000 0.697 100 1 0
 797 255.232 548.346 -10 -11 0.390 0.390 0.225000 0.390 100 1 0
 798 265.377 759.807 -10 -11 0.390 1.952 0.225000 0.390 100 1 0
 799 283.330 745.748 -10 -11 0.780 0.390 0.256000 0.390 100 1 0
 800 286.451 739.893 -10 -11 1.561 0.390 0.240000 0.390 100 1 0
 801 266.549 733.057 -10 -11 2.341 0.390 0.344000 0.390 100 1 0
 802 284.111 511.834 -10 -11 0.780 1.171 0.210000 0.458 100 1 0
 803 293.088 501.877 -10 -11 0.390 0.390 0.465000 0.390 100 1 0
 804 300.307 494.069 -10 -11 1.170 3.124 0.532000 0.729 100 1 0
 805 320.213 664.330 -10 -11 1.170 1.562 0.509000 0.713 100 1 0
 806 323.920 664.330 -10 -11 0.780 1.562 0.486000 0.697 100 1 0
 807 324.893 659.252 -10 -11 5.854 3.124 0.509000 0.713 100 1 0
 808 328.603 652.807 -10 -11 5.463 4.295 0.509000 0.713 100 1 0
 809 335.627 643.436 -10 -11 3.122 10.543 0.509000 0.713 100 1 0
 810 331.139 647.147 -10 -11 0.390 0.781 0.422000 0.390 100 1 0
 811 311.627 554.987 -10 -11 0.390 0.390 0.256000 0.390 100 1 0
 812 315.725 548.737 -10 -11 3.122 0.781 0.443000 0.665 100 1 0
 813 314.162 483.131 -10 -11 0.390 0.390 0.225000 0.390 100 1 0
 814 316.115 479.229 -10 -11 2.341 0.390 0.256000 0.390 100 1 0
 815 323.725 475.909 -10 -11 6.634 3.514 1.016000 1.007 100 1 0
 816 339.529 467.905 -10 -11 7.805 3.905 0.532000 0.729 100 1 0
 817 345.775 464.780 -10 -11 0.390 0.390 0.168000 0.390 100 1 0
 818 394.947 548.541 -10 -11 5.463 19.134 8.495000 2.914 100 1 0
 819 401.779 538.975 -10 -11 0.390 0.390 0.210000 0.390 100 1 0
 820 403.143 525.307 -10 -11 0.780 0.390 0.225000 0.390 100 1 0
 821 409.193 486.256 -10 -11 0.390 3.124 0.432000 0.390 100 1 0
 822 385.189 454.823 -10 -11 1.561 0.390 0.344000 0.390 100 1 0
 823 406.850 446.620 -10 -11 1.170 1.171 0.325000 0.570 100 1 0
 824 409.193 436.272 -10 -11 1.170 0.781 0.422000 0.649 100 1 0
 825 4452.142 966.580 -4 -11 3.122 2.343 0.068000 0.260 0 1 0
 826 589.521 261.725 -10 -11 3.122 3.514 0.465000 0.681 100 1 0
 827 590.889 255.479 -10 -11 1.951 3.514 1.016000 1.007 100 1 0
 828 594.791 255.284 -10 -11 1.170 2.343 0.465000 0.681 100 1 0
 829 594.205 249.229 -10 -11 0.780 0.390 0.142000 0.377 100 1 0
 830 605.521 232.827 -10 -11 0.390 0.390 0.155000 0.390 100 1 0
 831 513.029 210.178 -10 -11 0.390 0.390 0.273000 0.390 100 1 0
 832 520.834 207.834 -10 -11 0.390 0.390 0.195000 0.390 100 1 0
 833 515.760 207.834 -10 -11 0.390 0.390 0.168000 0.390 100 1 0
 834 550.494 195.143 -10 -11 0.390 0.390 0.155000 0.390 100 1 0
 835 550.689 190.264 -10 -11 0.390 0.390 0.240000 0.390 100 1 0
 836 504.248 331.041 -10 -11 0.390 0.390 0.108000 0.327 100 1 0
 837 510.686 321.280 -10 -11 0.390 0.390 0.077000 0.277 100 1 0
 838 489.807 302.143 -10 -11 0.390 0.390 0.087000 0.294 100 1 0
 839 477.318 302.143 -10 -11 0.390 0.390 0.097000 0.311 100 1 0
 840 474.588 249.229 -10 -11 1.170 0.390 0.155000 0.390 100 1 0
 841 487.271 236.342 -10 -11 0.390 0.390 0.119000 0.344 100 1 0
 842 482.588 236.147 -10 -11 1.561 0.781 0.195000 0.442 100 1 0
 843 456.635 311.514 -10 -11 0.390 0.390 0.087000 0.294 100 1 0
 844 466.002 258.209 -10 -11 8.195 8.200 0.486000 0.697 100 1 0
 845 457.807 262.116 -10 -11 0.390 0.390 0.155000 0.390 100 1 0
 846 468.928 249.229 -10 -11 0.780 0.390 0.155000 0.390 100 1 0
 847 953.221 3890.132 -10 -12 0.390 0.390 0.195000 0.390 100 1 0
 848 1005.908 3990.296 -10 -12 0.390 0.390 0.273000 0.390 100 1 0
 849 1008.443 3990.296 -10 -12 0.390 0.390 0.181000 0.390 100 1 0
 850 1017.029 3978.972 -10 -12 5.463 1.171 0.325000 0.570 100 1 0
 851 1024.252 3967.843 -10 -12 1.170 1.562 0.443000 0.665 100 1 0
 852 1032.057 3962.960 -10 -12 0.390 0.390 0.509000 0.390 100 1 0
 853 1032.252 3958.082 -10 -12 0.780 0.781 0.465000 0.681 100 1 0
 854 1013.908 3848.738 -10 -12 0.390 0.390 0.181000 0.390 100 1 0
 855 1051.568 3932.699 -10 -12 0.390 0.781 0.210000 0.390 100 1 0
 856 1079.670 3812.031 -10 -12 1.951 1.562 0.422000 0.649 100 1 0
 857 1091.768 3848.738 -10 -12 0.390 0.390 0.181000 0.390 100 1 0
 858 1101.330 3822.183 -10 -12 0.390 0.390 0.181000 0.390 100 1 0
 859 1091.768 3811.640 -10 -12 1.951 0.781 0.422000 0.649 100 1 0
 860 1098.010 3794.652 -10 -12 1.170 0.390 0.256000 0.390 100 1 0
 861 1284.561 3543.359 -10 -12 0.390 0.390 0.108000 0.327 100 1 0
 862 1281.830 3500.015 -10 -12 0.390 0.390 0.168000 0.390 100 1 0
 863 1293.146 3475.804 -10 -12 0.390 0.781 0.195000 0.390 100 1 0
 864 1308.951 3446.906 -10 -12 3.122 5.467 0.402000 0.633 100 1 0
 865 1313.244 3440.460 -10 -12 0.390 1.171 0.097000 0.311 100 1 0
 866 1354.420 3526.179 -10 -12 0.390 0.781 0.119000 0.344 100 1 0
 867 1380.955 3500.015 -10 -12 0.390 0.390 0.097000 0.311 100 1 0
 868 1384.275 3491.226 -10 -12 1.561 1.171 0.168000 0.409 100 1 0
 869 1389.541 3490.250 -10 -12 0.390 0.390 0.168000 0.390 100 1 0
 870 906.178 3526.960 -8 -12 0.390 0.390 0.108000 0.327 0 1 0
 871 3145.155 3594.125 -8 -12 0.390 0.390 0.195000 0.390 0 1 0
 872 3032.741 4009.628 -6 -12 0.390 0.390 0.130000 0.360 1 1 0
 873 4875.174 3906.535 -2 -12 0.390 0.390 0.044000 0.208 0 1 0
 874 4477.035 3582.019 7 -12 0.390 0.390 0.155000 0.390 0 1 0
 875 3918.549 3931.527 8 -12 0.390 0.390 0.119000 0.344 0 1 0
 876 527.877 3547.656 10 -12 0.390 0.390 0.119000 0.344 0 1 0
 877 4464.131 3880.371 10 -12 0.390 0.390 0.119000 0.344 0 1 0
 878 980.973 3949.488 11 -12 0.390 0.390 0.130000 0.360 1 1 0
 879 4476.593 3789.382 14 -12 0.390 0.390 0.168000 0.390 0 1 0
 880 1471.732 3332.027 -10 -12 1.170 2.733 0.195000 0.442 100 1 0
 881 1461.193 3308.988 -10 -12 0.390 0.390 0.087000 0.294 100 1 0
 882 1463.924 3307.425 -10 -12 0.390 0.390 0.130000 0.360 100 1 0
 883 1415.143 3338.082 -10 -12 0.390 0.781 0.195000 0.390 100 1 0
 884 1427.826 3333.589 -10 -12 1.561 0.390 0.195000 0.390 100 1 0
 885 1419.631 3330.855 -10 -12 1.561 0.390 0.068000 0.260 100 1 0
 886 1377.092 3356.433 -10 -12 1.561 7.810 0.181000 0.425 100 1 0
 887 1389.189 3351.359 -10 -12 0.390 0.390 0.181000 0.390 100 1 0
 888 1395.236 3346.867 -10 -12 3.512 1.171 0.509000 0.713 100 1 0
 889 1386.264 3346.867 -10 -12 0.390 1.171 0.181000 0.390 100 1 0
 890 1400.506 3344.914 -10 -12 0.390 0.390 0.077000 0.277 100 1 0
 891 1353.088 3384.160 -10 -12 0.390 0.781 0.108000 0.327 100 1 0
 892 1359.334 3377.328 -10 -12 0.390 0.390 0.119000 0.344 100 1 0
 893 1362.260 3374.593 -10 -12 0.780 0.390 0.119000 0.344 100 1 0
 894 1367.725 3368.929 -10 -12 2.341 2.343 0.130000 0.360 100 1 0
 895 1359.139 3367.371 -10 -12 0.390 0.390 0.087000 0.294 100 1 0
 896 1566.133 2387.648 -9 -12 0.390 0.390 0.210000 0.390 0 1 0
 897 4655.504 2479.222 -9 -12 0.780 0.390 0.168000 0.390 0 1 0
 898 4726.922 2479.027 -9 -12 1.561 0.781 0.273000 0.522 0 1 0
 899 945.134 2031.898 2 -12 0.390 0.390 0.044000 0.208 1 1 0
 900 1920.381 2494.843 7 -12 0.390 0.390 0.108000 0.327 0 1 0
 901 312.036 2028.382 13 -12 0.390 0.390 0.168000 0.390 0 1 0
 902 3000.839 1186.511 12 -12 0.390 0.390 0.059000 0.243 0 1 0
 903 3963.260 1822.652 10 -12 0.390 0.390 0.097000 0.311 0 1 0
 904 2174.331 1281.406 1 -12 0.390 0.390 0.036000 0.190 0 1 0
 905 403.790 1531.722 -14 -12 0.390 0.390 0.051000 0.226 0 1 0
 906 4451.355 966.988 -4 -12 0.780 0.390 0.036000 0.190 0 1 0
 907 1571.813 247.472 -7 -12 0.390 0.390 0.181000 0.390 0 1 0
 908 969.786 3928.368 -7 -13 0.390 0.390 0.119000 0.344 0 1 0
 909 1166.872 3445.700 -7 -13 0.390 0.390 0.051000 0.226 0 1 0
 910 4456.450 3752.251 -7 -13 0.390 0.390 0.210000 0.390 0 1 0
 911 1983.698 3931.493 -6 -13 0.390 0.390 0.108000 0.327 0 1 0
 912 2824.331 3860.813 -5 -13 0.390 0.390 0.119000 0.344 0 1 0
 913 982.947 4052.551 8 -13 0.390 0.390 0.181000 0.390 0 1 0
 914 2652.512 3597.610 9 -13 0.390 0.390 0.168000 0.390 0 1 0
 915 4539.001 3160.790 -3 -13 0.390 0.390 0.051000 0.226 0 1 0
 916 4411.447 3324.024 -12 -13 0.390 0.390 0.044000 0.208 0 1 0
 917 3726.360 1438.610 11 -13 0.390 0.390 0.119000 0.344 0 1 0
 918 1917.077 1636.012 10 -13 0.390 0.390 0.036000 0.190 0 1 0
 919 4533.948 1717.040 -6 -13 0.390 0.390 0.225000 0.390 0 1 0
 920 3309.392 907.301 1 -13 0.390 0.390 0.044000 0.208 78 1 0
 921 2711.470 892.075 5 -13 0.390 0.390 0.044000 0.208 0 1 0
 922 2179.908 816.704 7 -13 0.390 0.390 0.036000 0.190 0 1 0
 923 2768.413 812.801 10 -13 0.390 0.390 0.036000 0.190 0 1 0
 924 2740.269 967.833 16 -13 0.390 0.390 0.059000 0.243 0 1 0
 925 2018.549 247.989 10 -13 0.390 0.390 0.108000 0.327 0 1 0
 926 4008.464 3596.845 -13 -14 0.390 0.390 0.168000 0.390 0 1 0
 927 926.496 3672.603 -11 -14 0.390 0.390 0.168000 0.390 0 1 0
 928 799.609 3533.189 -4 -14 0.390 0.390 0.097000 0.311 0 1 0
 929 3034.673 3680.802 -3 -14 0.390 0.390 0.181000 0.390 0 1 0
 930 4866.177 3908.861 1 -14 0.390 0.390 0.044000 0.208 0 1 0
 931 359.690 3548.029 8 -14 0.390 0.390 0.108000 0.327 0 1 0
 932 927.133 3938.146 9 -14 0.390 0.390 0.195000 0.390 0 1 0
 933 196.922 3155.838 -11 -14 0.390 0.390 0.051000 0.226 0 1 0
 934 3962.881 1472.756 8 -14 0.390 0.390 0.119000 0.344 0 1 0
 935 1916.022 1634.033 -6 -14 0.390 0.390 0.036000 0.190 0 1 0
 936 4452.094 966.959 2 -14 0.390 0.390 0.051000 0.226 0 1 0
 937 3110.333 1088.013 4 -14 0.390 0.390 0.130000 0.360 0 1 0
 938 2853.140 818.564 5 -14 0.390 0.390 0.044000 0.208 0 1 0
 939 4475.186 4083.823 -8 -15 0.390 0.390 0.155000 0.390 0 1 0
 940 4476.739 3698.780 -7 -15 0.390 0.390 0.181000 0.390 0 1 0
 941 991.232 4093.585 -5 -15 0.390 0.390 0.130000 0.360 0 1 0
 942 1945.418 4007.284 -2 -15 0.390 0.390 0.168000 0.390 0 1 0
 943 3034.630 3843.268 2 -15 0.390 0.390 0.195000 0.390 0 1 0
 944 4478.597 3733.929 6 -15 0.390 0.390 0.168000 0.390 0 1 0
 945 707.022 3550.780 8 -15 0.390 0.390 0.210000 0.390 0 1 0
 946 2003.870 3597.249 10 -15 0.390 0.390 0.168000 0.390 0 1 0
 947 925.552 3790.940 11 -15 0.390 0.390 0.181000 0.390 0 1 0
 948 651.177 3528.518 13 -15 0.390 0.390 0.119000 0.344 0 1 0
 949 2056.784 3155.307 12 -15 1.561 0.390 0.044000 0.208 0 1 0
 950 2980.307 2903.429 -8 -15 0.390 0.390 0.097000 0.311 0 1 0
 951 926.328 3343.534 -9 -15 0.390 0.390 0.068000 0.260 0 1 0
 952 2202.889 1291.905 -8 -15 0.390 0.390 0.036000 0.190 0 1 0
 953 2711.531 908.225 -4 -15 0.390 0.390 0.030000 0.172 0 1 0
 954 4451.734 967.776 -3 -15 0.780 0.390 0.044000 0.208 0 1 0
 955 2711.459 886.354 6 -15 0.390 0.390 0.044000 0.208 0 1 0
 956 3917.689 250.284 -2 -15 0.390 0.390 0.195000 0.390 0 1 0
 957 4461.145 3680.148 -9 -16 0.390 0.390 0.168000 0.390 0 1 0
 958 3913.198 4039.805 -8 -16 0.390 0.390 0.155000 0.390 0 1 0
 959 3031.177 4088.227 -6 -16 0.390 0.390 0.119000 0.344 0 1 0
 960 3030.395 3902.152 -6 -16 0.390 0.390 0.108000 0.327 0 1 0
 961 924.886 3703.578 -5 -16 0.390 0.390 0.210000 0.390 0 1 0
 962 3911.218 3734.426 -4 -16 0.390 0.390 0.225000 0.390 0 1 0
 963 925.233 3669.211 1 -16 0.390 0.390 0.181000 0.390 0 1 0
 964 110.336 3724.664 3 -16 0.390 0.390 0.155000 0.390 0 1 0
 965 574.749 3416.945 4 -16 0.390 0.390 0.030000 0.172 0 1 0
 966 3911.146 3675.070 6 -16 0.390 0.390 0.181000 0.390 78 1 0
 967 2001.535 3967.953 9 -16 0.390 0.390 0.119000 0.344 0 1 0
 968 3650.026 3577.051 10 -16 0.390 0.390 0.195000 0.390 0 1 0
 969 4588.481 1176.984 9 -16 0.390 0.390 0.030000 0.172 0 1 0
 970 2474.864 1435.891 -2 -16 0.390 0.390 0.142000 0.377 78 1 0
 971 4311.529 1558.121 -10 -16 0.390 0.390 0.044000 0.208 0 1 0
 972 404.673 814.676 -7 -16 0.390 0.390 0.044000 0.208 0 1 0
 973 3341.808 916.598 -3 -16 0.390 0.390 0.036000 0.190 78 1 0
 974 4681.957 888.871 2 -16 0.390 0.390 0.142000 0.377 0 1 0
 975 1747.749 249.609 4 -16 0.390 0.390 0.195000 0.390 0 1 0
 976 968.214 3592.642 -6 -17 0.390 0.390 0.097000 0.311 0 1 0
 977 3917.479 3765.634 -6 -17 0.390 0.390 0.210000 0.390 0 1 0
 978 2418.839 3593.423 -5 -17 0.390 0.390 0.181000 0.390 1 1 0
 979 4476.091 4006.579 2 -17 0.390 0.390 0.168000 0.390 0 1 0
 980 2753.986 3577.806 8 -17 0.390 0.390 0.130000 0.360 0 1 0
 981 416.266 3532.892 9 -17 0.390 0.390 0.195000 0.390 0 1 0
 982 3033.014 3670.743 10 -17 0.390 0.390 0.130000 0.360 0 1 0
 983 2609.483 2903.056 1 -17 0.390 0.390 0.195000 0.390 0 1 0
 984 2063.121 3125.642 -1 -17 0.390 0.390 0.036000 0.190 0 1 0
 985 3966.962 2562.939 5 -17 0.390 0.390 0.119000 0.344 0 1 0
 986 3966.574 2482.103 5 -17 0.390 0.390 0.108000 0.327 0 1 0
 987 4870.803 2030.290 8 -17 0.390 0.390 0.068000 0.260 0 1 0
 988 1609.001 531.353 -1 -17 0.390 0.390 0.036000 0.190 0 1 0
 989 3108.775 817.204 3 -17 0.390 0.390 0.097000 0.311 0 1 0
 990 4459.814 991.954 13 -17 0.390 0.390 0.051000 0.226 0 1 0
 991 457.504 237.759 6 -17 0.390 0.390 0.130000 0.360 0 1 0
 992 908.112 4091.604 -6 -18 0.390 0.390 0.181000 0.390 0 1 0
 993 2023.855 4024.432 -1 -18 0.390 0.390 0.181000 0.390 0 1 0
 994 385.100 3526.533 1 -18 0.390 0.390 0.142000 0.377 0 1 0
 995 925.622 3852.807 1 -18 0.390 0.390 0.195000 0.390 0 1 0
 996 2954.617 3588.237 3 -18 0.390 0.390 0.181000 0.390 0 1 0
 997 4338.069 3595.658 10 -18 0.390 0.390 0.181000 0.390 0 1 0
 998 718.978 3158.885 7 -18 0.390 0.390 0.051000 0.226 0 1 0
 999 2320.275 3149.901 4 -18 0.390 0.390 0.059000 0.243 0 1 0
 1000 371.043 2357.377 2 -18 0.390 0.390 0.181000 0.390 0 1 0
 1001 4608.415 1454.893 5 -18 0.390 0.390 0.142000 0.377 0 1 0
 1002 3961.544 1327.393 5 -18 4.292 0.781 0.108000 0.327 0 1 0
 1003 3946.910 1325.244 5 -18 2.341 1.171 0.130000 0.360 0 1 0
 1004 3983.009 1267.447 5 -18 0.390 1.171 0.097000 0.311 0 1 0
 1005 3905.736 1279.752 5 -18 0.390 5.467 0.240000 0.390 0 1 0
 1006 3882.320 1224.104 5 -18 1.170 1.952 0.181000 0.425 0 1 0
 1007 3889.540 1191.494 5 -18 3.122 4.686 0.273000 0.522 0 1 0
 1008 3904.370 1184.463 5 -18 1.561 0.781 0.168000 0.409 77 1 0
 1009 907.727 4019.089 -7 -19 0.390 0.390 0.210000 0.390 0 1 0
 1010 2444.997 3592.659 -7 -19 0.390 0.390 0.108000 0.327 0 1 0
 1011 497.921 3529.784 -4 -19 0.390 0.390 0.142000 0.377 0 1 0
 1012 3049.892 3868.745 -4 -19 0.390 0.390 0.181000 0.390 0 1 0
 1013 1161.373 3597.738 -3 -19 0.390 0.390 0.155000 0.390 0 1 0
 1014 2914.454 3591.878 -2 -19 0.390 0.390 0.181000 0.390 0 1 0
 1015 3028.412 3915.214 -2 -19 0.390 0.390 0.168000 0.390 0 1 0
 1016 4463.403 4088.214 2 -19 0.390 0.390 0.168000 0.390 0 1 0
 1017 2593.601 3593.831 5 -19 0.390 0.390 0.168000 0.390 0 1 0
 1018 4462.555 3804.706 11 -19 0.390 0.390 0.155000 0.390 0 1 0
 1019 2432.861 942.667 -2 -19 0.390 0.390 0.168000 0.390 1 1 0
 1020 1460.281 725.152 2 -19 0.390 0.390 0.097000 0.311 0 1 0
 1021 3005.690 934.855 10 -19 0.390 0.390 0.051000 0.226 0 1 0
 1022 1567.064 247.253 3 -19 0.390 0.390 0.097000 0.311 0 1 0
 1023 906.138 3965.590 -4 -20 0.390 0.390 0.225000 0.390 0 1 0
 1024 968.964 3937.082 -3 -20 0.390 0.390 0.181000 0.390 0 1 0
 1025 125.969 3899.598 -1 -20 0.390 0.390 0.108000 0.327 0 1 0
 1026 546.636 3527.051 5 -20 0.390 0.390 0.119000 0.344 0 1 0
 1027 927.148 3759.403 5 -20 0.390 0.390 0.142000 0.377 0 1 0
 1028 425.539 3237.629 2 -20 0.390 0.390 0.030000 0.172 0 1 0
 1029 3110.747 901.176 -1 -20 0.390 0.390 0.181000 0.390 1 1 0
 1030 2926.533 1158.911 0 -20 0.390 0.390 0.036000 0.190 0 1 0
 1031 3910.392 3968.716 1 -21 0.390 0.390 0.181000 0.390 0 1 0
 1032 1414.462 3154.185 5 -21 0.390 0.390 0.044000 0.208 0 1 0
 1033 2001.853 2907.771 0 -21 0.390 0.390 0.155000 0.390 0 1 0
 1034 1644.794 3156.919 -5 -21 0.390 0.390 0.068000 0.260 0 1 0
 1035 438.177 3542.014 -1 -22 0.390 0.390 0.168000 0.390 0 1 0
 1036 2851.587 944.616 1 -22 0.390 0.390 0.044000 0.208 0 1 0;
EndOfFile;
